time,abrupt_drift,gradual_drift,abrupt_regime,gradual_regime
0,0.4967141530112327,0.4967141530112327,0,0.0
1,-0.13826430117118466,-0.13826430117118466,0,0.0
2,-0.14518541772912502,-0.14518541772912502,0,0.0
3,0.06380751169173947,0.06380751169173947,0,0.0
4,0.05666775542688299,0.05666775542688299,0,0.0
5,0.009159006308240448,0.009159006308240448,0,0.0
6,0.1539149355119549,0.1539149355119549,0,0.0
7,0.19804362006320672,0.19804362006320672,0,0.0
8,0.0807044703546792,0.0807044703546792,0,0.0
9,0.07921085662969848,0.07921085662969848,0,0.0
10,0.0008860219515767209,0.0008860219515767209,0,0.0
11,-0.06170632912170401,-0.06170632912170401,0,0.0
12,-0.025346040531075142,-0.025346040531075142,0,0.0
13,-0.1992635910662991,-0.1992635910662991,0,0.0
14,-0.3268334479981275,-0.3268334479981275,0,0.0
15,-0.2778427931093395,-0.2778427931093395,0,0.0
16,-0.2581906569212885,-0.2581906569212885,0,0.0
17,-0.11955923365563553,-0.11955923365563553,0,0.0
18,-0.13481166309237183,-0.13481166309237183,0,0.0
19,-0.2251678538762995,-0.2251678538762995,0,0.0
20,-0.006607073590409851,-0.006607073590409851,0,0.0
21,0.017170281854278456,0.017170281854278456,0,0.0
22,0.02181046067029712,0.02181046067029712,0,0.0
23,-0.12846050645596366,-0.12846050645596366,0,0.0
24,-0.16156876975134862,-0.16156876975134862,0,0.0
25,-0.09247065553889956,-0.09247065553889956,0,0.0
26,-0.15676212822308022,-0.15676212822308022,0,0.0
27,-0.06934576963611705,-0.06934576963611705,0,0.0
28,-0.0841880590561581,-0.0841880590561581,0,0.0
29,-0.08265066829703076,-0.08265066829703076,0,0.0
30,-0.10945358404933268,-0.10945358404933268,0,0.0
31,0.11419508487083378,0.11419508487083378,0,0.0
32,0.11189706223274018,0.11189706223274018,0,0.0
33,-0.039092460083564665,-0.039092460083564665,0,0.0
34,0.028601110696919146,0.028601110696919146,0,0.0
35,-0.09138498442285398,-0.09138498442285398,0,0.0
36,-0.05794185017719147,-0.05794185017719147,0,0.0
37,-0.22404349564515996,-0.22404349564515996,0,0.0
38,-0.3004650313705327,-0.3004650313705327,0,0.0
39,-0.17587720238048185,-0.17587720238048185,0,0.0
40,-0.006762097630737901,-0.006762097630737901,0,0.0
41,0.046902590490503104,0.046902590490503104,0,0.0
42,0.027309663679726013,0.027309663679726013,0,0.0
43,-0.01764315671324869,-0.01764315671324869,0,0.0
44,-0.1674286571432869,-0.1674286571432869,0,0.0
45,-0.20239871521145064,-0.20239871521145064,0,0.0
46,-0.1744971178364819,-0.1744971178364819,0,0.0
47,0.006594271394996173,0.006594271394996173,0,0.0
48,0.07453666964013947,0.07453666964013947,0,0.0
49,-0.11799353410316105,-0.11799353410316105,0,0.0
50,-0.07689376427107725,-0.07689376427107725,0,0.0
51,-0.07642453263786125,-0.07642453263786125,0,0.0
52,-0.11345307328666943,-0.11345307328666943,0,0.0
53,-0.014309923217676504,-0.014309923217676504,0,0.0
54,0.11434262833278779,0.11434262833278779,0,0.0
55,0.1874640992213854,0.1874640992213854,0,0.0
56,0.04318100138828691,0.04318100138828691,0,0.0
57,-0.03386925631876901,-0.03386925631876901,0,0.0
58,-0.0026052621923162017,-0.0026052621923162017,0,0.0
59,0.10224415422213676,0.10224415422213676,0,0.0
60,0.034398952031643656,0.034398952031643656,0,0.0
61,-0.011495566885494139,-0.011495566885494139,0,0.0
62,-0.12670974131532686,-0.12670974131532686,0,0.0
63,-0.21868934208322977,-0.21868934208322977,0,0.0
64,-0.06835694316409863,-0.06835694316409863,0,0.0
65,0.12467631674244933,0.12467631674244933,0,0.0
66,0.10621142986874581,0.10621142986874581,0,0.0
67,0.1603871703357092,0.1603871703357092,0,0.0
68,0.14323105279958162,0.14323105279958162,0,0.0
69,0.01799543271201104,0.01799543271201104,0,0.0
70,0.0218896961605339,0.0218896961605339,0,0.0
71,0.16771632703262185,0.16771632703262185,0,0.0
72,0.12621251848299556,0.12621251848299556,0,0.0
73,0.22389111496127273,0.22389111496127273,0,0.0
74,-0.10810412213655538,-0.10810412213655538,0,0.0
75,-0.049071270263976466,-0.049071270263976466,0,0.0
76,-0.008931484960052978,-0.008931484960052978,0,0.0
77,-0.027231668961833832,-0.027231668961833832,0,0.0
78,-0.010822960523906243,-0.010822960523906243,0,0.0
79,-0.20196892608684752,-0.20196892608684752,0,0.0
80,-0.18137773754844796,-0.18137773754844796,0,0.0
81,-0.06899714767021423,-0.06899714767021423,0,0.0
82,0.12886723384766982,0.12886723384766982,0,0.0
83,0.06506619478481399,0.06506619478481399,0,0.0
84,-0.054569851231001554,-0.054569851231001554,0,0.0
85,-0.1068448243002177,-0.1068448243002177,0,0.0
86,0.016978322576233565,0.016978322576233565,0,0.0
87,0.06782673388699884,0.06782673388699884,0,0.0
88,-0.002110297782351521,-0.002110297782351521,0,0.0
89,0.036073158308054624,0.036073158308054624,0,0.0
90,0.03898834113771804,0.03898834113771804,0,0.0
91,0.12084054030185243,0.12084054030185243,0,0.0
92,0.018669454626203105,0.018669454626203105,0,0.0
93,-0.04199875901918483,-0.04199875901918483,0,0.0
94,-0.07654371345380426,-0.07654371345380426,0,0.0
95,-0.1991867137724183,-0.1991867137724183,0,0.0
96,-0.11442860062071622,-0.11442860062071622,0,0.0
97,-0.02560001052410038,-0.02560001052410038,0,0.0
98,0.002917057369109029,0.002917057369109029,0,0.0
99,-0.016005065337407393,-0.016005065337407393,0,0.0
100,-0.15492453794878916,-0.15492453794878916,0,0.0
101,-0.16280314956808575,-0.16280314956808575,0,0.0
102,-0.13352906371738774,-0.13352906371738774,0,0.0
103,-0.15449034798245495,-0.15449034798245495,0,0.0
104,-0.11301503680908734,-0.11301503680908734,0,0.0
105,-0.019108874169325038,-0.019108874169325038,0,0.0
106,0.19593449814741046,0.19593449814741046,0,0.0
107,0.17802715463497729,0.17802715463497729,0,0.0
108,0.12898986315077618,0.12898986315077618,0,0.0
109,0.060141868017008764,0.060141868017008764,0,0.0
110,-0.16956159974645238,-0.16956159974645238,0,0.0
111,-0.15032904094548535,-0.15032904094548535,0,0.0
112,-0.08032789181299516,-0.08032789181299516,0,0.0
113,0.21212770598722958,0.21212770598722958,0,0.0
114,0.16653164667427045,0.16653164667427045,0,0.0
115,0.1209545103753317,0.1209545103753317,0,0.0
116,0.05998610199488695,0.05998610199488695,0,0.0
117,-0.09306982424110999,-0.09306982424110999,0,0.0
118,0.027829201659636663,0.027829201659636663,0,0.0
119,0.11607062944460875,0.11607062944460875,0,0.0
120,0.16639385792806438,0.16639385792806438,0,0.0
121,0.01896221497405587,0.01896221497405587,0,0.0
122,0.12217043148724176,0.12217043148724176,0,0.0
123,-0.046241204084245854,-0.046241204084245854,0,0.0
124,-0.002741340184818003,-0.002741340184818003,0,0.0
125,0.22610073124999264,0.22610073124999264,0,0.0
126,0.08237522052388888,0.08237522052388888,0,0.0
127,-0.03594974279116463,-0.03594974279116463,0,0.0
128,-0.03526970182894536,-0.03526970182894536,0,0.0
129,-0.07137337831654328,-0.07137337831654328,0,0.0
130,-0.20511110539405883,-0.20511110539405883,0,0.0
131,-0.1429579111713357,-0.1429579111713357,0,0.0
132,-0.17957447923086728,-0.17957447923086728,0,0.0
133,-0.06770875808690854,-0.06770875808690854,0,0.0
134,-0.11019453404673371,-0.11019453404673371,0,0.0
135,0.08037956488174869,0.08037956488174869,0,0.0
136,0.008017229481121976,0.008017229481121976,0,0.0
137,-0.04186828101201971,-0.04186828101201971,0,0.0
138,0.04625365103112681,0.04625365103112681,0,0.0
139,-0.07770985461609015,-0.07770985461609015,0,0.0
140,-0.04867262043868454,-0.04867262043868454,0,0.0
141,0.10731815000051322,0.10731815000051322,0,0.0
142,-0.06515927936797529,-0.06515927936797529,0,0.0
143,-0.055127667641252466,-0.055127667641252466,0,0.0
144,-0.005081998814564562,-0.005081998814564562,0,0.0
145,0.08514222165432989,0.08514222165432989,0,0.0
146,-0.05456489400143137,-0.05456489400143137,0,0.0
147,-0.19272602084043872,-0.19272602084043872,0,0.0
148,-0.09107368131037494,-0.09107368131037494,0,0.0
149,-0.004615273556893604,-0.004615273556893604,0,0.0
150,0.03957180245114776,0.03957180245114776,0,0.0
151,0.06722531762199449,0.06722531762199449,0,0.0
152,-0.022136578550483045,-0.022136578550483045,0,0.0
153,-0.007928956648684982,-0.007928956648684982,0,0.0
154,0.02739139772101675,0.02739139772101675,0,0.0
155,-0.04793623229608639,-0.04793623229608639,0,0.0
156,0.1427501857334032,0.1427501857334032,0,0.0
157,0.17117068713711858,0.17117068713711858,0,0.0
158,-0.010743837157250635,-0.010743837157250635,0,0.0
159,0.022826153710158746,0.022826153710158746,0,0.0
160,-0.07705847662315501,-0.07705847662315501,0,0.0
161,0.012496448333689444,0.012496448333689444,0,0.0
162,0.14126841189232298,0.14126841189232298,0,0.0
163,0.028447208011949443,0.028447208011949443,0,0.0
164,0.09084169695552714,0.09084169695552714,0,0.0
165,0.10826200865568165,0.10826200865568165,0,0.0
166,0.15064728353288892,0.15064728353288892,0,0.0
167,0.2885447233605696,0.2885447233605696,0,0.0
168,0.17616751038159084,0.17616751038159084,0,0.0
169,0.00785144719740978,0.00785144719740978,0,0.0
170,-0.11790378728094268,-0.11790378728094268,0,0.0
171,-0.17747434776077994,-0.17747434776077994,0,0.0
172,-0.12610889169384584,-0.12610889169384584,0,0.0
173,-0.0312770463212563,-0.0312770463212563,0,0.0
174,0.027869221214766034,0.027869221214766034,0,0.0
175,0.11126911113966648,0.11126911113966648,0,0.0
176,0.08474163385657069,0.08474163385657069,0,0.0
177,0.19089289257305495,0.19089289257305495,0,0.0
178,0.10930030396333422,0.10930030396333422,0,0.0
179,0.3212785813150183,0.3212785813150183,0,0.0
180,0.2977295390358484,0.2977295390358484,0,0.0
181,0.08821215932404683,0.08821215932404683,0,0.0
182,-0.09606543015404345,-0.09606543015404345,0,0.0
183,-0.046247534463725606,-0.046247534463725606,0,0.0
184,-0.040131220072756886,-0.040131220072756886,0,0.0
185,0.04854458024374882,0.04854458024374882,0,0.0
186,0.09418567066690492,0.09418567066690492,0,0.0
187,0.0583567292190869,0.0583567292190869,0,0.0
188,-0.056831122564951965,-0.056831122564951965,0,0.0
189,-0.20862096636436542,-0.20862096636436542,0,0.0
190,-0.20018204378520407,-0.20018204378520407,0,0.0
191,-0.032781562322942936,-0.032781562322942936,0,0.0
192,0.03522053331170686,0.03522053331170686,0,0.0
193,-0.08984113875724473,-0.08984113875724473,0,0.0
194,-0.06159892508301895,-0.06159892508301895,0,0.0
195,0.007220825657917464,0.007220825657917464,0,0.0
196,-0.07028929807717554,-0.07028929807717554,0,0.0
197,-0.042303092998771136,-0.042303092998771136,0,0.0
198,-0.013963742938981807,-0.013963742938981807,0,0.0
199,-0.11700740553449354,-0.11700740553449354,0,0.0
200,-0.055034439804970144,-0.055034439804970144,0,0.0
201,0.03545238189974603,0.03545238189974603,0,0.0
202,0.14767391779831857,0.14767391779831857,0,0.0
203,0.21642886306219594,0.21642886306219594,0,0.0
204,0.00584137009438393,0.00584137009438393,0,0.0
205,-0.13239518052844432,-0.13239518052844432,0,0.0
206,-0.055580891720766266,-0.055580891720766266,0,0.0
207,0.033392917820296734,0.033392917820296734,0,0.0
208,0.08933528123099543,0.08933528123099543,0,0.0
209,0.4500627904862092,0.4500627904862092,0,0.0
210,0.399272227212085,0.399272227212085,0,0.0
211,0.3429617876904861,0.3429617876904861,0,0.0
212,0.2899151610592921,0.2899151610592921,0,0.0
213,0.22847889643991626,0.22847889643991626,0,0.0
214,0.09327316047604003,0.09327316047604003,0,0.0
215,0.10481967114217552,0.10481967114217552,0,0.0
216,-0.012081416635224773,-0.012081416635224773,0,0.0
217,-0.05431092821061582,-0.05431092821061582,0,0.0
218,-0.08956881402435805,-0.08956881402435805,0,0.0
219,-0.052605451638731024,-0.052605451638731024,0,0.0
220,0.20729525816123764,0.20729525816123764,0,0.0
221,-0.01036922240243851,-0.01036922240243851,0,0.0
222,0.018871589483253008,0.018871589483253008,0,0.0
223,-0.14410047105187507,-0.14410047105187507,0,0.0
224,-0.166247881317094,-0.166247881317094,0,0.0
225,0.0047168488534364145,0.0047168488534364145,0,0.0
226,0.043451057255714215,0.043451057255714215,0,0.0
227,-0.07395700175904653,-0.07395700175904653,0,0.0
228,-0.1393861837843769,-0.1393861837843769,0,0.0
229,-0.02875777178222462,-0.02875777178222462,0,0.0
230,-0.06816564384061799,-0.06816564384061799,0,0.0
231,-0.02713510175785198,-0.02713510175785198,0,0.0
232,-0.0035177686477766076,-0.0035177686477766076,0,0.0
233,-0.0625472293272326,-0.0625472293272326,0,0.0
234,0.16506017920030183,0.16506017920030183,0,0.0
235,0.20794949145748914,0.20794949145748914,0,0.0
236,-0.06916670133982977,-0.06916670133982977,0,0.0
237,-0.07827782788641889,-0.07827782788641889,0,0.0
238,-0.11496756851800796,-0.11496756851800796,0,0.0
239,0.008924844242499813,0.008924844242499813,0,0.0
240,-0.04911868474566863,-0.04911868474566863,0,0.0
241,-0.05255356079172477,-0.05255356079172477,0,0.0
242,0.01827961621379963,0.01827961621379963,0,0.0
243,0.1117099245463968,0.1117099245463968,0,0.0
244,-0.03431762431122011,-0.03431762431122011,0,0.0
245,-0.0832462079423503,-0.0832462079423503,0,0.0
246,-0.10722797260773184,-0.10722797260773184,0,0.0
247,-0.13446605975508663,-0.13446605975508663,0,0.0
248,0.09041817074558675,0.09041817074558675,0,0.0
249,0.13972591964358227,0.13972591964358227,0,0.0
250,-0.03239129386775605,-0.03239129386775605,0,0.0
251,0.03792797568255631,0.03792797568255631,0,0.0
252,0.2490362590208596,0.2490362590208596,0,0.0
253,0.2948899381352911,0.2948899381352911,0,0.0
254,0.0341677021086596,0.0341677021086596,0,0.0
255,-0.08006723322675569,-0.08006723322675569,0,0.0
256,0.0558037879155258,0.0558037879155258,0,0.0
257,-0.010110469584106302,-0.010110469584106302,0,0.0
258,0.025132809564232646,0.025132809564232646,0,0.0
259,0.09959174691114106,0.09959174691114106,0,0.0
260,-0.018046211541741977,-0.018046211541741977,0,0.0
261,-0.04030785422180181,-0.04030785422180181,0,0.0
262,-0.3527637750760003,-0.3527637750760003,0,0.0
263,-0.3765882133498689,-0.3765882133498689,0,0.0
264,-0.2559746308040111,-0.2559746308040111,0,0.0
265,-0.25424038016972006,-0.25424038016972006,0,0.0
266,0.011043752418189723,0.011043752418189723,0,0.0
267,-0.0833310598275675,-0.0833310598275675,0,0.0
268,-0.11287804701539032,-0.11287804701539032,0,0.0
269,-0.060562167918189636,-0.060562167918189636,0,0.0
270,0.11825320397513792,0.11825320397513792,0,0.0
271,-0.036871218354195684,-0.036871218354195684,0,0.0
272,0.06316875973711183,0.06316875973711183,0,0.0
273,0.05893255756248732,0.05893255756248732,0,0.0
274,-0.06363857100222761,-0.06363857100222761,0,0.0
275,-0.016487020887952474,-0.016487020887952474,0,0.0
276,0.019444067047430548,0.019444067047430548,0,0.0
277,-0.04116902990034454,-0.04116902990034454,0,0.0
278,-0.029843828830759853,-0.029843828830759853,0,0.0
279,-0.054172616770715,-0.054172616770715,0,0.0
280,-0.026017593125295224,-0.026017593125295224,0,0.0
281,0.05623351630601149,0.05623351630601149,0,0.0
282,0.20879201328440347,0.20879201328440347,0,0.0
283,0.03200535748363556,0.03200535748363556,0,0.0
284,0.19714922079565445,0.19714922079565445,0,0.0
285,-0.04389047481245373,-0.04389047481245373,0,0.0
286,-0.08972073351265222,-0.08972073351265222,0,0.0
287,-0.004166771199173386,-0.004166771199173386,0,0.0
288,0.04270991651669501,0.04270991651669501,0,0.0
289,-0.027268664528868704,-0.027268664528868704,0,0.0
290,-0.051169139962161485,-0.051169139962161485,0,0.0
291,-0.08478167252983873,-0.08478167252983873,0,0.0
292,-0.11652798572585985,-0.11652798572585985,0,0.0
293,0.008694155627382336,0.008694155627382336,0,0.0
294,0.06596247024358257,0.06596247024358257,0,0.0
295,-0.018259814456675835,-0.018259814456675835,0,0.0
296,0.062159641929267886,0.062159641929267886,0,0.0
297,0.08410962852241041,0.08410962852241041,0,0.0
298,0.13614198631597074,0.13614198631597074,0,0.0
299,0.15505454754065573,0.15505454754065573,0,0.0
300,0.013915739677123215,0.013915739677123215,0,0.0
301,-0.07589642178612954,-0.07589642178612954,0,0.0
302,0.01122907514799791,0.01122907514799791,0,0.0
303,0.08519957101897073,0.08519957101897073,0,0.0
304,0.0638236823891622,0.0638236823891622,0,0.0
305,0.045751770038413804,0.045751770038413804,0,0.0
306,0.1516031691317411,0.1516031691317411,0,0.0
307,0.052975042414127135,0.052975042414127135,0,0.0
308,0.06676913822195729,0.06676913822195729,0,0.0
309,0.022601036851351,0.022601036851351,0,0.0
310,-0.017041118486032687,-0.017041118486032687,0,0.0
311,0.09172458303962266,0.09172458303962266,0,0.0
312,0.15932952502770764,0.15932952502770764,0,0.0
313,0.19046966701430545,0.19046966701430545,0,0.0
314,0.25105770932133575,0.25105770932133575,0,0.0
315,0.16485261821748343,0.16485261821748343,0,0.0
316,0.14986584983921597,0.14986584983921597,0,0.0
317,0.055895480568530484,0.055895480568530484,0,0.0
318,0.04715984973582541,0.04715984973582541,0,0.0
319,0.013534478238185772,0.013534478238185772,0,0.0
320,0.011095209142655356,0.011095209142655356,0,0.0
321,0.06568497421017849,0.06568497421017849,0,0.0
322,-0.031493130783735536,-0.031493130783735536,0,0.0
323,0.1709072280995219,0.1709072280995219,0,0.0
324,0.04242267048639445,0.04242267048639445,0,0.0
325,-0.12166217050956205,-0.12166217050956205,0,0.0
326,0.009996816845078249,0.009996816845078249,0,0.0
327,0.1114961569742686,0.1114961569742686,0,0.0
328,0.14960954391561476,0.14960954391561476,0,0.0
329,0.16022295466406608,0.16022295466406608,0,0.0
330,0.09703177766343847,0.09703177766343847,0,0.0
331,-0.0441446059506456,-0.0441446059506456,0,0.0
332,-0.04714158447383155,-0.04714158447383155,0,0.0
333,-0.0966005175401473,-0.0966005175401473,0,0.0
334,0.02965987620442359,0.02965987620442359,0,0.0
335,0.02834226632135447,0.02834226632135447,0,0.0
336,-0.06580788186305231,-0.06580788186305231,0,0.0
337,-0.09045334292001209,-0.09045334292001209,0,0.0
338,-0.01790795253583677,-0.01790795253583677,0,0.0
339,-0.052608148725064474,-0.052608148725064474,0,0.0
340,-0.12072696802952737,-0.12072696802952737,0,0.0
341,-0.06169122352941777,-0.06169122352941777,0,0.0
342,-0.0007109281067564643,-0.0007109281067564643,0,0.0
343,-0.038924815316634595,-0.038924815316634595,0,0.0
344,-0.07810149719378867,-0.07810149719378867,0,0.0
345,-0.03149124095594039,-0.03149124095594039,0,0.0
346,-0.154381127475727,-0.154381127475727,0,0.0
347,-0.25795303122704905,-0.25795303122704905,0,0.0
348,-0.24733062161173747,-0.24733062161173747,0,0.0
349,-0.1676186062151649,-0.1676186062151649,0,0.0
350,-0.05353800408998397,-0.05353800408998397,0,0.0
351,0.13822893966600103,0.13822893966600103,0,0.0
352,0.20705671487099958,0.20705671487099958,0,0.0
353,0.12200573096725675,0.12200573096725675,0,0.0
354,0.0542916210093366,0.0542916210093366,0,0.0
355,-0.08122078584976296,-0.08122078584976296,0,0.0
356,-0.07768626648091669,-0.07768626648091669,0,0.0
357,-0.07477071990679458,-0.07477071990679458,0,0.0
358,-0.012007466595443383,-0.012007466595443383,0,0.0
359,-0.07737492365022809,-0.07737492365022809,0,0.0
360,-0.007563794176976564,-0.007563794176976564,0,0.0
361,0.16269784068872215,0.16269784068872215,0,0.0
362,0.12079501654068728,0.12079501654068728,0,0.0
363,0.10426761730469955,0.10426761730469955,0,0.0
364,0.12826948970673344,0.12826948970673344,0,0.0
365,0.04164002111586322,0.04164002111586322,0,0.0
366,0.03006736713238557,0.03006736713238557,0,0.0
367,0.016985129560915295,0.016985129560915295,0,0.0
368,0.017342240077138298,0.017342240077138298,0,0.0
369,-0.06682421223601907,-0.06682421223601907,0,0.0
370,-0.05447680037834865,-0.05447680037834865,0,0.0
371,0.01958323126906987,0.01958323126906987,0,0.0
372,0.1716763058704298,0.1716763058704298,0,0.0
373,0.22935148105105058,0.22935148105105058,0,0.0
374,0.36446416941791016,0.36446416941791016,0,0.0
375,0.16896628303531308,0.16896628303531308,0,0.0
376,0.14951225621673625,0.14951225621673625,0,0.0
377,0.10415074894016157,0.10415074894016157,0,0.0
378,0.27239844123054924,0.27239844123054924,0,0.0
379,0.11625877466089193,0.11625877466089193,0,0.0
380,-0.04544485273547391,-0.04544485273547391,0,0.0
381,-0.11954690166495974,-0.11954690166495974,0,0.0
382,-0.29893812321585367,-0.29893812321585367,0,0.0
383,-0.2678166204077671,-0.2678166204077671,0,0.0
384,-0.2303789378384128,-0.2303789378384128,0,0.0
385,-0.11570044754155605,-0.11570044754155605,0,0.0
386,-0.01230897288784634,-0.01230897288784634,0,0.0
387,0.20090999511962276,0.20090999511962276,0,0.0
388,0.2582321744918725,0.2582321744918725,0,0.0
389,0.10871337500333315,0.10871337500333315,0,0.0
390,-0.05451720203054378,-0.05451720203054378,0,0.0
391,-0.016164519474451078,-0.016164519474451078,0,0.0
392,-0.13405149587551632,-0.13405149587551632,0,0.0
393,0.07913758377991253,0.07913758377991253,0,0.0
394,0.208064378271162,0.208064378271162,0,0.0
395,0.10370642065047662,0.10370642065047662,0,0.0
396,-0.12996119204293885,-0.12996119204293885,0,0.0
397,0.010676999652094885,0.010676999652094885,0,0.0
398,0.02307985360500189,0.02307985360500189,0,0.0
399,0.14011011415092872,0.14011011415092872,0,0.0
400,-0.051970645279694125,-0.051970645279694125,0,0.0
401,-0.12953604134931834,-0.12953604134931834,0,0.0
402,-0.09271033405169754,-0.09271033405169754,0,0.0
403,-0.04356299959502016,-0.04356299959502016,0,0.0
404,-0.061314880013600984,-0.061314880013600984,0,0.0
405,0.02194568914287312,0.02194568914287312,0,0.0
406,-0.07694251562124074,-0.07694251562124074,0,0.0
407,-0.08018109882769657,-0.08018109882769657,0,0.0
408,-0.03672681276671921,-0.03672681276671921,0,0.0
409,0.038098652958038846,0.038098652958038846,0,0.0
410,0.1089857727286639,0.1089857727286639,0,0.0
411,-0.03289532159246357,-0.03289532159246357,0,0.0
412,-0.20152482889326587,-0.20152482889326587,0,0.0
413,-0.026873116606269065,-0.026873116606269065,0,0.0
414,0.052037873691597084,0.052037873691597084,0,0.0
415,-0.02784373138112388,-0.02784373138112388,0,0.0
416,0.12243263770903379,0.12243263770903379,0,0.0
417,0.11508231987273769,0.11508231987273769,0,0.0
418,0.18550904676276606,0.18550904676276606,0,0.0
419,0.13214262157667622,0.13214262157667622,0,0.0
420,0.27468708039698647,0.27468708039698647,0,0.0
421,0.3688552242465744,0.3688552242465744,0,0.0
422,0.21525034846995492,0.21525034846995492,0,0.0
423,0.19558632902208462,0.19558632902208462,0,0.0
424,0.17795658848219148,0.17795658848219148,0,0.0
425,0.24011116073457114,0.24011116073457114,0,0.0
426,0.06000526483320816,0.06000526483320816,0,0.0
427,0.06858712571949624,0.06858712571949624,0,0.0
428,0.14871109629391416,0.14871109629391416,0,0.0
429,-0.07062249675107934,-0.07062249675107934,0,0.0
430,-0.20456606792622384,-0.20456606792622384,0,0.0
431,-0.3534515727667733,-0.3534515727667733,0,0.0
432,-0.26878872807262966,-0.26878872807262966,0,0.0
433,-0.07258644232515285,-0.07258644232515285,0,0.0
434,0.1459242969640065,0.1459242969640065,0,0.0
435,0.13866620407821328,0.13866620407821328,0,0.0
436,0.24460965842689852,0.24460965842689852,0,0.0
437,0.029944340104387013,0.029944340104387013,0,0.0
438,-0.19530470353738558,-0.19530470353738558,0,0.0
439,-0.16778740074044776,-0.16778740074044776,0,0.0
440,-0.05676243499095037,-0.05676243499095037,0,0.0
441,-0.015121942654080053,-0.015121942654080053,0,0.0
442,-0.20748927712906165,-0.20748927712906165,0,0.0
443,-0.17187903712371214,-0.17187903712371214,0,0.0
444,-0.2264523243236427,-0.2264523243236427,0,0.0
445,-0.07981879715116787,-0.07981879715116787,0,0.0
446,0.01809525175347907,0.01809525175347907,0,0.0
447,-0.06354801779971869,-0.06354801779971869,0,0.0
448,-0.10584415632414013,-0.10584415632414013,0,0.0
449,-0.1778870736882635,-0.1778870736882635,0,0.0
450,-0.1274087374131,-0.1274087374131,0,0.0
451,0.029164656857296536,0.029164656857296536,0,0.0
452,-0.049759131665097156,-0.049759131665097156,0,0.0
453,0.004764414848247411,0.004764414848247411,0,0.0
454,-0.039262403625626725,-0.039262403625626725,0,0.0
455,-0.11165008909638528,-0.11165008909638528,0,0.0
456,-0.09217062654743867,-0.09217062654743867,0,0.0
457,-0.15493071566061128,-0.15493071566061128,0,0.0
458,-0.16087537775371952,-0.16087537775371952,0,0.0
459,-0.21750194832973824,-0.21750194832973824,0,0.0
460,0.054646030178592264,0.054646030178592264,0,0.0
461,0.09074356900599433,0.09074356900599433,0,0.0
462,-0.008306901630181551,-0.008306901630181551,0,0.0
463,-0.0033962440319219023,-0.0033962440319219023,0,0.0
464,-0.012288419868584194,-0.012288419868584194,0,0.0
465,-0.031248447041805273,-0.031248447041805273,0,0.0
466,0.03887559634461514,0.03887559634461514,0,0.0
467,0.11310093748878369,0.11310093748878369,0,0.0
468,0.02965551596105117,0.02965551596105117,0,0.0
469,-0.05647759879338381,-0.05647759879338381,0,0.0
470,-0.0786183519420817,-0.0786183519420817,0,0.0
471,-0.2817912782685471,-0.2817912782685471,0,0.0
472,-0.3612284584462766,-0.3612284584462766,0,0.0
473,-0.09593708435885939,-0.09593708435885939,0,0.0
474,0.15999279555229617,0.15999279555229617,0,0.0
475,0.122278049357971,0.122278049357971,0,0.0
476,0.12347957668149423,0.12347957668149423,0,0.0
477,0.10545306692795481,0.10545306692795481,0,0.0
478,0.36755461905158876,0.36755461905158876,0,0.0
479,0.38491057299913767,0.38491057299913767,0,0.0
480,0.22162577544091575,0.22162577544091575,0,0.0
481,0.004764461692862487,0.004764461692862487,0,0.0
482,-0.20115821775965043,-0.20115821775965043,0,0.0
483,-0.14153310295957053,-0.14153310295957053,0,0.0
484,-0.14862991334415665,-0.14862991334415665,0,0.0
485,-0.23282268104317866,-0.23282268104317866,0,0.0
486,-0.22118945058996425,-0.22118945058996425,0,0.0
487,-0.2385418246247752,-0.2385418246247752,0,0.0
488,0.022118593925429197,0.022118593925429197,0,0.0
489,0.15356721576024346,0.15356721576024346,0,0.0
490,0.11763278969144719,0.11763278969144719,0,0.0
491,0.21138720249011164,0.21138720249011164,0,0.0
492,0.1533200348185617,0.1533200348185617,0,0.0
493,-0.005749832775999331,-0.005749832775999331,0,0.0
494,0.11704853454245394,0.11704853454245394,0,0.0
495,0.1486797985576289,0.1486797985576289,0,0.0
496,-0.008190483495033318,-0.008190483495033318,0,0.0
497,-0.05532221431591325,-0.05532221431591325,0,0.0
498,-0.13018150009219967,-0.13018150009219967,0,0.0
499,-0.2313607303070107,-0.2313607303070107,0,0.0
500,-0.06643452947400452,-0.06643452947400452,0,0.0
501,0.18406618652921158,0.18406618652921158,0,0.0
502,0.02068309773625604,0.02068309773625604,0,0.0
503,0.03603016455221961,0.03603016455221961,0,0.0
504,-0.04037674481765821,-0.04037674481765821,0,0.0
505,-0.0882199671410401,-0.0882199671410401,0,0.0
506,-0.12174001717318736,-0.12174001717318736,0,0.0
507,-0.16614709727832347,-0.16614709727832347,0,0.0
508,-0.10371751159353862,-0.10371751159353862,0,0.0
509,-0.13283960146026996,-0.13283960146026996,0,0.0
510,-0.05848249627152437,-0.05848249627152437,0,0.0
511,-0.0252418876700792,-0.0252418876700792,0,0.0
512,-0.032391815568399464,-0.032391815568399464,0,0.0
513,-0.11162144112486352,-0.11162144112486352,0,0.0
514,-0.1404959228430442,-0.1404959228430442,0,0.0
515,-0.014533327466887055,-0.014533327466887055,0,0.0
516,0.06656424135753727,0.06656424135753727,0,0.0
517,-0.041597465900447876,-0.041597465900447876,0,0.0
518,-0.03665759044894317,-0.03665759044894317,0,0.0
519,0.054132133158113944,0.054132133158113944,0,0.0
520,-0.11630330349585741,-0.11630330349585741,0,0.0
521,-0.049533050190315224,-0.049533050190315224,0,0.0
522,-0.08262815534766536,-0.08262815534766536,0,0.0
523,0.0008639526192466968,0.0008639526192466968,0,0.0
524,-0.05910912248932126,-0.05910912248932126,0,0.0
525,-0.22794829858175825,-0.22794829858175825,0,0.0
526,-0.3332910581558586,-0.3332910581558586,0,0.0
527,-0.21623469214219704,-0.21623469214219704,0,0.0
528,-0.08035729191043772,-0.08035729191043772,0,0.0
529,-0.11147055761035164,-0.11147055761035164,0,0.0
530,-0.009245741828456389,-0.009245741828456389,0,0.0
531,-0.15125448816759077,-0.15125448816759077,0,0.0
532,-0.125762422033113,-0.125762422033113,0,0.0
533,-0.1914606599692179,-0.1914606599692179,0,0.0
534,-0.19319965434896766,-0.19319965434896766,0,0.0
535,-0.11152772435368914,-0.11152772435368914,0,0.0
536,-0.13662358514155304,-0.13662358514155304,0,0.0
537,-0.12544887766548715,-0.12544887766548715,0,0.0
538,0.027594895817364948,0.027594895817364948,0,0.0
539,-0.010523494765325485,-0.010523494765325485,0,0.0
540,0.0696314362307808,0.0696314362307808,0,0.0
541,-0.05516083752807208,-0.05516083752807208,0,0.0
542,-0.005074539477085548,-0.005074539477085548,0,0.0
543,0.15112939798973601,0.15112939798973601,0,0.0
544,-0.12524602372552301,-0.12524602372552301,0,0.0
545,-0.2101122241254133,-0.2101122241254133,0,0.0
546,-0.08533336183717202,-0.08533336183717202,0,0.0
547,-0.04654878324895423,-0.04654878324895423,0,0.0
548,0.0169422331054019,0.0169422331054019,0,0.0
549,-0.03753497553746969,-0.03753497553746969,0,0.0
550,-0.024757448303766146,-0.024757448303766146,0,0.0
551,-0.027866687074726927,-0.027866687074726927,0,0.0
552,0.09943634616695243,0.09943634616695243,0,0.0
553,0.11056449867862864,0.11056449867862864,0,0.0
554,0.10232459591703265,0.10232459591703265,0,0.0
555,0.018559080385653653,0.018559080385653653,0,0.0
556,-0.054378277282132965,-0.054378277282132965,0,0.0
557,-0.0904702566847992,-0.0904702566847992,0,0.0
558,-0.022055335653583086,-0.022055335653583086,0,0.0
559,-0.04164866526793293,-0.04164866526793293,0,0.0
560,6.962060601156672e-05,6.962060601156672e-05,0,0.0
561,0.21592550940293972,0.21592550940293972,0,0.0
562,0.2598389537443187,0.2598389537443187,0,0.0
563,0.1320837078980829,0.1320837078980829,0,0.0
564,0.17382056778599708,0.17382056778599708,0,0.0
565,0.07183217534702595,0.07183217534702595,0,0.0
566,-0.18111082679736407,-0.18111082679736407,0,0.0
567,-0.26006372759903684,-0.26006372759903684,0,0.0
568,-0.35890800882234225,-0.35890800882234225,0,0.0
569,-0.27026500994219727,-0.27026500994219727,0,0.0
570,-0.1425885682703342,-0.1425885682703342,0,0.0
571,0.10762587859970038,0.10762587859970038,0,0.0
572,0.1473111539102434,0.1473111539102434,0,0.0
573,0.07441369452736823,0.07441369452736823,0,0.0
574,0.11300928295819483,0.11300928295819483,0,0.0
575,-0.1455888434397063,-0.1455888434397063,0,0.0
576,-0.11551147553254741,-0.11551147553254741,0,0.0
577,0.01379510765060002,0.01379510765060002,0,0.0
578,-0.11372024335099465,-0.11372024335099465,0,0.0
579,0.02064018810977719,0.02064018810977719,0,0.0
580,0.0731058399074621,0.0731058399074621,0,0.0
581,0.012827842913934108,0.012827842913934108,0,0.0
582,0.05891929296028336,0.05891929296028336,0,0.0
583,0.2716391515658795,0.2716391515658795,0,0.0
584,0.22371408816649643,0.22371408816649643,0,0.0
585,0.1494654988500549,0.1494654988500549,0,0.0
586,0.028893491492720205,0.028893491492720205,0,0.0
587,-0.09176274352231399,-0.09176274352231399,0,0.0
588,0.0038446885380293283,0.0038446885380293283,0,0.0
589,-0.06418008305600045,-0.06418008305600045,0,0.0
590,-0.044956380430466986,-0.044956380430466986,0,0.0
591,-0.07089483240968517,-0.07089483240968517,0,0.0
592,0.0001733927329844523,0.0001733927329844523,0,0.0
593,0.04768389119701943,0.04768389119701943,0,0.0
594,0.14186642883680858,0.14186642883680858,0,0.0
595,0.05295472494456828,0.05295472494456828,0,0.0
596,-0.012996999341044216,-0.012996999341044216,0,0.0
597,-0.11886491603997978,-0.11886491603997978,0,0.0
598,-0.13692185897138615,-0.13692185897138615,0,0.0
599,-0.04803445466462775,-0.04803445466462775,0,0.0
600,0.06465566972711023,0.06465566972711023,0,0.0
601,-0.030885105703148813,-0.030885105703148813,0,0.0
602,0.04932137350262493,0.04932137350262493,0,0.0
603,0.1811979058232248,0.1811979058232248,0,0.0
604,0.17643754028042494,0.17643754028042494,0,0.0
605,0.2925900323155016,0.2925900323155016,0,0.0
606,0.121405597885959,0.121405597885959,0,0.0
607,-0.08585899848547482,-0.08585899848547482,0,0.0
608,-0.2708403432559995,-0.2708403432559995,0,0.0
609,-0.04989604375878634,-0.04989604375878634,0,0.0
610,0.07968779927957659,0.07968779927957659,0,0.0
611,0.06817098108437304,0.06817098108437304,0,0.0
612,0.06659608764356516,0.06659608764356516,0,0.0
613,-0.07290623083186012,-0.07290623083186012,0,0.0
614,0.1729309957674815,0.1729309957674815,0,0.0
615,0.16584816097788,0.16584816097788,0,0.0
616,0.10903180908929697,0.10903180908929697,0,0.0
617,0.12663247746573078,0.12663247746573078,0,0.0
618,0.12760054332839654,0.12760054332839654,0,0.0
619,0.09914234159748422,0.09914234159748422,0,0.0
620,-0.025253680932223112,-0.025253680932223112,0,0.0
621,0.007115422648324231,0.007115422648324231,0,0.0
622,0.1989455239526074,0.1989455239526074,0,0.0
623,0.2922753392479188,0.2922753392479188,0,0.0
624,0.3533498292717533,0.3533498292717533,0,0.0
625,0.17310322792470037,0.17310322792470037,0,0.0
626,-0.03114786554044846,-0.03114786554044846,0,0.0
627,-0.07211763002726365,-0.07211763002726365,0,0.0
628,-0.04589203968485177,-0.04589203968485177,0,0.0
629,0.08712904610466618,0.08712904610466618,0,0.0
630,-0.09036481815077864,-0.09036481815077864,0,0.0
631,0.06323736820450523,0.06323736820450523,0,0.0
632,0.052862068335860976,0.052862068335860976,0,0.0
633,-0.013045925966954273,-0.013045925966954273,0,0.0
634,-0.12221959196675238,-0.12221959196675238,0,0.0
635,-0.260652155566588,-0.260652155566588,0,0.0
636,-0.10176074766372847,-0.10176074766372847,0,0.0
637,-0.021946370298824788,-0.021946370298824788,0,0.0
638,-0.12620103668041951,-0.12620103668041951,0,0.0
639,-0.22607943249093226,-0.22607943249093226,0,0.0
640,-0.18920180858567476,-0.18920180858567476,0,0.0
641,0.06075659215858595,0.06075659215858595,0,0.0
642,0.060486500307643236,0.060486500307643236,0,0.0
643,-0.11407641349741321,-0.11407641349741321,0,0.0
644,-0.12793273726805365,-0.12793273726805365,0,0.0
645,-0.10680326408972735,-0.10680326408972735,0,0.0
646,-0.3295447281123283,-0.3295447281123283,0,0.0
647,-0.24770461632369845,-0.24770461632369845,0,0.0
648,-0.15534820045736086,-0.15534820045736086,0,0.0
649,-0.0051170006198071605,-0.0051170006198071605,0,0.0
650,0.21187164909016099,0.21187164909016099,0,0.0
651,0.28317722235086595,0.28317722235086595,0,0.0
652,0.1572785790071775,0.1572785790071775,0,0.0
653,-0.04146517213859821,-0.04146517213859821,0,0.0
654,0.192708126812672,0.192708126812672,0,0.0
655,0.16838137927930608,0.16838137927930608,0,0.0
656,0.09755640725220507,0.09755640725220507,0,0.0
657,0.04195634123490252,0.04195634123490252,0,0.0
658,0.0338622676142665,0.0338622676142665,0,0.0
659,0.004262504652038446,0.004262504652038446,0,0.0
660,-0.06072865048924617,-0.06072865048924617,0,0.0
661,-0.10412131544584385,-0.10412131544584385,0,0.0
662,-0.0744266492804257,-0.0744266492804257,0,0.0
663,-0.09305953344854828,-0.09305953344854828,0,0.0
664,-0.13084687517046995,-0.13084687517046995,0,0.0
665,-0.07542257067747661,-0.07542257067747661,0,0.0
666,-0.05966640324997284,-0.05966640324997284,0,0.0
667,0.11775069039378591,0.11775069039378591,0,0.0
668,-0.15896314787427793,-0.15896314787427793,0,0.0
669,-0.04156997118593336,-0.04156997118593336,0,0.0
670,0.1231451718758718,0.1231451718758718,0,0.0
671,-0.10050889150293084,-0.10050889150293084,0,0.0
672,-0.13930490698555392,-0.13930490698555392,0,0.0
673,-0.12848623388743613,-0.12848623388743613,0,0.0
674,-0.21567917518462026,-0.21567917518462026,0,0.0
675,-0.22462776212929655,-0.22462776212929655,0,0.0
676,-0.24762395921309607,-0.24762395921309607,0,0.0
677,0.02205342939774471,0.02205342939774471,0,0.0
678,0.1607353746755611,0.1607353746755611,0,0.0
679,0.2513331233603158,0.2513331233603158,0,0.0
680,0.24108663015746395,0.24108663015746395,0,0.0
681,0.029697502332185072,0.029697502332185072,0,0.0
682,-0.0769113507937221,-0.0769113507937221,0,0.0
683,-0.0185311249786229,-0.0185311249786229,0,0.0
684,-0.12165541071334844,-0.12165541071334844,0,0.0
685,-0.022318260557715366,-0.022318260557715366,0,0.0
686,-0.01755606611931611,-0.01755606611931611,0,0.0
687,-0.04706328153886957,-0.04706328153886957,0,0.0
688,0.036956584813116714,0.036956584813116714,0,0.0
689,0.08340425530687126,0.08340425530687126,0,0.0
690,0.023235470700965676,0.023235470700965676,0,0.0
691,0.11784050583582309,0.11784050583582309,0,0.0
692,-0.018481022231524397,-0.018481022231524397,0,0.0
693,0.02324064174204224,0.02324064174204224,0,0.0
694,0.08159884363677705,0.08159884363677705,0,0.0
695,0.02967630262961416,0.02967630262961416,0,0.0
696,0.04003457560054772,0.04003457560054772,0,0.0
697,-0.09901895768401495,-0.09901895768401495,0,0.0
698,0.005180620653368606,0.005180620653368606,0,0.0
699,0.005458074415198973,0.005458074415198973,0,0.0
700,-0.04894196665041849,-0.04894196665041849,0,0.0
701,0.06465573438031436,0.06465573438031436,0,0.0
702,-0.008921388219940735,-0.008921388219940735,0,0.0
703,-0.16091438708837144,-0.16091438708837144,0,0.0
704,-0.2826101493790994,-0.2826101493790994,0,0.0
705,-0.1333042469510413,-0.1333042469510413,0,0.0
706,-0.17816430293464147,-0.17816430293464147,0,0.0
707,0.05960882524093157,0.05960882524093157,0,0.0
708,-0.12487302000869867,-0.12487302000869867,0,0.0
709,0.05782545577385857,0.05782545577385857,0,0.0
710,0.09233671534108844,0.09233671534108844,0,0.0
711,0.0526329699310598,0.0526329699310598,0,0.0
712,-0.030852875804264827,-0.030852875804264827,0,0.0
713,0.0047047168055832644,0.0047047168055832644,0,0.0
714,0.006170878362834742,0.006170878362834742,0,0.0
715,0.11432594753080329,0.11432594753080329,0,0.0
716,0.10164934721827965,0.10164934721827965,0,0.0
717,0.07348446441465083,0.07348446441465083,0,0.0
718,0.002096480866679143,0.002096480866679143,0,0.0
719,-0.018714270561693596,-0.018714270561693596,0,0.0
720,0.015389464266515215,0.015389464266515215,0,0.0
721,-0.1549624137401117,-0.1549624137401117,0,0.0
722,-0.2618663660559637,-0.2618663660559637,0,0.0
723,-0.10417420069447711,-0.10417420069447711,0,0.0
724,-0.013879543531594766,-0.013879543531594766,0,0.0
725,-0.008667128321648305,-0.008667128321648305,0,0.0
726,-0.0023144006444603743,-0.0023144006444603743,0,0.0
727,0.03464007568492847,0.03464007568492847,0,0.0
728,-0.025801027354101305,-0.025801027354101305,0,0.0
729,-0.105399309560498,-0.105399309560498,0,0.0
730,-0.059574716667809995,-0.059574716667809995,0,0.0
731,-0.1244171891836516,-0.1244171891836516,0,0.0
732,-0.0467935324419121,-0.0467935324419121,0,0.0
733,-0.18280974854058343,-0.18280974854058343,0,0.0
734,-0.03397352861151996,-0.03397352861151996,0,0.0
735,0.05664287506020502,0.05664287506020502,0,0.0
736,0.07771197920185557,0.07771197920185557,0,0.0
737,0.14911010674399483,0.14911010674399483,0,0.0
738,0.27029313400108246,0.27029313400108246,0,0.0
739,0.2878494923538801,0.2878494923538801,0,0.0
740,-0.007866456050276971,-0.007866456050276971,0,0.0
741,-0.19182075998456774,-0.19182075998456774,0,0.0
742,-0.2143651745471667,-0.2143651745471667,0,0.0
743,-0.1305188826197364,-0.1305188826197364,0,0.0
744,-0.009776169139443486,-0.009776169139443486,0,0.0
745,-0.05429154010295407,-0.05429154010295407,0,0.0
746,-0.02280132180676673,-0.02280132180676673,0,0.0
747,-0.08292104266015483,-0.08292104266015483,0,0.0
748,-0.12292835006596535,-0.12292835006596535,0,0.0
749,-0.22242458120556358,-0.22242458120556358,0,0.0
750,-0.24567731956234826,-0.24567731956234826,0,0.0
751,-0.28722539997039925,-0.28722539997039925,0,0.0
752,-0.27823218136158306,-0.27823218136158306,0,0.0
753,-0.05977648543440264,-0.05977648543440264,0,0.0
754,-0.08711464095839981,-0.08711464095839981,0,0.0
755,0.20550179080389974,0.20550179080389974,0,0.0
756,0.23115615092288866,0.23115615092288866,0,0.0
757,0.16230817494701838,0.16230817494701838,0,0.0
758,-0.0022204682450843727,-0.0022204682450843727,0,0.0
759,0.03579297835542796,0.03579297835542796,0,0.0
760,-0.028485306290418153,-0.028485306290418153,0,0.0
761,-0.01774585923888397,-0.01774585923888397,0,0.0
762,0.24750882769385593,0.24750882769385593,0,0.0
763,0.19195024403039657,0.19195024403039657,0,0.0
764,0.21898576231411365,0.21898576231411365,0,0.0
765,0.06648091853262285,0.06648091853262285,0,0.0
766,0.005888733313579384,0.005888733313579384,0,0.0
767,0.16849486650788992,0.16849486650788992,0,0.0
768,0.07092144076481931,0.07092144076481931,0,0.0
769,0.20428303510997034,0.20428303510997034,0,0.0
770,0.22001733348055996,0.22001733348055996,0,0.0
771,0.07891058217302714,0.07891058217302714,0,0.0
772,0.08236577294786182,0.08236577294786182,0,0.0
773,0.147365946886357,0.147365946886357,0,0.0
774,0.1636005991412329,0.1636005991412329,0,0.0
775,-0.05561518205333073,-0.05561518205333073,0,0.0
776,-0.14992598305339805,-0.14992598305339805,0,0.0
777,-0.13356961358720276,-0.13356961358720276,0,0.0
778,-0.08431383716908723,-0.08431383716908723,0,0.0
779,0.02133006273723856,0.02133006273723856,0,0.0
780,0.051696917716933674,0.051696917716933674,0,0.0
781,-0.0964429142449109,-0.0964429142449109,0,0.0
782,-0.049473929838719136,-0.049473929838719136,0,0.0
783,0.040768013506389186,0.040768013506389186,0,0.0
784,0.09848824156595916,0.09848824156595916,0,0.0
785,0.17871506310695168,0.17871506310695168,0,0.0
786,0.20666661762725994,0.20666661762725994,0,0.0
787,0.1755082894032613,0.1755082894032613,0,0.0
788,0.09205673685129234,0.09205673685129234,0,0.0
789,-0.12755236175121754,-0.12755236175121754,0,0.0
790,-0.07749141485797391,-0.07749141485797391,0,0.0
791,-0.015713890819824508,-0.015713890819824508,0,0.0
792,0.03008505403527252,0.03008505403527252,0,0.0
793,-0.10046403618984803,-0.10046403618984803,0,0.0
794,-0.19449389379975918,-0.19449389379975918,0,0.0
795,-0.03018702246854739,-0.03018702246854739,0,0.0
796,0.010793645399448422,0.010793645399448422,0,0.0
797,0.08282239055053066,0.08282239055053066,0,0.0
798,0.06693102097358096,0.06693102097358096,0,0.0
799,0.03995595261833316,0.03995595261833316,0,0.0
800,0.11240693849755011,0.11240693849755011,0,0.0
801,0.030329887452636074,0.030329887452636074,0,0.0
802,0.011394599956697175,0.011394599956697175,0,0.0
803,-0.043177826395673725,-0.043177826395673725,0,0.0
804,-0.08027080385110999,-0.08027080385110999,0,0.0
805,-0.08649829014861718,-0.08649829014861718,0,0.0
806,-0.030931094185300472,-0.030931094185300472,0,0.0
807,-0.05532007948486467,-0.05532007948486467,0,0.0
808,0.08750576780652045,0.08750576780652045,0,0.0
809,-0.0083921000797611,-0.0083921000797611,0,0.0
810,-0.042901998041248876,-0.042901998041248876,0,0.0
811,-0.07661628424446437,-0.07661628424446437,0,0.0
812,0.09198516064805157,0.09198516064805157,0,0.0
813,0.1085668630184916,0.1085668630184916,0,0.0
814,0.17164091223204647,0.17164091223204647,0,0.0
815,-0.03295668012175834,-0.03295668012175834,0,0.0
816,-0.033988499956890086,-0.033988499956890086,0,0.0
817,0.06836361562118332,0.06836361562118332,0,0.0
818,0.0697169914158671,0.0697169914158671,0,0.0
819,0.14864890751499216,0.14864890751499216,0,0.0
820,0.053246882718783084,0.053246882718783084,0,0.0
821,0.15380246869058603,0.15380246869058603,0,0.0
822,0.34228241077063726,0.34228241077063726,0,0.0
823,0.20678157883442672,0.20678157883442672,0,0.0
824,0.052418528773336734,0.052418528773336734,0,0.0
825,0.14591695496355414,0.14591695496355414,0,0.0
826,0.2642070727892472,0.2642070727892472,0,0.0
827,0.12989626452336012,0.12989626452336012,0,0.0
828,0.009056915351252935,0.009056915351252935,0,0.0
829,-0.0469121815097204,-0.0469121815097204,0,0.0
830,-0.17378617938145463,-0.17378617938145463,0,0.0
831,-0.22151170185163946,-0.22151170185163946,0,0.0
832,-0.24286620228022746,-0.24286620228022746,0,0.0
833,-0.22677037796426694,-0.22677037796426694,0,0.0
834,-0.13631155065404618,-0.13631155065404618,0,0.0
835,-0.04027369167673147,-0.04027369167673147,0,0.0
836,0.15009340607083177,0.15009340607083177,0,0.0
837,0.02829405911813261,0.02829405911813261,0,0.0
838,0.0910488059279981,0.0910488059279981,0,0.0
839,0.04578134849622106,0.04578134849622106,0,0.0
840,0.013468946646133928,0.013468946646133928,0,0.0
841,0.06910083683432332,0.06910083683432332,0,0.0
842,-0.05968532201799799,-0.05968532201799799,0,0.0
843,-0.023327450362858,-0.023327450362858,0,0.0
844,0.009920324934618807,0.009920324934618807,0,0.0
845,0.061846876421081554,0.061846876421081554,0,0.0
846,0.0764103005407233,0.0764103005407233,0,0.0
847,0.29428887913945173,0.29428887913945173,0,0.0
848,0.15637504477828512,0.15637504477828512,0,0.0
849,0.013142564494555996,0.013142564494555996,0,0.0
850,-0.08307501000248867,-0.08307501000248867,0,0.0
851,-0.1246362328169276,-0.1246362328169276,0,0.0
852,-0.1468326969836961,-0.1468326969836961,0,0.0
853,0.02636274208718381,0.02636274208718381,0,0.0
854,0.19250715786547176,0.19250715786547176,0,0.0
855,0.09165854849999301,0.09165854849999301,0,0.0
856,-0.04841015008352281,-0.04841015008352281,0,0.0
857,-0.00991827412817644,-0.00991827412817644,0,0.0
858,-0.05347489371393371,-0.05347489371393371,0,0.0
859,0.022496921630039406,0.022496921630039406,0,0.0
860,0.04898481813194824,0.04898481813194824,0,0.0
861,-0.11688594132017249,-0.11688594132017249,0,0.0
862,0.05144480345047851,0.05144480345047851,0,0.0
863,0.2441207983339695,0.2441207983339695,0,0.0
864,0.12372880892864127,0.12372880892864127,0,0.0
865,0.011388731482520696,0.011388731482520696,0,0.0
866,0.012951762472778797,0.012951762472778797,0,0.0
867,0.041529342680421404,0.041529342680421404,0,0.0
868,0.0964875489170644,0.0964875489170644,0,0.0
869,0.2699046244742022,0.2699046244742022,0,0.0
870,0.17893146704654395,0.17893146704654395,0,0.0
871,0.009334524288549348,0.009334524288549348,0,0.0
872,-0.16625059677992204,-0.16625059677992204,0,0.0
873,-0.20796038627583943,-0.20796038627583943,0,0.0
874,-0.13643088695206687,-0.13643088695206687,0,0.0
875,0.11190315404529316,0.11190315404529316,0,0.0
876,0.06504757072303077,0.06504757072303077,0,0.0
877,0.05203622093325584,0.05203622093325584,0,0.0
878,0.026977172994723318,0.026977172994723318,0,0.0
879,0.13001382155393587,0.13001382155393587,0,0.0
880,0.35130886523156624,0.35130886523156624,0,0.0
881,0.20195745058243372,0.20195745058243372,0,0.0
882,0.04236024316781152,0.04236024316781152,0,0.0
883,0.09791279212466968,0.09791279212466968,0,0.0
884,0.1380473340288046,0.1380473340288046,0,0.0
885,0.2755260413717131,0.2755260413717131,0,0.0
886,0.2512041848242059,0.2512041848242059,0,0.0
887,0.10992893050631619,0.10992893050631619,0,0.0
888,0.0967677905094427,0.0967677905094427,0,0.0
889,0.16629880436458172,0.16629880436458172,0,0.0
890,0.19573370350951325,0.19573370350951325,0,0.0
891,0.17405460504542403,0.17405460504542403,0,0.0
892,0.20676441229335196,0.20676441229335196,0,0.0
893,0.24753016787016405,0.24753016787016405,0,0.0
894,0.2948871509412136,0.2948871509412136,0,0.0
895,0.2512746759379023,0.2512746759379023,0,0.0
896,0.1253305025303937,0.1253305025303937,0,0.0
897,0.06468083548006678,0.06468083548006678,0,0.0
898,0.14732946452881038,0.14732946452881038,0,0.0
899,0.023233837428311338,0.023233837428311338,0,0.0
900,0.025988507924177114,0.025988507924177114,0,0.0
901,-0.023189842379056642,-0.023189842379056642,0,0.0
902,-0.020875093194598987,-0.020875093194598987,0,0.0
903,0.11578308018086202,0.11578308018086202,0,0.0
904,0.11591138958559974,0.11591138958559974,0,0.0
905,0.07421615044792228,0.07421615044792228,0,0.0
906,-0.09979497165677405,-0.09979497165677405,0,0.0
907,-0.020053850812281643,-0.020053850812281643,0,0.0
908,0.06846433179563703,0.06846433179563703,0,0.0
909,0.275107707929512,0.275107707929512,0,0.0
910,0.1756154764891821,0.1756154764891821,0,0.0
911,0.10738587237183718,0.10738587237183718,0,0.0
912,0.07572397097070885,0.07572397097070885,0,0.0
913,0.1968473302785471,0.1968473302785471,0,0.0
914,0.13280351679000071,0.13280351679000071,0,0.0
915,0.09477549995332508,0.09477549995332508,0,0.0
916,0.11004934757631385,0.11004934757631385,0,0.0
917,0.08774529038602187,0.08774529038602187,0,0.0
918,0.003543001338501897,0.003543001338501897,0,0.0
919,0.004694342283427903,0.004694342283427903,0,0.0
920,0.11041004854501915,0.11041004854501915,0,0.0
921,-0.015262359561776281,-0.015262359561776281,0,0.0
922,-0.02099492994373726,-0.02099492994373726,0,0.0
923,-0.08375555353655188,-0.08375555353655188,0,0.0
924,0.05669920605199019,0.05669920605199019,0,0.0
925,-0.09020821492947495,-0.09020821492947495,0,0.0
926,-0.13939859788113684,-0.13939859788113684,0,0.0
927,-0.055756047812562395,-0.055756047812562395,0,0.0
928,0.1398272842496115,0.1398272842496115,0,0.0
929,0.11643801085490289,0.11643801085490289,0,0.0
930,0.009664999164680187,0.009664999164680187,0,0.0
931,0.1725601041048226,0.1725601041048226,0,0.0
932,-0.00868630659070238,-0.00868630659070238,0,0.0
933,-0.26134166175553464,-0.26134166175553464,0,0.0
934,-0.163334623080954,-0.163334623080954,0,0.0
935,-0.12860478854891738,-0.12860478854891738,0,0.0
936,-0.17234018793601444,-0.17234018793601444,0,0.0
937,-0.041315547909092754,-0.041315547909092754,0,0.0
938,0.02579567063704857,0.02579567063704857,0,0.0
939,-0.027508216982215436,-0.027508216982215436,0,0.0
940,-0.1551961475802715,-0.1551961475802715,0,0.0
941,-0.03140954183975965,-0.03140954183975965,0,0.0
942,0.07093171384011268,0.07093171384011268,0,0.0
943,0.05310969306210379,0.05310969306210379,0,0.0
944,0.2129651112864271,0.2129651112864271,0,0.0
945,0.052741673784105686,0.052741673784105686,0,0.0
946,-0.15295220032247475,-0.15295220032247475,0,0.0
947,-0.2021009020029254,-0.2021009020029254,0,0.0
948,-0.13564888317339516,-0.13564888317339516,0,0.0
949,-0.04376498120586185,-0.04376498120586185,0,0.0
950,-0.03200581411564344,-0.03200581411564344,0,0.0
951,0.0183538846000873,0.0183538846000873,0,0.0
952,-0.10406967191584587,-0.10406967191584587,0,0.0
953,0.05744994595463179,0.05744994595463179,0,0.0
954,0.05855877330761773,0.05855877330761773,0,0.0
955,0.1470866126139806,0.1470866126139806,0,0.0
956,0.14023007006743135,0.14023007006743135,0,0.0
957,0.12844205544652737,0.12844205544652737,0,0.0
958,0.13168435836695602,0.13168435836695602,0,0.0
959,0.12442993160599085,0.12442993160599085,0,0.0
960,0.1374793495981559,0.1374793495981559,0,0.0
961,0.2180127463705697,0.2180127463705697,0,0.0
962,0.1665664441469716,0.1665664441469716,0,0.0
963,0.16055098180231459,0.16055098180231459,0,0.0
964,0.08615392718373467,0.08615392718373467,0,0.0
965,0.18082466693147212,0.18082466693147212,0,0.0
966,0.05978971790250377,0.05978971790250377,0,0.0
967,0.1917608842267902,0.1917608842267902,0,0.0
968,0.13743496873649708,0.13743496873649708,0,0.0
969,-0.07148171206796519,-0.07148171206796519,0,0.0
970,-0.07186192191059264,-0.07186192191059264,0,0.0
971,-0.11129836086236916,-0.11129836086236916,0,0.0
972,0.009398050591095608,0.009398050591095608,0,0.0
973,-0.03548428528488877,-0.03548428528488877,0,0.0
974,-0.07488538166760811,-0.07488538166760811,0,0.0
975,-0.24176552137166185,-0.24176552137166185,0,0.0
976,-0.22366597268871552,-0.22366597268871552,0,0.0
977,-0.37296760653953576,-0.37296760653953576,0,0.0
978,-0.41203117304245784,-0.41203117304245784,0,0.0
979,-0.17898995151162939,-0.17898995151162939,0,0.0
980,0.017794289264271276,0.017794289264271276,0,0.0
981,0.09257917789223938,0.09257917789223938,0,0.0
982,-0.02619312985198405,-0.02619312985198405,0,0.0
983,-0.0442414750742331,-0.0442414750742331,0,0.0
984,-0.03051480799804652,-0.03051480799804652,0,0.0
985,-0.13140002030284487,-0.13140002030284487,0,0.0
986,0.05132277553404846,0.05132277553404846,0,0.0
987,0.15507445354537489,0.15507445354537489,0,0.0
988,0.09169859034652383,0.09169859034652383,0,0.0
989,0.045032565467597166,0.045032565467597166,0,0.0
990,0.03852461509952822,0.03852461509952822,0,0.0
991,-0.18236030785632595,-0.18236030785632595,0,0.0
992,-0.1783109075570261,-0.1783109075570261,0,0.0
993,-0.17437508927413556,-0.17437508927413556,0,0.0
994,-0.2039998908973948,-0.2039998908973948,0,0.0
995,-0.15643492415168422,-0.15643492415168422,0,0.0
996,0.09542069154308384,0.09542069154308384,0,0.0
997,0.17170782419150493,0.17170782419150493,0,0.0
998,0.061164222066307505,0.061164222066307505,0,0.0
999,0.07184809095036088,0.07184809095036088,0,0.0
1000,0.18518117200562742,0.18518117200562742,0,0.0
1001,0.22623868770570665,0.22623868770570665,0,0.0
1002,0.14991775275545727,0.14991775275545727,0,0.0
1003,0.009992786892667097,0.009992786892667097,0,0.0
1004,0.04783301032440122,0.04783301032440122,0,0.0
1005,0.07561638942316252,0.07561638942316252,0,0.0
1006,0.140445831476423,0.140445831476423,0,0.0
1007,0.16075056746470284,0.16075056746470284,0,0.0
1008,0.2054665592084112,0.2054665592084112,0,0.0
1009,0.07869961271773163,0.07869961271773163,0,0.0
1010,0.15360578489593563,0.15360578489593563,0,0.0
1011,0.12690466584244214,0.12690466584244214,0,0.0
1012,0.27832866295729314,0.27832866295729314,0,0.0
1013,0.1283632153883893,0.1283632153883893,0,0.0
1014,0.22062122003577775,0.22062122003577775,0,0.0
1015,0.17061541129720914,0.17061541129720914,0,0.0
1016,0.02722628466916692,0.02722628466916692,0,0.0
1017,-0.06073063792954045,-0.06073063792954045,0,0.0
1018,-0.08606449809689777,-0.08606449809689777,0,0.0
1019,-0.014288876251418482,-0.014288876251418482,0,0.0
1020,0.05806534742179473,0.05806534742179473,0,0.0
1021,-0.008059947206138424,-0.008059947206138424,0,0.0
1022,-0.02049648647536797,-0.02049648647536797,0,0.0
1023,0.1994418361221197,0.1994418361221197,0,0.0
1024,0.3364070832028405,0.3364070832028405,0,0.0
1025,0.2728696663052517,0.2728696663052517,0,0.0
1026,0.1548146642204533,0.1548146642204533,0,0.0
1027,0.08128093078713845,0.08128093078713845,0,0.0
1028,0.09541360905866177,0.09541360905866177,0,0.0
1029,-0.042204555430338825,-0.042204555430338825,0,0.0
1030,-0.07858401989833792,-0.07858401989833792,0,0.0
1031,-0.22128471222036153,-0.22128471222036153,0,0.0
1032,-0.12138865353609371,-0.12138865353609371,0,0.0
1033,0.01186561358547144,0.01186561358547144,0,0.0
1034,-0.014548424654341509,-0.014548424654341509,0,0.0
1035,0.1433868138884358,0.1433868138884358,0,0.0
1036,-0.004957430258617182,-0.004957430258617182,0,0.0
1037,-0.17908079500556293,-0.17908079500556293,0,0.0
1038,-0.11982796809672971,-0.11982796809672971,0,0.0
1039,0.044663614784944274,0.044663614784944274,0,0.0
1040,0.22808925459308824,0.22808925459308824,0,0.0
1041,0.12765025443058775,0.12765025443058775,0,0.0
1042,0.16437043596898213,0.16437043596898213,0,0.0
1043,0.10211545093899743,0.10211545093899743,0,0.0
1044,0.03155554356331956,0.03155554356331956,0,0.0
1045,0.09318733841152341,0.09318733841152341,0,0.0
1046,0.1334710498578968,0.1334710498578968,0,0.0
1047,-0.06949984349441221,-0.06949984349441221,0,0.0
1048,0.06535995020548045,0.06535995020548045,0,0.0
1049,0.20419706427801196,0.20419706427801196,0,0.0
1050,0.08772939123036055,0.08772939123036055,0,0.0
1051,0.06892445347242696,0.06892445347242696,0,0.0
1052,0.08699670316014334,0.08699670316014334,0,0.0
1053,0.08187984841601999,0.08187984841601999,0,0.0
1054,-0.006925977283754686,-0.006925977283754686,0,0.0
1055,-0.08907908830401291,-0.08907908830401291,0,0.0
1056,-0.07243348228560392,-0.07243348228560392,0,0.0
1057,0.07714193375825593,0.07714193375825593,0,0.0
1058,0.13056025892316878,0.13056025892316878,0,0.0
1059,0.051958387178273245,0.051958387178273245,0,0.0
1060,0.09262452902281931,0.09262452902281931,0,0.0
1061,-0.22114631628040676,-0.22114631628040676,0,0.0
1062,-0.08056538879167893,-0.08056538879167893,0,0.0
1063,-0.19419442565507178,-0.19419442565507178,0,0.0
1064,-0.17548655690603485,-0.17548655690603485,0,0.0
1065,-0.2135173498564279,-0.2135173498564279,0,0.0
1066,-0.2651847160760259,-0.2651847160760259,0,0.0
1067,-0.05336162415168322,-0.05336162415168322,0,0.0
1068,-0.03642247623733053,-0.03642247623733053,0,0.0
1069,0.0161847320135438,0.0161847320135438,0,0.0
1070,0.015540222970382735,0.015540222970382735,0,0.0
1071,0.05689931469590958,0.05689931469590958,0,0.0
1072,0.050093596268676654,0.050093596268676654,0,0.0
1073,-0.09960420834309755,-0.09960420834309755,0,0.0
1074,0.009924596016500628,0.009924596016500628,0,0.0
1075,-0.021515139834311234,-0.021515139834311234,0,0.0
1076,-0.17485522093672423,-0.17485522093672423,0,0.0
1077,-0.1783926648791084,-0.1783926648791084,0,0.0
1078,0.042332891347489215,0.042332891347489215,0,0.0
1079,0.15456702026516234,0.15456702026516234,0,0.0
1080,0.0803218245018461,0.0803218245018461,0,0.0
1081,-0.0015817148833984704,-0.0015817148833984704,0,0.0
1082,-0.04949324192882626,-0.04949324192882626,0,0.0
1083,0.16839654778970278,0.16839654778970278,0,0.0
1084,0.18280943184068282,0.18280943184068282,0,0.0
1085,0.15557240063371267,0.15557240063371267,0,0.0
1086,0.1909243795420178,0.1909243795420178,0,0.0
1087,0.14550393940952305,0.14550393940952305,0,0.0
1088,0.05231406103714456,0.05231406103714456,0,0.0
1089,-0.006884523960686787,-0.006884523960686787,0,0.0
1090,-0.02313055731738474,-0.02313055731738474,0,0.0
1091,-0.020849764712754595,-0.020849764712754595,0,0.0
1092,0.060709254056971265,0.060709254056971265,0,0.0
1093,0.05793194476885787,0.05793194476885787,0,0.0
1094,0.10746771272524998,0.10746771272524998,0,0.0
1095,0.06631612321557018,0.06631612321557018,0,0.0
1096,0.03942287505901521,0.03942287505901521,0,0.0
1097,-0.18154499304911265,-0.18154499304911265,0,0.0
1098,-0.061487801980845,-0.061487801980845,0,0.0
1099,0.0217676046149458,0.0217676046149458,0,0.0
1100,0.12951265507409085,0.12951265507409085,0,0.0
1101,-0.1903689346830854,-0.1903689346830854,0,0.0
1102,0.03063979171678624,0.03063979171678624,0,0.0
1103,0.048626657494528706,0.048626657494528706,0,0.0
1104,0.14359164932601737,0.14359164932601737,0,0.0
1105,0.0011573952493550699,0.0011573952493550699,0,0.0
1106,0.03348497684053755,0.03348497684053755,0,0.0
1107,-0.0787850538948066,-0.0787850538948066,0,0.0
1108,-0.1321019345535333,-0.1321019345535333,0,0.0
1109,0.1014785985228133,0.1014785985228133,0,0.0
1110,0.08853502565262265,0.08853502565262265,0,0.0
1111,0.07227558813550775,0.07227558813550775,0,0.0
1112,0.1271202384467571,0.1271202384467571,0,0.0
1113,0.1368092619275646,0.1368092619275646,0,0.0
1114,0.0990652523670579,0.0990652523670579,0,0.0
1115,0.08838644975475596,0.08838644975475596,0,0.0
1116,0.29123766785422067,0.29123766785422067,0,0.0
1117,0.20955096462906683,0.20955096462906683,0,0.0
1118,0.1295031428039061,0.1295031428039061,0,0.0
1119,0.1667577609180727,0.1667577609180727,0,0.0
1120,0.2180581734694753,0.2180581734694753,0,0.0
1121,0.2597980171480037,0.2597980171480037,0,0.0
1122,0.22809980122742637,0.22809980122742637,0,0.0
1123,0.016219746279292013,0.016219746279292013,0,0.0
1124,0.13069899000805796,0.13069899000805796,0,0.0
1125,-0.013319296551280835,-0.013319296551280835,0,0.0
1126,-0.006531688718732935,-0.006531688718732935,0,0.0
1127,-0.07798907666666599,-0.07798907666666599,0,0.0
1128,-0.06749875824888546,-0.06749875824888546,0,0.0
1129,-0.005524950235427123,-0.005524950235427123,0,0.0
1130,0.0412155130064627,0.0412155130064627,0,0.0
1131,0.07626947587578406,0.07626947587578406,0,0.0
1132,0.21414360500519944,0.21414360500519944,0,0.0
1133,0.20141441898040072,0.20141441898040072,0,0.0
1134,0.09388715065421582,0.09388715065421582,0,0.0
1135,0.13123555355612826,0.13123555355612826,0,0.0
1136,0.2051580616065235,0.2051580616065235,0,0.0
1137,0.0151185570602939,0.0151185570602939,0,0.0
1138,0.030803240311916225,0.030803240311916225,0,0.0
1139,0.09173615506856403,0.09173615506856403,0,0.0
1140,0.03747192565646879,0.03747192565646879,0,0.0
1141,0.1492009908426242,0.1492009908426242,0,0.0
1142,0.09686084883955293,0.09686084883955293,0,0.0
1143,0.06020612625027173,0.06020612625027173,0,0.0
1144,0.011485548803919842,0.011485548803919842,0,0.0
1145,-0.0012948814487717198,-0.0012948814487717198,0,0.0
1146,-0.11296052360932153,-0.11296052360932153,0,0.0
1147,-0.23411453085713235,-0.23411453085713235,0,0.0
1148,-0.005249013641344336,-0.005249013641344336,0,0.0
1149,-0.042072439573481786,-0.042072439573481786,0,0.0
1150,-0.1317473838761473,-0.1317473838761473,0,0.0
1151,-0.312322430546593,-0.312322430546593,0,0.0
1152,-0.2874046424309951,-0.2874046424309951,0,0.0
1153,-0.2997682071762273,-0.2997682071762273,0,0.0
1154,-0.018132121241145938,-0.018132121241145938,0,0.0
1155,0.14642965337659214,0.14642965337659214,0,0.0
1156,0.051955112431730524,0.051955112431730524,0,0.0
1157,0.23752173980449687,0.23752173980449687,0,0.0
1158,0.27780291805641083,0.27780291805641083,0,0.0
1159,0.14225484813336703,0.14225484813336703,0,0.0
1160,-0.19169727659194585,-0.19169727659194585,0,0.0
1161,0.04728546635884409,0.04728546635884409,0,0.0
1162,-0.06278941827089517,-0.06278941827089517,0,0.0
1163,-0.22422850258417415,-0.22422850258417415,0,0.0
1164,-0.06456787521219627,-0.06456787521219627,0,0.0
1165,0.2371666409810051,0.2371666409810051,0,0.0
1166,0.3410741696782952,0.3410741696782952,0,0.0
1167,0.2818169195516711,0.2818169195516711,0,0.0
1168,0.21671413587220642,0.21671413587220642,0,0.0
1169,0.2023494806654617,0.2023494806654617,0,0.0
1170,0.1944296163366046,0.1944296163366046,0,0.0
1171,0.14319293933312893,0.14319293933312893,0,0.0
1172,0.08608853859436985,0.08608853859436985,0,0.0
1173,0.03397293021891784,0.03397293021891784,0,0.0
1174,-0.06543582243040733,-0.06543582243040733,0,0.0
1175,-0.08721075167478684,-0.08721075167478684,0,0.0
1176,-0.22597711827328654,-0.22597711827328654,0,0.0
1177,-0.17317350696314687,-0.17317350696314687,0,0.0
1178,-0.19220249263095196,-0.19220249263095196,0,0.0
1179,-0.2294862244337093,-0.2294862244337093,0,0.0
1180,-0.12715906590542922,-0.12715906590542922,0,0.0
1181,0.08337022079685842,0.08337022079685842,0,0.0
1182,0.1839596504188039,0.1839596504188039,0,0.0
1183,-0.02655638418664627,-0.02655638418664627,0,0.0
1184,-0.15699985109011155,-0.15699985109011155,0,0.0
1185,-0.026211485235938414,-0.026211485235938414,0,0.0
1186,-0.08781795732455938,-0.08781795732455938,0,0.0
1187,-0.08747538381216229,-0.08747538381216229,0,0.0
1188,0.0025884943176372327,0.0025884943176372327,0,0.0
1189,-0.0772685732698213,-0.0772685732698213,0,0.0
1190,-0.051795006864788495,-0.051795006864788495,0,0.0
1191,-0.159384840329687,-0.159384840329687,0,0.0
1192,-0.17728563528591326,-0.17728563528591326,0,0.0
1193,-0.07797334674853951,-0.07797334674853951,0,0.0
1194,-0.18622092369481588,-0.18622092369481588,0,0.0
1195,-0.08933459581010489,-0.08933459581010489,0,0.0
1196,-0.03618727180178886,-0.03618727180178886,0,0.0
1197,0.04416609716230467,0.04416609716230467,0,0.0
1198,0.06496174549666767,0.06496174549666767,0,0.0
1199,0.17955021996225765,0.17955021996225765,0,0.0
1200,0.14317027713526334,0.14317027713526334,0,0.0
1201,0.03568562360323384,0.03568562360323384,0,0.0
1202,0.01214419375876278,0.01214419375876278,0,0.0
1203,0.05690803319000225,0.05690803319000225,0,0.0
1204,0.04798359483281968,0.04798359483281968,0,0.0
1205,0.031064438348643537,0.031064438348643537,0,0.0
1206,-0.05494433706832465,-0.05494433706832465,0,0.0
1207,-0.11645844907948324,-0.11645844907948324,0,0.0
1208,-0.22243841902989103,-0.22243841902989103,0,0.0
1209,0.02029862891067777,0.02029862891067777,0,0.0
1210,-0.0636597366046081,-0.0636597366046081,0,0.0
1211,-0.12427803484541276,-0.12427803484541276,0,0.0
1212,-0.15853120711232832,-0.15853120711232832,0,0.0
1213,-0.012476921026335963,-0.012476921026335963,0,0.0
1214,-0.007770263227805888,-0.007770263227805888,0,0.0
1215,0.12105338089039587,0.12105338089039587,0,0.0
1216,0.03104769493349102,0.03104769493349102,0,0.0
1217,0.02852689599109384,0.02852689599109384,0,0.0
1218,-0.06692272751979886,-0.06692272751979886,0,0.0
1219,0.15527135156328098,0.15527135156328098,0,0.0
1220,0.018841784851633278,0.018841784851633278,0,0.0
1221,0.015001228591353177,0.015001228591353177,0,0.0
1222,0.07161031399596575,0.07161031399596575,0,0.0
1223,0.09566791522365178,0.09566791522365178,0,0.0
1224,0.043683503491957446,0.043683503491957446,0,0.0
1225,0.0028311497754929804,0.0028311497754929804,0,0.0
1226,-0.0020906336800861442,-0.0020906336800861442,0,0.0
1227,-0.016938937062016376,-0.016938937062016376,0,0.0
1228,0.0832548887658951,0.0832548887658951,0,0.0
1229,0.2910439985842545,0.2910439985842545,0,0.0
1230,0.16043504261344121,0.16043504261344121,0,0.0
1231,-0.0668410635840057,-0.0668410635840057,0,0.0
1232,-0.09438806422501828,-0.09438806422501828,0,0.0
1233,0.19582869510221834,0.19582869510221834,0,0.0
1234,0.09517311212980527,0.09517311212980527,0,0.0
1235,0.2008844312278073,0.2008844312278073,0,0.0
1236,0.3094430039639289,0.3094430039639289,0,0.0
1237,0.1520186927547822,0.1520186927547822,0,0.0
1238,0.11662466132956753,0.11662466132956753,0,0.0
1239,0.2257356528255514,0.2257356528255514,0,0.0
1240,0.11935081589577892,0.11935081589577892,0,0.0
1241,0.029975486141276684,0.029975486141276684,0,0.0
1242,-0.05805786566099881,-0.05805786566099881,0,0.0
1243,-0.15391706282634107,-0.15391706282634107,0,0.0
1244,-0.17644983163547381,-0.17644983163547381,0,0.0
1245,-0.2327704794193365,-0.2327704794193365,0,0.0
1246,-0.14751807038245182,-0.14751807038245182,0,0.0
1247,-0.14845768352795835,-0.14845768352795835,0,0.0
1248,-0.06588394156680155,-0.06588394156680155,0,0.0
1249,-0.17860518116821233,-0.17860518116821233,0,0.0
1250,-0.09661933339976386,-0.09661933339976386,0,0.0
1251,0.041778465674723854,0.041778465674723854,0,0.0
1252,-0.1466269250374137,-0.1466269250374137,0,0.0
1253,-0.08825157618011852,-0.08825157618011852,0,0.0
1254,0.08149102331071716,0.08149102331071716,0,0.0
1255,-0.03812096798452312,-0.03812096798452312,0,0.0
1256,0.12046225963400842,0.12046225963400842,0,0.0
1257,0.14589590224071589,0.14589590224071589,0,0.0
1258,0.022123084289930137,0.022123084289930137,0,0.0
1259,-0.01705762078196967,-0.01705762078196967,0,0.0
1260,0.03776197776861048,0.03776197776861048,0,0.0
1261,0.04122164551252347,0.04122164551252347,0,0.0
1262,0.0793005201009336,0.0793005201009336,0,0.0
1263,-0.03687127232969445,-0.03687127232969445,0,0.0
1264,-0.02842103948033448,-0.02842103948033448,0,0.0
1265,-0.15673402680882673,-0.15673402680882673,0,0.0
1266,-0.1308256196858645,-0.1308256196858645,0,0.0
1267,-0.16370445453340526,-0.16370445453340526,0,0.0
1268,-0.17835143394852795,-0.17835143394852795,0,0.0
1269,0.013669061268902424,0.013669061268902424,0,0.0
1270,0.15573654786425445,0.15573654786425445,0,0.0
1271,0.18276923812834078,0.18276923812834078,0,0.0
1272,0.0058368044625638354,0.0058368044625638354,0,0.0
1273,-0.06352524902509728,-0.06352524902509728,0,0.0
1274,0.06932220988532775,0.06932220988532775,0,0.0
1275,0.08233450907727215,0.08233450907727215,0,0.0
1276,0.2839361192829216,0.2839361192829216,0,0.0
1277,0.25001377755032006,0.25001377755032006,0,0.0
1278,0.16242870983267488,0.16242870983267488,0,0.0
1279,0.049028565935825746,0.049028565935825746,0,0.0
1280,0.02009120126035386,0.02009120126035386,0,0.0
1281,-0.008979735816936452,-0.008979735816936452,0,0.0
1282,0.059608838763239115,0.059608838763239115,0,0.0
1283,0.145153249853437,0.145153249853437,0,0.0
1284,0.02560188607930683,0.02560188607930683,0,0.0
1285,-0.14167243646301975,-0.14167243646301975,0,0.0
1286,-0.30207886369660686,-0.30207886369660686,0,0.0
1287,-0.16252947097342718,-0.16252947097342718,0,0.0
1288,-0.17994446465680775,-0.17994446465680775,0,0.0
1289,-0.32673873682600907,-0.32673873682600907,0,0.0
1290,-0.1865442360763493,-0.1865442360763493,0,0.0
1291,0.16541231024740144,0.16541231024740144,0,0.0
1292,0.1690316042592017,0.1690316042592017,0,0.0
1293,0.18599189880304529,0.18599189880304529,0,0.0
1294,0.12317013404535239,0.12317013404535239,0,0.0
1295,0.051448762156558595,0.051448762156558595,0,0.0
1296,0.10843263121495325,0.10843263121495325,0,0.0
1297,0.04742889812178576,0.04742889812178576,0,0.0
1298,0.042995823661628255,0.042995823661628255,0,0.0
1299,0.05708065992454682,0.05708065992454682,0,0.0
1300,-0.029743682156993065,-0.029743682156993065,0,0.0
1301,0.06399315724314847,0.06399315724314847,0,0.0
1302,0.039647286556376525,0.039647286556376525,0,0.0
1303,-0.05665531815281295,-0.05665531815281295,0,0.0
1304,0.00039727252351468706,0.00039727252351468706,0,0.0
1305,-0.07819791652972939,-0.07819791652972939,0,0.0
1306,-0.05981967199157363,-0.05981967199157363,0,0.0
1307,-0.03312805395173338,-0.03312805395173338,0,0.0
1308,0.09405104782008585,0.09405104782008585,0,0.0
1309,0.12933627233441064,0.12933627233441064,0,0.0
1310,0.08215611242899695,0.08215611242899695,0,0.0
1311,0.12163426539634414,0.12163426539634414,0,0.0
1312,0.21989694473300728,0.21989694473300728,0,0.0
1313,0.20737173334232323,0.20737173334232323,0,0.0
1314,0.1229532597115952,0.1229532597115952,0,0.0
1315,-0.07429536213420443,-0.07429536213420443,0,0.0
1316,-0.19053830795721985,-0.19053830795721985,0,0.0
1317,-0.16809404437440176,-0.16809404437440176,0,0.0
1318,-0.1573187941240058,-0.1573187941240058,0,0.0
1319,-0.11093335672286887,-0.11093335672286887,0,0.0
1320,-0.05161793406378323,-0.05161793406378323,0,0.0
1321,0.03386159952922027,0.03386159952922027,0,0.0
1322,0.03036298863022375,0.03036298863022375,0,0.0
1323,0.06616823538095515,0.06616823538095515,0,0.0
1324,0.0533094320597314,0.0533094320597314,0,0.0
1325,-0.16813275806379305,-0.16813275806379305,0,0.0
1326,-0.23910163224485617,-0.23910163224485617,0,0.0
1327,-0.1720635097552879,-0.1720635097552879,0,0.0
1328,-0.21079995563936982,-0.21079995563936982,0,0.0
1329,-0.07423438956081785,-0.07423438956081785,0,0.0
1330,0.13584756271358944,0.13584756271358944,0,0.0
1331,0.2454011132527668,0.2454011132527668,0,0.0
1332,0.1478070909664748,0.1478070909664748,0,0.0
1333,0.21823806380762167,0.21823806380762167,0,0.0
1334,0.15989577857301354,0.15989577857301354,0,0.0
1335,0.05056041298508257,0.05056041298508257,0,0.0
1336,-0.05287109168063064,-0.05287109168063064,0,0.0
1337,-0.08265592459033386,-0.08265592459033386,0,0.0
1338,-0.09436820319026384,-0.09436820319026384,0,0.0
1339,-0.04192175539659554,-0.04192175539659554,0,0.0
1340,0.0013936344257627978,0.0013936344257627978,0,0.0
1341,0.009803860635270794,0.009803860635270794,0,0.0
1342,0.051258178597699065,0.051258178597699065,0,0.0
1343,0.15811039822973924,0.15811039822973924,0,0.0
1344,0.21119209640838396,0.21119209640838396,0,0.0
1345,-0.011158199364231042,-0.011158199364231042,0,0.0
1346,-0.3065570922632571,-0.3065570922632571,0,0.0
1347,-0.14958204281383208,-0.14958204281383208,0,0.0
1348,-0.19504208563995634,-0.19504208563995634,0,0.0
1349,-0.148593800138467,-0.148593800138467,0,0.0
1350,-0.1968779255887183,-0.1968779255887183,0,0.0
1351,-0.3079816242012832,-0.3079816242012832,0,0.0
1352,-0.1528634414228041,-0.1528634414228041,0,0.0
1353,0.015221087732278052,0.015221087732278052,0,0.0
1354,-0.014901481602288678,-0.014901481602288678,0,0.0
1355,-0.27406963204277757,-0.27406963204277757,0,0.0
1356,-0.27089985413901263,-0.27089985413901263,0,0.0
1357,-0.12272555636239996,-0.12272555636239996,0,0.0
1358,-0.19189163113953034,-0.19189163113953034,0,0.0
1359,-0.11063220166122874,-0.11063220166122874,0,0.0
1360,-0.05165842001837648,-0.05165842001837648,0,0.0
1361,0.0387288542776534,0.0387288542776534,0,0.0
1362,0.05327280426721334,0.05327280426721334,0,0.0
1363,-0.06243442152991556,-0.06243442152991556,0,0.0
1364,0.059055052089074016,0.059055052089074016,0,0.0
1365,0.043877968674545326,0.043877968674545326,0,0.0
1366,0.020560910570828275,0.020560910570828275,0,0.0
1367,-0.08565366118556605,-0.08565366118556605,0,0.0
1368,-0.11696333618176953,-0.11696333618176953,0,0.0
1369,-0.1649202081109925,-0.1649202081109925,0,0.0
1370,-0.1258381052447824,-0.1258381052447824,0,0.0
1371,0.10348440544060694,0.10348440544060694,0,0.0
1372,-0.029234968891693594,-0.029234968891693594,0,0.0
1373,-0.2054409959891504,-0.2054409959891504,0,0.0
1374,-0.011388770263620729,-0.011388770263620729,0,0.0
1375,0.011044815271746881,0.011044815271746881,0,0.0
1376,-0.055793667595870004,-0.055793667595870004,0,0.0
1377,0.05714657160856228,0.05714657160856228,0,0.0
1378,-0.003685563167662588,-0.003685563167662588,0,0.0
1379,0.1682232064988511,0.1682232064988511,0,0.0
1380,0.20310826496654033,0.20310826496654033,0,0.0
1381,0.08005082985889177,0.08005082985889177,0,0.0
1382,0.2391498322203557,0.2391498322203557,0,0.0
1383,0.11473820750417238,0.11473820750417238,0,0.0
1384,0.11817013676019746,0.11817013676019746,0,0.0
1385,0.10151772594797269,0.10151772594797269,0,0.0
1386,0.1877542823462185,0.1877542823462185,0,0.0
1387,0.28605100036006553,0.28605100036006553,0,0.0
1388,0.1944903587253854,0.1944903587253854,0,0.0
1389,0.023040299873676867,0.023040299873676867,0,0.0
1390,0.025531382447776058,0.025531382447776058,0,0.0
1391,-0.05195449099172514,-0.05195449099172514,0,0.0
1392,0.15466885546972697,0.15466885546972697,0,0.0
1393,0.14777951568240036,0.14777951568240036,0,0.0
1394,0.05075768632076402,0.05075768632076402,0,0.0
1395,0.029518276506621994,0.029518276506621994,0,0.0
1396,-0.12124954501182486,-0.12124954501182486,0,0.0
1397,-0.20006469516184944,-0.20006469516184944,0,0.0
1398,-0.015760456332672035,-0.015760456332672035,0,0.0
1399,-0.03828485393090732,-0.03828485393090732,0,0.0
1400,-0.1321668901463854,-0.1321668901463854,0,0.0
1401,-0.04441126607819825,-0.04441126607819825,0,0.0
1402,0.10947478063301819,0.10947478063301819,0,0.0
1403,0.16835740878856087,0.16835740878856087,0,0.0
1404,0.2123957394848267,0.2123957394848267,0,0.0
1405,0.060565600973203126,0.060565600973203126,0,0.0
1406,-0.13620773379258722,-0.13620773379258722,0,0.0
1407,0.02905405796683827,0.02905405796683827,0,0.0
1408,0.018216809247774482,0.018216809247774482,0,0.0
1409,-0.016320665840652802,-0.016320665840652802,0,0.0
1410,0.11611951966282867,0.11611951966282867,0,0.0
1411,0.15178274983845952,0.15178274983845952,0,0.0
1412,0.14379107314636264,0.14379107314636264,0,0.0
1413,0.3011765430395066,0.3011765430395066,0,0.0
1414,0.14783119676431844,0.14783119676431844,0,0.0
1415,0.15081366161167717,0.15081366161167717,0,0.0
1416,0.0967860024261865,0.0967860024261865,0,0.0
1417,0.07412529750493946,0.07412529750493946,0,0.0
1418,0.19278988015996745,0.19278988015996745,0,0.0
1419,0.19019042025594846,0.19019042025594846,0,0.0
1420,0.16742396807772858,0.16742396807772858,0,0.0
1421,0.2031518241419734,0.2031518241419734,0,0.0
1422,0.09254139274374451,0.09254139274374451,0,0.0
1423,-0.05051821736729972,-0.05051821736729972,0,0.0
1424,-0.16340377184469204,-0.16340377184469204,0,0.0
1425,-0.3172550329398939,-0.3172550329398939,0,0.0
1426,-0.015502558988944481,-0.015502558988944481,0,0.0
1427,-0.05927187717534512,-0.05927187717534512,0,0.0
1428,-0.0664423523010644,-0.0664423523010644,0,0.0
1429,-0.06898083639467457,-0.06898083639467457,0,0.0
1430,-0.011155528874616707,-0.011155528874616707,0,0.0
1431,0.08644546543317123,0.08644546543317123,0,0.0
1432,0.15743482695743488,0.15743482695743488,0,0.0
1433,0.050351024622419825,0.050351024622419825,0,0.0
1434,-0.007918317072192267,-0.007918317072192267,0,0.0
1435,0.011853136466592185,0.011853136466592185,0,0.0
1436,-0.013802940030642507,-0.013802940030642507,0,0.0
1437,0.14732157828416684,0.14732157828416684,0,0.0
1438,0.16971534579728711,0.16971534579728711,0,0.0
1439,0.17979573958597808,0.17979573958597808,0,0.0
1440,0.1761816493760663,0.1761816493760663,0,0.0
1441,0.22233355733218996,0.22233355733218996,0,0.0
1442,0.1607326718609094,0.1607326718609094,0,0.0
1443,-0.04556376877329513,-0.04556376877329513,0,0.0
1444,-0.028628754215553817,-0.028628754215553817,0,0.0
1445,-0.07892593899696693,-0.07892593899696693,0,0.0
1446,-0.11027666852943847,-0.11027666852943847,0,0.0
1447,-0.013799745148648061,-0.013799745148648061,0,0.0
1448,0.1348438447303328,0.1348438447303328,0,0.0
1449,0.11276218248760203,0.11276218248760203,0,0.0
1450,0.09412427830391146,0.09412427830391146,0,0.0
1451,0.22296848060913255,0.22296848060913255,0,0.0
1452,0.18362524677538059,0.18362524677538059,0,0.0
1453,0.36247481271651744,0.36247481271651744,0,0.0
1454,0.30980576538129234,0.30980576538129234,0,0.0
1455,-0.0007266261538513841,-0.0007266261538513841,0,0.0
1456,0.012791708111113673,0.012791708111113673,0,0.0
1457,0.04849453020793899,0.04849453020793899,0,0.0
1458,0.16521255795240303,0.16521255795240303,0,0.0
1459,0.18978927544733049,0.18978927544733049,0,0.0
1460,0.1049433103690064,0.1049433103690064,0,0.0
1461,-0.07643303042319755,-0.07643303042319755,0,0.0
1462,-0.10303741214096185,-0.10303741214096185,0,0.0
1463,-0.15219536904906,-0.15219536904906,0,0.0
1464,-0.1592011577915279,-0.1592011577915279,0,0.0
1465,-0.03806401198134937,-0.03806401198134937,0,0.0
1466,0.1683794724083667,0.1683794724083667,0,0.0
1467,0.18178353330526137,0.18178353330526137,0,0.0
1468,-0.007837374040982684,-0.007837374040982684,0,0.0
1469,0.0018336609281756483,0.0018336609281756483,0,0.0
1470,0.12269755221530218,0.12269755221530218,0,0.0
1471,0.03681301915466839,0.03681301915466839,0,0.0
1472,-0.008490811786617493,-0.008490811786617493,0,0.0
1473,-0.012686433787307962,-0.012686433787307962,0,0.0
1474,-0.08694081598074688,-0.08694081598074688,0,0.0
1475,-0.0021873226427500114,-0.0021873226427500114,0,0.0
1476,0.003543490221171208,0.003543490221171208,0,0.0
1477,0.045225501096189745,0.045225501096189745,0,0.0
1478,-0.05327751494749246,-0.05327751494749246,0,0.0
1479,-0.09541294220957297,-0.09541294220957297,0,0.0
1480,0.006563285004617253,0.006563285004617253,0,0.0
1481,-0.012950098763568303,-0.012950098763568303,0,0.0
1482,0.16102364911156242,0.16102364911156242,0,0.0
1483,0.09144532048050336,0.09144532048050336,0,0.0
1484,0.0634199991372788,0.0634199991372788,0,0.0
1485,0.12570601840103135,0.12570601840103135,0,0.0
1486,-0.053955758399933856,-0.053955758399933856,0,0.0
1487,-0.24438669159823095,-0.24438669159823095,0,0.0
1488,-0.3372838330556075,-0.3372838330556075,0,0.0
1489,-0.09469131778212161,-0.09469131778212161,0,0.0
1490,-0.06348210220382047,-0.06348210220382047,0,0.0
1491,0.22397251036019317,0.22397251036019317,0,0.0
1492,0.1354496688631798,0.1354496688631798,0,0.0
1493,0.0820203633382089,0.0820203633382089,0,0.0
1494,0.19273735215471874,0.19273735215471874,0,0.0
1495,0.3383950978720456,0.3383950978720456,0,0.0
1496,0.43831896553033256,0.43831896553033256,0,0.0
1497,0.4038127759091712,0.4038127759091712,0,0.0
1498,0.3377926802024167,0.3377926802024167,0,0.0
1499,0.24872428390021745,0.24872428390021745,0,0.0
1500,0.2092569986963544,-0.05935986470804849,0,0.0
1501,0.06254217054418668,-0.18320313256698662,0,0.0005
1502,-0.07363755164615227,-0.17604412575998465,0,0.001
1503,-0.07175592116685436,0.08448950252773138,0,0.0015
1504,-0.059695688856745886,0.15824589970078679,0,0.002
1505,-0.07872817178475336,-0.02382284872659672,0,0.0025
1506,0.018595345089218035,-0.001852167420883899,0,0.003
1507,0.12615243128537618,-0.15148795655330125,0,0.0035
1508,0.10604356463964207,-0.012433340339356017,0,0.004
1509,0.20735737356016462,-0.02709120403855193,0,0.0045
1510,0.030508274506852784,-0.028553906183697266,0,0.005
1511,-0.03643080103452251,0.11511168910066763,0,0.0055
1512,-0.10692852778926906,-0.031140020086623324,0,0.006
1513,-0.2649103237318168,-0.18723157738504154,0,0.0065
1514,-0.19881062201186953,-0.20176405638727316,0,0.007
1515,-0.11824118370146063,-0.020526516861491553,0,0.0075
1516,0.09651415176541853,-0.1287772235579936,0,0.008
1517,0.16394072660810471,-0.3820003517017662,0,0.0085
1518,0.009431068500479561,-0.32485261936366194,0,0.009
1519,0.16016596611218153,-0.1295052268532767,0,0.0095
1520,0.2483499287421846,0.0800272647208822,0,0.01
1521,0.22485652011817298,0.04275876124192765,0,0.0105
1522,0.10756682046111828,-0.022595023981001956,0,0.011
1523,-0.05486177132708796,0.08906013342468502,0,0.0115
1524,-0.10262345876099933,-0.11155637289769893,0,0.012
1525,0.037748449227036726,-0.14507368575524854,0,0.0125
1526,0.23918208172729016,-0.07505320987302468,0,0.013
1527,0.3381203283636437,0.013117437668942633,0,0.0135
1528,0.17377490416682953,-0.02603817850391343,0,0.014
1529,-0.04056588566816624,-0.019839317025573955,0,0.0145
1530,-0.0531190646767785,-0.25963232164867805,0,0.015
1531,-0.21122601116407472,-0.2689117296570498,0,0.0155
1532,-0.12604022457742592,-0.11906858917874436,0,0.016
1533,-0.07334723605899267,-0.1415275242624343,0,0.0165
1534,-0.08007339411853318,-0.08404076884076588,0,0.017
1535,-0.20885957480970757,0.00481591671379035,0,0.0175
1536,-0.09971297036708779,-0.014367737166327575,0,0.018
1537,-0.09126854529791986,0.00468671188095493,0,0.0185
1538,-0.17006392573594714,-0.08980464259865951,0,0.019
1539,-0.4050236528573387,-0.09304625087774919,0,0.0195
1540,-0.2927576276437452,0.004019683353979196,0,0.02
1541,0.024023788123445994,0.03655208818232837,0,0.0205
1542,0.24389647748229282,-0.030326705176475694,0,0.021
1543,0.14460279870251788,-0.008626801568348053,0,0.0215
1544,0.006681737429377679,0.070329243014238,0,0.022
1545,0.02330225581050095,-0.1474189062438958,0,0.0225
1546,-0.08253308675630393,-0.01460665383898882,0,0.023
1547,-0.04050773058519673,-0.01749053656584162,0,0.0235
1548,0.06070846072157244,0.031386569568595674,0,0.024
1549,0.17936163708272806,0.14796400206875,0,0.0245
1550,0.12133220987387269,-0.025420969872502044,0,0.025
1551,0.040826065464855954,-0.11885748858177997,0,0.0255
1552,-0.07940384827854588,-0.11856908014621131,0,0.026
1553,-0.1543763271197939,-0.15040556411198958,0,0.0265
1554,-0.13026818123027864,0.07609452978756234,0,0.027
1555,-0.03660272887864632,0.0027929308493970517,0,0.0275
1556,0.08812991576646362,-0.06748955622241223,0,0.028
1557,-0.0024934166791343304,-0.033686838252439864,0,0.0285
1558,0.129648140399352,-0.13444972686843917,0,0.029
1559,0.07710483555105158,-0.14009411249558945,0,0.0295
1560,0.03361751092612725,-0.05461619972581927,0,0.03
1561,-0.06324812628409085,-0.050763454117018894,0,0.0305
1562,-0.2997460292397923,-0.039558026918670774,0,0.031
1563,-0.1387426584989107,-0.07497725078912536,0,0.0315
1564,0.022639468758073232,-0.20367030019129118,0,0.032
1565,0.01772735099441939,-0.1156759922353639,0,0.0325
1566,0.01635305876640806,0.12108947501028838,0,0.033
1567,0.06113089858465252,0.11909806918113604,0,0.0335
1568,-0.11062047857421387,0.09483562627234929,0,0.034
1569,-0.15362783031093108,0.12272123856543357,0,0.0345
1570,-0.021351700571719368,-0.04692260926698483,0,0.035
1571,-0.11178473671211422,0.11068058319661804,0,0.0355
1572,-0.055801656038684574,0.11652036088715023,0,0.036
1573,-0.15794255795086534,0.23543518398816957,0,0.0365
1574,-0.06855071690960272,0.09215418177560648,0,0.037
1575,-0.026816210167257465,0.2121657542150949,0,0.0375
1576,-0.16925600634243637,0.22895578614213477,0,0.038
1577,-0.013567627594780488,0.19835671787127085,0,0.0385
1578,-0.05046205848714203,0.13921411793428023,0,0.039
1579,-0.11868136497219564,0.04966484261200187,0,0.0395
1580,-0.06479576055723384,0.1343291799679223,0,0.04
1581,0.08676339949152359,0.11148400914189503,0,0.0405
1582,-0.019212310193174056,-0.1325460197244048,0,0.041
1583,-0.0265545430680468,-0.23663883862519625,0,0.0415
1584,0.02548047761725467,-0.18218214234431163,0,0.042
1585,0.0950058514337275,-0.07089807494471331,0,0.0425
1586,0.08855274115125358,-0.029248072992776077,0,0.043
1587,0.015138238725925138,0.11139066067907777,0,0.0435
1588,-0.08835897931438258,-0.10177173868186203,0,0.044
1589,-0.06510044289205363,-0.0859525187564111,0,0.0445
1590,-0.1416224596493271,-0.23172188125900617,0,0.045
1591,-0.3924129274905117,-0.09206252238975726,0,0.0455
1592,-0.24194986964677717,-0.041234141167176226,0,0.046
1593,-0.024683826110699872,0.025629212613915167,0,0.0465
1594,-0.20765033051338833,-0.05884801465040868,0,0.047
1595,-0.26215656965956446,0.0769099888614245,0,0.0475
1596,-0.10627976352445412,0.17531937218042698,0,0.048
1597,0.17315705008351948,0.18339239959298487,0,0.0485
1598,0.1618609635392472,0.10119639965436762,0,0.049
1599,0.022057066691780425,0.10580148586775848,0,0.0495
1600,-0.033016183464909116,-0.004815452902720022,0,0.05
1601,0.10666328180453512,0.06326302999882187,0,0.0505
1602,0.02733744422415639,0.21575352705698625,0,0.051
1603,-0.07938190164660727,0.26641803333752595,0,0.0515
1604,-0.11724736238032035,0.09986231843465392,0,0.052
1605,-0.17325437040080607,0.06869289883907442,0,0.0525
1606,-0.10288699224510123,-0.09241409228071187,0,0.053
1607,0.11480912613103628,-0.02760445664346796,0,0.0535
1608,0.14473262666545217,0.03926254206779213,0,0.054
1609,0.06758892589352572,-0.15123089212236257,0,0.0545
1610,-0.004056511509824265,-0.2422723467824746,0,0.055
1611,-0.1730820752562303,-0.19339302288299398,0,0.0555
1612,-0.049343380188303476,-0.14096354751760265,0,0.056
1613,-0.012642008800676926,-0.19891039178885953,0,0.0565
1614,-0.018292922361943412,-0.09378761363020738,0,0.057
1615,0.30720482065506677,-0.014740767859525106,0,0.0575
1616,0.2792977318330107,-0.015010852647536063,0,0.058
1617,0.0868181163258768,-0.08489521904587508,0,0.0585
1618,-0.029040812926455044,0.04051565136610251,0,0.059
1619,0.07424829731333608,0.21192450719301514,0,0.0595
1620,0.07653384148973634,0.11175270255120481,0,0.06
1621,-0.09745038410261483,-0.009140922471402128,0,0.0605
1622,-0.0013441821225187722,0.022977464735799813,0,0.061
1623,-0.04839967743139145,-0.0161564878740243,0,0.0615
1624,0.14887887210114514,-0.030547761456255124,0,0.062
1625,0.23678783973865927,0.05263536035440783,0,0.0625
1626,0.11492230780482326,-0.14434322820228956,0,0.063
1627,0.17268191446963807,0.009332909541975215,0,0.0635
1628,0.12194662106748615,0.038864581162361675,0,0.064
1629,0.14829828147228324,-0.012124598198989495,0,0.0645
1630,0.14272258269377686,-0.024975291549445208,0,0.065
1631,-0.00011725563852250931,-0.02138228236942557,0,0.0655
1632,-0.09299330428131958,-0.18577283642399925,0,0.066
1633,0.02862488946076497,0.006911827915665109,0,0.0665
1634,0.008021039214221808,0.040500584330119896,0,0.067
1635,-0.039672992844975226,0.0750048312293975,0,0.0675
1636,-0.12885486005375985,0.14741567933740257,0,0.068
1637,-0.052789382914666734,0.0013646521306970028,0,0.0685
1638,0.18979195760333306,0.024022784478336705,0,0.069
1639,0.055638151240172504,-0.008105306976056555,0,0.0695
1640,0.008974075138747201,0.07434254679954337,0,0.07
1641,0.13727368540450618,-0.15296158518108308,0,0.0705
1642,0.10005999417128399,-0.14233599260794688,0,0.071
1643,0.09783043788109935,-0.14699151460446713,0,0.0715
1644,-0.047987001344065285,-0.04890713602215055,0,0.072
1645,-0.015124978930707245,0.032657723907902454,0,0.0725
1646,-0.021217009376207616,-0.03711689638531441,0,0.073
1647,0.08462438785316166,-0.10569665857695684,0,0.0735
1648,0.19068151731424599,-0.08800949905955321,0,0.074
1649,0.3945767004826259,-0.1415583492597763,0,0.0745
1650,0.3354883742446091,-0.012623391026534314,0,0.075
1651,0.22205499095737874,-0.02386097749407269,0,0.0755
1652,0.1299847480747148,-0.3073799277232139,0,0.076
1653,0.024260170987227263,-0.2748237218369203,0,0.0765
1654,0.027259571521007966,-0.2698392159103459,0,0.077
1655,-0.012584517994542025,-0.3305011212815575,0,0.0775
1656,0.0013265689271262145,-0.3395436295939453,0,0.078
1657,0.13533791230140535,-0.20223516626122395,0,0.0785
1658,0.007350759527734924,0.028768017992599496,0,0.079
1659,0.09280088127481141,0.08628363568785641,0,0.0795
1660,0.20448205984828868,0.0023931486788895395,0,0.08
1661,0.13321861892456077,0.03368259796531672,0,0.0805
1662,-0.14650700673086858,-0.019890317950966817,0,0.081
1663,-0.20463152787905026,-0.09041203282046384,0,0.0815
1664,-0.004704366300955554,-0.1831205751872102,0,0.082
1665,0.0348760063051574,-0.30430494112410245,0,0.0825
1666,-0.07108854492517405,-0.24836025036539355,0,0.083
1667,-0.11432352932399248,-0.1305789781863104,0,0.0835
1668,0.0068208881762961415,-0.07269090315927512,0,0.084
1669,0.08299477322597335,-0.07792210524987375,0,0.0845
1670,0.04113843102855003,-0.14413879723274345,0,0.085
1671,-0.020370651003823407,-0.03976839413447536,0,0.0855
1672,-0.06370002191315093,-0.1402140997575851,0,0.086
1673,-0.13912690577960632,-0.025909088715335274,0,0.0865
1674,0.06297604870588931,-0.09855464810923181,0,0.087
1675,0.04597417319949873,-0.14831424076900626,0,0.0875
1676,0.14589998090097078,-0.24734505593419803,0,0.088
1677,0.25965675527312204,-0.2205383089461141,0,0.0885
1678,0.27837649785309954,-0.03651166321208478,0,0.089
1679,0.1276078159560504,0.057245609510108354,0,0.0895
1680,0.08678396222788136,0.1482675856375814,0,0.09
1681,0.0414860459520034,0.15928592173172923,0,0.0905
1682,-0.07453814175698638,-0.008744591224177325,0,0.091
1683,-0.03549179442382948,-0.0644844228198144,0,0.0915
1684,-0.13138978630364656,-0.1270742707391899,0,0.092
1685,0.020754468688005026,0.04366342782977359,0,0.0925
1686,-0.0035801975187059742,-0.06605436157798045,0,0.093
1687,0.013100913834718144,0.031070075923122158,0,0.0935
1688,0.03952555772612993,0.12367364764345097,0,0.094
1689,0.003109766043552585,0.2748175522486514,0,0.0945
1690,0.05325208143714356,0.15480361777762078,0,0.095
1691,-0.005510653721248114,0.15027738875070312,0,0.0955
1692,0.07207079048129722,0.3219716188882349,0,0.096
1693,-0.07583920489538745,0.16679448142975606,0,0.0965
1694,-0.06244756405792822,-0.072082952810736,0,0.097
1695,0.1591026896385634,-0.26948941337580645,0,0.0975
1696,0.039738532061878884,-0.1281538094379251,0,0.098
1697,-0.06780420933069473,-0.24768790924386852,0,0.0985
1698,-0.010800288911040061,-0.2111908637654508,0,0.099
1699,0.022878788931266693,-0.08380356575564085,0,0.0995
1700,0.055526098854577294,-0.015170598041590835,0,0.1
1701,0.08876383431217486,0.043262520977687756,0,0.1005
1702,0.12337799453500142,0.058233103845704154,0,0.101
1703,0.19191961296118848,0.16683400114391495,0,0.1015
1704,0.16984195715480174,0.026155416744906484,0,0.102
1705,0.07336387766974947,-0.07212792416335588,0,0.1025
1706,0.09198008082511236,-0.13736652800662058,0,0.103
1707,0.24889948261566155,-0.013337589332080901,0,0.1035
1708,0.1674601952892494,0.09997745537692877,0,0.104
1709,-0.01326467075879692,0.12498559623983097,0,0.1045
1710,0.06660429126380986,0.20096647149172414,0,0.105
1711,0.04389825076744745,0.020324568860950756,0,0.1055
1712,-0.19546921224020763,0.15300911407473872,0,0.106
1713,-0.08041285223061345,0.26848942882088034,0,0.1065
1714,-0.0787692579318415,0.2601922337925629,0,0.107
1715,-0.05598616412976659,0.34147296591956244,0,0.1075
1716,0.004162953339456481,0.062152169770295834,0,0.108
1717,0.03357756347542515,-0.053841464676820175,0,0.1085
1718,0.09697464182635276,-0.12447291458127474,0,0.109
1719,0.027315563709012863,-0.01688396971564743,0,0.1095
1720,0.05376810241954801,-0.10010122978470343,0,0.11
1721,0.011596701435444116,0.00032472290056771713,0,0.1105
1722,0.07240478875319599,0.15177081157562256,0,0.111
1723,0.11714123911677332,0.18750560889235468,0,0.1115
1724,-0.014311836661680066,0.15232446697395546,0,0.112
1725,0.07372049446480451,-0.007308992296100547,0,0.1125
1726,0.008242418392774821,-0.11222566823428765,0,0.113
1727,0.07265561564937346,0.038775891757571276,0,0.1135
1728,0.09320474018107788,0.12411979402202078,0,0.114
1729,0.24385103669449987,0.08701628144836462,0,0.1145
1730,0.1540932830821991,0.0081336254606523,0,0.115
1731,0.03957273951503957,-0.20863983972678682,0,0.1155
1732,-0.001102425593181427,-0.2703116441836245,0,0.116
1733,-0.039114466660980604,0.01076555195782325,0,0.1165
1734,0.048923101984056805,-0.08143593179781827,0,0.117
1735,-0.11466968592421722,-0.04580765313294037,0,0.1175
1736,-0.20688861105082057,0.07666180181059733,0,0.118
1737,-0.24935724381373234,-0.0595322828762012,0,0.1185
1738,-0.06307731364346418,-0.038508893644787975,0,0.119
1739,0.17047093510616765,0.07225420406673277,0,0.1195
1740,0.1385472889598798,0.06271043965677998,0,0.12
1741,0.05986147182766925,0.3253998106780465,0,0.1205
1742,0.02718493598147758,0.07683714090408814,0,0.121
1743,0.12596348468046725,0.12016349955077107,0,0.1215
1744,0.0025984871290208877,0.06523827392626337,0,0.122
1745,0.0007229910406017712,0.11111161135081526,0,0.1225
1746,0.09757845838492023,0.12125115767255926,0,0.123
1747,0.12802758549380036,0.00532922256328533,0,0.1235
1748,0.1018645383779306,0.010298192818179635,0,0.124
1749,0.15599072286029853,-0.17854211629455025,0,0.1245
1750,-0.16590355868727105,-0.07946139158363677,0,0.125
1751,-0.09613345956878579,-0.0072538802776805494,0,0.1255
1752,-0.1091336242303168,0.0691319210721216,0,0.126
1753,-0.251143497156142,0.16036029989126044,0,0.1265
1754,-0.12796781292635218,0.15154056509039682,0,0.127
1755,0.08522030360644242,0.11032801878215573,0,0.1275
1756,0.08002495400765519,-0.0232783327735218,0,0.128
1757,0.14226335720512956,-0.10422351798112067,0,0.1285
1758,0.25903352076143715,0.04113782848756167,0,0.129
1759,0.3102655905265286,0.18957456440976592,0,0.1295
1760,0.36040222120607474,0.1173660623761326,0,0.13
1761,0.3004814079667433,0.06988469784400048,0,0.1305
1762,0.17584804602233897,-0.052170393697278876,0,0.131
1763,-0.07961442596519433,0.06752943023760274,0,0.1315
1764,-0.12346739878961813,0.12577328235642274,0,0.132
1765,-0.16717569337027482,0.2823753162547885,0,0.1325
1766,0.10804719681148514,0.1137660286788971,0,0.133
1767,0.10228431488000943,0.01254796918461884,0,0.1335
1768,0.07253849322015908,0.017715800211811204,0,0.134
1769,0.09272246920417214,0.07667929600707016,0,0.1345
1770,0.06403052135655127,0.035358988530637014,0,0.135
1771,0.2021850272874819,-0.07010798370697573,0,0.1355
1772,0.08667698138523006,0.029293916597562197,0,0.136
1773,0.04836532517441194,0.10398567246288853,0,0.1365
1774,-0.052890194707321286,-0.015140229544124237,0,0.137
1775,-0.18398747192281,0.1102003332769595,0,0.1375
1776,-0.1977888476873123,0.20412197841306418,0,0.138
1777,-0.12513726347012905,0.15666436007722628,0,0.1385
1778,-0.10348226369036678,0.10229808690633292,0,0.139
1779,-0.1270004562456532,0.11398459711191167,0,0.1395
1780,-0.22153565862563263,-0.011472949353053291,0,0.14
1781,-0.16013899291424494,-0.02064232316448416,0,0.1405
1782,-0.23427610000936966,-0.22968435253804653,0,0.141
1783,-0.07938748505568649,-0.08693383003430737,0,0.1415
1784,-0.008410792749224938,-0.1935981840212495,0,0.142
1785,-0.13660628713473572,0.012173714487422965,0,0.1425
1786,-0.13852377886292994,0.0012561606056836067,0,0.143
1787,-0.15871340622245514,-0.02175910040096592,0,0.1435
1788,-0.06734851816346007,-0.07971479739520299,0,0.144
1789,0.11190891131603742,-0.08749224258742527,0,0.1445
1790,-0.08452041427905252,0.08456025214778715,0,0.145
1791,-0.07849550577170777,-0.17245997940352897,0,0.1455
1792,-0.06190560131821976,-0.015974765538190328,0,0.146
1793,0.033308627744812316,0.043349898699284836,0,0.1465
1794,0.060347685283262724,-0.08527592500747158,0,0.147
1795,-0.0335805104962342,-0.17870926423396538,0,0.1475
1796,-0.07083933902030173,0.04070645210591481,0,0.148
1797,-0.12955795479734344,-0.040721817959665806,0,0.1485
1798,0.018122217826045423,-0.15180765499142287,0,0.149
1799,0.04254053008749925,0.0019247868270263063,0,0.1495
1800,0.22052704908009108,0.054313330359329545,0,0.15
1801,0.16184745186511093,-0.05221684176666361,0,0.1505
1802,0.01453187498502427,-0.025296036881252273,0,0.151
1803,-0.17211542964628548,-0.11555768536201966,0,0.1515
1804,-0.3209126863396278,0.02428565376092548,0,0.152
1805,-0.3807206574429941,0.13912517061989543,0,0.1525
1806,-0.21368132358532144,0.15724424791766756,0,0.153
1807,-0.04392842505666495,0.1399869287688612,0,0.1535
1808,-0.15052554553148104,0.2644557156018723,0,0.154
1809,-0.0221309200062403,0.18617812810184484,0,0.1545
1810,-0.03590573206703998,-0.0074122571929907954,0,0.155
1811,-0.009619100453828988,0.01648783056708953,0,0.1555
1812,0.16070792887588725,0.2221848444712347,0,0.156
1813,0.2201740947780288,0.06731014725490975,0,0.1565
1814,0.11714462525666237,-0.011407156092529964,0,0.157
1815,-0.03943834129180461,0.02471684899837818,0,0.1575
1816,-0.27016113821770665,0.014982207756976,0,0.158
1817,-0.2801565742400464,-0.08970408733460096,0,0.1585
1818,-0.19120605563126528,0.04146974969789102,0,0.159
1819,-0.19565148237212138,0.2746439034466618,0,0.1595
1820,-0.13140567148067453,0.22556329378568007,0,0.16
1821,-0.05830905241423852,0.04991461688668597,0,0.1605
1822,-0.04285170581606377,-0.1435264232671388,0,0.161
1823,-0.0876198122523493,-0.09033995508380169,0,0.1615
1824,-0.04466004144199391,0.058122429178089116,0,0.162
1825,0.025989994253815638,0.10285360870992302,0,0.1625
1826,-0.07931590405283331,0.07180196737450598,0,0.163
1827,0.07244251588159722,-0.015995954842420584,0,0.1635
1828,0.06395838028741826,-0.12996109197710576,0,0.164
1829,0.038563163348099935,-0.014334497340454597,0,0.1645
1830,0.08888029694665202,0.09565303098573982,0,0.165
1831,0.08671321801405181,-0.07953594939294113,0,0.1655
1832,0.14690817841323556,0.08680432719822959,0,0.166
1833,0.1288963156479605,0.13324582184390865,0,0.1665
1834,0.0124916793716775,0.23199300742152598,0,0.167
1835,0.02036443288836006,0.028120038550733778,0,0.1675
1836,-0.10057941029571363,-0.14194240685715856,0,0.168
1837,-0.07368044423659062,-0.12692229181361772,0,0.1685
1838,-0.042151472394575853,-0.030575069306072677,0,0.169
1839,-0.039796774795596526,0.17084031582883352,0,0.1695
1840,-0.036260876501455125,0.20498770627659801,0,0.17
1841,-0.2092342507918087,0.11312803031468445,0,0.1705
1842,-0.2150077161072521,-0.039474567520274326,0,0.171
1843,-0.12087483261332849,0.07984950345818825,0,0.1715
1844,-0.037712683669472336,-0.03083766203017127,0,0.172
1845,-0.10876269450550799,0.13015774417476716,0,0.1725
1846,0.04710316521595814,0.0746843470711403,0,0.173
1847,-0.027182413747581985,0.20147377354753632,0,0.1735
1848,0.06577915601141647,0.21362152930546377,0,0.174
1849,0.10077924374581806,0.1270261151598798,0,0.1745
1850,0.0028448328099908576,0.021202918867830704,0,0.175
1851,0.15965110675978028,-0.03213135651930078,0,0.1755
1852,0.0077882356701780425,0.01588288085836547,0,0.176
1853,0.06621578454518653,0.023451967705195614,0,0.1765
1854,0.15147321230641145,-0.0432207075151857,0,0.177
1855,0.040873392028427366,-0.0522144033343257,0,0.1775
1856,0.1416506011678925,-0.02725748840265798,0,0.178
1857,0.08014115106873325,-0.22792356265835614,0,0.1785
1858,0.06465216354939379,-0.12535042263615218,0,0.179
1859,0.061725684502890454,-0.16862380762488083,0,0.1795
1860,0.023019240745378824,-0.23037328285600675,0,0.18
1861,0.08715108301170318,-0.3262101225979439,0,0.1805
1862,0.1444658903155081,-0.40332266695436586,0,0.181
1863,-0.07671070167375224,-0.4079238151704528,0,0.1815
1864,0.04017228488571184,-0.33843055032918096,0,0.182
1865,-0.11876923056024753,-0.018704096523886105,0,0.1825
1866,0.0002047790088253454,-0.03014696016513891,0,0.183
1867,0.13658818300186812,-0.003211445618536722,0,0.1835
1868,0.00013294757820959957,0.04085303505240065,0,0.184
1869,-0.06829270733326442,0.044627502935469146,0,0.1845
1870,-0.16523122223084705,0.021914737399030527,0,0.185
1871,-0.14001853934689829,-0.10759692288803314,0,0.1855
1872,-0.10977201544992335,0.06067294514723323,0,0.186
1873,0.018152148736374968,0.23848089114588086,0,0.1865
1874,0.16750699669104546,0.007137989517399801,0,0.187
1875,0.269943548684557,-0.12229873676587046,0,0.1875
1876,0.1262366369516063,-0.12197821803684464,0,0.188
1877,0.026078412449920863,-0.17650468368751498,0,0.1885
1878,-0.17272841665247962,-0.07106661255815028,0,0.189
1879,-0.22398542246158673,-0.10840996771311669,0,0.1895
1880,-0.04815749132902769,0.1413592057018711,0,0.19
1881,0.16782937378391835,0.23811238237656418,0,0.1905
1882,0.020460110104948012,0.18787937896184256,0,0.191
1883,-0.0764442125881147,0.22098313342445192,0,0.1915
1884,-0.06788796778737406,0.25935134143976185,0,0.192
1885,-0.011005415830315633,0.11817429760776746,0,0.1925
1886,-0.07618709109894231,-0.01848667809465769,0,0.193
1887,-0.01634248526668175,-0.01846109796450015,0,0.1935
1888,-0.045220504700648555,0.07401515252296664,0,0.194
1889,-0.034353133795010406,0.07213585026642408,0,0.1945
1890,0.036190018704491345,-0.11039081929995509,0,0.195
1891,0.03646486870368894,-0.17165470949016193,0,0.1955
1892,-0.02170469783060398,-0.1267323257709576,0,0.196
1893,-0.035617712397804056,-0.08650597395592652,0,0.1965
1894,-0.03298952627265598,0.1443211049538553,0,0.197
1895,-0.05626918152677674,-0.020083864059455295,0,0.1975
1896,-0.06429704623360044,0.020710722352438267,0,0.198
1897,0.11968091636894669,0.16668112234137789,0,0.1985
1898,0.1646960871360013,0.35177453614977505,0,0.199
1899,0.07827265463209566,0.21023430009432476,0,0.1995
1900,0.09937434672954984,0.17374355972872932,0,0.2
1901,0.03046299748161975,0.16803289532331722,0,0.2005
1902,0.12180799239804997,0.12993208282897695,0,0.201
1903,0.12831801364192544,0.07214761834040395,0,0.2015
1904,0.06756259803350746,0.08553759364130673,0,0.202
1905,0.07315816827944865,-0.19538338346251097,0,0.2025
1906,-0.11207360018999252,-0.08859264536883639,0,0.203
1907,-0.2169672606988643,-0.03545418783716904,0,0.2035
1908,-0.2705515891609985,-0.04048222983765931,0,0.204
1909,-0.15875350971265526,0.17742180576327188,0,0.2045
1910,0.10035901001058467,0.07111676610443993,0,0.205
1911,0.335167924570262,-0.0035913557203218066,0,0.2055
1912,0.31186764779816845,0.18953188318776254,0,0.206
1913,0.23254498081892805,0.06093917295551092,0,0.2065
1914,-0.05644331831976512,-0.027072898417222394,0,0.207
1915,-0.14593103079299988,-0.04110273118951611,0,0.2075
1916,-0.18423453616127078,0.055500135126879256,0,0.208
1917,-0.18028618259552825,0.06680158971344005,0,0.2085
1918,-0.12419642070264741,-0.083913832299113,0,0.209
1919,-0.11050895781272502,-0.12319478399888169,0,0.2095
1920,-0.26149786314722934,-0.14614527552395773,0,0.21
1921,-0.11230547334348512,-0.10681290305801808,0,0.2105
1922,-0.1448191086193229,-0.024547723537369177,0,0.211
1923,-0.06946950581564634,0.03328788157775079,0,0.2115
1924,0.18079648404634488,-0.15007479030902351,0,0.212
1925,0.06659262924156284,-0.010408293800913834,0,0.2125
1926,-0.23591394569065172,0.03140563576874392,0,0.213
1927,-0.23065010458884502,0.1632072661239956,0,0.2135
1928,-0.027241331033088567,0.16507965051166346,0,0.214
1929,0.22017170151335755,0.21997662524295605,0,0.2145
1930,0.05863066797206205,0.19790696878160158,0,0.215
1931,0.05254011639863031,0.26412551661240635,0,0.2155
1932,-0.016225086153513504,0.2339078134461397,0,0.216
1933,-0.03408292763295043,0.14297300164121524,0,0.2165
1934,0.24041300982604583,0.3140142801561099,0,0.217
1935,0.04884996054791141,0.31340922876632543,0,0.2175
1936,0.01637133262257731,0.26586188324508386,0,0.218
1937,0.05009639116502289,0.04499901313387927,0,0.2185
1938,0.14538147890143757,-0.11886300844819436,0,0.219
1939,0.11608422023523503,-0.06466193340882702,0,0.2195
1940,0.09459613435831074,-0.02363463111991166,0,0.22
1941,0.013295206697422478,-0.07347426564093062,0,0.2205
1942,0.018629632610786567,-0.039318280524977274,0,0.221
1943,-0.022074562800596293,0.13570744642008734,0,0.2215
1944,0.04077161222297074,0.17558012093677083,0,0.222
1945,7.116873413245267e-05,0.0065058945226737774,0,0.2225
1946,0.029612651932930466,-0.02177517069477082,0,0.223
1947,0.020749606431020046,-0.09751757970264244,0,0.2235
1948,0.12328217983544676,-0.11049905281115185,0,0.224
1949,0.08933645022330479,-0.11624223372175818,0,0.2245
1950,-0.13049052260913369,-0.12585877759935216,0,0.225
1951,0.00393244193943125,-0.21038219351486703,0,0.2255
1952,-0.06132917201289015,-0.16061223416569703,0,0.226
1953,-0.11522645986308036,-0.15902416152216783,0,0.2265
1954,-0.13948146289223548,-0.3990515430295219,0,0.227
1955,0.04890393097590942,-0.08207135283432093,0,0.2275
1956,-0.1465479840386949,0.08128076954399438,0,0.228
1957,0.1867556799398616,0.03071763048007836,0,0.2285
1958,0.2843198216662335,0.018099636086123423,0,0.229
1959,0.21242861275793043,-0.10613517715763719,0,0.2295
1960,0.10758952581146901,0.0880078951369076,0,0.23
1961,0.07214130558335483,0.26507297788513556,0,0.2305
1962,0.08830738214232389,0.20804471641539898,0,0.231
1963,0.12073920319219386,0.23682396879399803,0,0.2315
1964,0.13449033272563515,0.17852346459765578,0,0.232
1965,0.09240249366759423,-0.018989120699756765,0,0.2325
1966,0.027290086358215747,-0.07039544972546674,0,0.233
1967,-0.011775758012297419,-0.03825525130274363,0,0.2335
1968,-0.03436945171674919,-0.06842580482835718,0,0.234
1969,0.08823659991576659,-0.07023117931443736,0,0.2345
1970,0.1368188425040493,-0.05637890487634331,0,0.235
1971,-0.20223110944634193,-0.04475901276933254,0,0.2355
1972,-0.12355857840490729,-0.023845665563145064,0,0.236
1973,-0.03892702136277997,-0.12035008981514646,0,0.2365
1974,-0.008300777053832259,-0.16033367076427654,0,0.237
1975,-0.0377070626793984,-0.23933106902263435,0,0.2375
1976,0.08390577726584908,-0.06930411403210363,0,0.238
1977,0.16941868056084475,-0.24337619534680627,0,0.2385
1978,0.041466022213145076,-0.06212955862859078,0,0.239
1979,0.039994310370800625,0.11143823835830244,0,0.2395
1980,-0.07346342960011712,0.058553861237468564,0,0.24
1981,-0.2047314222331469,-0.22517426002735186,0,0.2405
1982,-0.2117641743254906,-0.21007209685367093,0,0.241
1983,-0.042225707775487245,-0.14648455122661871,0,0.2415
1984,0.10388477318231701,-0.19456191504337797,0,0.242
1985,0.14286150211068036,-0.1861994601268266,0,0.2425
1986,0.16602182573688062,0.0283823558779428,0,0.243
1987,0.15586298887886427,0.1023864879561967,0,0.2435
1988,0.027337866433420066,-0.01775750544359457,0,0.244
1989,0.03388994983835726,-0.1810581287368214,0,0.2445
1990,0.10168533910677002,-0.16730017977045142,0,0.245
1991,0.14999941429910202,-0.13298464247975633,0,0.2455
1992,0.2185538007653919,-0.03734283699514465,0,0.246
1993,0.2156735424725995,-0.07135836767869969,0,0.2465
1994,0.1639728945791595,0.0004450937866827265,0,0.247
1995,0.19505863100045046,0.19929052242842918,0,0.2475
1996,0.12060019995962247,0.23106388314693163,0,0.248
1997,-0.030719031355163892,0.15346212371811205,0,0.2485
1998,-0.065001961470432,0.07936691493040485,0,0.249
1999,-0.12034802738595773,0.012317784661521614,0,0.2495
2000,-0.15079585711211796,0.12134991112157531,0,0.25
2001,-0.11101894728405462,0.0273481993514903,0,0.2505
2002,-0.13789797850481622,0.01598738239518832,0,0.251
2003,-0.11891074631094609,0.015074926967933064,0,0.2515
2004,-0.2569104680431722,-0.040061320323234506,0,0.252
2005,-0.16041685443505468,-0.16838429023455942,0,0.2525
2006,-0.07683084240318688,-0.09094522969625429,0,0.253
2007,-0.11109016614235764,-0.061911508537260226,0,0.2535
2008,-0.00758139759000824,0.01027894651536819,0,0.254
2009,0.10990992891912078,-0.0411560095631687,0,0.2545
2010,-0.07131176378359914,0.09051105509612725,0,0.255
2011,-0.15530387466732493,-0.016920127268755844,0,0.2555
2012,-0.18689498195586995,0.15201744113602372,0,0.256
2013,-0.21244552074211748,-0.05973417367275197,0,0.2565
2014,-0.04962993600934515,-0.012109242996958702,0,0.257
2015,-0.01659745853633298,0.04273535974362234,0,0.2575
2016,-0.02980346375825843,-0.04671280730917722,0,0.258
2017,-0.2209095157400155,0.004460673374782662,0,0.2585
2018,-0.1072251168194381,0.13458259571032527,0,0.259
2019,-0.16552402979289466,-0.1213140063890906,0,0.2595
2020,-0.10498093744379529,-0.049889177729681065,0,0.26
2021,-0.02314225020063814,-0.27817754611139717,0,0.2605
2022,0.13854824691211365,-0.3011203514822108,0,0.261
2023,-0.015414992342092662,-0.042967255244940245,0,0.2615
2024,-0.3419928588381794,-0.06952321910805018,0,0.262
2025,-0.25212633412675556,-0.16640260392607514,0,0.2625
2026,0.0467486226173168,-0.13940073856391533,0,0.263
2027,0.2117188002131483,0.11397343960549591,0,0.2635
2028,0.18099125717451786,-0.08852802042502983,0,0.264
2029,0.05328562713377989,-0.1789919757567466,0,0.2645
2030,0.08714250993585138,0.022011803806362418,0,0.265
2031,-0.038297737448521746,0.21424806098638657,0,0.2655
2032,-0.00043091501036574,0.14818253866057884,0,0.266
2033,0.05786183139807445,-0.027558426705651312,0,0.2665
2034,0.1523966388704207,0.17915508998154817,0,0.267
2035,0.38631094870782945,0.2950092596153948,0,0.2675
2036,0.31781102791005617,0.2762653742143718,0,0.268
2037,0.1260902700157292,0.10553975506273149,0,0.2685
2038,0.03475257921137268,0.05575544913296521,0,0.269
2039,-0.17432358112295954,0.01867666347577904,0,0.2695
2040,-0.215880693849548,0.043393817220846204,0,0.27
2041,-0.1787680826663569,0.1762582781181061,0,0.2705
2042,-0.15224716715663517,0.21659622672347928,0,0.271
2043,-0.07080862998866455,0.04245360420013437,0,0.2715
2044,-0.10843946379782468,0.1554408937832713,0,0.272
2045,0.0395132216919203,0.14448798304898572,0,0.2725
2046,0.053319176604920894,0.16653742539536787,0,0.273
2047,0.033822664831691225,0.2616355641471796,0,0.2735
2048,-0.016395175106922982,0.07332093965121494,0,0.274
2049,-0.004361604665978718,0.03463124261323845,0,0.2745
2050,0.08229957775536509,-0.031927738117259796,0,0.275
2051,-0.020001038433602222,-0.1827247095127665,0,0.2755
2052,-0.09827239520548046,-0.0994428461213464,0,0.276
2053,-0.10499031135533039,0.188383818464289,0,0.2765
2054,-0.19892486239048973,-0.03762144818560287,0,0.277
2055,-0.22006761361347552,-0.042775738160066065,0,0.2775
2056,-0.18389120576714837,0.03450694236044595,0,0.278
2057,-0.015660523819750846,0.040589963457722054,0,0.2785
2058,0.0505059549978215,0.016806575540855732,0,0.279
2059,0.0628958598989618,-0.11986140878295942,0,0.2795
2060,0.12530529313640237,-0.06690660837295678,0,0.28
2061,0.07392788368938988,-0.11828650449545336,0,0.2805
2062,0.07312773331712039,-0.3029927293433826,0,0.281
2063,0.03339443462256871,-0.09886799536994495,0,0.2815
2064,0.03862623597459374,0.04019691165837277,0,0.282
2065,-0.03405376390599696,0.040860996231092406,0,0.2825
2066,-0.27884997414735924,0.05093201408674955,0,0.283
2067,-0.2296971427553184,0.14290941431177595,0,0.2835
2068,0.014287094235211129,0.12569018557728867,0,0.284
2069,0.14999064416339183,0.17554911370210957,0,0.2845
2070,0.21367484494278832,0.0934575857225883,0,0.285
2071,0.26455481930217406,0.19057782753125974,0,0.2855
2072,0.17777464554932532,0.16831270049730057,0,0.286
2073,0.10904032331958502,0.13359574530753354,0,0.2865
2074,-0.010087859997632058,-0.037307575983926256,0,0.287
2075,-0.06148563826472763,-0.006520050411443136,0,0.2875
2076,0.014406176364858456,-0.08594675291980064,0,0.288
2077,0.1442105124617139,-0.12726305453477949,0,0.2885
2078,0.09854254712829948,-0.17122215712027652,0,0.289
2079,0.004973008725155631,-0.22665617222583315,0,0.2895
2080,-0.015677306559875658,0.053715479151743184,0,0.29
2081,0.04658422789997983,0.18539484561088296,0,0.2905
2082,-0.10398263798139518,0.32663515307480906,0,0.291
2083,-0.32212105127883595,0.1099181207056391,0,0.2915
2084,-0.2919539983759481,0.07100235504035152,0,0.292
2085,-0.29121023103640714,-0.08261061524591704,0,0.2925
2086,-0.22539140491866722,-0.1346156238576881,0,0.293
2087,-0.1368491096093995,-0.1872042450455166,0,0.2935
2088,-0.1097258476060875,-0.007662757719123267,0,0.294
2089,0.08483589728408444,-0.03542681362966724,0,0.2945
2090,0.12248836380871705,0.08098895925007218,0,0.295
2091,0.1110709475512396,0.1222678598793804,0,0.2955
2092,0.12657979968358846,0.31672847992812014,0,0.296
2093,-0.03483366154145408,0.08032900102002827,0,0.2965
2094,0.050728289572145924,0.16910346541781462,0,0.297
2095,0.03997293531246157,0.23574834187968807,0,0.2975
2096,0.08888075205966132,0.06858591178870901,0,0.298
2097,-0.04407570871877879,0.13952325579410307,0,0.2985
2098,-0.20841259398856177,0.1334260216960882,0,0.299
2099,-0.0761259676445908,0.06898992905828041,0,0.2995
2100,0.018422697291791378,-0.038012302278876864,0,0.3
2101,-0.06024180407339978,-0.10346849657170903,0,0.3005
2102,-0.13884429084454755,0.13031682477764667,0,0.301
2103,0.01351640658051885,0.10155946063993017,0,0.3015
2104,-0.0803592058534082,0.14694085282833358,0,0.302
2105,0.09727664932676604,0.02462179879360077,0,0.3025
2106,0.0038310871673075952,-0.06690656795634967,0,0.303
2107,0.04744873242933116,0.057546453443073686,0,0.3035
2108,0.004330920935104954,-0.08920776750812837,0,0.304
2109,0.05429373337045204,-0.1102026809076916,0,0.3045
2110,-0.011842597702078614,-0.0737996711269248,0,0.305
2111,-0.03661211544298272,-0.03818624013879106,0,0.3055
2112,-0.022829255274398344,-0.04265273817318899,0,0.306
2113,-0.1111597267090694,0.009859607147546082,0,0.3065
2114,-0.010279495770363273,0.07855123374601197,0,0.307
2115,-0.03731300792163526,0.13101783383678883,0,0.3075
2116,-0.050654498717237414,-0.005450169114014358,0,0.308
2117,-0.1324959348503141,-0.03843343554778961,0,0.3085
2118,-0.35209921401633487,0.09135270676100314,0,0.309
2119,-0.274282960503022,0.15863126457622112,0,0.3095
2120,0.09225501656214097,-0.02432694369510037,0,0.31
2121,0.20712103414011956,0.010098389192819714,0,0.3105
2122,0.14531978602622803,-0.18928938439658669,0,0.311
2123,0.04854253907213174,-0.1353921423851073,0,0.3115
2124,0.012016663333664428,0.09824019036479237,0,0.312
2125,0.05461673437002619,-0.01641372510351581,0,0.3125
2126,-0.07679122670159641,-0.09980923372135925,0,0.313
2127,0.039075841231604846,0.0035235237452548307,0,0.3135
2128,0.11815704986972757,-0.1473908127659443,0,0.314
2129,0.15852904422025454,-0.1720679017183911,0,0.3145
2130,0.14703939928323084,-0.06090582026572636,0,0.315
2131,0.08788737635193275,-0.10104021487515204,0,0.3155
2132,0.10818814482158204,-0.09548538458994868,0,0.316
2133,0.12815445396101688,0.008292917175125855,0,0.3165
2134,0.04548186311039471,0.05222581460533671,0,0.317
2135,-0.0466055775935777,0.06480406925289672,0,0.3175
2136,-0.036195205170742435,0.011668230272010464,0,0.318
2137,0.13526696653164033,0.0429566636541213,0,0.3185
2138,-0.008458093305929323,0.01877886444617202,0,0.319
2139,-0.18057239452631554,0.05787467739932732,0,0.3195
2140,-0.12629021283621492,-0.007848594523739795,0,0.32
2141,-0.05982892117810701,-0.026333196574597487,0,0.3205
2142,-0.005270927938201806,-0.1180617258111025,0,0.321
2143,0.032144361675909984,-0.08932519471429874,0,0.3215
2144,0.004449449464887838,-0.14220329228808964,0,0.322
2145,0.1461170310969365,-0.2125338151989102,0,0.3225
2146,-0.044086662863079926,-0.12495642615864831,0,0.323
2147,-0.14734243898787586,-0.06247706413732977,0,0.3235
2148,-0.11938209463258946,0.03710258013512105,0,0.324
2149,-0.23035606902391315,-0.013479941128998228,0,0.3245
2150,-0.17799387673581973,0.029506181198794834,0,0.325
2151,0.06982312898892867,0.07726597759741584,0,0.3255
2152,0.09354592736790307,0.10016069241738523,0,0.326
2153,0.08394220666840507,-0.01181683223786631,0,0.3265
2154,-0.07757189665611458,0.0025998379919477347,0,0.327
2155,-0.14048209946252044,0.0387519707791744,0,0.3275
2156,-0.13439093827118714,0.029083699863309755,0,0.328
2157,-0.11118784040006903,-0.1886769879828356,0,0.3285
2158,0.06609229483455907,-0.12351015352479741,0,0.329
2159,0.13088051002017353,0.1372351640635654,0,0.3295
2160,-0.019659846644476175,0.06904953892032664,0,0.33
2161,-0.01725350147641516,-0.026901175123113297,0,0.3305
2162,0.03995134299744163,0.015212564573048017,0,0.331
2163,0.14942667854536298,0.043320644921869135,0,0.3315
2164,0.2696051428936394,0.150536314460841,0,0.332
2165,0.08428935942305206,-0.01683050069997498,0,0.3325
2166,-0.06757529216132006,0.05575156950969941,0,0.333
2167,-0.1966758915051281,0.1004844461948831,0,0.3335
2168,-0.1672276406825366,0.05762074046221359,0,0.334
2169,-0.04781109680037021,0.07281963101213537,0,0.3345
2170,0.09393010235512134,0.15444986362670904,0,0.335
2171,0.07711119887991884,0.19807940995471873,0,0.3355
2172,0.010918186307426407,0.025908264771390327,0,0.336
2173,0.008488108494831396,0.09470978300748382,0,0.3365
2174,-0.07890744062862248,0.062099416187732015,0,0.337
2175,0.1441302979676131,0.049815551440081374,0,0.3375
2176,-0.029680376211990905,0.04187952707306535,0,0.338
2177,-0.0340963026735429,0.014112250588997254,0,0.3385
2178,0.1810196550265278,0.1282264140162418,0,0.339
2179,0.15231496901193062,0.08507586613605225,0,0.3395
2180,0.06664414070408949,-0.05352587124721387,0,0.34
2181,-0.012892223520157252,-0.08105957778035627,0,0.3405
2182,-0.04168177513318448,-0.03987091413682435,0,0.341
2183,0.10651787206513688,0.0961189232058661,0,0.3415
2184,-0.12763553845420428,0.1317863292222629,0,0.342
2185,0.02993136495324175,0.008584752909212276,0,0.3425
2186,-0.09292351559158026,0.2510419695628525,0,0.343
2187,-0.10699031838735404,0.20982200416942678,0,0.3435
2188,-0.10993199362143337,0.2739317481008265,0,0.344
2189,-0.007692204242603917,0.1792774970630897,0,0.3445
2190,-0.14397979985817122,0.17685465175089077,0,0.345
2191,-0.0674281324298219,0.20832460362159735,0,0.3455
2192,0.177284416356462,0.2692880159048149,0,0.346
2193,0.018995759111852917,0.29693290061259303,0,0.3465
2194,-0.0012896592207704977,0.29702274477338064,0,0.347
2195,-0.07102909697864788,0.17767195329646318,0,0.3475
2196,-0.013976625119460635,0.06487439912802268,0,0.348
2197,0.004939297041736274,0.07606347191823079,0,0.3485
2198,-0.05740192824714982,0.14720005725103447,0,0.349
2199,0.00187782648104029,0.08327808905538425,0,0.3495
2200,0.1934174578129365,0.1636302001505933,0,0.35
2201,0.13526802178141129,0.26263422493441524,0,0.3505
2202,0.14150672007735993,0.09602942554610475,0,0.351
2203,-0.043175524081510694,-0.019988278513294946,0,0.3515
2204,-0.15848540096248143,-0.030925660106940155,0,0.352
2205,-0.07091258816564526,0.008675719385597552,0,0.3525
2206,0.12337861251357657,-0.04540187864433715,0,0.353
2207,0.1484467425225563,0.10190696731568423,0,0.3535
2208,0.06277586846301429,0.11776148992726182,0,0.354
2209,0.020460486808235586,0.08748622362360872,0,0.3545
2210,-0.12122755764298615,-0.08246312888860541,0,0.355
2211,-0.04062261084049937,-0.1936355247652805,0,0.3555
2212,0.07998072908853865,-0.1112064565852065,0,0.356
2213,0.026900072155622762,-0.29008413486547874,0,0.3565
2214,-0.04148030286915967,-0.1077006208819987,0,0.357
2215,-0.011976433761247442,-0.08811099888387666,0,0.3575
2216,-0.044957060039225574,0.2623909584109796,0,0.358
2217,-0.04018362274171322,0.4237192632991679,0,0.3585
2218,0.18681669273112608,0.28502844596227733,0,0.359
2219,0.13278750865864386,0.1883151961701945,0,0.3595
2220,0.033032653178567635,0.23095104529285898,0,0.36
2221,-0.06488555975239059,0.3347073017361145,0,0.3605
2222,0.01590421871236767,0.07529352307673173,0,0.361
2223,0.007578069598561957,-0.1302895653509512,0,0.3615
2224,-0.062055691895766575,-0.15843274524324816,0,0.362
2225,0.08097023579097556,-0.05454313449674627,0,0.3625
2226,0.2191476274632975,0.012943688804826568,0,0.363
2227,0.09908169823857238,0.117386502570701,0,0.3635
2228,-0.1512181620378632,-0.03483927456560393,0,0.364
2229,-0.04003950029431283,-0.2590296332541682,0,0.3645
2230,-0.07025095040387802,-0.10190343654066768,0,0.365
2231,0.030869699652037008,-0.1524249741443004,0,0.3655
2232,-0.15826443196877837,-0.31089889922575,0,0.366
2233,-0.0435257516754992,-0.20887073715449733,0,0.3665
2234,-0.12428490787472181,-0.06731807695736514,0,0.367
2235,-0.017646364058025152,-0.05771814664289292,0,0.3675
2236,0.012167197112167651,-0.0866342111083285,0,0.368
2237,-0.08213091143832535,-0.07794958993294407,0,0.3685
2238,-0.10884179986577186,-0.09232243817720318,0,0.369
2239,-0.0020154119092823386,-0.20065130230800654,0,0.3695
2240,0.03074547575725193,-0.21575607660199786,0,0.37
2241,0.08344076103490644,-0.10152973879496568,0,0.3705
2242,0.2582475721280233,-0.038393967169007115,0,0.371
2243,0.03348574432433224,-0.009609722600038176,0,0.3715
2244,0.13686033853072352,-0.10595014736355955,0,0.372
2245,0.11322671571203367,-0.09488501444007866,0,0.3725
2246,-0.026669099968830573,-0.2851057671297105,0,0.373
2247,-0.1770119856913702,-0.18768232006930902,0,0.3735
2248,-0.15518780763703338,0.01048492723978009,0,0.374
2249,0.003417162221093256,-0.13741764288176234,0,0.3745
2250,0.02101637926652786,-0.15835162001155048,0,0.375
2251,0.1672451639937384,-0.0801950453500584,0,0.3755
2252,-0.015524713663470746,0.06905911401316464,0,0.376
2253,-0.04707769851412974,0.006166970078188651,0,0.3765
2254,-0.15979656051992155,-0.06555062621908554,0,0.377
2255,-0.08205852045061451,-0.24445312135071542,0,0.3775
2256,0.05500123475322273,-0.1660169712872377,0,0.378
2257,0.01833651252459577,0.08658938276554837,0,0.3785
2258,-0.25675242259368136,0.09218705539379371,0,0.379
2259,-0.1891744259002148,0.06363720771892784,0,0.3795
2260,-0.05631520102808463,0.07735969891126436,0,0.38
2261,0.033212199853745024,0.05427102287174452,0,0.3805
2262,0.16141101927082835,-0.042754988011101315,0,0.381
2263,0.01538100748100879,0.05088419978257288,0,0.3815
2264,0.048044212675686315,0.059780754165945096,0,0.382
2265,0.1546099198921448,0.044567464084329496,0,0.3825
2266,-0.0637796650220731,-0.06580463561963157,0,0.383
2267,-0.049980533404189724,0.0823866186711007,0,0.3835
2268,-0.07764647681970431,0.12657871424120806,0,0.384
2269,-0.060273342085090095,0.03559848823638632,0,0.3845
2270,0.002078270049702416,0.12497085200629197,0,0.385
2271,-0.03500557195457528,0.040326256037113956,0,0.3855
2272,-0.09599091948976189,-0.04992732735152178,0,0.386
2273,-0.066376379452092,-0.11232499345322401,0,0.3865
2274,-0.1426275135500015,-0.2579483679503239,0,0.387
2275,-0.20940924783810136,-0.13851142659320576,0,0.3875
2276,-0.07106456726483047,-0.2816274521970649,0,0.388
2277,-0.12984920776010972,-0.3254674511456053,0,0.3885
2278,-0.023035202664200505,-0.4410624431381256,0,0.389
2279,0.05380080870605666,-0.3253894553506154,0,0.3895
2280,-0.12493298538137425,-0.2477579205746409,0,0.39
2281,-0.17846301527987624,-0.20998046426855427,0,0.3905
2282,0.001627125157111109,-0.2547067579335142,0,0.391
2283,-0.06112224993230403,-0.30015282557113987,0,0.3915
2284,-0.09566365120820422,-0.16913446554574305,0,0.392
2285,-0.018100381654912935,-0.17596013696621063,0,0.3925
2286,0.08299147584597004,-0.09470984002439978,0,0.393
2287,0.04485936840330905,-0.15626720577688163,0,0.3935
2288,-0.040461819915710934,-0.09430950500910561,0,0.394
2289,0.10089565655662022,0.06275095448542675,0,0.3945
2290,0.2626988556081963,0.10409579198579377,0,0.395
2291,0.28786575825341254,0.03366008497331848,0,0.3955
2292,0.18628464973759318,0.049773894700389114,0,0.396
2293,0.010627995975299384,0.011746623308845822,0,0.3965
2294,-0.11179897382293566,0.00917797438377653,0,0.397
2295,-0.03931336772683265,-0.025963057950475425,0,0.3975
2296,0.03274892267198939,-0.0351464855104454,0,0.398
2297,0.174221670977601,-0.004087205912293435,0,0.3985
2298,0.19787256150129684,-0.10226190241347358,0,0.399
2299,-0.026854315170464535,-0.1752256568254621,0,0.3995
2300,0.044136797335660866,-0.2650167282974538,0,0.4
2301,-0.0591257618288197,-0.3508564595659144,0,0.4005
2302,-0.09452509612542309,-0.37440725718174184,0,0.401
2303,-0.03877490390940509,-0.25377779465796113,0,0.4015
2304,0.18745184507595697,-0.272271659842239,0,0.402
2305,0.4687083124431827,-0.14485523507670378,0,0.4025
2306,0.39814858685297305,-0.10114588872868788,0,0.403
2307,0.20645754512170314,-0.2698581557677348,0,0.4035
2308,0.13898688357482294,-0.1287867189834433,0,0.404
2309,0.15866354042290134,-0.012137845912300493,0,0.4045
2310,0.06706669306763732,-0.10843534549188799,0,0.405
2311,0.20144178196076182,-0.03596839466087795,0,0.4055
2312,0.1707471628742222,-0.11182921185963463,0,0.406
2313,0.14608368281636483,-0.07072151417133372,0,0.4065
2314,0.14930993888369357,-0.17766172302052569,0,0.407
2315,0.13238987560512747,-0.30722579892184787,0,0.4075
2316,0.1599439627543245,-0.2597033797988345,0,0.408
2317,0.03975187642774177,-0.2002235419824043,0,0.4085
2318,-0.05601746680327453,-0.18473718242231793,0,0.409
2319,-0.1627797720253375,-0.2520138883441389,0,0.4095
2320,-0.07507020119759245,-0.22185956395631706,0,0.41
2321,0.05039344379820496,-0.13366657861997333,0,0.4105
2322,0.10110608189327103,-0.10165540074743029,0,0.411
2323,0.23825542008972958,-0.055476560883574215,0,0.4115
2324,0.1698235178102248,-0.10743143253996074,0,0.412
2325,0.15508189578948522,0.039743010118671804,0,0.4125
2326,-0.019069274544388212,-0.08980400250785266,0,0.413
2327,-0.08498176904084773,-0.015392115971909828,0,0.4135
2328,0.005382215432777213,0.10652125570338747,0,0.414
2329,0.10621233722870571,0.12436560889899236,0,0.4145
2330,0.05449673192999091,0.06971662829186992,0,0.415
2331,0.015194992912444902,-0.0018860203748891843,0,0.4155
2332,-0.1505307267241232,0.10281459872623999,0,0.416
2333,-0.15916650004244848,-0.06862582928716393,0,0.4165
2334,-0.008188738337155527,-0.145315771215973,0,0.417
2335,0.0828028109494219,-0.1444750026316795,0,0.4175
2336,0.11794656856508962,0.018955641924920857,0,0.418
2337,0.08277406138028331,0.05021829614056739,0,0.4185
2338,0.04333625125402637,-0.06065815355686342,0,0.419
2339,-0.04791792522018028,-0.07397844591318974,0,0.4195
2340,0.02288125159330398,-0.11500746321904193,0,0.42
2341,0.06998588075761822,-0.15407102121247584,0,0.4205
2342,0.10061433908671372,-0.013602659492012226,0,0.421
2343,0.0138908108510893,-0.14856599980281784,0,0.4215
2344,-0.22434451112359574,0.05441462686012878,0,0.422
2345,-0.07253849989372489,0.12008526703910273,0,0.4225
2346,-0.06104564329110119,0.1956209353090354,0,0.423
2347,-0.12060639105844803,0.09504470571173665,0,0.4235
2348,-0.014928092997138806,0.05532935284083153,0,0.424
2349,-0.0270224601779344,-0.10258486359102381,0,0.4245
2350,0.08736128886174244,-0.12512280126375191,0,0.425
2351,0.13699411808265058,-0.04139276286992671,0,0.4255
2352,0.16047996901381972,0.09839216286228723,0,0.426
2353,-0.035610419525527764,-0.040943256990595006,0,0.4265
2354,0.0606100691154539,-0.06448035094536489,0,0.427
2355,0.08173519232085429,-0.06176410255733612,0,0.4275
2356,0.01633842610897234,-0.18460591999944456,0,0.428
2357,0.011062549157232123,-0.07360922294120525,0,0.4285
2358,-0.17204116918584075,-0.12764752603886165,0,0.429
2359,-0.09898016403205193,-0.11177786950043626,0,0.4295
2360,-0.14771304820668058,-0.1269190489050822,0,0.43
2361,-0.23364143434328752,-0.17124597209518727,0,0.4305
2362,-0.309606456455083,-0.12490711868762892,0,0.431
2363,-0.08968804079641637,-0.11340429252466219,0,0.4315
2364,-0.07275548071539537,-0.12010960527246756,0,0.432
2365,0.11310599457861689,-0.16038718528346566,0,0.4325
2366,0.05145574550074282,-0.08444955938992457,0,0.433
2367,-0.1521923982744238,0.10243737078289726,0,0.4335
2368,-0.2436975117145535,0.08561141361664636,0,0.434
2369,-0.04093836771606417,0.1624283651871484,0,0.4345
2370,0.00039899037639261684,-0.021712568398618168,0,0.435
2371,-0.046321863804733174,0.003180357400073941,0,0.4355
2372,-0.0211354665337863,-0.10786069937350908,0,0.436
2373,0.0425342731506721,-0.22450677167413874,0,0.4365
2374,0.14999439341754103,-0.2359160891793048,0,0.437
2375,0.256338583093191,-0.05310978206778748,0,0.4375
2376,0.13909512321213605,0.052683768427465985,0,0.438
2377,-0.0725963866571332,0.06080475715151909,0,0.4385
2378,-0.12724265008046137,-0.10893757446134562,0,0.439
2379,-0.06124679207465386,-0.0960016179589754,0,0.4395
2380,-0.11992479626469191,-0.040361902585843844,0,0.44
2381,-0.17940557008632707,-0.01312404825667169,0,0.4405
2382,-0.08516070866113475,-0.1945484749001833,0,0.441
2383,-0.0371126880686875,-0.22776425838977354,0,0.4415
2384,-0.009378309181564399,-0.1725703406579384,0,0.442
2385,-0.07592964320152097,-0.07399469691718685,0,0.4425
2386,-0.08190812414548063,-0.2759628718210271,0,0.443
2387,-0.14276388510291074,-0.21411417293223123,0,0.4435
2388,-0.00880964214075379,-0.14404430598157023,0,0.444
2389,0.12502999678035437,-0.022232747479615414,0,0.4445
2390,-0.08283286037137513,0.050237278081151776,0,0.445
2391,-0.184223373672412,0.09346501786361007,0,0.4455
2392,-0.2804650523726625,-0.012403658576872895,0,0.446
2393,-0.2525297606043374,-0.19744243219758542,0,0.4465
2394,-0.15427459498797352,-0.17989935400230078,0,0.447
2395,-0.21787824583936435,-0.03234456626247134,0,0.4475
2396,-0.23563365898642813,0.11205028838352829,0,0.448
2397,-0.24532701522941952,0.14985987433673376,0,0.4485
2398,-0.1284081474463556,0.15210979709951816,0,0.449
2399,-0.04672668120757553,0.14968616364879855,0,0.4495
2400,-0.08387347081051463,0.05446804644205688,0,0.45
2401,-0.04007135319295681,0.02944041244598633,0,0.4505
2402,-0.06995039685098906,0.18919269252106666,0,0.451
2403,-0.07511155787480521,0.04077234392349752,0,0.4515
2404,0.12124604210020737,0.19532894432464673,0,0.452
2405,0.24606525043416172,0.10745334457712283,0,0.4525
2406,0.04264486823452815,0.21394683057712194,0,0.453
2407,0.06787608628870763,0.013945362946036821,0,0.4535
2408,0.1269115508332197,0.07425703594337651,0,0.454
2409,-0.026872305466427604,-0.020641338267034404,0,0.4545
2410,0.034997609835700036,-0.15411935953530329,0,0.455
2411,0.18716574080310083,-0.08797460687039213,0,0.4555
2412,0.03047859005089927,0.03427543544287444,0,0.456
2413,-0.10480055822132713,-0.0626884254050731,0,0.4565
2414,0.011829982097108685,-0.193345764377753,0,0.457
2415,0.05757362840451717,-0.14797224272552936,0,0.4575
2416,0.09884053382814434,-0.11917409679143795,0,0.458
2417,0.10161662302166172,-0.033907238101647356,0,0.4585
2418,0.10059478374451492,0.06743071525751475,0,0.459
2419,-0.07249471043982872,0.04079743101307277,0,0.4595
2420,0.02661704556137888,0.21645783409440728,0,0.46
2421,0.15275157777984621,0.17688809749710555,0,0.4605
2422,0.09393877870479843,0.09716070874764074,0,0.461
2423,0.040253012426483256,-0.08695679333154145,0,0.4615
2424,-0.1396960960553453,-0.08478459702183865,0,0.462
2425,-0.06838200372778941,-0.09634119672567514,0,0.4625
2426,0.030439360400251945,0.025208002258216525,0,0.463
2427,0.031808787365828345,0.06101914940788177,0,0.4635
2428,0.13179449379966257,-0.0739775136297448,0,0.464
2429,0.06566611446857035,-0.03311619367808462,0,0.4645
2430,0.0826345854042838,0.04133569904953281,0,0.465
2431,-0.048991988439498584,0.18093878625394075,0,0.4655
2432,-0.05807572291987944,0.21800200893432586,0,0.466
2433,-0.05409760643828743,0.23616289978797939,0,0.4665
2434,-0.009132148362559898,0.1801843717510025,0,0.467
2435,-0.03343889028572629,0.17410195705227255,0,0.4675
2436,-0.038071942123235836,0.2540623811718753,0,0.468
2437,0.05883494150270722,0.05212951210277089,0,0.4685
2438,0.0110059179029912,0.010635080875710905,0,0.469
2439,-0.16361996405201643,-0.06793594372371332,0,0.4695
2440,0.04186123559833069,-0.009675236565679313,0,0.47
2441,0.2043583891581165,0.11379772605710484,0,0.4705
2442,0.025888194696265188,0.02027753548091557,0,0.471
2443,0.04880965844990829,-0.22065231125152018,0,0.4715
2444,-0.016427389234460722,-0.1961843540442067,0,0.472
2445,0.00344487845555572,-0.055059334859314746,0,0.4725
2446,0.035463793512686095,0.007763406562613796,0,0.473
2447,0.004241279087405531,0.04627072487358931,0,0.4735
2448,-0.08207630199125245,0.004918031036223923,0,0.474
2449,-0.135563402642109,-0.12271178543679595,0,0.4745
2450,-0.18365465326356098,-0.034797950406636004,0,0.475
2451,-0.20299326290547148,-0.11258962614533925,0,0.4755
2452,-0.1323815086766005,0.13773418271535837,0,0.476
2453,-0.1368825532712613,0.14980544619490543,0,0.4765
2454,-0.014824534310426962,0.05279085316807655,0,0.477
2455,0.16424149873950342,-0.018142407641900317,0,0.4775
2456,0.07635278171668383,-0.020015089330758427,0,0.478
2457,0.052174375678984086,-0.03875890911777273,0,0.4785
2458,0.07643745523014389,0.0835987577236949,0,0.479
2459,0.09791531614024573,0.07596283565022674,0,0.4795
2460,0.07064028865777655,-0.016341387284145387,0,0.48
2461,0.11119740953414434,0.18059887014118997,0,0.4805
2462,0.12305476516382588,0.1313744917723839,0,0.481
2463,-0.04756191200849795,0.17669160141536971,0,0.4815
2464,0.024255123799363787,0.06888391417404593,0,0.482
2465,0.11764556516786483,0.09205992495427764,0,0.4825
2466,0.01293681695656096,0.09872463276538132,0,0.483
2467,-0.009385875923563998,-0.11568839311888153,0,0.4835
2468,0.05823683515094356,0.12432186758101255,0,0.484
2469,0.027535261347531488,0.21158731657919194,0,0.4845
2470,0.11767864682443765,0.11431003131276624,0,0.485
2471,0.3250231146519799,-0.020833095252081713,0,0.4855
2472,0.15788415909319814,0.025029993383641126,0,0.486
2473,-0.07680175597121496,0.025357314922471747,0,0.4865
2474,-0.06263637703512402,0.05447174903303997,0,0.487
2475,0.03740750007875813,0.05853352584297768,0,0.4875
2476,0.019366638085554413,0.09413480444015389,0,0.488
2477,0.15333787678479532,0.21343155161605248,0,0.4885
2478,-0.015063606161599519,0.21087095485524354,0,0.489
2479,0.02657340201692243,0.05263800944769069,0,0.4895
2480,-0.03631463923003148,0.18269736087201002,0,0.49
2481,0.13757139883331998,0.2946786038724006,0,0.4905
2482,0.3165715822294741,0.5303238475685357,0,0.491
2483,0.14907732723858053,0.273260386642044,0,0.4915
2484,0.0009918317541115773,0.24040258557123817,0,0.492
2485,0.05693678865355335,-0.02692916365848061,0,0.4925
2486,0.006637999593068905,0.04760552047692519,0,0.493
2487,-0.01061807984947937,-0.0226932167072436,0,0.4935
2488,-0.007283221743956258,0.1786695553897916,0,0.494
2489,-0.19567027704503479,0.04673147379250743,0,0.4945
2490,-0.15646335189666033,-0.12767273678716337,0,0.495
2491,-0.1550094035147387,-0.13438076741078253,0,0.4955
2492,-0.1420271346724361,-0.297851110288974,0,0.496
2493,0.06174337331188026,-0.14007819955632334,0,0.4965
2494,-0.04785056384393421,-0.31909287008380743,0,0.497
2495,0.030691392937274298,-0.22750760960376196,0,0.4975
2496,0.0062269340854254306,-0.38276306238620117,0,0.498
2497,-0.029132748168697955,-0.3112835028157061,0,0.4985
2498,0.05448560425312769,-0.07256966467922096,0,0.499
2499,0.08342016249313078,-0.03022758736342447,0,0.4995
2500,0.12345907849376986,-0.11113715488485157,1,0.5
2501,0.19591996189748728,-0.08242417986282809,1,0.5005
2502,0.12145886236829104,-0.06149118018524744,1,0.501
2503,0.07042763253944576,5.4628680684405684e-05,1,0.5015
2504,-0.029820814421625055,-0.13978366829252345,1,0.502
2505,-0.07930525188903682,-0.038519148866002,1,0.5025
2506,0.23838004707096294,-0.3045783147942243,1,0.503
2507,0.2437044107495454,-0.2779734367257977,1,0.5035
2508,0.08262922395021399,-0.2590244835731319,1,0.504
2509,-0.009556938079365002,-0.1322754459277756,1,0.5045
2510,0.06724121050929435,-0.10379623682341765,1,0.505
2511,0.09220412461956382,-0.22007702507420543,1,0.5055
2512,0.13038322145626302,-0.25779033825519737,1,0.506
2513,0.08039559090425716,-0.17196920996936713,1,0.5065
2514,0.07480689497914317,-0.14183620736770855,1,0.507
2515,0.10179076667469879,-0.16622834684577253,1,0.5075
2516,0.09210582912789525,-0.17183641158614174,1,0.508
2517,-0.13612930979560672,-0.05939445431105703,1,0.5085
2518,-0.07702580019651484,-0.1026035497183462,1,0.509
2519,-0.17219491648262228,-0.0836885088348152,1,0.5095
2520,-0.10890354805767662,0.15293588440684425,1,0.51
2521,0.1815252964809484,-0.04025810007397926,1,0.5105
2522,0.11299228001869649,-0.20478843380450876,1,0.511
2523,0.09089998833826263,-0.06676631286466941,1,0.5115
2524,0.18061782720629177,-0.1259086382768562,1,0.512
2525,0.18390948154617512,-0.12340063307100688,1,0.5125
2526,0.20654048613477674,-0.17128907737947402,1,0.513
2527,0.23978219546628565,-0.1524228736602381,1,0.5135
2528,0.41148581960315855,0.04382110628308612,1,0.514
2529,0.20573730686918923,0.10203432953470265,1,0.5145
2530,0.29425133768360656,0.1598599924856629,1,0.515
2531,0.14563388167276686,-0.02432379428537701,1,0.5155
2532,0.23120699494296693,-0.12279231394916917,1,0.516
2533,0.09054571031900076,-0.37087413209405207,1,0.5165
2534,0.0819528433137821,-0.34647235289101846,1,0.517
2535,0.04682642766017885,-0.16743653041055406,1,0.5175
2536,0.15026338152471286,-0.08535001702364284,1,0.518
2537,0.19605140160712275,-0.09150115757560023,1,0.5185
2538,0.03813811777704905,-0.07101146028884495,1,0.519
2539,0.08719170224835113,-0.12378682592974764,1,0.5195
2540,-0.0072015287927918725,-0.06994043022425664,1,0.52
2541,-0.10401389766870324,0.020458126292734004,1,0.5205
2542,-0.08627050228149655,-0.1515853104951305,1,0.521
2543,-0.11381474951509088,-0.07425030055544388,1,0.5215
2544,0.14850164824104878,0.03234827408889701,1,0.522
2545,0.09825254662617162,-0.023559635176530022,1,0.5225
2546,-0.03425972762740613,0.05567610976676656,1,0.523
2547,-0.047557473005686426,0.31872223609593736,1,0.5235
2548,0.06332592745130615,0.21459333804074598,1,0.524
2549,0.23257259185607027,0.208334993469627,1,0.5245
2550,-5.6997874761849365e-05,0.08439919572279823,1,0.525
2551,-0.11825485968194054,0.08984713820819662,1,0.5255
2552,0.11612650236558536,0.11377010345582168,1,0.526
2553,0.07316086125185944,0.10420315638944155,1,0.5265
2554,-0.008094805726845386,-0.022365617973334903,1,0.527
2555,0.07055428355169413,0.011746206669890874,1,0.5275
2556,-0.2236706454887249,0.1529447602330425,1,0.528
2557,-0.1126985515680106,0.15180781725979461,1,0.5285
2558,-0.10193820730311531,0.2114486426839648,1,0.529
2559,-0.0025454758984893716,0.1328948620532489,1,0.5295
2560,-0.13349834295928198,0.1809632199817835,1,0.53
2561,-0.07229393240478009,0.16216855191598664,1,0.5305
2562,-0.17596832493661135,0.029274559259395136,1,0.531
2563,-0.1017307991159691,0.06282244452660597,1,0.5315
2564,-0.2033636091868673,-0.053663897909257074,1,0.532
2565,-0.19334748916293318,-0.09634195373866133,1,0.5325
2566,-0.276599115732843,-0.05143932920411595,1,0.533
2567,-0.15885009200622002,-0.012369285011256823,1,0.5335
2568,-0.09244467825791837,-0.13094406993419191,1,0.534
2569,-0.1265838915523584,0.013809407829892179,1,0.5345
2570,-0.09985993891278772,0.05793182273560462,1,0.535
2571,-0.24275027227673457,-0.029396296207112753,1,0.5355
2572,-0.20557580984055573,-0.17018486971118413,1,0.536
2573,-0.20119102929152827,-0.13438381437321584,1,0.5365
2574,0.07969194857591386,-0.1493262647962214,1,0.537
2575,-0.12373884221932654,-0.10133327990423963,1,0.5375
2576,0.09608200311642197,-0.11677834139219145,1,0.538
2577,0.12021342655063602,-0.28860866145368375,1,0.5385
2578,0.12901629731432185,-0.24672570401511304,1,0.539
2579,0.28933585477329726,-0.22145122499208547,1,0.5395
2580,0.24951694931896118,-0.10714894449817516,1,0.54
2581,0.27542684559015873,-0.15951327071508636,1,0.5405
2582,0.23479912684802906,0.04996218606943853,1,0.541
2583,0.3458644180277278,-0.16789077486403745,1,0.5415
2584,0.3876053122521338,0.018550805095224276,1,0.542
2585,0.2737547840099774,-0.021566233073525554,1,0.5425
2586,0.14860974462174983,0.07237397625162859,1,0.543
2587,0.1509942182364774,0.0564649009655987,1,0.5435
2588,0.05517559788864673,0.15819501944008602,1,0.544
2589,0.07205116674259575,0.07467197057452685,1,0.5445
2590,0.1835271928805654,-0.04679457194137693,1,0.545
2591,0.08600150024243897,0.11515244483210582,1,0.5455
2592,0.1023767198784755,0.06478324055008405,1,0.546
2593,0.0930287554806565,0.07533654819431586,1,0.5465
2594,0.17137335747246502,0.18026417976790524,1,0.547
2595,-0.09395629227078456,0.026832962349625872,1,0.5475
2596,-0.0656317975972609,0.09141411627293243,1,0.548
2597,-0.046437597011644634,0.006106036271375889,1,0.5485
2598,0.07245579815652108,-0.0021921976676000793,1,0.549
2599,-0.01964804496020127,0.006171487139303422,1,0.5495
2600,-0.17770735813335184,-0.14592827484364426,1,0.55
2601,-0.050547683771457866,-0.17809521668944106,1,0.5505
2602,-0.14717705658544322,0.0012396240182423468,1,0.551
2603,-0.2224372049917394,0.07598337487963615,1,0.5515
2604,-0.24004997894199903,0.04622838900966002,1,0.552
2605,-0.22921368462830619,0.061980552408022145,1,0.5525
2606,-0.2700176709134047,0.01684161402568369,1,0.553
2607,-0.4513313136464416,0.15202427052801767,1,0.5535
2608,-0.2620974697731731,0.08603667374847104,1,0.554
2609,-0.1651703718299641,0.09421595599184557,1,0.5545
2610,-0.11257926489597982,0.1861856503080946,1,0.555
2611,-0.2308672375290588,0.057851436591021696,1,0.5555
2612,-0.19244327538098102,0.21024946869761652,1,0.556
2613,-0.18537826801025203,-0.0037204569690417744,1,0.5565
2614,-0.10908050446425449,0.1769068897351606,1,0.557
2615,-0.0542277342098202,0.08423984920114858,1,0.5575
2616,-0.13867817174301805,0.04769648169662019,1,0.558
2617,-0.09127566766740083,-0.1494955207173196,1,0.5585
2618,-0.05064081166182181,-0.14457041880054736,1,0.559
2619,0.08781504491736333,-0.21538182605655132,1,0.5595
2620,0.10794743743434378,-0.22051296436829834,1,0.56
2621,0.17001864467336714,-0.18270635630887863,1,0.5605
2622,0.1427780808272595,-0.04763756405360417,1,0.561
2623,0.27771835641871623,-0.026753555931542952,1,0.5615
2624,0.2504407176953573,0.008513277593240512,1,0.562
2625,0.1474711465254722,-0.10587278695864125,1,0.5625
2626,0.3039519002364096,-0.1601585305917939,1,0.563
2627,0.2964028113533902,0.06114044342552233,1,0.5635
2628,0.22472285477010875,-0.04463739026283281,1,0.564
2629,0.17580525952815795,0.13997927582788636,1,0.5645
2630,0.20255756666200356,0.06817705790898759,1,0.565
2631,0.22059459738240797,0.05864289976679158,1,0.5655
2632,0.21285325499116647,0.15297115538927142,1,0.566
2633,0.22502119955371075,0.2371165560052637,1,0.5665
2634,0.36886443368721444,0.16449606280030948,1,0.567
2635,0.39597933530193047,0.09396075332569939,1,0.5675
2636,0.367310490413825,0.07272028550576473,1,0.568
2637,0.43331115291562244,0.09161987823350834,1,0.5685
2638,0.266927448520767,0.15814479325604608,1,0.569
2639,0.32994251998182783,0.11669091323267822,1,0.5695
2640,0.45897438151863784,0.15538090370669655,1,0.57
2641,0.3525627953664937,0.28035963543260306,1,0.5705
2642,0.2644665988135791,0.24368666647308018,1,0.571
2643,0.19923990903878946,0.22230207153941461,1,0.5715
2644,0.08992062133310857,0.02147627105510075,1,0.572
2645,0.03524815469873163,-0.2291774762043603,1,0.5725
2646,0.01107426936016865,-0.11638297182118548,1,0.573
2647,-0.12333769389214352,-0.1091208197778739,1,0.5735
2648,-0.06911850213227522,-0.13637317175171654,1,0.574
2649,0.011755307931656536,-0.07859703107408604,1,0.5745
2650,-0.10445798389538069,-0.07181199173371496,1,0.575
2651,0.09278019440644544,0.05669710244821742,1,0.5755
2652,0.07540993032801253,0.04111780730987017,1,0.576
2653,0.17613807508114687,-0.04153544655089347,1,0.5765
2654,0.06252236876187817,0.07422038313411075,1,0.577
2655,0.17580736648813255,0.02540447387928676,1,0.5775
2656,0.015047740481911667,0.07664610438915043,1,0.578
2657,0.15079560431923764,0.006975207907941934,1,0.5785
2658,0.1121756187154692,-0.0533504249563008,1,0.579
2659,0.16786917452353117,-0.027454177784297977,1,0.5795
2660,0.016814729766274294,-0.022297331496158375,1,0.58
2661,-0.029057394010836547,0.0302558189814277,1,0.5805
2662,0.04733280434871884,-0.008193554811876329,1,0.581
2663,-0.07515233601643975,-0.18649219622935503,1,0.5815
2664,0.015429068904664112,-0.17150906718910672,1,0.582
2665,-0.15000204010815804,-0.054862013615301505,1,0.5825
2666,-0.0005550821268287681,-0.08292338767681094,1,0.583
2667,-0.16858599278539557,-0.08633348080022363,1,0.5835
2668,-0.046088126541333645,0.032025664841614315,1,0.584
2669,-0.015665580395818765,-0.05728485467640618,1,0.5845
2670,-0.09290296804284885,-0.19044350357042605,1,0.585
2671,-0.0022387982359822547,-0.1514301508120301,1,0.5855
2672,-0.0031699430210884103,-0.16952514793137746,1,0.586
2673,-0.05645779090272155,-0.2264803120312986,1,0.5865
2674,-0.13568112585558026,-0.18798390791401726,1,0.587
2675,-0.29460858195142253,-0.10038098167957264,1,0.5875
2676,-0.18250448219755822,-0.08709932539883956,1,0.588
2677,-0.35436554104016715,-0.038190669974304176,1,0.5885
2678,-0.25783624933923693,0.14705620854488166,1,0.589
2679,-0.28735623352381723,0.06240058771264205,1,0.5895
2680,-0.18185033737224188,0.08436240409625259,1,0.59
2681,-0.2255216224294767,0.012549043072950343,1,0.5905
2682,-0.22281285330406775,-0.06802342483036763,1,0.591
2683,-0.12815712828245412,-0.1036607631744036,1,0.5915
2684,-0.11023233005228103,-0.12506128211555764,1,0.592
2685,-0.07297094079782704,-0.05925903246257632,1,0.5925
2686,-0.029925504513527913,0.18246006022592492,1,0.593
2687,-0.19340379726817547,0.04697238401358435,1,0.5935
2688,-0.04934106171626544,0.008033683270422115,1,0.594
2689,-0.026378896808851672,0.0037275047096807555,1,0.5945
2690,-0.13229796945784036,0.04290159969713346,1,0.595
2691,-0.11170049808477986,0.05593114401462797,1,0.5955
2692,-0.11064041845098314,0.17069185901028955,1,0.596
2693,-0.1133440789361971,-0.12095402372577954,1,0.5965
2694,-0.06781257624015974,-0.3042011474548193,1,0.597
2695,0.06844590875816337,-0.2685409078869402,1,0.5975
2696,0.12890044515013296,-0.10310112856993031,1,0.598
2697,-0.03334787962561184,-0.25335718603446206,1,0.5985
2698,0.08086840480027765,-0.4833553542027249,1,0.599
2699,0.171410010946024,-0.29688441507828994,1,0.5995
2700,0.16578738007661797,-0.2258512153032382,1,0.6
2701,0.2599934738483747,-0.2923397445762132,1,0.6005
2702,0.40695934290208674,-0.31998456557297816,1,0.601
2703,0.42454460250646253,-0.34392111044947415,1,0.6015
2704,0.40174542393867646,-0.25499369603693944,1,0.602
2705,0.4729194825236199,-0.2707217565084103,1,0.6025
2706,0.418764100005464,-0.16040382962201133,1,0.603
2707,0.39552460908885995,-0.42197092647740214,1,0.6035
2708,0.3278025718835819,-0.3886490303976766,1,0.604
2709,0.471680261740018,-0.41968347986648163,1,0.6045
2710,0.2995060620148852,-0.3504356762823521,1,0.605
2711,0.4744444881987482,-0.33483803403338375,1,0.6055
2712,0.42450492389775163,-0.1835985541693665,1,0.606
2713,0.25710568331808126,-0.3451140428947017,1,0.6065
2714,0.3183798164593164,-0.2486476922317988,1,0.607
2715,0.05815694410585179,-0.14867939880843023,1,0.6075
2716,0.19295891308440954,0.058941279512449346,1,0.608
2717,0.22174557938130035,-0.023696554541831984,1,0.6085
2718,0.13169942598889772,0.022534220854032214,1,0.609
2719,0.15789809900328697,-0.16758803818337417,1,0.6095
2720,0.3296644305736701,-0.35045421712995667,1,0.61
2721,0.19459341761899449,-0.17073411723302773,1,0.6105
2722,0.10976462103783766,-0.1532525339325637,1,0.611
2723,0.27240313815466083,-0.004063106163648814,1,0.6115
2724,0.3926299882572273,-0.1563382182303151,1,0.612
2725,0.31766850158551935,-0.054360633928050905,1,0.6125
2726,0.40953640096931543,0.13340787038999508,1,0.613
2727,0.47516998261033316,0.12652471377905083,1,0.6135
2728,0.33371448660315606,0.1276153288620076,1,0.614
2729,0.29424910320820674,0.10083372280770353,1,0.6145
2730,0.39975125922134436,-0.07510506751911011,1,0.615
2731,0.4966269143661196,0.09558350699987925,1,0.6155
2732,0.47418961240351054,-0.004506193735052191,1,0.616
2733,0.34552040640173676,0.057745898970528814,1,0.6165
2734,0.5482752387320393,-0.11772147743391875,1,0.617
2735,0.3795241753785482,-0.1913046794217791,1,0.6175
2736,0.35868329872959553,0.001278613721035049,1,0.618
2737,0.3633010153002839,-0.054765538663077665,1,0.6185
2738,0.48100164087052644,0.10843509856273467,1,0.619
2739,0.4829888867676234,0.05947938636414036,1,0.6195
2740,0.47558037435792305,-0.13205385127172606,1,0.62
2741,0.4765737436568515,0.006509164245258908,1,0.6205
2742,0.43296982536583445,-0.06918228914414054,1,0.621
2743,0.45856796976840675,0.023843298517171013,1,0.6215
2744,0.15207572170136402,0.010950385137209351,1,0.622
2745,0.19915507804436058,-0.14426227067406686,1,0.6225
2746,0.18924795682870366,-0.079784293133409,1,0.623
2747,0.05819388914857965,0.14962267231446186,1,0.6235
2748,0.1303230523189149,0.14138803336722877,1,0.624
2749,0.07520487603731066,0.1064944309929682,1,0.6245
2750,0.2597674111496099,0.19532423486975656,1,0.625
2751,0.33572388202244474,0.16489841972836694,1,0.6255
2752,0.23278399564653351,0.15429851519926396,1,0.626
2753,0.22530379083798402,0.013617437023270701,1,0.6265
2754,0.1976227166359112,0.050084007069974706,1,0.627
2755,0.14099881961697963,0.13887498787178948,1,0.6275
2756,0.16338860516377382,0.015760653416709472,1,0.628
2757,0.06450460209459916,0.1689434580879339,1,0.6285
2758,-0.025342190687861005,0.10653567184458568,1,0.629
2759,0.06641718860569,0.0024250070521715378,1,0.6295
2760,0.09520061437923678,0.11364926470731543,1,0.63
2761,-0.003386050756750178,0.04818829797519569,1,0.6305
2762,0.1160640969359809,0.12154725399799257,1,0.631
2763,0.005464870018030338,0.05828831728322277,1,0.6315
2764,0.06341467489541058,0.047379877632755626,1,0.632
2765,0.12172266720390107,0.08804238490326471,1,0.6325
2766,0.08869674632059252,0.09389720349707507,1,0.633
2767,0.13520893916763926,-0.12605324249313707,1,0.6335
2768,0.056091423008004127,-0.1859974440466613,1,0.634
2769,0.05457087721228453,-0.0470336237910465,1,0.6345
2770,0.028984010141737914,-0.06672198737701172,1,0.635
2771,-0.040896165405295795,-0.1028085647845291,1,0.6355
2772,-0.03351991251223431,-0.21290019842326602,1,0.636
2773,-0.187242627015304,-0.2633487083926865,1,0.6365
2774,-0.17151692467706314,-0.4045368787742727,1,0.637
2775,-0.18757049224779618,-0.3134517819674832,1,0.6375
2776,-0.18961534800133467,-0.31874862482717886,1,0.638
2777,-0.19419010106221754,-0.34833261456946624,1,0.6385
2778,-0.17957508502374384,-0.2790519866972384,1,0.639
2779,-0.11805792952430516,-0.1928666077686337,1,0.6395
2780,-0.03725557580845398,0.046227194396804006,1,0.64
2781,-0.12274724702719066,-0.14332049962528695,1,0.6405
2782,-0.20514510649776502,0.02522576960659932,1,0.641
2783,-0.2641156792311265,0.09694835521650658,1,0.6415
2784,-0.26873323160749807,-0.00974644045186572,1,0.642
2785,-0.2756667745154877,0.02553384876517669,1,0.6425
2786,-0.32301964081128776,-0.02980409138772358,1,0.643
2787,-0.4061234832664084,0.0016701175804553145,1,0.6435
2788,-0.38619206495065017,0.1483979851111544,1,0.644
2789,-0.33540962193891544,0.1603546829454377,1,0.6445
2790,-0.25760044606498783,0.17663758275584932,1,0.645
2791,-0.31092545953149947,0.09515875960698755,1,0.6455
2792,-0.3051351917527394,-0.0628467478690968,1,0.646
2793,-0.36902858379582454,-0.051269817728282804,1,0.6465
2794,-0.3161016248407942,0.07851770235597161,1,0.647
2795,-0.38521241346230534,-0.1064153061731608,1,0.6475
2796,-0.2686451542055014,-0.16711356298401603,1,0.648
2797,-0.45533746575540357,-0.11261154943679434,1,0.6485
2798,-0.3897589929601388,-0.19474337750877582,1,0.649
2799,-0.34034590158353006,-0.22379817277239206,1,0.6495
2800,-0.30275178720590923,-0.21664755611891737,1,0.65
2801,-0.01445147640055483,-0.3097246594028198,1,0.6505
2802,-0.06451641954531491,-0.3320550297825696,1,0.651
2803,-0.14345075433155643,-0.1909823376865606,1,0.6515
2804,-0.11497180317143563,-0.3004576852906211,1,0.652
2805,-0.2896429415489735,-0.38505515388448286,1,0.6525
2806,-0.21633728081049086,-0.3587663151529258,1,0.653
2807,-0.30000085665106246,-0.21573248523572686,1,0.6535
2808,-0.15336267067776854,-0.20962368194385894,1,0.654
2809,-0.23697188686153334,-0.2141692721464441,1,0.6545
2810,-0.19986852489977522,-0.16557038276225242,1,0.655
2811,-0.25456846513876547,-0.3126808968323441,1,0.6555
2812,-0.03881650136785869,-0.1808434274175368,1,0.656
2813,-0.13178471697413602,-0.1226878217924906,1,0.6565
2814,0.09253992375308097,-0.14619830548318483,1,0.657
2815,0.09740371537143444,-0.012937173091650545,1,0.6575
2816,0.13441087908232358,-0.14025639779709395,1,0.658
2817,0.14674095679257645,0.01738541905546319,1,0.6585
2818,0.1677475676218681,0.00890310005766195,1,0.659
2819,-0.04809643032366723,-0.025451339716847043,1,0.6595
2820,-0.0064219273227155635,-0.017831455460188928,1,0.66
2821,0.06623371162770265,-0.025951142681073687,1,0.6605
2822,0.03292393043239637,0.10237111162179605,1,0.661
2823,-0.10089451293260888,-0.042707833422778535,1,0.6615
2824,-0.05589997368759336,-0.0913530578852515,1,0.662
2825,0.10660221353321045,0.03704671993210293,1,0.6625
2826,0.1718805075671202,-0.046841439747611006,1,0.663
2827,0.12890856766363207,0.06367692034063291,1,0.6635
2828,0.22405422057412394,0.2062457695054566,1,0.664
2829,0.1364544006067588,0.10582832285797542,1,0.6645
2830,-0.021298252146379426,0.16605128846327316,1,0.665
2831,-0.06428922991875546,0.009419086001567253,1,0.6655
2832,0.11132586325565269,0.10383879771824131,1,0.666
2833,0.020109440794834555,0.09042681824713703,1,0.6665
2834,0.021125025516094728,0.12144482475494828,1,0.667
2835,-0.011275972079380855,0.028480355436188085,1,0.6675
2836,0.1899855833645006,-0.13085542617687845,1,0.668
2837,0.27320444993109244,-0.033040276269395374,1,0.6685
2838,0.44279636831281904,-0.24595180211940681,1,0.669
2839,0.33173463492701405,-0.2000157218432914,1,0.6695
2840,0.3614421403247636,-0.072295777391755,1,0.67
2841,0.16472141973088328,-0.05600411095717119,1,0.6705
2842,0.35495893654778654,0.14775064956711395,1,0.671
2843,0.14561383272114342,0.19326596461256912,1,0.6715
2844,0.21553353697328492,0.08334207555469585,1,0.672
2845,0.06327401923702958,0.08452797694525649,1,0.6725
2846,0.04373778996033362,0.06288403891814605,1,0.673
2847,-0.038501363357660995,-0.10482172439510634,1,0.6735
2848,-0.0707670070940783,-0.15515218938427405,1,0.674
2849,-0.10792288357864313,-0.17365459353069507,1,0.6745
2850,-0.14081071176791707,-0.34043578102384353,1,0.675
2851,-0.03352990095631246,-0.24552732423644255,1,0.6755
2852,-0.1728474334104146,-0.2351138873989815,1,0.676
2853,-0.09171328763175583,-0.3575137436609486,1,0.6765
2854,0.014913712628377956,-0.22974562091409215,1,0.677
2855,-0.06988539516383958,-0.13068372256127492,1,0.6775
2856,-0.10924901238455054,-0.09605745869028098,1,0.678
2857,-0.10956748849790729,-0.11441549569550821,1,0.6785
2858,0.019457324021961486,-0.030250572553065277,1,0.679
2859,-0.0017850890408595207,0.03194306529173119,1,0.6795
2860,-0.04835528567868712,0.04771547216824921,1,0.68
2861,0.018838966999333854,-0.04630290816381015,1,0.6805
2862,-0.11343242048764816,0.003628229951619908,1,0.681
2863,0.005728188851506069,0.11543898697738175,1,0.6815
2864,0.010267917934785965,0.017453986320195916,1,0.682
2865,-0.022901639697565014,0.2376804107472483,1,0.6825
2866,-0.09451918828282634,0.10758383015549379,1,0.683
2867,-0.15225009710731102,0.10829225409957509,1,0.6835
2868,-0.06622408111464348,0.019847767200284694,1,0.684
2869,0.037488572447926805,0.05089271116819942,1,0.6845
2870,-0.06110485556851644,-0.13765199493297073,1,0.685
2871,0.02042232874841661,-0.13858875280347796,1,0.6855
2872,-0.21478076128171186,-0.22075298066841675,1,0.686
2873,-0.1812035312102221,-0.15261200433882893,1,0.6865
2874,-0.176262240397737,-0.03335402924993512,1,0.687
2875,-0.25108674529989217,0.020565598709666483,1,0.6875
2876,-0.297181356778216,-0.2283462637125968,1,0.688
2877,-0.3204127933037858,0.055939822449804555,1,0.6885
2878,-0.25218281018309896,0.03357530938187719,1,0.689
2879,-0.2661664259416326,-0.047322412407949946,1,0.6895
2880,-0.4591778219524064,-0.010746225254596595,1,0.69
2881,-0.5674266362174403,0.0036324753519970214,1,0.6905
2882,-0.5388958461019036,-0.06584447528174854,1,0.691
2883,-0.447796839921019,-0.02324818927717189,1,0.6915
2884,-0.7050973420557058,-0.08574152417894293,1,0.692
2885,-0.6073704748248921,-0.10055426519515942,1,0.6925
2886,-0.6285762731633892,-0.14769563786780204,1,0.693
2887,-0.42052312852465634,-0.25569459271333245,1,0.6935
2888,-0.4793889402350969,-0.17619287644708392,1,0.694
2889,-0.3754914042243622,-0.0956021957445716,1,0.6945
2890,-0.35498581059640005,-0.037693141055469476,1,0.695
2891,-0.5386955556058688,0.0429559039187032,1,0.6955
2892,-0.35289235487926757,0.05524069743475642,1,0.696
2893,-0.35180442906369236,-0.01040680827059904,1,0.6965
2894,-0.26612349993453677,0.08529489246862249,1,0.697
2895,0.12740834196380296,-0.08096249023891997,1,0.6975
2896,-0.2118033387519381,-0.130825827827206,1,0.698
2897,0.08361016431408888,-0.1948879529247874,1,0.6985
2898,-0.04211965497716366,-0.04021788186718091,1,0.699
2899,0.028544146748229398,0.03854655664299453,1,0.6995
2900,-6.063297433567868e-05,0.06813856880879873,1,0.7
2901,-0.03389676909993694,0.15794924821371595,1,0.7005
2902,-0.07733954417613874,0.026541490335935197,1,0.701
2903,-0.02362188367836341,0.07617978232893216,1,0.7015
2904,-0.1890923631270276,0.04173850662657344,1,0.702
2905,-0.04548406622754901,0.12373694758596757,1,0.7025
2906,-0.1256375891631631,0.07639310373689312,1,0.703
2907,-0.20203470727019834,0.0306487662488961,1,0.7035
2908,-0.2039133869106493,0.08590627033537906,1,0.704
2909,-0.057243522641191785,0.14890401415856608,1,0.7045
2910,-0.14905363835953217,0.044393932071960185,1,0.705
2911,-0.0707598779871148,0.045888682869697925,1,0.7055
2912,-0.16026764587167586,-0.06882032748259838,1,0.706
2913,-0.041596365926777984,-0.2881056108123003,1,0.7065
2914,-0.004487339438549134,-0.18026431240818697,1,0.707
2915,0.16968956988847828,-0.10210975175771908,1,0.7075
2916,0.08291114555160067,-0.06878308375947048,1,0.708
2917,0.16751903877329455,-0.2559865050229243,1,0.7085
2918,0.1351915208833514,-0.2142022470545744,1,0.709
2919,0.2609578023483007,-0.40241518644402113,1,0.7095
2920,0.1252488989131128,-0.1610204302082065,1,0.71
2921,0.227937211340086,-0.27701575694122194,1,0.7105
2922,0.15486726686631724,-0.08171928086732227,1,0.711
2923,0.15488270581096636,-0.002305010801618601,1,0.7115
2924,0.14856505199131226,-0.10432301817205283,1,0.712
2925,0.16082788258074499,-0.18223103751265216,1,0.7125
2926,0.12944334083364484,-0.10108821476610995,1,0.713
2927,0.14738568759146303,-0.1794424024141794,1,0.7135
2928,0.2850762205611897,-0.12355193236905722,1,0.714
2929,0.31380640717567454,-0.15768605162002905,1,0.7145
2930,0.3607221697234513,-0.30117500670904895,1,0.715
2931,0.265021271384386,-0.44576363846267975,1,0.7155
2932,0.17830533092483458,-0.3176947839528581,1,0.716
2933,0.28201963579399186,-0.33532803504162356,1,0.7165
2934,0.3103080600068249,-0.3258399927562713,1,0.717
2935,0.41805779431739065,-0.1975608968979713,1,0.7175
2936,0.2835290319955589,-0.064143303908831,1,0.718
2937,0.27257989195651783,-0.10081329532254862,1,0.7185
2938,0.08465822852003496,-0.11044441205510111,1,0.719
2939,0.09332179409288902,-0.03855319936574061,1,0.7195
2940,0.18104759606968862,-0.17865556168269953,1,0.72
2941,0.08997555794686009,-0.10104302763127286,1,0.7205
2942,0.17234759310910502,-0.039749637988446614,1,0.721
2943,0.1113509126497399,0.025716516521011354,1,0.7215
2944,0.15092052834473152,-0.18321521373521135,1,0.722
2945,0.009188451820194149,-0.19208631129531203,1,0.7225
2946,0.05931017455892605,-0.24330895072353081,1,0.723
2947,-0.26077095680865847,-0.18052162082022516,1,0.7235
2948,-0.15735913753371575,-0.10961935800182512,1,0.724
2949,-0.335694093934341,0.04856976633952097,1,0.7245
2950,-0.12802474596603772,-0.03549649675971765,1,0.725
2951,-0.0997823404834738,-0.06509917608710344,1,0.7255
2952,-0.05160972988328749,0.06655433241420539,1,0.726
2953,0.09120008264092339,0.06260337478839115,1,0.7265
2954,-0.055654521462915954,0.1786269536050008,1,0.727
2955,0.16870363170608327,0.1560354440570557,1,0.7275
2956,0.17774497901081365,0.015692753110830293,1,0.728
2957,0.13360254819641856,-0.097416245430993,1,0.7285
2958,0.24704703733938965,-0.21629947478011696,1,0.729
2959,0.07767963562139595,-0.09132562941258328,1,0.7295
2960,0.038270476421887106,0.02344330733415205,1,0.73
2961,-0.014592795784418994,0.18517423254401075,1,0.7305
2962,-0.05017230535048679,0.2092573138334004,1,0.731
2963,-0.14013698622164306,0.2837679928505622,1,0.7315
2964,0.023174423371400646,0.16220584095810342,1,0.732
2965,-0.0540218818806357,0.03753636420314088,1,0.7325
2966,0.009789694718726732,0.1365414661316118,1,0.733
2967,-0.06736788437432273,0.1372298037785958,1,0.7335
2968,-0.21954415226382734,0.12318537010624721,1,0.734
2969,-0.124931120831451,0.1421411979616592,1,0.7345
2970,-0.3320474157199965,0.14577030000758046,1,0.735
2971,-0.2435711902899801,0.24739930081837375,1,0.7355
2972,-0.3825884427732681,0.3154902324572035,1,0.736
2973,-0.10389682282787405,0.3019674423215428,1,0.7365
2974,-0.08597835431123269,0.33480434428437045,1,0.737
2975,-0.07218068030795378,0.3208230957797897,1,0.7375
2976,0.05726875328732481,0.2197699486673315,1,0.738
2977,-0.07192454986656484,0.27331171396774373,1,0.7385
2978,0.028373833933267846,0.07605539926294896,1,0.739
2979,0.015427978771862607,0.20137954453498186,1,0.7395
2980,0.04417094557646492,0.024776586934905975,1,0.74
2981,0.15836631098811452,0.07901705315941916,1,0.7405
2982,0.1815202805437884,-0.02878767252090502,1,0.741
2983,0.18529442790520972,0.0500701339525397,1,0.7415
2984,0.00014399728343272855,0.024310484689609224,1,0.742
2985,-0.04032990278632382,-0.1350628046016804,1,0.7425
2986,-0.03642563584633689,-0.04174069969141874,1,0.743
2987,-0.024617114916034154,-0.1081748320826307,1,0.7435
2988,-0.13871833217091395,0.010491821082203784,1,0.744
2989,0.15055153378048353,-0.011669321246169534,1,0.7445
2990,0.2003548261423732,0.0337552095442276,1,0.745
2991,0.22559018785881732,-0.07580150485445923,1,0.7455
2992,0.2026642466863768,-0.10242519125086688,1,0.746
2993,0.1680547073793561,-0.1256445462730826,1,0.7465
2994,0.06644025243130312,-0.013844864463037385,1,0.747
2995,0.09802861552447495,0.13690088453239502,1,0.7475
2996,0.10452449905835097,0.006114153709013567,1,0.748
2997,-0.03205277345580937,0.1355158277525094,1,0.7485
2998,0.04554332736850941,-0.12778843074566576,1,0.749
2999,0.0021842595018879574,-0.1788128080372352,1,0.7495
3000,-0.17580720187605353,-0.23446914622337187,1,0.75
3001,-0.19086754435301592,-0.31896931168316706,1,0.7505
3002,-0.20862324051679004,-0.4067744328726818,1,0.751
3003,0.006334558118040234,-0.27904031435191823,1,0.7515
3004,-0.003130924830837052,-0.2742636581613842,1,0.752
3005,-0.1335263443730793,-0.18937456161983363,1,0.7525
3006,-0.03245145513133499,-0.10234010736925293,1,0.753
3007,-0.21425917528456134,-0.07335968616390817,1,0.7535
3008,-0.03002183632142995,3.701035307042411e-05,1,0.754
3009,-0.12940331956001422,-0.019932209576601648,1,0.7545
3010,-0.0960121615063546,-0.13162877350811894,1,0.755
3011,0.03615137198240198,0.016824556700420296,1,0.7555
3012,-0.13582918212089018,-0.07142536257532518,1,0.756
3013,-0.21036391618911265,-0.13689428534700615,1,0.7565
3014,-0.22532703698433515,-0.11933084827620355,1,0.757
3015,-0.09446751194540325,-0.19313700054254665,1,0.7575
3016,-0.2762132258102268,-0.1883332911921709,1,0.758
3017,-0.47728374888081393,-0.12231088787078924,1,0.7585
3018,-0.4143501029124563,-0.07825356936222758,1,0.759
3019,-0.3366211064206259,-0.162484527040997,1,0.7595
3020,-0.20625151975222952,-0.16814615330264146,1,0.76
3021,-0.2710533799860654,-0.030796428246896712,1,0.7605
3022,-0.26565014462890835,-0.0006602951160723652,1,0.761
3023,-0.1253160273475899,0.20151237638254751,1,0.7615
3024,-0.3418588297667685,0.2483927189034814,1,0.762
3025,-0.281562183582639,0.31178771056533483,1,0.7625
3026,-0.2524525700871082,0.10814778725539945,1,0.763
3027,-0.19101832499855317,0.20305751424901192,1,0.7635
3028,-0.2413274353443526,0.14579104033275214,1,0.764
3029,-0.19865785753559337,0.07625043381738136,1,0.7645
3030,-0.44042568046596076,0.09274242959382586,1,0.765
3031,-0.3896776067736393,0.16845099794552076,1,0.7655
3032,-0.32058339694852506,0.17600912918725414,1,0.766
3033,-0.4074827236266747,0.056846369084707915,1,0.7665
3034,-0.3347662311016026,0.1433004288152953,1,0.767
3035,-0.27841730566869416,0.0393304933408071,1,0.7675
3036,-0.3017351728174738,0.07345882169394066,1,0.768
3037,-0.24751991829143546,0.024388073111124134,1,0.7685
3038,-0.33530575934856466,0.007426100273377895,1,0.769
3039,-0.2961005590661741,0.0859279973979606,1,0.7695
3040,-0.21723044628535162,-0.04713605711193234,1,0.77
3041,-0.20347113939421976,0.1799924896570684,1,0.7705
3042,-0.24590494447853087,-0.0746131957031783,1,0.771
3043,-0.18616266807630516,-0.0745109038372275,1,0.7715
3044,-0.11400810512568055,-0.02496110492393113,1,0.772
3045,-0.3292477913560477,0.02844136757544983,1,0.7725
3046,-0.115843699855743,0.0036532405077116456,1,0.773
3047,-0.2019060311883673,0.00192979119418734,1,0.7735
3048,-0.11334773534572024,0.04298326578619341,1,0.774
3049,-0.008855758199419528,0.004982910414016915,1,0.7745
3050,-0.1764851452464144,0.15059146534544277,1,0.775
3051,-0.17949191485042915,0.18198688885466796,1,0.7755
3052,-0.18949556207175228,0.2329387765189966,1,0.776
3053,-0.24592026381062296,0.08781898871164664,1,0.7765
3054,-0.03090716932421861,0.09257823705678801,1,0.777
3055,-0.17799759012039734,0.04619591303035281,1,0.7775
3056,-0.17162538281819065,-0.053294204408454296,1,0.778
3057,-0.1359356035667359,0.010421539035203858,1,0.7785
3058,-0.2532639295931076,-0.05715027206690542,1,0.779
3059,-0.23230711000151172,0.03070737977865986,1,0.7795
3060,-0.18361811875382178,-0.09810215540468827,1,0.78
3061,-0.2131490446909977,0.11457816242199338,1,0.7805
3062,-0.19231354833074,-0.03455630549651996,1,0.781
3063,-0.2322660536505804,0.021542124353928944,1,0.7815
3064,-0.34850072760764694,0.08645018792316012,1,0.782
3065,-0.2466209315258384,0.0026865841912311617,1,0.7825
3066,-0.07702947003307298,0.10353062359921836,1,0.783
3067,-0.11836379839925149,-0.055801957099995886,1,0.7835
3068,-0.07160070832471782,0.12919783084258862,1,0.784
3069,-0.00919728900292019,0.07377412525897037,1,0.7845
3070,-0.15393163555383738,0.012666204181828296,1,0.785
3071,0.07513329777978209,-0.007555111930579502,1,0.7855
3072,0.019133367643998242,0.0784800783973883,1,0.786
3073,0.1972056998292445,-0.00946640817962685,1,0.7865
3074,0.05076013063834722,-0.06583298766861134,1,0.787
3075,0.2714239805875642,-0.06628547092025931,1,0.7875
3076,0.25559797694752096,-0.17304959740388198,1,0.788
3077,0.2900899889300177,0.058028681655407796,1,0.7885
3078,0.27413583187758167,-0.05303158645742449,1,0.789
3079,0.22665563399810934,0.060411182706118755,1,0.7895
3080,0.3382872958095273,0.049389828302907716,1,0.79
3081,0.28500505466995385,-0.054954790837190674,1,0.7905
3082,0.07578225118611523,-0.026209744247363453,1,0.791
3083,0.019252220941955042,0.0508240847411616,1,0.7915
3084,0.015701432701732868,0.008645489388815389,1,0.792
3085,0.04619642422018174,0.13483160265848082,1,0.7925
3086,0.026769435452639323,0.1903313678882382,1,0.793
3087,0.15181766751700446,0.24047910951561619,1,0.7935
3088,-0.09598875525786803,0.14572480726809633,1,0.794
3089,0.0023108407508965357,0.032874433513383136,1,0.7945
3090,-0.20920804466553797,-0.011505599218751834,1,0.795
3091,-0.04886034502563698,0.018751074754645512,1,0.7955
3092,-0.10152449185924386,0.06431625141069953,1,0.796
3093,-0.033611801420825586,-0.1722323176271011,1,0.7965
3094,-0.13701272446924512,-0.09837656692807215,1,0.797
3095,0.03565531805798036,-0.08143244171349812,1,0.7975
3096,0.08446183989989982,-0.0994806981235657,1,0.798
3097,0.11972812965852277,0.04920447888165427,1,0.7985
3098,0.08422370507873954,0.053832315529470806,1,0.799
3099,0.14443839047431378,0.17530585063511442,1,0.7995
3100,0.04124088900947524,0.10136615547734415,1,0.8
3101,0.15363161645005047,0.1937169487303267,1,0.8005
3102,0.26949932600526494,0.3077706574236225,1,0.801
3103,0.31485013653609273,0.3669389119387705,1,0.8015
3104,0.19679963274249418,0.1873418708753124,1,0.802
3105,0.24867655233363462,0.16828397469820172,1,0.8025
3106,0.07893166684706424,0.11083368985842598,1,0.803
3107,0.1792009969258965,0.15373272332948668,1,0.8035
3108,0.17626043949591105,0.18928971760506325,1,0.804
3109,-0.02746507117790084,0.06817823441221096,1,0.8045
3110,-0.07977929524920357,0.08868091099612188,1,0.805
3111,-0.08442098817726912,-0.1315113621531156,1,0.8055
3112,-0.10467235619520517,0.07818726736899148,1,0.806
3113,-0.20907740371218436,-0.02802890075671524,1,0.8065
3114,-0.11795027615065379,0.003598246870801111,1,0.807
3115,-0.10834602590999637,-0.034378379300980345,1,0.8075
3116,-0.11981961158904589,0.09338964251723908,1,0.808
3117,-0.17997472474226273,-0.23116181929320942,1,0.8085
3118,-0.039060005680415025,-0.13009032541074175,1,0.809
3119,0.0881122904779017,-0.14092289489464874,1,0.8095
3120,-0.007206775802037199,-0.16194096241115624,1,0.81
3121,-0.03910707005333389,0.040396090464360074,1,0.8105
3122,0.023494491768588137,-0.09624718716290087,1,0.811
3123,-0.03343836392954591,0.024114282082826323,1,0.8115
3124,-0.026954390893474525,0.03117362457106084,1,0.812
3125,0.04776117145751865,0.1509986815971858,1,0.8125
3126,-0.17036522314426045,0.03596500464621974,1,0.813
3127,0.04393945003596626,-0.0191574150311219,1,0.8135
3128,-0.01747784448876424,0.10484464185167647,1,0.814
3129,-0.038454186138686695,0.10535827789151411,1,0.8145
3130,-0.037239280451986184,-0.06562524846655854,1,0.815
3131,-0.03763688861074584,-0.07383903996271612,1,0.8155
3132,-0.2068740476465359,-0.022032486944495708,1,0.816
3133,0.014078327574178318,0.05437135764486287,1,0.8165
3134,-0.049482654522391936,-0.03790403257050316,1,0.817
3135,0.018834118603555862,-0.30420149480445424,1,0.8175
3136,0.09161065186282022,-0.14919345552708652,1,0.818
3137,-0.041499619057271134,-0.2806180275341148,1,0.8185
3138,0.049930614028006234,-0.4115190978623696,1,0.819
3139,-0.009255626390256958,-0.603859521923948,1,0.8195
3140,0.09410288589589708,-0.38907558047495444,1,0.82
3141,-0.1590376984146884,-0.3615128810680369,1,0.8205
3142,-0.07710118330417082,-0.3343159375442609,1,0.821
3143,-0.15425408508530516,-0.14981104488569932,1,0.8215
3144,-0.07245651097901878,-0.10202809464888228,1,0.822
3145,-0.0427457133761826,0.06514356689072298,1,0.8225
3146,-0.1181469708016178,-0.11946026683257287,1,0.823
3147,-0.15492928291142982,-0.0655540196250193,1,0.8235
3148,-0.13946819784307618,-0.22863682732911916,1,0.824
3149,-0.21982392631079545,-0.18205932288768065,1,0.8245
3150,-0.08953644559418741,-0.18905458121778276,1,0.825
3151,-0.1565897652944957,-0.09610251083321726,1,0.8255
3152,-0.4115136147871178,-0.09671811156212422,1,0.826
3153,-0.3313673041228,-0.01954013201567227,1,0.8265
3154,-0.42612884899421255,0.03729452871823028,1,0.827
3155,-0.518215082179462,0.2349795429916814,1,0.8275
3156,-0.5625103678281982,0.1255223856910115,1,0.828
3157,-0.48202989816746045,0.03586094626313843,1,0.8285
3158,-0.32510696642411263,0.07427592538244523,1,0.829
3159,-0.3083547019182077,-0.02542850021893686,1,0.8295
3160,-0.3431952498997324,0.14804373166207335,1,0.83
3161,-0.25283314099823145,0.060049632933938876,1,0.8305
3162,-0.30056749059075777,0.01340524473930823,1,0.831
3163,-0.3256504735702386,-0.025680960218314855,1,0.8315
3164,-0.40099679814266886,0.05846581881653039,1,0.832
3165,-0.5134761016318448,0.01570989024991288,1,0.8325
3166,-0.467377071077852,-0.041558187754964594,1,0.833
3167,-0.4186637241442514,0.14362151016880265,1,0.8335
3168,-0.40107372281139536,-0.0036939705701165004,1,0.834
3169,-0.4078400437248485,0.03241972771953098,1,0.8345
3170,-0.4596007491480058,0.08494886420848582,1,0.835
3171,-0.33728784343776114,-0.10230997917322879,1,0.8355
3172,-0.4719661228017169,0.0018031477172232302,1,0.836
3173,-0.3067632353280109,-0.126699068941915,1,0.8365
3174,-0.4258694799299941,0.002522434846958105,1,0.837
3175,-0.42279418229170324,-0.12238508248224053,1,0.8375
3176,-0.5281158724155879,-0.007567009745399034,1,0.838
3177,-0.49384799282542735,0.07896575703322423,1,0.8385
3178,-0.3572123115721349,0.13440484552056975,1,0.839
3179,-0.3109189759465135,0.1274416927854134,1,0.8395
3180,-0.19587286783674507,0.08698212156193667,1,0.84
3181,-0.1585851588926075,0.025391077817490677,1,0.8405
3182,-0.26427993853962495,0.18232510985120803,1,0.841
3183,-0.23922243322431294,0.05083033030445486,1,0.8415
3184,-0.3008373544082215,-0.031308321459588964,1,0.842
3185,-0.11921165220832275,0.05801189908141321,1,0.8425
3186,-0.28145706229009126,-0.049919760441944204,1,0.843
3187,-0.11526796409764047,-0.11365655589230872,1,0.8435
3188,-0.06430251013473472,-0.2271826311143134,1,0.844
3189,0.10980012486147576,-0.21692611198936057,1,0.8445
3190,0.0056206626135153065,-0.19570001447787058,1,0.845
3191,0.10754465098456811,-0.14747825781364876,1,0.8455
3192,0.29437817302867975,-0.041539763827466436,1,0.846
3193,0.14712613141920858,-0.006433857736300806,1,0.8465
3194,0.023085106006893064,-0.03242854985926802,1,0.847
3195,-0.13001210036087799,-0.04170534399273778,1,0.8475
3196,0.00018947447167426412,0.01746070287002042,1,0.848
3197,-0.22720496623111722,0.1289100739214594,1,0.8485
3198,-0.17349804269096034,0.09779047632794331,1,0.849
3199,-0.12852899678001528,0.043677232827044186,1,0.8495
3200,-0.11064925719230587,-0.04976708625372947,1,0.85
3201,-0.06240376693097086,-0.16603051737815505,1,0.8505
3202,-0.04840805173618887,-0.04916153059062571,1,0.851
3203,0.08012062021033474,-0.010640552747079805,1,0.8515
3204,-0.06168168146853552,0.0399265545876233,1,0.852
3205,-0.08067233666387402,0.009860396418676469,1,0.8525
3206,-0.14417385096596746,0.15594297270918672,1,0.853
3207,-0.027686830392481668,0.05195890815534432,1,0.8535
3208,0.030175605314227125,0.1636185235370486,1,0.854
3209,0.05492184600264259,0.11086578553650496,1,0.8545
3210,0.16035515588484647,0.0461227167392064,1,0.855
3211,-0.005114439405937407,0.11350928994500205,1,0.8555
3212,0.2117602942770052,0.12285423280235572,1,0.856
3213,0.27784570691564775,0.1388442275194804,1,0.8565
3214,0.30379771215706486,0.12347751581970354,1,0.857
3215,0.4438122302460392,0.10557692756608171,1,0.8575
3216,0.19176433102696558,0.3334580916922817,1,0.858
3217,0.1957574540637259,0.3521408941744021,1,0.8585
3218,0.10145342567812997,0.37002623126228923,1,0.859
3219,0.19174722400173008,0.3244977621127516,1,0.8595
3220,0.040470288144262456,0.3896063478568015,1,0.86
3221,0.15755585502082503,0.37114891318489185,1,0.8605
3222,0.2437282138554451,0.32543202615587136,1,0.861
3223,0.2630239748279145,0.2595598620088628,1,0.8615
3224,0.25930795141953233,0.22998283367249975,1,0.862
3225,0.13570462921001883,-0.11270512736876248,1,0.8625
3226,0.07453006633933452,0.0035899130137862813,1,0.863
3227,0.210391319096273,-0.07271506884519854,1,0.8635
3228,0.22652871175009742,0.11449296846777829,1,0.864
3229,0.19513267084118593,0.056844872868021826,1,0.8645
3230,0.14324726145315175,-0.056634991496488055,1,0.865
3231,-0.0580926291868909,-0.02726184742192805,1,0.8655
3232,-0.0989666409446329,-0.13489578748899664,1,0.866
3233,0.11433413539112536,-0.043557274359272265,1,0.8665
3234,-0.08913506814896133,-0.029696418058252176,1,0.867
3235,-0.0002328181499311223,0.0669976443158519,1,0.8675
3236,0.07386418598487278,-0.044069816595637926,1,0.868
3237,-0.08124360065428493,-0.008505918330045045,1,0.8685
3238,-0.008115857119000792,-0.15216295759261483,1,0.869
3239,0.06454895928337956,-0.027116513884242757,1,0.8695
3240,0.037544550625052533,-0.0008461146817882459,1,0.87
3241,0.3287317237267222,0.04267175903215771,1,0.8705
3242,0.04164247353572953,0.026666629930457274,1,0.871
3243,0.22947785422784225,0.06822246661819739,1,0.8715
3244,0.13289928085777775,0.20940721061079184,1,0.872
3245,0.22577494026668682,0.11859234227139803,1,0.8725
3246,0.21946546358726998,0.13755697453699303,1,0.873
3247,0.12609614052136836,0.005478483292594247,1,0.8735
3248,0.16439696263493603,-0.050799945440035965,1,0.874
3249,-0.04932312540245659,-0.020673946424067755,1,0.8745
3250,0.08004996360614623,0.08540715111313983,1,0.875
3251,0.06304888714200332,0.02282761554312173,1,0.8755
3252,0.1257103382313561,0.01099794322505734,1,0.876
3253,0.20015270159012968,-0.028379429914595397,1,0.8765
3254,0.19456670644445573,-0.06857844954991242,1,0.877
3255,0.19159477632353994,-0.020105685065147802,1,0.8775
3256,0.08522004406133143,-0.1786700037149718,1,0.878
3257,0.03738838296895573,0.011739989195579253,1,0.8785
3258,0.16667250501750597,-0.10200559444680123,1,0.879
3259,0.25485355847178814,0.011343319459205622,1,0.8795
3260,0.17910284295711928,-0.1444029710640756,1,0.88
3261,0.18851804804113542,-0.02048376809218079,1,0.8805
3262,0.07638024421244043,0.019687771704637196,1,0.881
3263,0.21965924546654936,0.045768003244579344,1,0.8815
3264,0.22125130291283962,-0.06615717237584198,1,0.882
3265,0.3927702990340435,-0.005252647233775012,1,0.8825
3266,0.21420526257630407,-0.13755707588774008,1,0.883
3267,0.20855345735417374,-0.11228547837921204,1,0.8835
3268,0.2125382454379527,-0.0003238123952254285,1,0.884
3269,0.2547379382416008,0.052267268066245126,1,0.8845
3270,0.195037472821583,0.03400227775347186,1,0.885
3271,0.10614775612006,-0.06361275945656557,1,0.8855
3272,0.21034064841086803,0.03320329812196397,1,0.886
3273,0.230162252137097,0.0071400137725399155,1,0.8865
3274,0.10957213574914611,-0.21950118415556077,1,0.887
3275,0.27033623720116634,-0.056636126148128185,1,0.8875
3276,0.312093253965104,-0.09123189723552103,1,0.888
3277,0.2817864732641916,0.04963814133696219,1,0.8885
3278,0.27065964638564977,-0.10094839921850748,1,0.889
3279,0.30233750692223804,-0.3683214453812121,1,0.8895
3280,0.17643009104341195,-0.22591991100112976,1,0.89
3281,0.1995624546191268,-0.2016740594631476,1,0.8905
3282,-0.04257185437641839,-0.34993143108560776,1,0.891
3283,0.12197118831018056,-0.3649637254056515,1,0.8915
3284,-0.09573816557100315,-0.03742280938722231,1,0.892
3285,0.1294904399933522,-0.14369165483068067,1,0.8925
3286,0.015960804928065342,-0.025418819188113645,1,0.893
3287,0.02725691676172717,-0.11631461092788384,1,0.8935
3288,-0.04163099907299467,-0.2875633745331812,1,0.894
3289,-0.04560541180748629,-0.22439022415406865,1,0.8945
3290,0.1020005877084135,-0.2370787204252495,1,0.895
3291,-0.20126213657070574,-0.24278267941304504,1,0.8955
3292,0.037539432978919374,-0.2209790935957195,1,0.896
3293,-0.004052633073689277,-0.17100569639458787,1,0.8965
3294,-0.11187191473625932,-0.17605113506639822,1,0.897
3295,-0.1758701780687862,-0.2781780130815902,1,0.8975
3296,0.0285556214586708,-0.1677998927911578,1,0.898
3297,-0.1301783685397065,-0.36835931879118383,1,0.8985
3298,-0.1848753857458186,-0.4753582684941061,1,0.899
3299,-0.036247287772930153,-0.31284935269113656,1,0.8995
3300,-0.04335570075891225,-0.2621041385784955,1,0.9
3301,-0.13068016444086628,-0.2465084425231699,1,0.9005
3302,-0.06975231135173154,-0.357987869865281,1,0.901
3303,-0.18363070450732655,-0.354448168985607,1,0.9015
3304,-0.021021976267654882,-0.33574571560831806,1,0.902
3305,0.03843469937452246,-0.45663897013439814,1,0.9025
3306,0.06995484662661133,-0.4411850913790615,1,0.903
3307,0.0896694239130252,-0.3229517540047195,1,0.9035
3308,0.2509069208225359,-0.16841983267832417,1,0.904
3309,0.17741361240625164,-0.22767677362469602,1,0.9045
3310,0.06353283114843164,-0.10780909519335384,1,0.905
3311,0.13629117369416516,-0.3156743606075554,1,0.9055
3312,0.30943925851473997,-0.15666987131651267,1,0.906
3313,0.12507495789850828,-0.2572710226801379,1,0.9065
3314,0.13173047562412837,-0.16812910533787223,1,0.907
3315,0.15820537655417477,-0.19404561548052987,1,0.9075
3316,0.12905188371916945,-0.030661200390595778,1,0.908
3317,0.02666238516002263,-0.1557374827714219,1,0.9085
3318,0.1668987818348115,-0.04131955759251653,1,0.909
3319,0.3401420568506196,-0.09316448861360754,1,0.9095
3320,0.27376801456320593,-0.08394268895026755,1,0.91
3321,0.17589659681950942,-0.0940338125369146,1,0.9105
3322,0.032772309955319906,-0.1641087568615105,1,0.911
3323,0.09822996314116285,-0.12682902326033807,1,0.9115
3324,0.17915740520291945,-0.12660626873431363,1,0.912
3325,0.18448020671363868,-0.08655528331322737,1,0.9125
3326,0.16419496149717366,-0.07746322527865175,1,0.913
3327,0.09493387373346518,0.009758337006040785,1,0.9135
3328,-0.0029975505825777793,0.07846565830825175,1,0.914
3329,0.11015676440298111,-0.05413084224595398,1,0.9145
3330,0.1565719556055739,0.07368342740769833,1,0.915
3331,-0.027582775984834662,-0.08713056093207099,1,0.9155
3332,0.18940581890883978,0.0240537831020583,1,0.916
3333,0.1627757806392536,0.0543063791486189,1,0.9165
3334,0.29444667857078344,-0.15142847285132993,1,0.917
3335,0.09128796648573462,-0.07000595325519882,1,0.9175
3336,0.006524367921131896,-0.12922125539103058,1,0.918
3337,0.01640407972166983,-0.17366462887243994,1,0.9185
3338,0.06207820089886089,-0.0054598270152693695,1,0.919
3339,0.22180422674851386,-0.11384110083746563,1,0.9195
3340,0.22231388770027974,-0.15218336605165383,1,0.92
3341,0.17566147296351864,-0.11578738764365468,1,0.9205
3342,0.06945412932160587,-0.04238666553757672,1,0.921
3343,0.21737097675393413,-0.07045388990058163,1,0.9215
3344,0.05478828227377075,0.06220272023881964,1,0.922
3345,0.26093111786767487,0.0729772617668756,1,0.9225
3346,0.1445566904420852,-0.15664491373935646,1,0.923
3347,0.32407155688733863,-0.13022851350704717,1,0.9235
3348,0.30570307027095656,-0.17734175884441672,1,0.924
3349,0.2669437602845297,-0.0952992481894816,1,0.9245
3350,0.1999375400693921,-0.36764295497060173,1,0.925
3351,0.16595486439238616,0.0037974403985629457,1,0.9255
3352,0.20238584989377306,-0.041252821310810754,1,0.926
3353,0.17893361887575138,-0.009470752683064562,1,0.9265
3354,0.10869478548671224,0.1014659286275045,1,0.927
3355,0.10233381592298953,0.2942183074027057,1,0.9275
3356,0.10186642817172237,0.2946293976847239,1,0.928
3357,-0.12105340776155095,0.3536193363760529,1,0.9285
3358,0.003744695273456014,0.30819147453621937,1,0.929
3359,-0.13204132763607238,0.2687285284815575,1,0.9295
3360,-0.19343462832018116,0.1990905128392843,1,0.93
3361,-0.3244076099940014,0.11089070884031554,1,0.9305
3362,-0.43206420427924425,0.05222183827506592,1,0.931
3363,-0.4921055558769759,-0.0735378484105765,1,0.9315
3364,-0.4957846905730079,-0.038818959872064546,1,0.932
3365,-0.2497765673542407,-0.21186164174346628,1,0.9325
3366,-0.3511893151739672,-0.12120953143697634,1,0.933
3367,-0.2678715486838494,-0.1344849593696014,1,0.9335
3368,-0.2260315851118669,-0.10013559214044347,1,0.934
3369,-0.20287389705069006,-0.1495473939348311,1,0.9345
3370,-0.19727815983657346,0.18922721363843026,1,0.935
3371,-0.2987584413770755,0.21194763453097418,1,0.9355
3372,-0.09334575794929614,0.056140153687208,1,0.936
3373,0.03508467718108818,0.11453883386977598,1,0.9365
3374,-0.17521879048840452,0.024439506599907762,1,0.937
3375,-0.1970087302273542,-0.0556964632757956,1,0.9375
3376,-0.19875190952063448,-0.16154149394711553,1,0.938
3377,-0.2748075442716061,-0.0706864604049014,1,0.9385
3378,-0.1739135440735675,-0.15494770718558565,1,0.939
3379,-0.25961760996628364,-0.017128561859998698,1,0.9395
3380,0.008560977578819823,0.047059660654616586,1,0.94
3381,0.04630616299176642,0.1615582510330402,1,0.9405
3382,0.05160939413192729,0.026332299581677432,1,0.941
3383,0.1475561117086595,0.10738592519050874,1,0.9415
3384,0.21460652770050478,0.1360587066973798,1,0.942
3385,0.11663600132707641,0.06491051384297675,1,0.9425
3386,0.052741834652200795,-0.0005509687073529251,1,0.943
3387,0.07445020748640815,0.1782546915436214,1,0.9435
3388,0.14665628733729955,0.13154899155626676,1,0.944
3389,0.12423487451364394,0.19251620358395932,1,0.9445
3390,-0.0391618373097235,0.0712668994060891,1,0.945
3391,-0.06650908442682515,-0.025882703277514657,1,0.9455
3392,-0.059051288208449945,-0.053298269073254675,1,0.946
3393,-0.06295005868570054,-0.052023840332617206,1,0.9465
3394,0.1417687960050255,-0.15276483418036613,1,0.947
3395,-0.07242253424259468,-0.1084889384232058,1,0.9475
3396,0.049636042439538314,-0.27692973138579513,1,0.948
3397,0.15696617602377355,-0.3107680486743022,1,0.9485
3398,0.33621549288840524,-0.1985567497387724,1,0.949
3399,0.20837940622177908,-0.14614394236110012,1,0.9495
3400,0.275035236871609,-0.1829385875571201,1,0.95
3401,0.28451099970936383,-0.25357679559367563,1,0.9505
3402,0.2727653440424301,-0.30777106597761106,1,0.951
3403,0.23912798621433656,-0.2948986449056369,1,0.9515
3404,0.2689039338913355,-0.20026317897976773,1,0.952
3405,-0.020143852322866307,-0.11070158910891817,1,0.9525
3406,0.13679181777994398,-0.1724874909390774,1,0.953
3407,0.0886497253373032,-0.2510825356135513,1,0.9535
3408,0.07197989085853856,-0.17395415189926655,1,0.954
3409,0.2744690716882699,-0.2579216039832853,1,0.9545
3410,0.11878200839146827,-0.2571717978639875,1,0.955
3411,0.11330232763485883,-0.09570202418203572,1,0.9555
3412,0.30277132931882916,-0.047045609271635036,1,0.956
3413,0.1324473653967695,-0.039468319367150506,1,0.9565
3414,0.11528828974005656,-0.16431452146027045,1,0.957
3415,0.09420464111997978,-0.0898475235851019,1,0.9575
3416,0.17518271980695976,0.00575874424216119,1,0.958
3417,0.15415127495550113,-0.05915024341518661,1,0.9585
3418,0.015783046200162326,0.10074579996923907,1,0.959
3419,0.0024983538940287764,0.17399076931771654,1,0.9595
3420,-0.05450151712475518,0.30036849495090595,1,0.96
3421,-0.03967350862894903,0.26187923383508105,1,0.9605
3422,0.0024298055481869404,0.3021627311392926,1,0.961
3423,0.031376406329024664,0.39856561544565605,1,0.9615
3424,-0.15804638994296932,0.37181558910181933,1,0.962
3425,0.020979186689011428,0.2878511389444247,1,0.9625
3426,-0.009569520369821592,0.23465258647421955,1,0.963
3427,0.1390052485442011,0.24746206954075908,1,0.9635
3428,0.12495212574464136,0.0873748558162569,1,0.964
3429,0.22680514578362135,0.10856555255750953,1,0.9645
3430,0.2202232563385779,0.20023739899352624,1,0.965
3431,0.33479807315850796,-0.06690439768172121,1,0.9655
3432,0.31917088439845603,0.169517805581351,1,0.966
3433,0.2821504279423356,0.19613320387317407,1,0.9665
3434,0.49228499412962634,0.12105623776873276,1,0.967
3435,0.4689198370884657,0.18341248759293052,1,0.9675
3436,0.48641184259240855,0.14591607669330584,1,0.968
3437,0.30489261502815124,0.26360295374131015,1,0.9685
3438,0.20002836004825952,0.2995775486542218,1,0.969
3439,0.2407563487515864,0.11662782099886096,1,0.9695
3440,0.21901443704225376,0.21478230223818062,1,0.97
3441,0.14222331034999655,0.14284189750171397,1,0.9705
3442,0.16513658728388003,0.15613722584734888,1,0.971
3443,0.3006116382796866,0.06257219980987243,1,0.9715
3444,0.29944820660800586,0.25736267770928406,1,0.972
3445,0.1557515644734357,0.2777505755388051,1,0.9725
3446,0.1721345179521688,0.16790748919760579,1,0.973
3447,0.06950953202807592,0.047818320056039865,1,0.9735
3448,0.05457608296164007,0.03856183359984336,1,0.974
3449,0.012236942822442545,0.08051984255649325,1,0.9745
3450,-0.024049567678442973,0.08382161630125567,1,0.975
3451,-0.1362721949576725,0.19918656287308484,1,0.9755
3452,-0.1017436554299554,0.2236006309384886,1,0.976
3453,-0.157988615430006,0.28958373085196143,1,0.9765
3454,-0.41826113488721706,0.2722766457598936,1,0.977
3455,-0.09305606311116571,0.10927866162426053,1,0.9775
3456,-0.07243501291119732,0.12516612059562215,1,0.978
3457,-0.10900789917256772,0.21325571354161837,1,0.9785
3458,-0.08525333840283998,0.15993240118181382,1,0.979
3459,-0.20101980752523047,0.20871504341499234,1,0.9795
3460,0.02338440174509629,0.14056945104076807,1,0.98
3461,0.14345356826679978,0.04248824798053685,1,0.9805
3462,0.10875683430826122,0.05415542325338023,1,0.981
3463,0.21064323548353114,0.07595183142167213,1,0.9815
3464,0.17654166947598943,-0.003965018333289438,1,0.982
3465,0.03544542844305995,-0.003843042148245022,1,0.9825
3466,0.03304742101226707,-0.09742101867500319,1,0.983
3467,0.04365487781747394,0.0520291836430297,1,0.9835
3468,-0.009347618880179938,-0.02650850963842882,1,0.984
3469,-0.01437743572636938,0.14449380126935732,1,0.9845
3470,-0.020570702850787055,0.23225080815027288,1,0.985
3471,-0.024743502214929176,0.17421997608322948,1,0.9855
3472,-0.0157914631344453,0.07222441511626569,1,0.986
3473,-0.12295843518480604,-0.11397012479635335,1,0.9865
3474,-0.15021411496401083,-0.19468423866833767,1,0.987
3475,-0.25547442610384524,-0.28815946044646823,1,0.9875
3476,-0.10056733518289035,-0.09297746239529328,1,0.988
3477,-0.34754742312492026,-0.1292087881143638,1,0.9885
3478,-0.1233396200981267,-0.06623094246868494,1,0.989
3479,-0.039633059270067744,-0.30000404165061656,1,0.9895
3480,-0.09099978028974079,-0.3199372040236594,1,0.99
3481,-0.3268034947375946,-0.19243841875455645,1,0.9905
3482,-0.2595130871262081,-0.1816734729572248,1,0.991
3483,-0.2601673168258852,-0.18094711889358195,1,0.9915
3484,-0.3350141382262849,-0.10614889886170517,1,0.992
3485,-0.3305805173643607,0.04612563397604219,1,0.9925
3486,-0.14583303200016676,-0.025837438593008865,1,0.993
3487,-0.12018125817923415,0.0050887103222212356,1,0.9935
3488,-0.2083150759454005,0.014645305256726289,1,0.994
3489,-0.32080333998055377,0.2495268756604977,1,0.9945
3490,-0.28767825853292955,-0.05561299585606738,1,0.995
3491,-0.29019363504896767,0.1092010794968831,1,0.9955
3492,-0.21079973985292783,0.037555110920712925,1,0.996
3493,-0.26706960568321286,0.1118057497084356,1,0.9965
3494,-0.1723317278296199,0.01262347848524678,1,0.997
3495,0.00999548560328714,0.036085863469940804,1,0.9975
3496,0.03584787525751259,0.09658143044099077,1,0.998
3497,0.019698520102416437,0.3800675474414907,1,0.9985
3498,0.00425842753337417,0.3378462993316666,1,0.999
3499,-0.02720270086723769,0.23186025177146907,1,0.9995
3500,0.1030199989848841,0.07783610761666378,1,1.0
3501,-0.009080155464371131,-0.008416907062855077,1,1.0
3502,0.029980177316840807,-0.06351920029494464,1,1.0
3503,0.02038384993890168,-0.04097403803691851,1,1.0
3504,-0.02895405612275995,-0.060658645163127335,1,1.0
3505,-0.14850383348039556,-0.09401020344167947,1,1.0
3506,-0.0654910665632985,-0.00496497086827434,1,1.0
3507,-0.08994618716763612,0.06434847730358263,1,1.0
3508,-0.023590985325914235,0.04596028375085201,1,1.0
3509,-0.09449847798975608,0.19463372154711217,1,1.0
3510,0.058305747489676873,0.016399406640172393,1,1.0
3511,-0.08104347302430517,0.048863814520265274,1,1.0
3512,0.14006966883410923,-0.03744412135606962,1,1.0
3513,-0.11503489158965219,-0.1944609901648682,1,1.0
3514,0.01647697215213057,-0.13617789909001174,1,1.0
3515,0.022918784067045034,-0.15221978734179586,1,1.0
3516,-0.06086134470822205,0.019159732192132073,1,1.0
3517,0.012798222181281543,0.02891107156821824,1,1.0
3518,0.1173723968723182,-0.07932411983434993,1,1.0
3519,-0.14741897915763108,0.14648810620327435,1,1.0
3520,-0.0029651876838017246,0.18619899732419493,1,1.0
3521,-0.2953318883905781,0.21387560060236085,1,1.0
3522,-0.2746551696918082,0.1615366496736918,1,1.0
3523,-0.09047603184216385,0.06514074631257534,1,1.0
3524,-0.19486037335204617,0.05032476508254745,1,1.0
3525,-0.2614470300047741,0.1586119449137197,1,1.0
3526,-0.23512010290694652,0.29872322706645693,1,1.0
3527,-0.01271553692924493,0.38114187254120896,1,1.0
3528,-0.2613335777502335,0.269417149466035,1,1.0
3529,-0.26574579889284805,0.16403110811308258,1,1.0
3530,-0.08810438434281626,0.19333243439878045,1,1.0
3531,0.0531838640802291,-0.011635143483092136,1,1.0
3532,-0.004864119283735809,0.083335415648257,1,1.0
3533,-0.110868582598837,0.03175044771415969,1,1.0
3534,0.14160396483649296,-0.002552756863851313,1,1.0
3535,0.21114604329716435,-0.15147682653074243,1,1.0
3536,0.23706351420546978,-0.0402919123206292,1,1.0
3537,0.12434168661868915,-0.1228882793177914,1,1.0
3538,0.14082113214905073,-0.2028122248578924,1,1.0
3539,0.10575917717055411,-0.4457800400382378,1,1.0
3540,0.13878697640860546,-0.331063181985374,1,1.0
3541,0.2601000828094631,-0.15514676153572135,1,1.0
3542,0.2856378467219998,-0.02628109006225801,1,1.0
3543,0.14167512517756298,-0.10802230815669839,1,1.0
3544,0.3083460741250915,-0.1329189179488745,1,1.0
3545,0.25882339602963933,-0.06528061760883183,1,1.0
3546,0.31650443944120266,-0.1788825898687906,1,1.0
3547,0.41420376840147366,-0.0967345492219773,1,1.0
3548,0.23231556792188984,-0.03509747865535451,1,1.0
3549,0.2600679134029297,0.07261447042862487,1,1.0
3550,0.17258996328240322,0.023024031012573297,1,1.0
3551,0.02478840945377525,0.015231384718434854,1,1.0
3552,0.10132103241747811,-0.0717522185408232,1,1.0
3553,0.31938479744506176,-0.12116995111294947,1,1.0
3554,0.0380194137417052,-0.11687552542016931,1,1.0
3555,0.11539902637359462,-0.06973974990436861,1,1.0
3556,0.14469953345414568,0.014451955054652993,1,1.0
3557,0.1337472481501839,-0.09256864700655328,1,1.0
3558,0.11234540367477999,0.0980632552084161,1,1.0
3559,-0.022390219694659264,0.003954998918826801,1,1.0
3560,0.043548163579654804,0.0296552464789773,1,1.0
3561,-0.05626456546219753,-0.05574152035174792,1,1.0
3562,-0.23968646070127742,-0.26697236429464977,1,1.0
3563,-0.04123202400805265,-0.08850133504620925,1,1.0
3564,-0.0008065706310105558,-0.05950812060687714,1,1.0
3565,-0.007687451895914146,-0.0903880285898104,1,1.0
3566,0.018053026493718604,-0.06538618161346219,1,1.0
3567,0.11595738159901306,-0.014754195774610485,1,1.0
3568,0.09742430258533169,-0.18472295763745922,1,1.0
3569,0.18364355150703437,-0.16816530104948815,1,1.0
3570,0.10966520159243512,-0.07688959995874792,1,1.0
3571,0.252090560264966,-0.22201229260702013,1,1.0
3572,0.21623246922997852,-0.12691846233517354,1,1.0
3573,0.22477184397806432,-0.2784129456455507,1,1.0
3574,0.07272673828462897,-0.15848030784452982,1,1.0
3575,0.13976318159436754,-0.18217621663013142,1,1.0
3576,0.022480438692564095,-0.31836300392198874,1,1.0
3577,-0.0084110549590007,-0.12919673189651554,1,1.0
3578,-0.0798400641992433,-0.24648609799431087,1,1.0
3579,-0.1570508481971687,-0.2676759220669793,1,1.0
3580,0.09429461212362197,-0.21449446291538657,1,1.0
3581,0.1425954190138629,-0.09413571942645418,1,1.0
3582,0.30588238525983047,-0.22241195242832817,1,1.0
3583,0.10401855490450078,-0.15551990230013596,1,1.0
3584,0.16130122351173887,-0.11715387707552272,1,1.0
3585,-0.001364461942016032,-0.04763773620904001,1,1.0
3586,-0.02199779783139437,-0.04608464932035831,1,1.0
3587,-0.10542071562309892,-0.07864489436325922,1,1.0
3588,0.0541066319208785,-0.143771353478935,1,1.0
3589,-0.038785203344578564,-0.10124189209170129,1,1.0
3590,0.09979880093891805,-0.21109044249726194,1,1.0
3591,0.10865580851882906,-0.4491618814753283,1,1.0
3592,0.32549700060345177,-0.28916828121860877,1,1.0
3593,0.07995052060374735,-0.21785604906514422,1,1.0
3594,0.2715427365219638,-0.453757357358853,1,1.0
3595,0.3015548851343753,-0.43858429960584877,1,1.0
3596,0.16505786823451085,-0.3373623608706453,1,1.0
3597,0.29021452012833504,-0.12824315943297193,1,1.0
3598,0.2572605688499771,-0.17607523315343598,1,1.0
3599,0.21867307135314598,-0.21691838184486661,1,1.0
3600,0.12598846476968073,-0.20126324316343477,1,1.0
3601,0.06928405512283363,-0.048345818536702334,1,1.0
3602,0.284348182083197,-0.15398288198350535,1,1.0
3603,0.19146240768251654,-0.18681267541613927,1,1.0
3604,0.27839489938761497,-0.2065568220629384,1,1.0
3605,0.14538572377056863,-0.27531075668847604,1,1.0
3606,0.09276460945646178,-0.2148864690324876,1,1.0
3607,0.2074729637300419,-0.0490572625790793,1,1.0
3608,0.017355539919810453,-0.061592370945590946,1,1.0
3609,0.031133836280371682,-0.07690795155370712,1,1.0
3610,0.027289704851389353,-0.09380360910745597,1,1.0
3611,0.036851233978950355,-0.23567363180025144,1,1.0
3612,0.01238832334117139,-0.08123428409767172,1,1.0
3613,0.05807034230798025,-0.12722637969995865,1,1.0
3614,0.10784427796892071,-0.11875410440833926,1,1.0
3615,0.15559142401967951,0.20989038022949497,1,1.0
3616,0.02712775693570124,0.12018328765176381,1,1.0
3617,0.03453857157444488,0.059897981650388316,1,1.0
3618,0.14833775621307108,0.029358015665207786,1,1.0
3619,0.18882894395756333,0.15042877481391664,1,1.0
3620,0.020512748090352917,0.11039171064168876,1,1.0
3621,0.10410432207670092,-0.03246413900254844,1,1.0
3622,-0.1292061072643546,0.10556192324849793,1,1.0
3623,-0.04159887752956552,-0.013216496305565185,1,1.0
3624,0.126055542977552,0.21106845681296482,1,1.0
3625,-0.03163560919923708,0.2306809317675742,1,1.0
3626,-0.06459700717543486,0.15699690653855883,1,1.0
3627,0.028154091092253926,0.29150405962691883,1,1.0
3628,-0.1567667990182427,0.2287870587904593,1,1.0
3629,-0.14888935507177337,0.31000082067457313,1,1.0
3630,-0.07671953899036155,0.30310989177132913,1,1.0
3631,-0.15412711468468926,0.19023051576608202,1,1.0
3632,-0.13908912922901917,0.14071629375930172,1,1.0
3633,-0.055273040911314825,0.24449501274352176,1,1.0
3634,-0.03273595496183852,0.15543436256324947,1,1.0
3635,-0.00954164562095737,0.12624427503680652,1,1.0
3636,-0.049458001788129854,0.026864615856123444,1,1.0
3637,0.004468816767730414,0.09635195858406212,1,1.0
3638,-0.024529378485776368,0.2721230518315888,1,1.0
3639,0.03240357893143178,0.08542612724874461,1,1.0
3640,-0.03760986869867167,0.1353145375659992,1,1.0
3641,-0.031101744977727577,0.24803861625576584,1,1.0
3642,-0.12893978685143945,0.18145339189868775,1,1.0
3643,-0.09019515660480552,0.2285207996409158,1,1.0
3644,-0.17389911638119965,0.08530914453946782,1,1.0
3645,-0.2428026618263608,0.16257243633672028,1,1.0
3646,-0.17198521722463753,0.10442177866341763,1,1.0
3647,-0.1547579512969247,0.20999779766705295,1,1.0
3648,-0.06616296245068881,0.27606381735573216,1,1.0
3649,-0.1292377198170006,0.4875939939154166,1,1.0
3650,-0.05658623594173143,0.43333885887732715,1,1.0
3651,-0.01764330028277271,0.4388611451592379,1,1.0
3652,0.016915529830976425,0.41275677491647444,1,1.0
3653,-0.07770904046646017,0.3439957792165872,1,1.0
3654,-0.026614417103464287,0.3640728843510637,1,1.0
3655,-0.0028673327965504855,0.29210232336171144,1,1.0
3656,-0.008986878118175383,0.3013293569493074,1,1.0
3657,-0.21490009254697887,0.4001880647388938,1,1.0
3658,-0.11558715656629193,0.22985738940016437,1,1.0
3659,0.0874307822358554,0.37195870917467133,1,1.0
3660,-0.018221604504072612,0.4238439490588386,1,1.0
3661,-0.05751143781721907,0.35408712948859666,1,1.0
3662,-0.0026384880704133987,0.1274199725099501,1,1.0
3663,0.012401296859243415,0.1218959236431058,1,1.0
3664,0.12592274823606348,0.24106300059495944,1,1.0
3665,-0.046512777591477664,0.17891977122001917,1,1.0
3666,0.08300718317343168,0.07974053968100825,1,1.0
3667,0.09489268275176206,0.051042763051788946,1,1.0
3668,0.06762311090903213,0.13860982238583114,1,1.0
3669,0.10291040316311689,0.1531520791671733,1,1.0
3670,0.1849789233304155,0.10958098429908388,1,1.0
3671,0.2290920129500294,0.07501177314813354,1,1.0
3672,0.0786469535617694,0.03870554427422309,1,1.0
3673,0.1979315946976189,-0.04651415994087635,1,1.0
3674,0.1358841823838503,0.1452407362646853,1,1.0
3675,0.1481973976411474,0.040958146855414296,1,1.0
3676,0.13700339240001297,0.1898629610752038,1,1.0
3677,0.11163695585252599,0.2783368258939917,1,1.0
3678,0.22725394094222595,0.32379207367375223,1,1.0
3679,0.16147165533617214,0.234614260700644,1,1.0
3680,0.053104562646054176,0.278279187556173,1,1.0
3681,0.04095124859151126,0.23493223010480538,1,1.0
3682,0.05837158962977057,0.1340729082567223,1,1.0
3683,0.17022980678502075,0.18335934215763527,1,1.0
3684,0.17995882945482697,0.03233349865561759,1,1.0
3685,0.073990711833698,0.19317584068681753,1,1.0
3686,0.3469010676045561,0.07914382427893649,1,1.0
3687,0.256815385210641,0.12555501236069108,1,1.0
3688,0.3856986252076529,0.1274049418547098,1,1.0
3689,0.2932923473300611,0.08821897145062547,1,1.0
3690,0.3450209204308775,0.1498222455743157,1,1.0
3691,0.37894710690938527,0.06886867311752459,1,1.0
3692,0.45269401145031996,0.17339760728853387,1,1.0
3693,0.49103736948083004,-0.00989880171629716,1,1.0
3694,0.5176503251308917,0.05871795911142305,1,1.0
3695,0.4263927328033732,0.22615403485779317,1,1.0
3696,0.35395613302568524,0.05327467618754533,1,1.0
3697,0.37355225068884285,0.032036519117379994,1,1.0
3698,0.42363099755511824,0.08659509929258309,1,1.0
3699,0.3439722036620631,0.07952619350472365,1,1.0
3700,0.439989818035212,0.10875725581796503,1,1.0
3701,0.512447226468364,0.13803092455696248,1,1.0
3702,0.34783318938424,0.178917878335744,1,1.0
3703,0.27874201119142517,0.25972998856415747,1,1.0
3704,0.25755765763959343,0.2504952223320689,1,1.0
3705,0.2689184647601032,0.20409036450663431,1,1.0
3706,0.18616167477123485,0.26486015552387443,1,1.0
3707,0.32759281217748637,0.4101313961558365,1,1.0
3708,0.2948108758897074,0.31227350971240686,1,1.0
3709,0.27910907401114426,0.21295059420713092,1,1.0
3710,0.112317754786746,0.3321604763666979,1,1.0
3711,0.019541793432640148,0.25114334768679814,1,1.0
3712,0.07352132752378851,0.03306719692068458,1,1.0
3713,-0.16328422807141846,0.17992549017349235,1,1.0
3714,0.02534960237869266,0.0643426345849085,1,1.0
3715,-0.04959089143144198,0.08352989957257673,1,1.0
3716,0.302159642814216,0.10261876317592004,1,1.0
3717,0.39721014332070803,0.10568019575523169,1,1.0
3718,0.3108290719119379,0.16513892811981895,1,1.0
3719,0.29502678589024367,0.08723877854147652,1,1.0
3720,0.3698229445079305,0.15319552537843986,1,1.0
3721,0.4807190634636352,0.09213428103111514,1,1.0
3722,0.2355754156869586,0.17512027432095134,1,1.0
3723,0.10692342191579704,0.1942491973032107,1,1.0
3724,0.07262319730012765,0.07554173047375229,1,1.0
3725,0.13392470327220213,0.2121980090927178,1,1.0
3726,0.15182914020411928,0.09638498008635157,1,1.0
3727,0.23825204060251723,0.2022961706077408,1,1.0
3728,0.0685302135862153,0.18702192773068402,1,1.0
3729,-0.11902064596440334,0.35672037550024494,1,1.0
3730,0.034948096027437134,0.24779220538216695,1,1.0
3731,-0.09755696346938218,0.2207597562675539,1,1.0
3732,-0.24989853571226198,0.20485155478640915,1,1.0
3733,-0.1646998358722337,0.1588208814686841,1,1.0
3734,-0.09447189341515105,0.2367421855113382,1,1.0
3735,-0.11829880002288846,0.028060514903749334,1,1.0
3736,-0.14510568665652732,-0.01750927731898437,1,1.0
3737,-0.13848927521537358,-0.10886770407818513,1,1.0
3738,-0.16368354736626062,0.02445735355475119,1,1.0
3739,-0.27456162217838515,0.1530754381675877,1,1.0
3740,-0.28531010521595246,0.08873754711323081,1,1.0
3741,-0.20142655928170555,0.08228298739921373,1,1.0
3742,-0.17428111299615906,0.0829962728848156,1,1.0
3743,-0.14819065498552506,0.19067049021147253,1,1.0
3744,-0.2407135750755007,0.04656586257327078,1,1.0
3745,-0.20703565775452465,0.10897756288088274,1,1.0
3746,-0.41414197181965046,0.17687605947875384,1,1.0
3747,-0.2927482140296087,0.18892832154550165,1,1.0
3748,-0.15700574918230362,0.1853779724308015,1,1.0
3749,-0.32944112692247535,0.2680098891788455,1,1.0
3750,-0.30335916823995185,-0.053903904063376,1,1.0
3751,-0.24793716114970074,0.11584815626871882,1,1.0
3752,-0.11448578371905763,-0.012069845770523897,1,1.0
3753,-0.18789508020635973,-0.15555075026734438,1,1.0
3754,-0.21630781616612277,-0.045831143939065726,1,1.0
3755,-0.3830455280031899,0.06320194307265302,1,1.0
3756,-0.2843758487209401,0.010426971199102901,1,1.0
3757,-0.08133156361914662,0.12050422036155153,1,1.0
3758,-0.1063758465913024,0.23665844937552633,1,1.0
3759,-0.09045287495889676,0.309637781092186,1,1.0
3760,-0.05397624787603022,0.42077665640510875,1,1.0
3761,-0.06063081160814736,0.41957007727791024,1,1.0
3762,-0.13387279855371048,0.38551840717843805,1,1.0
3763,-0.016184931046899942,0.19698548630071905,1,1.0
3764,-0.02729664588307766,0.20924056512096798,1,1.0
3765,-0.019472141650550848,0.10031532543117731,1,1.0
3766,-0.1174088814830788,0.34005563654477816,1,1.0
3767,0.05406382180846339,0.2165393983129864,1,1.0
3768,0.06368590317346538,0.24426081062967384,1,1.0
3769,-0.0008613952901119562,0.266666843475747,1,1.0
3770,0.11877141914616617,0.2376385939115957,1,1.0
3771,0.0212473490621454,0.39208831343275685,1,1.0
3772,-0.029820514069966608,0.2442796300596876,1,1.0
3773,-0.08748841547136506,0.2836550175893639,1,1.0
3774,-0.23854605881261814,0.16922984100171978,1,1.0
3775,-0.12221992188715984,0.05463215875577043,1,1.0
3776,-0.3280102586099164,0.022371338463449644,1,1.0
3777,-0.35631651485867405,0.026108770999959716,1,1.0
3778,-0.5197517874060327,-0.02055355831271528,1,1.0
3779,-0.42735299618031114,-0.07374160167502686,1,1.0
3780,-0.4273693799571837,-0.1910427748660141,1,1.0
3781,-0.41729714814704,-0.14505870268498597,1,1.0
3782,-0.48284687234243673,-0.294820091473896,1,1.0
3783,-0.532120643193238,-0.14440406932087313,1,1.0
3784,-0.4176894612640164,-0.16684449374124233,1,1.0
3785,-0.46530506288723,-0.2891830669875004,1,1.0
3786,-0.3728540439579284,-0.2544840960198593,1,1.0
3787,-0.4518288138533483,-0.314661018267224,1,1.0
3788,-0.36484722722227925,-0.2332243887243741,1,1.0
3789,-0.22412917675776564,-0.10028789411247721,1,1.0
3790,-0.18531509418206482,-0.31765730004937304,1,1.0
3791,-0.21966919135821664,-0.20917814034862525,1,1.0
3792,-0.16167614603395666,-0.23681735378065108,1,1.0
3793,-0.18697296248086026,-0.13770984672793163,1,1.0
3794,-0.15989860282923032,-0.1323514513471854,1,1.0
3795,-0.18459215565664663,-0.19592075800057263,1,1.0
3796,-0.17515839483129617,-0.18916328377116098,1,1.0
3797,-0.13926334828835416,-0.2518767833432173,1,1.0
3798,-0.2354413973805964,-0.10027434127741883,1,1.0
3799,-0.2846317256138619,-0.13359647490222226,1,1.0
3800,-0.38026570996561715,0.07987888125074175,1,1.0
3801,-0.47357605411389986,0.0017823048983162879,1,1.0
3802,-0.519953614680073,-0.04580762937683398,1,1.0
3803,-0.43809873436180075,-0.17832132541788823,1,1.0
3804,-0.5081240765702907,-0.3010490516893777,1,1.0
3805,-0.38494261982760497,-0.392539422939542,1,1.0
3806,-0.379931419992394,-0.29912570416939016,1,1.0
3807,-0.5402920592875232,-0.24636474706050332,1,1.0
3808,-0.37265710314806316,-0.3956756296903324,1,1.0
3809,-0.30460201511592383,-0.22181097052473886,1,1.0
3810,-0.3939446074974586,-0.30009537639028694,1,1.0
3811,-0.28572821474375315,-0.23192121579303887,1,1.0
3812,-0.37527013483640936,-0.06795927956736697,1,1.0
3813,-0.301113507650138,-0.020668000891778657,1,1.0
3814,-0.4196989857365021,-0.05964164919586052,1,1.0
3815,-0.5214640889904003,-0.13110461232657866,1,1.0
3816,-0.47706986807648766,-0.3117368022876359,1,1.0
3817,-0.4550540421704963,-0.29828879699479716,1,1.0
3818,-0.4559213550867045,-0.2936073427659385,1,1.0
3819,-0.5284720815254275,-0.3643689974731206,1,1.0
3820,-0.49384956165438154,-0.3198292980228844,1,1.0
3821,-0.4279218861921838,-0.29352308975978997,1,1.0
3822,-0.40939730322387846,-0.29454824144354713,1,1.0
3823,-0.3557648447320608,-0.32978612987641126,1,1.0
3824,-0.4032896178518234,-0.26937068316223817,1,1.0
3825,-0.2315314326590963,-0.21636418390332535,1,1.0
3826,-0.3775230786064828,-0.3196696230349513,1,1.0
3827,-0.2472172472529467,-0.1156177910173414,1,1.0
3828,-0.14339816263771668,-0.17513037474931642,1,1.0
3829,-0.11211326248362447,-0.1378785998603075,1,1.0
3830,-0.13053982898797267,-0.06444483001532371,1,1.0
3831,-0.16478758080416886,-0.056708864840936304,1,1.0
3832,-0.034425732074267495,0.04195489548216563,1,1.0
3833,-0.21238920601197847,0.03687269435720091,1,1.0
3834,-0.23477366926743168,-0.02653365220507356,1,1.0
3835,-0.2443367399132247,0.0312919695047263,1,1.0
3836,-0.09326876897696447,-0.10355753469075248,1,1.0
3837,-0.09128551975605648,-0.04189095938538128,1,1.0
3838,-0.17955651839774775,-0.05952483510290059,1,1.0
3839,-0.16615033750395597,-0.06909387460460871,1,1.0
3840,-0.21498947243132732,-0.07216752643752847,1,1.0
3841,-0.2498176839333367,-0.25221358279366357,1,1.0
3842,-0.11649849623372227,-0.22785089838155284,1,1.0
3843,-0.28201871584658494,-0.2030901237529193,1,1.0
3844,-0.04328269280463026,-0.1742237045664774,1,1.0
3845,-0.027752261418291346,-0.26822877395835804,1,1.0
3846,0.07945000236800592,-0.08663359165848797,1,1.0
3847,-0.006949628207209679,-0.2190662720040503,1,1.0
3848,0.004671151878165034,-0.06048412064730288,1,1.0
3849,-0.1425973787877351,-0.05929091780242833,1,1.0
3850,-0.13662332241587186,-0.11834251786002817,1,1.0
3851,-0.07538772232152854,0.08873830320420581,1,1.0
3852,0.04338667606046094,-0.10162345661113298,1,1.0
3853,-0.10729999274042717,0.05756283435558212,1,1.0
3854,-0.0879145865246446,0.10410889543430721,1,1.0
3855,-0.10006867176016714,0.012672166659594475,1,1.0
3856,-0.22599449923274217,0.17808249863248174,1,1.0
3857,-0.10648237689185538,0.0856464977174721,1,1.0
3858,-0.20408680907919677,0.1336820111482135,1,1.0
3859,-0.17393583363277704,0.1319353398812918,1,1.0
3860,-0.21078248009461303,0.10583493312618435,1,1.0
3861,-0.25758408871856836,0.18416238915607636,1,1.0
3862,-0.21848969580758035,0.2215967854867224,1,1.0
3863,-0.22993000195692093,0.01335359071503825,1,1.0
3864,-0.24069069814429322,0.20492521436285493,1,1.0
3865,-0.2862395816416865,-0.03928799297134303,1,1.0
3866,-0.21199849135000434,0.1411593889602164,1,1.0
3867,-0.047709242453280065,0.18557974916748526,1,1.0
3868,-0.0782363695930566,0.044599023167036234,1,1.0
3869,0.038357226999294926,0.041351909855008834,1,1.0
3870,-0.1394787671936863,-0.0723796139854774,1,1.0
3871,-0.05640394828704635,-0.05251429846365732,1,1.0
3872,-0.18542283102744034,-0.08402589169241173,1,1.0
3873,-0.27586737585576826,0.01179622867238976,1,1.0
3874,-0.2950844155675967,0.11290084430767117,1,1.0
3875,-0.14062092865593118,0.2108477562653152,1,1.0
3876,-0.07789629899687313,0.10416210439366025,1,1.0
3877,-0.06462358578946324,0.10482940214133793,1,1.0
3878,-0.21541309716173299,-0.07419754661919421,1,1.0
3879,-0.16826299917267243,-0.09365671397873403,1,1.0
3880,-0.1354117277619498,0.018031870936747088,1,1.0
3881,-0.1141723134511118,0.14428039072325122,1,1.0
3882,-0.2935062647473266,-0.031457091473017354,1,1.0
3883,-0.2993872376857167,-0.034836563582124475,1,1.0
3884,-0.27409199845049964,-0.03297964128707259,1,1.0
3885,-0.20064227942429577,-0.002222637964920216,1,1.0
3886,-0.422225749299722,-0.09218782715723853,1,1.0
3887,-0.32974053095510775,-0.013573383237410204,1,1.0
3888,-0.310207166375086,-0.08318431279670929,1,1.0
3889,-0.20008526025996262,-0.055427829737076544,1,1.0
3890,-0.1438275476447597,-0.003583566880888754,1,1.0
3891,-0.08806497478396408,-0.018136262068562434,1,1.0
3892,-0.1759812998339998,-0.05559541635806095,1,1.0
3893,-0.3228084860479199,-0.04975910882798839,1,1.0
3894,-0.285784757285092,-0.05537038612474485,1,1.0
3895,-0.16815021766457514,-0.08515106731145619,1,1.0
3896,-0.04728010503182953,-0.0935813624910074,1,1.0
3897,-0.007758218088691718,0.07817057936243041,1,1.0
3898,0.02409511991740955,0.0749198836642799,1,1.0
3899,0.050093571362434766,0.038855072204381016,1,1.0
3900,-0.01832719588339434,0.11548444887298615,1,1.0
3901,-0.008974275476668181,0.047565242009505,1,1.0
3902,0.1560242285316139,0.18049694362626298,1,1.0
3903,-0.003333546103219745,0.15953195799841868,1,1.0
3904,0.2062850199685375,0.1391380434865072,1,1.0
3905,0.09056813270095074,0.1761141060724577,1,1.0
3906,0.24876959652063954,-0.009677738517423151,1,1.0
3907,0.03575069677291512,-0.06564915817969712,1,1.0
3908,0.15467171713640585,-0.16168531710295075,1,1.0
3909,0.029851225718955834,-0.10241162823930891,1,1.0
3910,-0.07721446862012349,0.06329892787403862,1,1.0
3911,-0.015519909215292775,0.23038588287189374,1,1.0
3912,0.06847089274438417,0.22102631822942354,1,1.0
3913,-0.04806758097730697,0.25181600329366793,1,1.0
3914,-0.15820087680890907,0.03729172402975389,1,1.0
3915,-0.11852527681203305,0.04365245543255054,1,1.0
3916,-0.12731896200761067,-0.041399384722367406,1,1.0
3917,-0.05711699749272644,-0.07382865402876689,1,1.0
3918,0.022493570038529753,-0.07353138969244931,1,1.0
3919,-0.009580475351949488,-0.11347648779381239,1,1.0
3920,0.18655011727981555,-0.288075290621601,1,1.0
3921,0.13147940221583365,-0.13209709509935091,1,1.0
3922,0.10021002591275488,-0.2729551468200715,1,1.0
3923,-0.06158689969787977,-0.1794775302107332,1,1.0
3924,-0.03315508407651817,0.017835204802536003,1,1.0
3925,-0.07200781489638845,-0.13508059534034073,1,1.0
3926,0.04287926546735851,-0.32872654803807666,1,1.0
3927,0.05037357721818398,-0.2663605296129593,1,1.0
3928,-0.07484898619214378,-0.14833831867934144,1,1.0
3929,-0.012571879908727324,0.026923595330566735,1,1.0
3930,0.037155293370025815,-0.1513022978507041,1,1.0
3931,0.17132474798818056,-0.03303437778760026,1,1.0
3932,0.20269183354532203,-0.11174236170577673,1,1.0
3933,0.24909718995479516,-0.08755056579015967,1,1.0
3934,0.21627446349799004,0.17838128671587467,1,1.0
3935,0.2433250356275775,-0.06953343054703845,1,1.0
3936,0.3358278504965594,0.03716829383599667,1,1.0
3937,0.14121648123824387,0.04821026431402979,1,1.0
3938,0.15053431117021854,0.14865527923315158,1,1.0
3939,0.05542865619798021,0.11345456218118942,1,1.0
3940,0.11633279894246609,0.14347437502906935,1,1.0
3941,0.20945049378995248,0.08095613692961931,1,1.0
3942,0.1008727072846039,0.11852868879100313,1,1.0
3943,-0.11567166423919573,0.06108482680374662,1,1.0
3944,-0.08036326086058329,0.13436669170515397,1,1.0
3945,0.008427917413631969,0.06198442945985297,1,1.0
3946,0.034710762484992164,0.11521070457767661,1,1.0
3947,0.06617345749614251,0.08479547021606403,1,1.0
3948,0.022117973055735173,0.1980455185801582,1,1.0
3949,-0.09478025253969478,0.1391265798540655,1,1.0
3950,0.001296672555350424,-0.03441364333420138,1,1.0
3951,-0.11108425323216067,0.147281938027098,1,1.0
3952,0.15214812316535434,-0.012528160270263503,1,1.0
3953,0.115014318765016,-0.02870894861891069,1,1.0
3954,0.05658819795322079,-0.08054994665677467,1,1.0
3955,0.007318689662574436,0.08050115673734373,1,1.0
3956,0.012073252522152066,-0.1894317113524957,1,1.0
3957,-0.01451063379011141,0.2242661735757051,1,1.0
3958,0.1065989730355742,0.18333587164627954,1,1.0
3959,0.07824781065871572,0.19960526647339522,1,1.0
3960,0.00576520441504888,0.16927452131629234,1,1.0
3961,0.21597753436222233,0.19000170021755963,1,1.0
3962,0.1362469150938703,0.2168956193633573,1,1.0
3963,0.22342537696187859,0.25165944027828796,1,1.0
3964,0.1141066499608123,0.2716247965763248,1,1.0
3965,0.17180316583950328,0.24743077815480616,1,1.0
3966,0.16842489360626517,0.2102120638350485,1,1.0
3967,-0.03636904329400523,0.1852291433821198,1,1.0
3968,0.23023355315154045,0.15471027714451832,1,1.0
3969,0.2562938649949774,0.26177191898805335,1,1.0
3970,0.1831268533278498,0.2628319067642737,1,1.0
3971,0.07653729744961753,-0.057808143711447824,1,1.0
3972,0.13561659584848065,0.10975476345538951,1,1.0
3973,0.1130009166854133,0.06798403443167683,1,1.0
3974,0.14405242362211512,0.07184597405103321,1,1.0
3975,0.13948946879830204,0.024650949451234395,1,1.0
3976,0.17753350729620837,0.14875563388465196,1,1.0
3977,0.2930975149563963,0.1914013113784473,1,1.0
3978,0.2859288816755649,0.08217971021010305,1,1.0
3979,0.15452103360126374,0.14743344825204954,1,1.0
3980,0.3147475699346729,0.015948308560132032,1,1.0
3981,0.3992663083900116,-0.08416279686719896,1,1.0
3982,0.6491897294656173,-0.10838490801127629,1,1.0
3983,0.396944326872414,-0.004040436628649585,1,1.0
3984,0.45721171627816104,0.060372770157036036,1,1.0
3985,0.18520045750972206,0.08632007311535604,1,1.0
3986,0.30359870502720243,0.14241345360112417,1,1.0
3987,0.1828993304525608,0.16296192280677715,1,1.0
3988,0.39316378926219253,0.07635303024210831,1,1.0
3989,0.21330657569122555,0.1378926494546922,1,1.0
3990,0.0770147783966669,0.18568245126821603,1,1.0
3991,0.06307446567511582,0.22820639857869474,1,1.0
3992,-0.1365996641976442,0.3115199116751459,1,1.0
3993,0.01207248663467926,0.3262042512988024,1,1.0
3994,-0.24024471190411778,0.3243233450359835,1,1.0
3995,-0.137679323033751,0.3994703062428735,1,1.0
3996,-0.3624621893771056,0.3343270613316131,1,1.0
3997,-0.2908108909900528,0.2322498635490581,1,1.0
3998,-0.11888737582670994,0.22334134013454243,1,1.0
3999,-0.1225109036494623,0.12918949866479798,1,1.0
4000,-0.19552211543418374,0.07699827374180336,1,1.0
4001,-0.1571868892492573,0.07050394677296962,1,1.0
4002,-0.15116708097536485,-0.01384014191367336,1,1.0
4003,-0.09059328077565554,-0.01794905408021716,1,1.0
4004,-0.23639192908608542,-0.20428294171761086,1,1.0
4005,-0.10975641429961483,-0.1066251105173378,1,1.0
4006,-0.40721059046587205,-0.12513940128946352,1,1.0
4007,-0.34024173380578865,-0.18878003703569854,1,1.0
4008,-0.3751356016683893,-0.08488527576501766,1,1.0
4009,-0.26382119853564623,-0.013808162807064303,1,1.0
4010,-0.2685703143542176,-0.1945064668506413,1,1.0
4011,-0.3808448535588531,-0.19711880680912547,1,1.0
4012,-0.40757731902327865,-0.2535374591193975,1,1.0
4013,-0.3389318465268824,-0.3052484276252626,1,1.0
4014,-0.3335390378095687,-0.17626281011780195,1,1.0
4015,-0.3597153876073806,-0.2167148282355403,1,1.0
4016,-0.36397432285849685,-0.20935922410772584,1,1.0
4017,-0.2566824102813834,-0.391016219375973,1,1.0
4018,-0.3149710003133006,-0.23387569583697887,1,1.0
4019,-0.2747964476753027,-0.38155612280032647,1,1.0
4020,-0.04237550989111752,-0.2931031194046567,1,1.0
4021,-0.25023250392565366,-0.2625910146870728,1,1.0
4022,-0.34803642848019334,-0.10941968504977559,1,1.0
4023,-0.20553264178595138,-0.2753111553478984,1,1.0
4024,-0.2955948197450391,-0.49996381430575426,1,1.0
4025,-0.27084043715707085,-0.3641866807124526,1,1.0
4026,-0.32929834603086566,-0.18845003456811243,1,1.0
4027,-0.3048111528423919,-0.09843138966065951,1,1.0
4028,-0.1218223843050607,-0.09462790263936686,1,1.0
4029,-0.08432393057394205,-0.13546977704502272,1,1.0
4030,-0.0009187224471857297,-0.028957977355092646,1,1.0
4031,-0.16747111821975863,-0.15537033949700926,1,1.0
4032,-0.21587366132129782,-0.05427381996911142,1,1.0
4033,-0.463673398207249,-0.028628377913906933,1,1.0
4034,-0.4239042194290142,0.0725618180108104,1,1.0
4035,-0.29777423248101736,0.3109145813234219,1,1.0
4036,-0.2541411537424776,0.24755889091517297,1,1.0
4037,-0.2639682882850041,0.1909133463753805,1,1.0
4038,-0.23685334746555106,0.18625824388058074,1,1.0
4039,-0.2901910492223725,-0.007878640247949237,1,1.0
4040,-0.2246947455329104,-0.018321024093501143,1,1.0
4041,-0.1452863341383965,-0.05428445034179586,1,1.0
4042,-0.31616890288395827,-0.09047581722658711,1,1.0
4043,-0.2033224731881591,-0.055335338235118825,1,1.0
4044,-0.12360066768261621,-0.1425859413472675,1,1.0
4045,-0.17666717146235442,0.009950900453551015,1,1.0
4046,-0.07301044197013913,-0.036784535640229925,1,1.0
4047,0.18465902782646548,-0.020015483361934094,1,1.0
4048,0.07845800480614837,-0.05583412236052122,1,1.0
4049,0.14180321623216102,-0.023986050038995045,1,1.0
4050,0.03481362281500196,0.05136795973521008,1,1.0
4051,0.08155425481885453,-0.06308806074166251,1,1.0
4052,0.10540380223404369,-0.08825409743196015,1,1.0
4053,0.10719279181309638,-0.1022514795593413,1,1.0
4054,-0.006032716212814759,-0.22241420931251432,1,1.0
4055,0.04917438494878512,-0.24604975542746074,1,1.0
4056,0.17391440997719035,-0.26197620340469663,1,1.0
4057,0.16396453792240245,-0.14356173059978344,1,1.0
4058,0.24675176465378268,-0.13847376648108656,1,1.0
4059,0.17353922316772755,-0.10679378793183253,1,1.0
4060,0.25313908723914236,-0.020528606486628256,1,1.0
4061,0.23187200311545625,-0.058092479111466366,1,1.0
4062,0.11997385507229325,-0.0019675844199793374,1,1.0
4063,0.17339801445790026,-0.028930469678677136,1,1.0
4064,0.040861298852397074,0.008587677806762763,1,1.0
4065,0.013248156160329122,-0.06180239998070369,1,1.0
4066,0.039140114081154004,-0.27838685247403633,1,1.0
4067,0.057182942634803544,-0.1990007476972633,1,1.0
4068,-0.07287144670248458,-0.06064169075057485,1,1.0
4069,0.07883059188723794,-0.0034636985353646565,1,1.0
4070,0.08263754895164468,0.07626902211272582,1,1.0
4071,0.0027588633760698006,0.16833537588764788,1,1.0
4072,-0.12731189693378225,0.1327476912625502,1,1.0
4073,-0.09004993705559153,0.14988079826438402,1,1.0
4074,-0.13681790269960561,0.06798759679396046,1,1.0
4075,-0.09779167703113853,0.054149511952986513,1,1.0
4076,-0.13603204314412143,0.1144631011870942,1,1.0
4077,-0.3117024150703154,0.20531115801503408,1,1.0
4078,-0.2666657558155415,0.14358099759704876,1,1.0
4079,-0.28407208911725085,0.10272301947759832,1,1.0
4080,-0.18707687773760706,0.10476090685133335,1,1.0
4081,-0.26728772083884444,0.15379412484699098,1,1.0
4082,-0.04862822848733214,-0.020680734649759586,1,1.0
4083,-0.30052730840922837,-0.19588829864948226,1,1.0
4084,-0.0637881038114742,-0.1787908845337756,1,1.0
4085,-0.15086295189746352,-0.2881122629065259,1,1.0
4086,-0.023695715047564736,-0.27731864286877933,1,1.0
4087,-0.051496166191904585,-0.26760289647497254,1,1.0
4088,0.07594913937313476,-0.28908217164791866,1,1.0
4089,-0.00861556268897165,-0.10848341848416837,1,1.0
4090,-0.09224663831922379,-0.11914022612464462,1,1.0
4091,0.08411777692888056,-0.07398172525895444,1,1.0
4092,0.011448610073347078,-0.01791038858842585,1,1.0
4093,0.05426034648509348,-0.14682406250881877,1,1.0
4094,0.15946598231753972,0.01044362466020786,1,1.0
4095,0.008762169126608377,-0.04535747261006691,1,1.0
4096,0.11264618593515267,0.042966665556143466,1,1.0
4097,0.011226886652785026,-0.09501296575334954,1,1.0
4098,0.02731305220777963,-0.19949365638677313,1,1.0
4099,0.026983793858932174,-0.06641111775556587,1,1.0
4100,-0.12563799416700042,-0.06205381495961979,1,1.0
4101,-0.1451713626245641,-0.14736077973819267,1,1.0
4102,0.01031307341647536,-0.193998920458271,1,1.0
4103,0.051255554120995556,-0.048064107754943464,1,1.0
4104,0.027583296764816453,-0.20597933007718017,1,1.0
4105,0.056238990146477846,0.026260464952805235,1,1.0
4106,0.012594132553685876,-0.13609959351625778,1,1.0
4107,0.16008651515895309,-0.0099424240630748,1,1.0
4108,0.07979489108206123,-0.07965718006762068,1,1.0
4109,0.11908709841040747,0.009541707848739464,1,1.0
4110,0.20999374078506935,-0.07258352952246179,1,1.0
4111,0.08398522550957317,-0.05696689596608466,1,1.0
4112,0.2692681759909541,-0.051863278896817216,1,1.0
4113,0.03371033227310671,-0.148426781706063,1,1.0
4114,0.26397086527243013,-0.030532618150670363,1,1.0
4115,0.13122806045019264,-0.11416896204937965,1,1.0
4116,0.13365822106931646,-0.10052115420883076,1,1.0
4117,-0.06943766634164664,-0.19399831860096356,1,1.0
4118,-0.047044605221962334,-0.4027887033027584,1,1.0
4119,-0.15303871613835981,-0.318975493821961,1,1.0
4120,-0.16670124578695183,-0.07096036512271253,1,1.0
4121,-0.159663458892567,-0.05980843843041342,1,1.0
4122,-0.0500292876243352,-0.05909921056850127,1,1.0
4123,-0.05715627510230864,-0.07969114079105155,1,1.0
4124,-0.018534886008574364,-0.06329785836397667,1,1.0
4125,-0.13781975302039345,-0.007174145738180461,1,1.0
4126,-0.1763277265750814,-0.14137512648298575,1,1.0
4127,0.03272993998396434,0.024454849855641628,1,1.0
4128,-0.10678045745847048,0.043798503512613655,1,1.0
4129,0.11137153272583658,0.10543412963505414,1,1.0
4130,0.010482662509874157,0.12024760271578933,1,1.0
4131,0.039929850938025875,0.10574046628938882,1,1.0
4132,0.13413922533877076,0.16680468418505207,1,1.0
4133,0.21965173267853588,0.1909863637719857,1,1.0
4134,0.160951551180844,0.12922915242460464,1,1.0
4135,0.12364214515991326,0.07747322329666839,1,1.0
4136,0.11687870759797983,0.09543830923158109,1,1.0
4137,0.14101562092997372,0.2354069676774679,1,1.0
4138,0.20880335352435372,0.04596496581056499,1,1.0
4139,0.16800968429301952,-0.04855145678566465,1,1.0
4140,0.22533544643543318,0.0011346997954223784,1,1.0
4141,0.34944014637625986,-0.008795846972844162,1,1.0
4142,0.3153956829828643,0.012397068191961038,1,1.0
4143,0.32523473930307434,0.0291948066141734,1,1.0
4144,0.13786846596769708,-0.0010842210373881653,1,1.0
4145,-0.08278151231136582,0.15709425322202736,1,1.0
4146,0.03052920532650647,-0.06615911222565159,1,1.0
4147,-0.01599935362559309,-0.07541689384680735,1,1.0
4148,-0.05191911806887811,-0.07542334599068462,1,1.0
4149,-0.01159825651037033,-0.2321979568638697,1,1.0
4150,-0.028575062246576462,-0.17953121835873434,1,1.0
4151,0.09215351076233289,-0.011231101501599672,1,1.0
4152,0.05533067460932458,-0.05850937757898392,1,1.0
4153,-0.013847870512722155,-0.0154048664260019,1,1.0
4154,0.107307103971093,-0.15281220964655434,1,1.0
4155,0.038516793734218895,-0.15794492651968092,1,1.0
4156,0.10795587579908994,-0.17813025683816855,1,1.0
4157,0.028587492980439576,-0.1860331417344288,1,1.0
4158,-0.015443430021752913,-0.03689458259173098,1,1.0
4159,0.00772701289964974,-0.02217758600285477,1,1.0
4160,0.001286043087632482,-0.13552072207293536,1,1.0
4161,0.05107243325915772,-0.06331523120141716,1,1.0
4162,0.004164697550810118,-0.02882318049305238,1,1.0
4163,-0.16581542986880635,0.07772642619587007,1,1.0
4164,-0.14151723701487964,0.19604297022644368,1,1.0
4165,-0.0552731244551881,0.03943429081184034,1,1.0
4166,-0.10535665370188739,0.0013877144340034703,1,1.0
4167,-0.10443426980914366,-0.11309486998750745,1,1.0
4168,0.004370092594541297,-0.09084259357300156,1,1.0
4169,-0.0999055481119106,-0.04179817969541971,1,1.0
4170,-0.21291262291307395,0.046401765769757894,1,1.0
4171,-0.173782350133967,0.007706503188976546,1,1.0
4172,-0.21656059207917608,-0.013440320681171097,1,1.0
4173,-0.27869569226302116,0.009423557772864345,1,1.0
4174,-0.24972343857143456,-0.08189225170363504,1,1.0
4175,-0.18429220609708868,0.16264558847915564,1,1.0
4176,-0.18642121138646514,-0.08774642513540303,1,1.0
4177,-0.1364422813923819,0.014619879352077321,1,1.0
4178,0.043549037600173646,0.18480862199358944,1,1.0
4179,-0.049091148013366795,0.11595112145777664,1,1.0
4180,0.011444885936498977,0.10600935597259335,1,1.0
4181,-0.058781749102024106,0.06264640773984628,1,1.0
4182,-0.11647155566896206,0.051351483259445,1,1.0
4183,-0.14600822347376144,0.18688965974527388,1,1.0
4184,-0.17042225793711432,-0.09364695030795284,1,1.0
4185,-0.11010824204968447,0.15322209786844304,1,1.0
4186,0.11771595605913077,-0.07855654161633455,1,1.0
4187,-0.03400724260701092,-0.027832528532709296,1,1.0
4188,-0.026752089308013576,-0.08319092163439212,1,1.0
4189,-0.03256572767803625,0.0005910154366239179,1,1.0
4190,0.012014821471748892,-0.18441510241671805,1,1.0
4191,0.023794255775116957,-0.06425449021084936,1,1.0
4192,0.14629057930140657,0.10855373747716024,1,1.0
4193,-0.14772658274014178,-0.09046150503623973,1,1.0
4194,-0.28344176287323036,-0.0027401650175562023,1,1.0
4195,-0.2639708497469957,-0.09498076830106655,1,1.0
4196,-0.13368501995579563,-0.015221789866603212,1,1.0
4197,-0.31596707005813573,-0.03571252666870669,1,1.0
4198,-0.5304489819909959,-0.09014274386563595,1,1.0
4199,-0.35594156959011736,-0.01601217583288618,1,1.0
4200,-0.3483339139810977,0.14378468231925182,1,1.0
4201,-0.4248036599456368,0.06237677746895536,1,1.0
4202,-0.45793633023380437,0.15253726539196694,1,1.0
4203,-0.4991772680874411,-0.019091903311249603,1,1.0
4204,-0.42583372817521203,-0.06133760005096056,1,1.0
4205,-0.46788494494966026,0.004710496764086518,1,1.0
4206,-0.35907469352480775,0.13283662089676024,1,1.0
4207,-0.6412729658902219,0.11667645644584809,1,1.0
4208,-0.5781713741043554,0.07855105708422148,1,1.0
4209,-0.6518901103207848,0.08206271172662273,1,1.0
4210,-0.5902195462610267,-0.05223782923573167,1,1.0
4211,-0.6035035367018653,0.0537276486120845,1,1.0
4212,-0.4593836079098505,0.10479854662887211,1,1.0
4213,-0.6426149029224756,0.03378838927764058,1,1.0
4214,-0.5188348764933652,0.004708382779295833,1,1.0
4215,-0.4482517544515913,0.03954936941607452,1,1.0
4216,-0.23893677196276883,-0.018529837120626093,1,1.0
4217,-0.32601418662248616,-0.005866352910135545,1,1.0
4218,-0.2348436831270706,0.20089341603438238,1,1.0
4219,-0.41909674511922473,0.09407357367298909,1,1.0
4220,-0.5611067724409584,0.08087815381198593,1,1.0
4221,-0.3779156494221725,0.011994783825572355,1,1.0
4222,-0.395637450750398,0.10587951358893287,1,1.0
4223,-0.23290589629704828,0.04900372597922112,1,1.0
4224,-0.3957750619003233,-0.0037712141679300815,1,1.0
4225,-0.2553465920764332,0.1445687925203095,1,1.0
4226,-0.08505868976157155,0.2275702117131704,1,1.0
4227,-0.08566863064414629,0.11987040821012457,1,1.0
4228,-0.04926063475585436,-0.04646068669603576,1,1.0
4229,-0.05440136196432152,0.10883607942910814,1,1.0
4230,-0.20450715331794045,-0.017099540927346252,1,1.0
4231,-0.003467407009025897,0.10145365918860155,1,1.0
4232,-0.12451835418130425,-0.14126804853622651,1,1.0
4233,-0.02530290897318862,0.034935002464775475,1,1.0
4234,-0.20884068229542982,-0.1425366060100808,1,1.0
4235,-0.2508412485199925,-0.0019650509599633825,1,1.0
4236,-0.0696482138784009,-0.04251270559535886,1,1.0
4237,-0.15177153177882258,-0.12149108058486882,1,1.0
4238,0.03337016437344065,-0.12635209132220698,1,1.0
4239,-0.03333242681543416,-0.04362673327311474,1,1.0
4240,-0.19417818407301407,-0.053492222049007526,1,1.0
4241,-0.037299878515266616,0.013257944835909495,1,1.0
4242,-0.13962261410662496,0.189551158738392,1,1.0
4243,-0.025094650666850613,-0.03871608247729709,1,1.0
4244,-0.05442248787808965,0.19535695563200173,1,1.0
4245,-0.194493710721196,0.1160349423883332,1,1.0
4246,-0.11659349625908759,0.038349647290287614,1,1.0
4247,0.09131810324346856,-0.07521109148322647,1,1.0
4248,0.06911145891980078,-0.05253379978055294,1,1.0
4249,0.06311053102437472,0.038081403879146235,1,1.0
4250,0.16613409648625482,-0.005666209644431566,1,1.0
4251,0.1396804637193764,0.1591401884018197,1,1.0
4252,0.1546019302037817,-0.05133331885739356,1,1.0
4253,0.02550278002217167,0.01573317042150432,1,1.0
4254,0.08506704965339736,-0.13119943784562738,1,1.0
4255,0.1622354054403844,-0.03763652331842834,1,1.0
4256,0.039255142950247374,0.026746993664984828,1,1.0
4257,0.21467328952695852,-0.03731894016464293,1,1.0
4258,0.13140991418673673,-0.2747886516620038,1,1.0
4259,0.05447098421627551,-0.1561740583669457,1,1.0
4260,0.1718687724778108,-0.1324671753454176,1,1.0
4261,0.0907831351777422,-0.08590304722116451,1,1.0
4262,0.18198200159859934,0.03229623824589142,1,1.0
4263,0.10724827828662853,-0.11349853918371938,1,1.0
4264,0.11296095309856655,0.009611358508580747,1,1.0
4265,0.14930707577855765,0.09096800459783012,1,1.0
4266,0.15256223715570516,-0.12039454808937938,1,1.0
4267,-0.06322371301818347,-0.012981144882380863,1,1.0
4268,-0.10428993067363772,-0.09432503445700949,1,1.0
4269,0.01139992616944388,-0.06864163144908454,1,1.0
4270,-0.037660682390579715,-0.034714840852719926,1,1.0
4271,-0.07154956186065685,-0.09014425035771255,1,1.0
4272,-0.19008534335931546,-0.1320718103866047,1,1.0
4273,-0.24348970670137116,-0.10287111959047411,1,1.0
4274,-0.4052992910248121,-0.21006880875654615,1,1.0
4275,-0.3263545584954519,-0.2654851340195885,1,1.0
4276,-0.3772462804628195,-0.15437439474306658,1,1.0
4277,-0.42091292492485877,-0.2871495805675821,1,1.0
4278,-0.3725339816105564,-0.15197081667254803,1,1.0
4279,-0.3133972033585177,-0.1310682348884083,1,1.0
4280,-0.09047872327728301,-0.2968128588138691,1,1.0
4281,-0.2994947369302465,-0.2851646509884095,1,1.0
4282,-0.09090235481128058,-0.1407317079324692,1,1.0
4283,-0.04707967786433509,-0.2681049731699725,1,1.0
4284,-0.13342778709965528,-0.24952292251266303,1,1.0
4285,-0.0738569801604906,-0.1839391561333999,1,1.0
4286,-0.13010584915995246,-0.10688131950557928,1,1.0
4287,-0.08165174550224477,-0.1444644271478171,1,1.0
4288,0.06289029929112247,-0.1784940716095282,1,1.0
4289,0.07379927918713136,-0.008198784940211284,1,1.0
4290,0.11400749462295975,0.11542247393277266,1,1.0
4291,0.047513348534451015,0.16467965395577977,1,1.0
4292,-0.085695408984875,0.14196634880980205,1,1.0
4293,-0.05801006188463048,0.053757133308522526,1,1.0
4294,0.060146155660150726,-0.008200256027602396,1,1.0
4295,-0.13403211082826347,0.06345839690257107,1,1.0
4296,-0.16788435661658235,0.0774547834221303,1,1.0
4297,-0.12831347359502165,0.20567024841869244,1,1.0
4298,-0.22581886962671394,0.21168359333146847,1,1.0
4299,-0.2532377085660561,0.03840320034850697,1,1.0
4300,-0.26204814420046557,0.1917417599808366,1,1.0
4301,-0.36976193950911107,0.026759953361612743,1,1.0
4302,-0.3978837915872431,0.035181372815983464,1,1.0
4303,-0.27931606512634827,0.05415683032324335,1,1.0
4304,-0.41769175477507825,0.24261525901713749,1,1.0
4305,-0.49419708585243516,0.4728080601077916,1,1.0
4306,-0.484828275897374,0.41714171968343444,1,1.0
4307,-0.36596054104317033,0.37380778797035935,1,1.0
4308,-0.38471698819480327,0.40287775353530103,1,1.0
4309,-0.38707646304139487,0.44263453109967205,1,1.0
4310,-0.34322509453171723,0.35437728216467435,1,1.0
4311,-0.496628738917414,0.5249378642199385,1,1.0
4312,-0.3514742063324603,0.44428297910050557,1,1.0
4313,-0.321529642334336,0.4738254556354243,1,1.0
4314,-0.3392908947099118,0.4841725923168524,1,1.0
4315,-0.19944097834660623,0.4748098531421842,1,1.0
4316,-0.3342014653162411,0.5140317396273275,1,1.0
4317,-0.14756227336836963,0.38913668106435945,1,1.0
4318,-0.173348437056369,0.3318613551322109,1,1.0
4319,-0.18193300323214961,0.20584239410146482,1,1.0
4320,-0.16315169659303164,0.2670139660625648,1,1.0
4321,-0.16319739550655804,0.2998547482191897,1,1.0
4322,-0.02483565664007259,0.30579432536547185,1,1.0
4323,-0.1715285253831123,0.4408822630197938,1,1.0
4324,-0.18661973613654897,0.3557080535386132,1,1.0
4325,-0.05980011008961508,0.41256367658835735,1,1.0
4326,-0.15141948041311967,0.2450805344006669,1,1.0
4327,-0.018738413541597165,0.2321074533694672,1,1.0
4328,0.11327470605197676,0.2823424080984581,1,1.0
4329,0.022163796874543534,0.3239478919442294,1,1.0
4330,0.11541692259784969,0.2496747628296568,1,1.0
4331,-0.03946993551291299,0.23982930009525621,1,1.0
4332,0.08641644527838804,0.06701263423796983,1,1.0
4333,0.059951285111835645,0.07645345049069782,1,1.0
4334,0.10919953286663933,0.15501417691778827,1,1.0
4335,0.018947898049994777,0.17346504290853892,1,1.0
4336,-0.12197974286672861,0.2006498509585808,1,1.0
4337,-0.017178269830088244,0.17740679216580615,1,1.0
4338,-0.253241200006017,0.16734534644987556,1,1.0
4339,-0.18883325017689018,0.08759713157232246,1,1.0
4340,-0.09515412346594224,0.1726447248986096,1,1.0
4341,-0.09455267554532878,0.17196326884980148,1,1.0
4342,0.1095564221120014,0.20417326357874369,1,1.0
4343,0.13987896586177956,0.12148945453542861,1,1.0
4344,0.051404467318110506,-0.08118864019224417,1,1.0
4345,0.07553770813454404,0.09744892342065165,1,1.0
4346,0.05600689482171598,-0.013770983606122687,1,1.0
4347,-0.10195222700121993,-0.06530548954179019,1,1.0
4348,-0.1384091594026525,0.026033302384488456,1,1.0
4349,-0.1697072544399435,-0.043172929423756945,1,1.0
4350,-0.3469691507703555,0.08789987146575456,1,1.0
4351,-0.254344319969032,0.10148863900999541,1,1.0
4352,-0.2816045216778299,0.15562007716577136,1,1.0
4353,-0.412555399128565,-0.012776933117591996,1,1.0
4354,-0.29159330945275475,0.16021426181781628,1,1.0
4355,-0.22713533094112637,0.11842053027879777,1,1.0
4356,-0.20105574351401337,0.08218888278800324,1,1.0
4357,-0.22118086291164296,0.09917833549066639,1,1.0
4358,-0.1338810256260043,-0.0934598571590312,1,1.0
4359,-0.07866083820142634,0.014542867499848289,1,1.0
4360,-0.05662045363668824,-0.12224938746600755,1,1.0
4361,-0.14003174868591695,-0.2042538008140035,1,1.0
4362,-0.07334510875143857,-0.31146301534999343,1,1.0
4363,0.03353147522590967,-0.13688511195520459,1,1.0
4364,-0.06154755335105879,-0.23849631114739966,1,1.0
4365,0.18292484447038077,-0.030790549283351232,1,1.0
4366,0.03872754727837237,-0.1436033692194604,1,1.0
4367,0.08135468304215127,-0.2661349820759763,1,1.0
4368,-0.006817485591831159,-0.3144144440062898,1,1.0
4369,0.04264299714957277,-0.14490799902587292,1,1.0
4370,-0.1506816166513332,-0.19685895041107745,1,1.0
4371,-0.1322202507276002,-0.21641649960346845,1,1.0
4372,-0.2337487554668168,-0.17290576230012553,1,1.0
4373,-0.16638149370914104,-0.11849013364436134,1,1.0
4374,-0.07050878531463893,-0.011225927286408366,1,1.0
4375,-0.027619100590070514,0.10256732652413922,1,1.0
4376,-0.2748900320343232,0.022195753149652442,1,1.0
4377,0.030987215895172948,-0.0885171187611706,1,1.0
4378,-0.03434668601110635,-0.08779806142413424,1,1.0
4379,-0.08896176088741196,-0.053205921824543104,1,1.0
4380,-0.047968270436685,-0.15463886414302724,1,1.0
4381,-0.03785050827796535,-0.20446018652268358,1,1.0
4382,-0.10378565779294108,-0.13468898300152976,1,1.0
4383,-0.05383488042494669,-0.14701668091476805,1,1.0
4384,-0.12418385435488107,-0.1253370039081611,1,1.0
4385,-0.13109697600941492,-0.19515674008933404,1,1.0
4386,-0.18454125548762174,-0.17773521664662548,1,1.0
4387,-0.29332097506936283,-0.25761146644160593,1,1.0
4388,-0.21677131466636582,-0.11886760374647254,1,1.0
4389,-0.15952913766899451,-0.04507906870799003,1,1.0
4390,-0.10926051739366921,-0.24732650857254518,1,1.0
4391,-0.03142252647337644,-0.2548707117751651,1,1.0
4392,-0.019197650100639813,-0.3767733051458705,1,1.0
4393,-0.07421789782408718,-0.36752759006076163,1,1.0
4394,0.03367635271847463,-0.3418923425592542,1,1.0
4395,-0.1378113117003349,-0.46035820452363396,1,1.0
4396,-0.16265101945590654,-0.47096860679448793,1,1.0
4397,-0.23535401232596886,-0.5210843626419328,1,1.0
4398,-0.08200210731842224,-0.43321446668361163,1,1.0
4399,-0.025528616674836427,-0.4093195550991217,1,1.0
4400,0.008812721504070961,-0.44772982839828185,1,1.0
4401,0.10482203442117138,-0.3737516763547658,1,1.0
4402,-0.022391241137274698,-0.4132379627910706,1,1.0
4403,0.052871377630084634,-0.38723379161367744,1,1.0
4404,0.012488011398551945,-0.18896645477567386,1,1.0
4405,0.10804243051664794,-0.09550390517047275,1,1.0
4406,0.057049438474334586,-0.24395040322774558,1,1.0
4407,0.02814810339858701,-0.09204817169987173,1,1.0
4408,0.08809454543755157,-0.04727436853908751,1,1.0
4409,0.14891807500123033,-0.17080540150867585,1,1.0
4410,0.0489446891473235,-0.0347877870914457,1,1.0
4411,0.06793466885352559,0.08167889913378511,1,1.0
4412,-0.05039985530785288,-0.07368347727160404,1,1.0
4413,-0.259665614277948,-0.11145669872425326,1,1.0
4414,-0.15087336201775176,0.012787084268317081,1,1.0
4415,-0.10753316586857226,0.001384772026279072,1,1.0
4416,-0.08357522721779632,0.0598146160202149,1,1.0
4417,-0.2773612578666862,0.07036312286006234,1,1.0
4418,-0.22657426589299806,0.0992318506149163,1,1.0
4419,-0.4409877129009129,-0.051999165604139835,1,1.0
4420,-0.19559479674302865,0.10330182648413583,1,1.0
4421,-0.35825865012789965,0.16334034545201692,1,1.0
4422,-0.14809326815365875,0.10605568080964813,1,1.0
4423,-0.10174659156215055,0.1082878171400077,1,1.0
4424,-0.19553497063699413,-0.05632135572867317,1,1.0
4425,-0.26112345497761613,0.0501190073065819,1,1.0
4426,-0.18029754253903407,0.0703807418367616,1,1.0
4427,-0.2709479657350124,0.05104504559410042,1,1.0
4428,-0.20640957798689688,0.16417658589453898,1,1.0
4429,-0.2534128955933337,0.08041174211695945,1,1.0
4430,-0.3920864521986326,0.1539606136278974,1,1.0
4431,-0.5343225419096256,0.014533456942614709,1,1.0
4432,-0.41555103595590537,0.05255304316651423,1,1.0
4433,-0.4657831587794934,0.018456437192409365,1,1.0
4434,-0.45944418774588086,0.049370567469494045,1,1.0
4435,-0.34581507637199793,-0.0017934212439166194,1,1.0
4436,-0.22797807448371854,0.0005878579273314605,1,1.0
4437,-0.2677858397380114,0.08241940552737452,1,1.0
4438,-0.26312479687890855,0.005951576970802404,1,1.0
4439,-0.18819632673736017,-0.13236094223317416,1,1.0
4440,-0.32754879207604615,0.0973272981718783,1,1.0
4441,-0.23067286779206606,0.1568335041022234,1,1.0
4442,-0.18147976111583805,-0.005927977597664336,1,1.0
4443,-0.11006669616535973,0.11246404519658786,1,1.0
4444,-0.3141592162842137,0.015402556783519102,1,1.0
4445,-0.29765106560103016,0.06932946916219378,1,1.0
4446,-0.36066472952822887,0.07564086143372137,1,1.0
4447,-0.2957054619563251,0.042742577577258745,1,1.0
4448,-0.2375482380554653,-0.030038761582168,1,1.0
4449,-0.08156954067557853,-0.07425458890774912,1,1.0
4450,-0.169702743858794,-0.14518357336742413,1,1.0
4451,-0.17604975834887135,-0.1925687415158237,1,1.0
4452,-0.04157347627908628,-0.16581414592465699,1,1.0
4453,-0.04810131941908266,-0.22883510892061648,1,1.0
4454,0.08543231658362191,-0.11884010255850498,1,1.0
4455,0.06570179442543198,0.00877002132230481,1,1.0
4456,-0.05066089024098133,-0.0883953421111729,1,1.0
4457,-0.14399883129473987,-0.02646574881647459,1,1.0
4458,-0.2567487907550312,0.007570459107056768,1,1.0
4459,-0.13104374036559335,0.04380277791121913,1,1.0
4460,-0.036791199137164554,0.036148331270457246,1,1.0
4461,0.12354837254666139,0.10909807397161232,1,1.0
4462,0.14740219701917148,0.1245282390321703,1,1.0
4463,0.2417896877289999,-0.016319876621943924,1,1.0
4464,0.13129283847778292,0.11448215217541205,1,1.0
4465,0.035671027730984045,0.15252241204533826,1,1.0
4466,0.1457984014236806,0.04952948246196842,1,1.0
4467,0.13994842439744365,0.07926819663554273,1,1.0
4468,0.13845301249965963,0.1307526620010231,1,1.0
4469,0.16379348288232787,0.08130067423334052,1,1.0
4470,0.1721305417251152,0.19530400791691244,1,1.0
4471,0.28079805588512363,0.37795985648208574,1,1.0
4472,0.3496165545303043,0.20676851300082696,1,1.0
4473,0.3484313847177544,0.09934460442974441,1,1.0
4474,0.3985240844460368,0.15201917611858232,1,1.0
4475,0.395050121325426,0.19317113751268705,1,1.0
4476,0.3104703249256048,0.13842179795871004,1,1.0
4477,0.38045369884430463,0.28633048636113556,1,1.0
4478,0.18196380989833805,0.07946425123196946,1,1.0
4479,0.3287035508218825,0.20286955895068345,1,1.0
4480,0.13235897948602743,0.08497492866411155,1,1.0
4481,0.2066067816176545,0.2837836155044016,1,1.0
4482,0.07915636697378502,0.39501418321868625,1,1.0
4483,0.16481475297701004,0.2454779358041974,1,1.0
4484,0.11924323928555064,0.2108353028572663,1,1.0
4485,-0.038485226351899854,0.28610335115359914,1,1.0
4486,0.05475179907637317,0.19619953657038788,1,1.0
4487,-0.036486566143017124,0.19900960549508864,1,1.0
4488,0.08264827211843859,0.18080446632241057,1,1.0
4489,0.03877556230159874,-0.023781754177792713,1,1.0
4490,0.08760191755529464,0.038588512780623814,1,1.0
4491,-0.03156307627786478,-0.05295419599138091,1,1.0
4492,-0.051590493642866664,-0.06950824600061861,1,1.0
4493,-0.08628708267918789,0.08677199394909596,1,1.0
4494,0.01842085032388284,-0.09443996685865366,1,1.0
4495,0.15290409417112227,0.050688136744334325,1,1.0
4496,0.01675153642555058,-0.025815401044176355,1,1.0
4497,0.16360696457243507,-0.028258816452788958,1,1.0
4498,-0.11377810210144401,0.05433727942024486,1,1.0
4499,-0.13860371199836483,0.05812985217319927,1,1.0
4500,-0.21317350344812958,0.10824039485194611,1,1.0
4501,-0.3047360846124594,0.17920165861641357,1,1.0
4502,-0.40515254078067253,0.10686227530709971,1,1.0
4503,-0.2932124586383616,0.05665418931840886,1,1.0
4504,-0.31888000719000487,-0.04246385647260459,1,1.0
4505,-0.2413512021450004,-0.09102311008593561,1,1.0
4506,-0.17142745483185035,0.2275564195375298,1,1.0
4507,-0.14870013422535697,0.2336948767704159,1,1.0
4508,-0.07487199936973189,0.07337641530270636,1,1.0
4509,-0.09648646851367317,-0.01811148346160843,1,1.0
4510,-0.19905281974969793,0.059332640685696,1,1.0
4511,-0.04259621432184109,0.08489261911073177,1,1.0
4512,-0.14418478779612673,0.1236237472038843,1,1.0
4513,-0.19284936685047094,0.07414645470018033,1,1.0
4514,-0.17675684402956038,0.06902957098098347,1,1.0
4515,-0.2551900084025288,0.09644963141457992,1,1.0
4516,-0.24788409644932863,0.08716795077237603,1,1.0
4517,-0.19088206823400916,-0.14069437738695392,1,1.0
4518,-0.1540602959505914,-0.08124620425797892,1,1.0
4519,-0.23948380468312053,-0.1760966791969049,1,1.0
4520,-0.23867890888992419,-0.1125107269046854,1,1.0
4521,-0.10761918626186628,0.17819046035845834,1,1.0
4522,-0.08653517265070293,0.10990922469109982,1,1.0
4523,0.12329964446587253,0.0880497043049576,1,1.0
4524,0.1660320522584654,0.17798274018802973,1,1.0
4525,0.2510384315508349,0.1814733441252264,1,1.0
4526,0.06164581956246035,0.2042882775767289,1,1.0
4527,0.18868505636606892,0.23770002910517235,1,1.0
4528,0.1263940995186884,0.4095608572190762,1,1.0
4529,0.07734379626720875,0.20395767953040583,1,1.0
4530,0.10112604166918462,0.2926060725651118,1,1.0
4531,0.17839991734282176,0.14411283440003497,1,1.0
4532,0.1874609220068696,0.22980078704377932,1,1.0
4533,0.07814914827276226,0.08924567139766863,1,1.0
4534,0.17737365692498025,0.08075095759122654,1,1.0
4535,0.06611018442922041,0.04571528455024588,1,1.0
4536,0.11454651963145494,0.1492361299419864,1,1.0
4537,0.05822596035992567,0.195101707724507,1,1.0
4538,0.04741290693182931,0.037260125972661665,1,1.0
4539,0.12253982977112625,0.08637999900093396,1,1.0
4540,-0.016271602039365257,-0.00795194828255838,1,1.0
4541,0.22151849513541202,-0.1047076603367883,1,1.0
4542,-0.054078990460011994,-0.08691188572927754,1,1.0
4543,-0.025758614060869302,-0.11440770838418499,1,1.0
4544,0.005342323419648923,0.14795345788525802,1,1.0
4545,0.053909226477059556,0.09774574475196893,1,1.0
4546,0.02390066085495989,-0.03472826585866498,1,1.0
4547,0.02477409415593956,-0.047990636506702544,1,1.0
4548,0.06308966328281336,0.06292546788131884,1,1.0
4549,0.022179078470701843,0.23220236706377304,1,1.0
4550,0.1715524718607557,-0.0003992706211363717,1,1.0
4551,0.1935201180808242,-0.11857129076745443,1,1.0
4552,0.25486024750728464,0.11583396189036467,1,1.0
4553,0.11435651159157631,0.07289040764107287,1,1.0
4554,0.13713313876656089,-0.008344840035883525,1,1.0
4555,0.08654024186533904,0.07032312688303528,1,1.0
4556,-0.007496050819774891,-0.22388434978263166,1,1.0
4557,0.057480860462313474,-0.1128961211449523,1,1.0
4558,-0.021524874746526042,-0.10212086033745235,1,1.0
4559,0.06986971627580213,-0.002714338592174112,1,1.0
4560,-0.0715547889479097,-0.13365445648579394,1,1.0
4561,0.14993210279817692,-0.07243825932879269,1,1.0
4562,-0.02114044086467294,-0.17610175514897253,1,1.0
4563,0.05422560004069292,-0.10185415532058961,1,1.0
4564,0.10537915880382064,-0.20347765197334794,1,1.0
4565,0.02243113227448898,-0.1934529216962077,1,1.0
4566,0.13031929134913464,-0.2766965880887519,1,1.0
4567,-0.03799744528821414,-0.15894020517974772,1,1.0
4568,0.16150909015006795,-0.09252798786880766,1,1.0
4569,0.08692114700015235,-0.12666091127095028,1,1.0
4570,0.040964274448223835,-0.09993114362720962,1,1.0
4571,0.020736731526236552,-0.24281610102096526,1,1.0
4572,0.10562324818948102,-0.20563666850142076,1,1.0
4573,0.011149439186515758,-0.2012472931113165,1,1.0
4574,-0.03655913097352399,0.0796399326857814,1,1.0
4575,-0.04074430658653348,-0.12378693089934248,1,1.0
4576,-0.1531105345209741,0.09603754514137267,1,1.0
4577,0.07796477810563707,0.12017232516160165,1,1.0
4578,-0.05579375261438232,0.12897829908838643,1,1.0
4579,0.07307486048110208,0.2893007254210257,1,1.0
4580,0.04805379886912381,0.24948447223981762,1,1.0
4581,-0.04769866758239191,0.27539682053699116,1,1.0
4582,-0.014798531809970945,0.23477136869238543,1,1.0
4583,0.055211558570374665,0.34583875561839134,1,1.0
4584,0.009861242090602858,0.38758158735983883,1,1.0
4585,0.14179150741057692,0.27373285035179945,1,1.0
4586,0.19018481635171341,0.14858946695915456,1,1.0
4587,0.24853982750003406,0.15097547154146684,1,1.0
4588,0.16021366417823477,0.055158266572861825,1,1.0
4589,0.06270590197880237,0.07203514394462163,1,1.0
4590,0.024328879904472397,0.18351237980704543,1,1.0
4591,0.0530331926029962,0.08598780555893473,1,1.0
4592,0.09369725088637498,0.10236405914631698,1,1.0
4593,-0.1450288321633209,0.09301705063631012,1,1.0
4594,-0.059719444193255075,0.17136253634620963,1,1.0
4595,-0.06353139363263087,-0.09396629639984172,1,1.0
4596,-0.0837890950691102,-0.06564104641257182,1,1.0
4597,0.059794508770332516,-0.04644614753954832,1,1.0
4598,0.05291798416655354,0.07244789319518559,1,1.0
4599,0.18070833393912158,-0.01965535309537366,1,1.0
4600,0.10270434357841579,-0.17771411450285593,1,1.0
4601,0.20958285557947845,-0.05055393003371203,1,1.0
4602,0.32006765587396374,-0.14718283125364692,1,1.0
4603,0.3860847951254879,-0.2224425436713379,1,1.0
4604,0.21845701449460853,-0.2400549145502192,1,1.0
4605,0.2215320394801734,-0.22921824759711784,1,1.0
4606,0.16393985749150694,-0.2700218893771577,1,1.0
4607,0.21374897984658892,-0.4513352136153369,1,1.0
4608,0.24606670065685876,-0.26210107529363624,1,1.0
4609,0.12787544694551828,-0.1651737051329106,1,1.0
4610,0.15732912975606236,-0.11258234653388664,1,1.0
4611,-0.06923262127832075,-0.23087008650268684,1,1.0
4612,0.14985366674001524,-0.19244590925652988,1,1.0
4613,0.017904989592843562,-0.18538070302766976,1,1.0
4614,0.061285487762160404,-0.1090827556373698,1,1.0
4615,0.01117781813634319,-0.05422981541891471,1,1.0
4616,0.13969509471179553,-0.13868009582040935,1,1.0
4617,-0.1965802418717576,-0.09127744647656397,1,1.0
4618,-0.07770065094210679,-0.050642456170537066,1,1.0
4619,-0.11617633887656115,0.08781352456938524,1,1.0
4620,-0.138379637367737,0.10794603187294233,1,1.0
4621,0.05474197047995272,0.17001734523213285,1,1.0
4622,-0.09740165480792659,0.1427768794940985,1,1.0
4623,0.03516121598279599,0.27771724578644935,1,1.0
4624,0.02750151201790798,0.2504396909160489,1,1.0
4625,0.15320119725913517,0.1474701972682071,1,1.0
4626,0.033452263483102956,0.303951022648258,1,1.0
4627,-0.007265172644773582,0.2964020000233197,1,1.0
4628,0.1152835662058066,0.224722104695621,1,1.0
4629,0.10952271876306294,0.17580456608444414,1,1.0
4630,-0.05419503354809614,0.20255692557342894,1,1.0
4631,-0.053590705946265846,0.22059400469614907,1,1.0
4632,-0.009774668247382247,0.21285270705283876,1,1.0
4633,0.061834409422349815,0.22502069298483646,1,1.0
4634,-0.0337548201401003,0.3688639653643916,1,1.0
4635,-0.29312816823904936,0.39597890233757443,1,1.0
4636,-0.1336810284117564,0.3673100901383645,1,1.0
4637,-0.2901791365131662,0.43331078286103936,1,1.0
4638,-0.4159456702436678,0.266927106405379,1,1.0
4639,-0.6198537355985646,0.32994220369622007,1,1.0
4640,-0.41529785641246497,0.45897408911265675,1,1.0
4641,-0.42227308948655173,0.3525625250372227,1,1.0
4642,-0.4005188486868957,0.26446634889422216,1,1.0
4643,-0.22809079976182675,0.19923967798839398,1,1.0
4644,-0.19327766616085745,0.08992040772706417,1,1.0
4645,-0.022763835352870826,0.03524795721998633,1,1.0
4646,-0.2109151482766794,0.011074086791108148,1,1.0
4647,-0.13683330196726526,-0.12333786267720342,1,1.0
4648,-0.3070458631581644,-0.06911865817402932,1,1.0
4649,-0.24821574167062493,0.011755163671086102,1,1.0
4650,-0.265904789326492,-0.10445811726424918,1,1.0
4651,-0.17134623237077556,0.09278007110695322,1,1.0
4652,-0.1780227881062231,0.07540981633765664,1,1.0
4653,-0.09587682874697498,0.17613796969708567,1,1.0
4654,-0.04058892036616249,0.06252227133433469,1,1.0
4655,0.16237646689452423,0.1758072764163881,1,1.0
4656,0.053719538498253346,0.015047657210601945,1,1.0
4657,-0.013157606899328628,0.15079552733492846,1,1.0
4658,0.03282965894151971,0.11217554754349078,1,1.0
4659,-0.06447748941884113,0.16786910872505137,1,1.0
4660,0.11935848087480484,0.016814668935592886,1,1.0
4661,0.02395003780470732,-0.029057450248789328,1,1.0
4662,-0.006380069842133192,0.04733275235674275,1,1.0
4663,-0.043774602678979514,-0.07515238408301123,1,1.0
4664,0.04366295978713644,0.015429024467128401,1,1.0
4665,-0.0027093032545605147,-0.1500020811906509,1,1.0
4666,-0.052693376029633615,-0.0005551201075851969,1,1.0
4667,0.13410637516820478,-0.1685860278985973,1,1.0
4668,-0.020961171774142223,-0.046088159003481614,1,1.0
4669,0.031211816889275452,-0.01566561040706807,1,1.0
4670,0.07766935376234566,-0.09290299578824282,1,1.0
4671,-0.10716835371751732,-0.0022388238865934246,1,1.0
4672,0.007025844038785797,-0.003169966735073304,1,1.0
4673,-0.13344576724002866,-0.05645781282629584,1,1.0
4674,0.004318570951018799,-0.13568114612392032,1,1.0
4675,-0.13370768879329495,-0.2946086006894989,1,1.0
4676,-0.009652138805785276,-0.18250449952090603,1,1.0
4677,0.06467971670801162,-0.3543655570555988,1,1.0
4678,0.12205584094635188,-0.2578362641455002,1,1.0
4679,0.11776908440402485,-0.28735624721220465,1,1.0
4680,0.08414810863335054,-0.18185035002715327,1,1.0
4681,0.028177632867733386,-0.22552163412893977,1,1.0
4682,0.1892544813923556,-0.222812864120219,1,1.0
4683,0.052056456678969035,-0.12815713828198377,1,1.0
4684,-0.015696388931911526,-0.1102323392968442,1,1.0
4685,0.07273599714782679,-0.07297094934442383,1,1.0
4686,-0.04068099870952693,-0.029925512414854923,1,1.0
4687,-0.09759414982798084,-0.1934038045729507,1,1.0
4688,-0.21512121572662307,-0.049341068469528696,1,1.0
4689,-0.20664195833041987,-0.026378903052242185,1,1.0
4690,-0.19679304210588816,-0.13229797522985365,1,1.0
4691,-0.15575923999658897,-0.11170050342100499,1,1.0
4692,-0.05736283219977145,-0.11064042338432221,1,1.0
4693,-0.028455678952260192,-0.1133440834970681,1,1.0
4694,-0.05336947898660553,-0.06781258045668406,1,1.0
4695,-0.06037795871561336,0.06844590485998747,1,1.0
4696,-0.0012218720338313255,0.12890044154627014,1,1.0
4697,0.10841050545787416,-0.033347882957382294,1,1.0
4698,0.07731116161289513,0.08086840172005653,1,1.0
4699,0.031996763184058426,0.1714100080983602,1,1.0
4700,-0.05689519371425096,0.16578737744395336,1,1.0
4701,-0.1690586137145556,0.2599934714144768,1,1.0
4702,-0.05187675913865633,0.4069593406519486,1,1.0
4703,-0.024045787233604753,0.42454460042621034,1,1.0
4704,0.027745852428906412,0.4017454220154837,1,1.0
4705,-0.0034321693479431696,0.4729194807456286,1,1.0
4706,0.14695792870908111,0.41876409836171136,1,1.0
4707,0.03873325696258394,0.395524607569211,1,1.0
4708,0.16285425651099525,0.32780257047866673,1,1.0
4709,0.10545824149641804,0.47168026044117417,1,1.0
4710,0.05129614538321564,0.29950606081410436,1,1.0
4711,0.12166819041063093,0.4744444870886265,1,1.0
4712,0.12935336972974262,0.42450492287144437,1,1.0
4713,0.14980975488772746,0.25710568236926035,1,1.0
4714,0.13681970605717914,0.31837981558213163,1,1.0
4715,0.12324544192894261,0.05815694329489465,1,1.0
4716,0.35383037626156316,0.19295891233467988,1,1.0
4717,0.36769752285523793,0.2217455786881754,1,1.0
4718,0.3990503160901629,0.13169942534810383,1,1.0
4719,0.36091936233100796,0.15789809841087313,1,1.0
4720,0.4369824322853205,0.32966443002598367,1,1.0
4721,0.4222647457096399,0.19459341711265843,1,1.0
4722,0.3870740523887836,0.10976462056973008,1,1.0
4723,0.3285674226195706,0.27240313772189545,1,1.0
4724,0.3051709355221086,0.39262998785713576,1,1.0
4725,-0.03536978548866926,0.31766850121563484,1,1.0
4726,0.0913894932931952,0.40953640062735724,1,1.0
4727,-0.004624847681719627,0.47516998229419294,1,1.0
4728,0.18390893920721518,0.3337144863108845,1,1.0
4729,0.11089231630098864,0.29424910293800177,1,1.0
4730,0.002811729589261555,0.3997512589715399,1,1.0
4731,0.02996671723104176,0.49662691413517546,1,1.0
4732,-0.0857885592908469,0.4741896121900028,1,1.0
4733,0.0048576211660510335,0.3455204062043489,1,1.0
4734,0.006272741346325092,0.5482752385495542,1,1.0
4735,0.10100489426843713,0.3795241752098407,1,1.0
4736,-0.01660342020449674,0.35868329857362546,1,1.0
4737,0.023740225780647772,0.36330101515608965,1,1.0
4738,-0.12723907013562388,0.48100164073721885,1,1.0
4739,0.0009281038452914614,0.48298888664438056,1,1.0
4740,0.01427225931049992,0.475580374243985,1,1.0
4741,0.05842228884264448,0.47657374355151577,1,1.0
4742,0.039496954234430774,0.4329698252684516,1,1.0
4743,0.08270214827233091,0.4585679696783763,1,1.0
4744,0.22190428606458742,0.15207572161813093,1,1.0
4745,0.12944379041625034,0.1991550779674116,1,1.0
4746,0.15810207844013485,0.18924795675756434,1,1.0
4747,0.025081754270815035,0.05819388908281137,1,1.0
4748,-0.024346420065303763,0.1303230522581121,1,1.0
4749,0.002698003551392993,0.07520487598109851,1,1.0
4750,0.10470823078143539,0.2597674110976418,1,1.0
4751,0.03800625710912187,0.3357238819744003,1,1.0
4752,0.030624570568691344,0.23278399560211638,1,1.0
4753,-0.0109119049764861,0.22530379079692037,1,1.0
4754,-0.05083543889971657,0.19762271659794783,1,1.0
4755,-0.004277689261893612,0.14099881958188254,1,1.0
4756,-0.1675430097449156,0.16338860513132655,1,1.0
4757,0.026284845041155316,0.06450460206460168,1,1.0
4758,-0.10103422571172754,-0.025342190715593668,1,1.0
4759,0.019455266629124224,0.06641718858005116,1,1.0
4760,-0.1456369674754313,0.09520061435553367,1,1.0
4761,-0.014661587441899701,-0.0033860507786636906,1,1.0
4762,0.01470641807368054,0.11606409691572185,1,1.0
4763,0.04284558181222807,0.0054648699993008615,1,1.0
4764,-0.06932357767053822,0.06341467487809518,1,1.0
4765,-0.0037856530988468126,0.12172266718789299,1,1.0
4766,-0.14137408363390846,0.08869674630579304,1,1.0
4767,-0.11123647161961767,0.13520893915395715,1,1.0
4768,-0.006212797966410541,0.05609142299535502,1,1.0
4769,0.04257157244134258,0.05457087720059044,1,1.0
4770,0.025197398328925702,0.02898401013092673,1,1.0
4771,-0.069590746862526,-0.04089616541529073,1,1.0
4772,0.030363542598581456,-0.033519912521474626,1,1.0
4773,-0.0007209747298064079,-0.18724262702384667,1,1.0
4774,-0.22335508188135175,-0.17151692468496088,1,1.0
4775,-0.05596635891610113,-0.18757049225509762,1,1.0
4776,-0.10300962330103543,-0.18961534800808486,1,1.0
4777,0.04164944314285564,-0.19419010106845808,1,1.0
4778,-0.11544027298887771,-0.1795750850295132,1,1.0
4779,-0.37443971217007,-0.11805792952963895,1,1.0
4780,-0.2313875233641868,-0.03725557581338507,1,1.0
4781,-0.22200806000133577,-0.12274724703174944,1,1.0
4782,-0.3716882557707027,-0.20514510650197962,1,1.0
4783,-0.38746532604948297,-0.2641156792350229,1,1.0
4784,-0.06846389798891045,-0.2687332316111003,1,1.0
4785,-0.1878789980235715,-0.27566677451881794,1,1.0
4786,-0.06017067057319442,-0.32301964081436657,1,1.0
4787,-0.15753208448782646,-0.40612348326925474,1,1.0
4788,-0.3216007417499699,-0.3861920649532816,1,1.0
4789,-0.25724589507592044,-0.33540962194134827,1,1.0
4790,-0.2773882155991537,-0.257600446067237,1,1.0
4791,-0.2835945217491055,-0.31092545953357875,1,1.0
4792,-0.2648372612798487,-0.30513519175466175,1,1.0
4793,-0.2175538861280772,-0.36902858379760173,1,1.0
4794,-0.22499520518618157,-0.3161016248424372,1,1.0
4795,-0.3266639057448685,-0.38521241346382434,1,1.0
4796,-0.21487842584658168,-0.2686451542069057,1,1.0
4797,-0.42186340276365186,-0.45533746575670186,1,1.0
4798,-0.5226173151405857,-0.38975899296133903,1,1.0
4799,-0.36621136044329017,-0.34034590158463973,1,1.0
4800,-0.3258099835946141,-0.30275178720693513,1,1.0
4801,-0.3110889347971591,-0.014451476401503294,1,1.0
4802,-0.4239412064321869,-0.06451641954619176,1,1.0
4803,-0.4184824983658674,-0.1434507543323671,1,1.0
4804,-0.40454653571782695,-0.1149718031721851,1,1.0
4805,-0.5278620677978677,-0.28964294154966636,1,1.0
4806,-0.511984067196392,-0.2163372808111314,1,1.0
4807,-0.4003160268395275,-0.3000008566516546,1,1.0
4808,-0.2510542998337124,-0.153362670678316,1,1.0
4809,-0.31267086321794074,-0.2369718868620395,1,1.0
4810,-0.18726997244926835,-0.19986852490024315,1,1.0
4811,-0.39756924949369,-0.25456846513919806,1,1.0
4812,-0.22877741731963336,-0.03881650136825865,1,1.0
4813,-0.3369320667126351,-0.13178471697450578,1,1.0
4814,-0.24005790355267403,0.09253992375273912,1,1.0
4815,-0.2698896039693659,0.09740371537111839,1,1.0
4816,-0.10190973246903831,0.1344108790820314,1,1.0
4817,-0.22955628550622456,0.14674095679230634,1,1.0
4818,-0.10554606128826312,0.16774756762161838,1,1.0
4819,-0.1601452687544786,-0.0480964303238981,1,1.0
4820,-0.14358152744013247,-0.006421927322928997,1,1.0
4821,-0.152577886406344,0.06623371162750533,1,1.0
4822,-0.21918850052525743,0.03292393043221394,1,1.0
4823,-0.1786963628277248,-0.10089451293277754,1,1.0
4824,-0.17923919006639427,-0.05589997368774928,1,1.0
4825,-0.13702839804748107,0.10660221353306631,1,1.0
4826,-0.12753828127912067,0.17188050756698697,1,1.0
4827,-0.0378320332204931,0.1289085676635089,1,1.0
4828,0.03139015728870482,0.2240542205740101,1,1.0
4829,-0.09757784777570516,0.13645440060665354,1,1.0
4830,0.03774758858026546,-0.021298252146476737,1,1.0
4831,-0.12525844389553772,-0.06428922991884542,1,1.0
4832,-0.005045200949469489,0.11132586325556952,1,1.0
4833,0.021369224731943866,0.020109440794757665,1,1.0
4834,-0.17982371461192495,0.021125025516023646,1,1.0
4835,-0.09218553669463085,-0.01127597207944657,1,1.0
4836,-0.1561080477363876,0.18998558336443985,1,1.0
4837,-0.1971970154437593,0.2732044499310363,1,1.0
4838,-0.030065390517271307,0.44279636831276714,1,1.0
4839,-0.14256625300723247,0.3317346349269661,1,1.0
4840,-0.17519706187132586,0.3614421403247193,1,1.0
4841,-0.1403186190244559,0.16472141973084226,1,1.0
4842,-0.06819131534622963,0.35495893654774857,1,1.0
4843,-0.09717523351608723,0.14561383272110828,1,1.0
4844,0.037874519853403996,0.21553353697325245,1,1.0
4845,0.04666970805362529,0.06327401923699955,1,1.0
4846,-0.17845695118494667,0.04373778996030585,1,1.0
4847,-0.14601995464558126,-0.03850136335768667,1,1.0
4848,-0.19733326807800264,-0.07076700709410204,1,1.0
4849,-0.11426985189753369,-0.10792288357866509,1,1.0
4850,-0.3902435971993322,-0.14081071176793736,1,1.0
4851,-0.013526143017087211,-0.033529900956331224,1,1.0
4852,-0.07208615548063099,-0.17284743341043196,1,1.0
4853,-0.03242185580173564,-0.09171328763177186,1,1.0
4854,0.07707781151668394,0.014913712628363135,1,1.0
4855,0.27088553545075217,-0.06988539516385328,1,1.0
4856,0.2727293291842968,-0.10924901238456321,1,1.0
4857,0.33978456779296573,-0.109567488497919,1,1.0
4858,0.29875854187750667,0.01945732402195066,1,1.0
4859,0.26703792012769884,-0.0017850890408695266,1,1.0
4860,0.20227077023938117,-0.04835528567869637,1,1.0
4861,0.11886263901048413,0.018838966999325298,1,1.0
4862,0.06329740450815509,-0.11343242048765607,1,1.0
4863,-0.061418362026260026,0.0057281888514987556,1,1.0
4864,-0.025448940931811822,0.010267917934779203,1,1.0
4865,-0.2021616308896038,-0.022901639697571266,1,1.0
4866,-0.10984000839893475,-0.09451918828283211,1,1.0
4867,-0.13018555511047616,-0.15225009710731638,1,1.0
4868,-0.09636980574729734,-0.06622408111464843,1,1.0
4869,-0.1490907069835205,0.037488572447922225,1,1.0
4870,0.18932067110374884,-0.061104855568520675,1,1.0
4871,0.20487678058522443,0.020422328748412696,1,1.0
4872,0.055268019673787014,-0.21478076128171547,1,1.0
4873,0.11791065472252935,-0.18120353121022542,1,1.0
4874,0.026526184441921355,-0.17626224039774008,1,1.0
4875,-0.05015906558882979,-0.25108674529989505,1,1.0
4876,-0.15614479113311497,-0.29718135677821866,1,1.0
4877,-0.06551292528059252,-0.32041279330378836,1,1.0
4878,-0.15428921601524742,-0.2521828101831013,1,1.0
4879,-0.015444804790805802,-0.26616642594163475,1,1.0
4880,0.0438245737739862,-0.4591778219524084,1,1.0
4881,0.15905274134829495,-0.5674266362174422,1,1.0
4882,0.023340340333762463,-0.5388958461019053,1,1.0
4883,0.10925658767394698,-0.44779683992102054,1,1.0
4884,0.13580147636872703,-0.7050973420557074,1,1.0
4885,0.06684004461302381,-0.6073704748248936,1,1.0
4886,0.0036672739391448855,-0.6285762731633905,1,1.0
4887,0.1832044443249914,-0.42052312852465756,1,1.0
4888,0.13377243634994368,-0.47938894023509804,1,1.0
4889,0.19882157017863739,-0.3754914042243632,1,1.0
4890,0.07721707182937279,-0.354985810596401,1,1.0
4891,-0.015951732501004498,-0.5386955556058697,1,1.0
4892,-0.043350895401001906,-0.3528923548792684,1,1.0
4893,-0.043198195729902196,-0.35180442906369314,1,1.0
4894,-0.1453461867399768,-0.26612349993453743,1,1.0
4895,-0.10115165162799503,0.1274083419638023,1,1.0
4896,-0.2731453658056401,-0.2118033387519387,1,1.0
4897,-0.3062374572187698,0.08361016431408831,1,1.0
4898,-0.19859495924526638,-0.04211965497716419,1,1.0
4899,-0.15064916068500134,0.028544146748228912,1,1.0
4900,-0.18915566072326734,-6.063297433612797e-05,1,1.0
4901,-0.2604645755471561,-0.03389676909993736,1,1.0
4902,-0.3157657986978749,-0.07733954417613913,1,1.0
4903,-0.30492567647700314,-0.02362188367836377,1,1.0
4904,-0.2132332963310352,-0.18909236312702793,1,1.0
4905,-0.12659311160728956,-0.04548406622754933,1,1.0
4906,-0.18957902941188118,-0.12563758916316337,1,1.0
4907,-0.26707459372779396,-0.2020347072701986,1,1.0
4908,-0.1903341012736074,-0.20391338691064953,1,1.0
4909,-0.27667633594508756,-0.05724352264119201,1,1.0
4910,-0.274931295835255,-0.1490536383595324,1,1.0
4911,-0.11543406924097549,-0.07075987798711501,1,1.0
4912,-0.06902828743858497,-0.16026764587167605,1,1.0
4913,-0.060249762010298455,-0.04159636592677818,1,1.0
4914,-0.18405024354902685,-0.004487339438549315,1,1.0
4915,-0.10736541798543975,0.1696895698884781,1,1.0
4916,-0.013368594777219245,0.0829111455516005,1,1.0
4917,-0.07779414883851704,0.16751903877329438,1,1.0
4918,0.08442434126239552,0.13519152088335123,1,1.0
4919,0.1565908890577029,0.26095780234830046,1,1.0
4920,0.28565511902768775,0.12524889891311258,1,1.0
4921,0.2488946507870588,0.22793721134008577,1,1.0
4922,0.2937724961611428,0.15486726686631705,1,1.0
4923,0.3923506217659123,0.1548827058109662,1,1.0
4924,0.3682815156147878,0.1485650519913121,1,1.0
4925,0.2885506851196251,0.16082788258074482,1,1.0
4926,0.23876058210342527,0.1294433408336447,1,1.0
4927,0.2536770501753166,0.14738568759146292,1,1.0
4928,0.09477826254159566,0.28507622056118964,1,1.0
4929,0.11864418104113313,0.3138064071756745,1,1.0
4930,0.20927469921018396,0.3607221697234513,1,1.0
4931,-0.057967311278077804,0.26502127138438597,1,1.0
4932,0.18145023317566,0.17830533092483453,1,1.0
4933,0.20371736839228863,0.28201963579399175,1,1.0
4934,0.13068902940502353,0.3103080600068248,1,1.0
4935,0.19386771094788166,0.41805779431739065,1,1.0
4936,0.1558421080808687,0.2835290319955589,1,1.0
4937,0.27466461497675404,0.27257989195651783,1,1.0
4938,0.30981971568730715,0.08465822852003496,1,1.0
4939,0.12828414158710957,0.09332179409288902,1,1.0
4940,0.22864264100487558,0.18104759606968862,1,1.0
4941,0.15510804171473347,0.08997555794686009,1,1.0
4942,0.16994087438211275,0.17234759310910502,1,1.0
4943,0.07567974704670614,0.1113509126497399,1,1.0
4944,0.27120381745474104,0.15092052834473152,1,1.0
4945,0.28943239657711406,0.009188451820194149,1,1.0
4946,0.18104346678539399,0.05931017455892605,1,1.0
4947,0.061994738353347345,-0.26077095680865847,1,1.0
4948,0.052942619949841785,-0.15735913753371575,1,1.0
4949,0.09381425808503985,-0.335694093934341,1,1.0
4950,0.09619192523059875,-0.12802474596603772,1,1.0
4951,0.21117271504069557,-0.0997823404834738,1,1.0
4952,0.2345531788116822,-0.05160972988328749,1,1.0
4953,0.3010406243745087,0.09120008264092339,1,1.0
4954,0.2836758683292536,-0.055654521462915954,1,1.0
4955,0.12158783528880576,0.16870363170608327,1,1.0
4956,0.13848560855736938,0.17774497901081365,1,1.0
4957,0.2255766897119299,0.13360254819641856,1,1.0
4958,0.17173940354190415,0.24704703733938965,1,1.0
4959,0.22102568590109614,0.07767963562139595,1,1.0
4960,0.1522624010786156,0.038270476421887106,1,1.0
4961,0.05468396156331368,-0.014592795784418994,1,1.0
4962,0.06615469085696184,-0.05017230535048679,1,1.0
4963,0.0870027472864366,-0.14013698622164306,1,1.0
4964,0.006479283682806147,0.023174423371400646,1,1.0
4965,0.006417269909947815,-0.0540218818806357,1,1.0
4966,-0.08815217714778774,0.009789694718726732,1,1.0
4967,0.06095836644072131,-0.06736788437432273,1,1.0
4968,-0.019316209038706938,-0.21954415226382734,1,1.0
4969,0.15197333902161053,-0.124931120831451,1,1.0
4970,0.23826392575544508,-0.3320474157199965,1,1.0
4971,0.18044576068757584,-0.2435711902899801,1,1.0
4972,0.07890176088444405,-0.3825884427732681,1,1.0
4973,-0.10711500303639455,-0.10389682282787405,1,1.0
4974,-0.18780218085918265,-0.08597835431123269,1,1.0
4975,-0.282199291916294,-0.07218068030795378,1,1.0
4976,-0.0878132666613807,0.05726875328732481,1,1.0
4977,-0.125765288849022,-0.07192454986656484,1,1.0
4978,-0.06284270089862862,0.028373833933267846,1,1.0
4979,-0.29747730808739636,0.015427978771862607,1,1.0
4980,-0.31713583804375256,0.04417094557646492,1,1.0
4981,-0.19081671760784172,0.15836631098811452,1,1.0
4982,-0.18095337073957218,0.1815202805437884,1,1.0
4983,-0.18053756559465556,0.18529442790520972,1,1.0
4984,-0.10612431471865272,0.00014399728343272855,1,1.0
4985,0.045743922103993195,-0.04032990278632382,1,1.0
4986,-0.02649518750690496,-0.03642563584633689,1,1.0
4987,0.004763044392861926,-0.024617114916034154,1,1.0
4988,0.014168962256776182,-0.13871833217091395,1,1.0
4989,0.24914125419932354,0.15055153378048353,1,1.0
4990,-0.05620018524527559,0.2003548261423732,1,1.0
4991,0.10934456659151251,0.22559018785881732,1,1.0
4992,0.03726645950541845,0.2026642466863768,1,1.0
4993,0.11184041829912278,0.1680547073793561,1,1.0
4994,0.012546933431626758,0.06644025243130312,1,1.0
4995,0.03618378246286785,0.09802861552447495,1,1.0
4996,0.09661540745375825,0.10452449905835097,1,1.0
4997,0.3801153993154994,-0.03205277345580937,1,1.0
4998,0.33785748076563427,0.04554332736850941,1,1.0
4999,0.2319425484509795,0.0021842595018879574,1,1.0
