0,1,2,3,4,5,6,7,8,9,10,11,12,13,14,15,16,17,18,19,20,21,22,23,24,25,26,27,28,29,30,31,32,33,34,35,36,37,38,39,40,41,42,43,44,45,46,47,48,49,50,51,52,53,54,55,56,57,58,59,60,61,62,63,64,65,66,67,68,69,70,71,72,73,74,75,76,77,78,79,80,81,82,83,84,85,86,87,88,89,90,91,92,93,94,95,96,97,98,99
70.0,37.1,37.1,44.75,37.1,35.61,34.55,50.49,61.55,58.82,63.05,61.69,56.3,53.9,46.24,45.91,46.01,51.31,66.19,81.03,71.92,58.1,53.14,54.11,50.9,44.14,40.71,34.42,32.03,32.14,33.24,41.62,38.09,40.34,41.87,48.37,45.75,40.35,34.97,32.66,34.44,41.27,56.24,72.98,63.56,54.7,53.27,48.57,44.6,40.92,37.39,36.4,33.01,37.89,52.01,97.14,92.12,82.0,125.09,100.01,127.0,115.37,92.7,85.84,86.62,87.0,140.06,176.16,152.26,74.29,68.5,60.15,76.74,60.09,53.12,47.65,41.4,46.12,71.04,173.69,227.76,219.67,235.54,213.11,169.77,200.0,299.0,85.56,87.21,91.32,141.07,196.15,179.55,86.04,73.74,61.7,60.0,51.57,43.92,42.2
37.1,37.1,44.75,37.1,35.61,34.55,50.49,61.55,58.82,63.05,61.69,56.3,53.9,46.24,45.91,46.01,51.31,66.19,81.03,71.92,58.1,53.14,54.11,50.9,44.14,40.71,34.42,32.03,32.14,33.24,41.62,38.09,40.34,41.87,48.37,45.75,40.35,34.97,32.66,34.44,41.27,56.24,72.98,63.56,54.7,53.27,48.57,44.6,40.92,37.39,36.4,33.01,37.89,52.01,97.14,92.12,82.0,125.09,100.01,127.0,115.37,92.7,85.84,86.62,87.0,140.06,176.16,152.26,74.29,68.5,60.15,76.74,60.09,53.12,47.65,41.4,46.12,71.04,173.69,227.76,219.67,235.54,213.11,169.77,200.0,299.0,85.56,87.21,91.32,141.07,196.15,179.55,86.04,73.74,61.7,60.0,51.57,43.92,42.2,42.36
37.1,44.75,37.1,35.61,34.55,50.49,61.55,58.82,63.05,61.69,56.3,53.9,46.24,45.91,46.01,51.31,66.19,81.03,71.92,58.1,53.14,54.11,50.9,44.14,40.71,34.42,32.03,32.14,33.24,41.62,38.09,40.34,41.87,48.37,45.75,40.35,34.97,32.66,34.44,41.27,56.24,72.98,63.56,54.7,53.27,48.57,44.6,40.92,37.39,36.4,33.01,37.89,52.01,97.14,92.12,82.0,125.09,100.01,127.0,115.37,92.7,85.84,86.62,87.0,140.06,176.16,152.26,74.29,68.5,60.15,76.74,60.09,53.12,47.65,41.4,46.12,71.04,173.69,227.76,219.67,235.54,213.11,169.77,200.0,299.0,85.56,87.21,91.32,141.07,196.15,179.55,86.04,73.74,61.7,60.0,51.57,43.92,42.2,42.36,47.8
44.75,37.1,35.61,34.55,50.49,61.55,58.82,63.05,61.69,56.3,53.9,46.24,45.91,46.01,51.31,66.19,81.03,71.92,58.1,53.14,54.11,50.9,44.14,40.71,34.42,32.03,32.14,33.24,41.62,38.09,40.34,41.87,48.37,45.75,40.35,34.97,32.66,34.44,41.27,56.24,72.98,63.56,54.7,53.27,48.57,44.6,40.92,37.39,36.4,33.01,37.89,52.01,97.14,92.12,82.0,125.09,100.01,127.0,115.37,92.7,85.84,86.62,87.0,140.06,176.16,152.26,74.29,68.5,60.15,76.74,60.09,53.12,47.65,41.4,46.12,71.04,173.69,227.76,219.67,235.54,213.11,169.77,200.0,299.0,85.56,87.21,91.32,141.07,196.15,179.55,86.04,73.74,61.7,60.0,51.57,43.92,42.2,42.36,47.8,61.46
37.1,35.61,34.55,50.49,61.55,58.82,63.05,61.69,56.3,53.9,46.24,45.91,46.01,51.31,66.19,81.03,71.92,58.1,53.14,54.11,50.9,44.14,40.71,34.42,32.03,32.14,33.24,41.62,38.09,40.34,41.87,48.37,45.75,40.35,34.97,32.66,34.44,41.27,56.24,72.98,63.56,54.7,53.27,48.57,44.6,40.92,37.39,36.4,33.01,37.89,52.01,97.14,92.12,82.0,125.09,100.01,127.0,115.37,92.7,85.84,86.62,87.0,140.06,176.16,152.26,74.29,68.5,60.15,76.74,60.09,53.12,47.65,41.4,46.12,71.04,173.69,227.76,219.67,235.54,213.11,169.77,200.0,299.0,85.56,87.21,91.32,141.07,196.15,179.55,86.04,73.74,61.7,60.0,51.57,43.92,42.2,42.36,47.8,61.46,88.36
35.61,34.55,50.49,61.55,58.82,63.05,61.69,56.3,53.9,46.24,45.91,46.01,51.31,66.19,81.03,71.92,58.1,53.14,54.11,50.9,44.14,40.71,34.42,32.03,32.14,33.24,41.62,38.09,40.34,41.87,48.37,45.75,40.35,34.97,32.66,34.44,41.27,56.24,72.98,63.56,54.7,53.27,48.57,44.6,40.92,37.39,36.4,33.01,37.89,52.01,97.14,92.12,82.0,125.09,100.01,127.0,115.37,92.7,85.84,86.62,87.0,140.06,176.16,152.26,74.29,68.5,60.15,76.74,60.09,53.12,47.65,41.4,46.12,71.04,173.69,227.76,219.67,235.54,213.11,169.77,200.0,299.0,85.56,87.21,91.32,141.07,196.15,179.55,86.04,73.74,61.7,60.0,51.57,43.92,42.2,42.36,47.8,61.46,88.36,89.19
34.55,50.49,61.55,58.82,63.05,61.69,56.3,53.9,46.24,45.91,46.01,51.31,66.19,81.03,71.92,58.1,53.14,54.11,50.9,44.14,40.71,34.42,32.03,32.14,33.24,41.62,38.09,40.34,41.87,48.37,45.75,40.35,34.97,32.66,34.44,41.27,56.24,72.98,63.56,54.7,53.27,48.57,44.6,40.92,37.39,36.4,33.01,37.89,52.01,97.14,92.12,82.0,125.09,100.01,127.0,115.37,92.7,85.84,86.62,87.0,140.06,176.16,152.26,74.29,68.5,60.15,76.74,60.09,53.12,47.65,41.4,46.12,71.04,173.69,227.76,219.67,235.54,213.11,169.77,200.0,299.0,85.56,87.21,91.32,141.07,196.15,179.55,86.04,73.74,61.7,60.0,51.57,43.92,42.2,42.36,47.8,61.46,88.36,89.19,90.03
50.49,61.55,58.82,63.05,61.69,56.3,53.9,46.24,45.91,46.01,51.31,66.19,81.03,71.92,58.1,53.14,54.11,50.9,44.14,40.71,34.42,32.03,32.14,33.24,41.62,38.09,40.34,41.87,48.37,45.75,40.35,34.97,32.66,34.44,41.27,56.24,72.98,63.56,54.7,53.27,48.57,44.6,40.92,37.39,36.4,33.01,37.89,52.01,97.14,92.12,82.0,125.09,100.01,127.0,115.37,92.7,85.84,86.62,87.0,140.06,176.16,152.26,74.29,68.5,60.15,76.74,60.09,53.12,47.65,41.4,46.12,71.04,173.69,227.76,219.67,235.54,213.11,169.77,200.0,299.0,85.56,87.21,91.32,141.07,196.15,179.55,86.04,73.74,61.7,60.0,51.57,43.92,42.2,42.36,47.8,61.46,88.36,89.19,90.03,87.88
61.55,58.82,63.05,61.69,56.3,53.9,46.24,45.91,46.01,51.31,66.19,81.03,71.92,58.1,53.14,54.11,50.9,44.14,40.71,34.42,32.03,32.14,33.24,41.62,38.09,40.34,41.87,48.37,45.75,40.35,34.97,32.66,34.44,41.27,56.24,72.98,63.56,54.7,53.27,48.57,44.6,40.92,37.39,36.4,33.01,37.89,52.01,97.14,92.12,82.0,125.09,100.01,127.0,115.37,92.7,85.84,86.62,87.0,140.06,176.16,152.26,74.29,68.5,60.15,76.74,60.09,53.12,47.65,41.4,46.12,71.04,173.69,227.76,219.67,235.54,213.11,169.77,200.0,299.0,85.56,87.21,91.32,141.07,196.15,179.55,86.04,73.74,61.7,60.0,51.57,43.92,42.2,42.36,47.8,61.46,88.36,89.19,90.03,87.88,85.95
58.82,63.05,61.69,56.3,53.9,46.24,45.91,46.01,51.31,66.19,81.03,71.92,58.1,53.14,54.11,50.9,44.14,40.71,34.42,32.03,32.14,33.24,41.62,38.09,40.34,41.87,48.37,45.75,40.35,34.97,32.66,34.44,41.27,56.24,72.98,63.56,54.7,53.27,48.57,44.6,40.92,37.39,36.4,33.01,37.89,52.01,97.14,92.12,82.0,125.09,100.01,127.0,115.37,92.7,85.84,86.62,87.0,140.06,176.16,152.26,74.29,68.5,60.15,76.74,60.09,53.12,47.65,41.4,46.12,71.04,173.69,227.76,219.67,235.54,213.11,169.77,200.0,299.0,85.56,87.21,91.32,141.07,196.15,179.55,86.04,73.74,61.7,60.0,51.57,43.92,42.2,42.36,47.8,61.46,88.36,89.19,90.03,87.88,85.95,78.05
63.05,61.69,56.3,53.9,46.24,45.91,46.01,51.31,66.19,81.03,71.92,58.1,53.14,54.11,50.9,44.14,40.71,34.42,32.03,32.14,33.24,41.62,38.09,40.34,41.87,48.37,45.75,40.35,34.97,32.66,34.44,41.27,56.24,72.98,63.56,54.7,53.27,48.57,44.6,40.92,37.39,36.4,33.01,37.89,52.01,97.14,92.12,82.0,125.09,100.01,127.0,115.37,92.7,85.84,86.62,87.0,140.06,176.16,152.26,74.29,68.5,60.15,76.74,60.09,53.12,47.65,41.4,46.12,71.04,173.69,227.76,219.67,235.54,213.11,169.77,200.0,299.0,85.56,87.21,91.32,141.07,196.15,179.55,86.04,73.74,61.7,60.0,51.57,43.92,42.2,42.36,47.8,61.46,88.36,89.19,90.03,87.88,85.95,78.05,76.7
61.69,56.3,53.9,46.24,45.91,46.01,51.31,66.19,81.03,71.92,58.1,53.14,54.11,50.9,44.14,40.71,34.42,32.03,32.14,33.24,41.62,38.09,40.34,41.87,48.37,45.75,40.35,34.97,32.66,34.44,41.27,56.24,72.98,63.56,54.7,53.27,48.57,44.6,40.92,37.39,36.4,33.01,37.89,52.01,97.14,92.12,82.0,125.09,100.01,127.0,115.37,92.7,85.84,86.62,87.0,140.06,176.16,152.26,74.29,68.5,60.15,76.74,60.09,53.12,47.65,41.4,46.12,71.04,173.69,227.76,219.67,235.54,213.11,169.77,200.0,299.0,85.56,87.21,91.32,141.07,196.15,179.55,86.04,73.74,61.7,60.0,51.57,43.92,42.2,42.36,47.8,61.46,88.36,89.19,90.03,87.88,85.95,78.05,76.7,77.16
56.3,53.9,46.24,45.91,46.01,51.31,66.19,81.03,71.92,58.1,53.14,54.11,50.9,44.14,40.71,34.42,32.03,32.14,33.24,41.62,38.09,40.34,41.87,48.37,45.75,40.35,34.97,32.66,34.44,41.27,56.24,72.98,63.56,54.7,53.27,48.57,44.6,40.92,37.39,36.4,33.01,37.89,52.01,97.14,92.12,82.0,125.09,100.01,127.0,115.37,92.7,85.84,86.62,87.0,140.06,176.16,152.26,74.29,68.5,60.15,76.74,60.09,53.12,47.65,41.4,46.12,71.04,173.69,227.76,219.67,235.54,213.11,169.77,200.0,299.0,85.56,87.21,91.32,141.07,196.15,179.55,86.04,73.74,61.7,60.0,51.57,43.92,42.2,42.36,47.8,61.46,88.36,89.19,90.03,87.88,85.95,78.05,76.7,77.16,81.78
53.9,46.24,45.91,46.01,51.31,66.19,81.03,71.92,58.1,53.14,54.11,50.9,44.14,40.71,34.42,32.03,32.14,33.24,41.62,38.09,40.34,41.87,48.37,45.75,40.35,34.97,32.66,34.44,41.27,56.24,72.98,63.56,54.7,53.27,48.57,44.6,40.92,37.39,36.4,33.01,37.89,52.01,97.14,92.12,82.0,125.09,100.01,127.0,115.37,92.7,85.84,86.62,87.0,140.06,176.16,152.26,74.29,68.5,60.15,76.74,60.09,53.12,47.65,41.4,46.12,71.04,173.69,227.76,219.67,235.54,213.11,169.77,200.0,299.0,85.56,87.21,91.32,141.07,196.15,179.55,86.04,73.74,61.7,60.0,51.57,43.92,42.2,42.36,47.8,61.46,88.36,89.19,90.03,87.88,85.95,78.05,76.7,77.16,81.78,73.82
46.24,45.91,46.01,51.31,66.19,81.03,71.92,58.1,53.14,54.11,50.9,44.14,40.71,34.42,32.03,32.14,33.24,41.62,38.09,40.34,41.87,48.37,45.75,40.35,34.97,32.66,34.44,41.27,56.24,72.98,63.56,54.7,53.27,48.57,44.6,40.92,37.39,36.4,33.01,37.89,52.01,97.14,92.12,82.0,125.09,100.01,127.0,115.37,92.7,85.84,86.62,87.0,140.06,176.16,152.26,74.29,68.5,60.15,76.74,60.09,53.12,47.65,41.4,46.12,71.04,173.69,227.76,219.67,235.54,213.11,169.77,200.0,299.0,85.56,87.21,91.32,141.07,196.15,179.55,86.04,73.74,61.7,60.0,51.57,43.92,42.2,42.36,47.8,61.46,88.36,89.19,90.03,87.88,85.95,78.05,76.7,77.16,81.78,73.82,72.9
45.91,46.01,51.31,66.19,81.03,71.92,58.1,53.14,54.11,50.9,44.14,40.71,34.42,32.03,32.14,33.24,41.62,38.09,40.34,41.87,48.37,45.75,40.35,34.97,32.66,34.44,41.27,56.24,72.98,63.56,54.7,53.27,48.57,44.6,40.92,37.39,36.4,33.01,37.89,52.01,97.14,92.12,82.0,125.09,100.01,127.0,115.37,92.7,85.84,86.62,87.0,140.06,176.16,152.26,74.29,68.5,60.15,76.74,60.09,53.12,47.65,41.4,46.12,71.04,173.69,227.76,219.67,235.54,213.11,169.77,200.0,299.0,85.56,87.21,91.32,141.07,196.15,179.55,86.04,73.74,61.7,60.0,51.57,43.92,42.2,42.36,47.8,61.46,88.36,89.19,90.03,87.88,85.95,78.05,76.7,77.16,81.78,73.82,72.9,106.42
46.01,51.31,66.19,81.03,71.92,58.1,53.14,54.11,50.9,44.14,40.71,34.42,32.03,32.14,33.24,41.62,38.09,40.34,41.87,48.37,45.75,40.35,34.97,32.66,34.44,41.27,56.24,72.98,63.56,54.7,53.27,48.57,44.6,40.92,37.39,36.4,33.01,37.89,52.01,97.14,92.12,82.0,125.09,100.01,127.0,115.37,92.7,85.84,86.62,87.0,140.06,176.16,152.26,74.29,68.5,60.15,76.74,60.09,53.12,47.65,41.4,46.12,71.04,173.69,227.76,219.67,235.54,213.11,169.77,200.0,299.0,85.56,87.21,91.32,141.07,196.15,179.55,86.04,73.74,61.7,60.0,51.57,43.92,42.2,42.36,47.8,61.46,88.36,89.19,90.03,87.88,85.95,78.05,76.7,77.16,81.78,73.82,72.9,106.42,145.06
51.31,66.19,81.03,71.92,58.1,53.14,54.11,50.9,44.14,40.71,34.42,32.03,32.14,33.24,41.62,38.09,40.34,41.87,48.37,45.75,40.35,34.97,32.66,34.44,41.27,56.24,72.98,63.56,54.7,53.27,48.57,44.6,40.92,37.39,36.4,33.01,37.89,52.01,97.14,92.12,82.0,125.09,100.01,127.0,115.37,92.7,85.84,86.62,87.0,140.06,176.16,152.26,74.29,68.5,60.15,76.74,60.09,53.12,47.65,41.4,46.12,71.04,173.69,227.76,219.67,235.54,213.11,169.77,200.0,299.0,85.56,87.21,91.32,141.07,196.15,179.55,86.04,73.74,61.7,60.0,51.57,43.92,42.2,42.36,47.8,61.46,88.36,89.19,90.03,87.88,85.95,78.05,76.7,77.16,81.78,73.82,72.9,106.42,145.06,92.23
66.19,81.03,71.92,58.1,53.14,54.11,50.9,44.14,40.71,34.42,32.03,32.14,33.24,41.62,38.09,40.34,41.87,48.37,45.75,40.35,34.97,32.66,34.44,41.27,56.24,72.98,63.56,54.7,53.27,48.57,44.6,40.92,37.39,36.4,33.01,37.89,52.01,97.14,92.12,82.0,125.09,100.01,127.0,115.37,92.7,85.84,86.62,87.0,140.06,176.16,152.26,74.29,68.5,60.15,76.74,60.09,53.12,47.65,41.4,46.12,71.04,173.69,227.76,219.67,235.54,213.11,169.77,200.0,299.0,85.56,87.21,91.32,141.07,196.15,179.55,86.04,73.74,61.7,60.0,51.57,43.92,42.2,42.36,47.8,61.46,88.36,89.19,90.03,87.88,85.95,78.05,76.7,77.16,81.78,73.82,72.9,106.42,145.06,92.23,72.39
81.03,71.92,58.1,53.14,54.11,50.9,44.14,40.71,34.42,32.03,32.14,33.24,41.62,38.09,40.34,41.87,48.37,45.75,40.35,34.97,32.66,34.44,41.27,56.24,72.98,63.56,54.7,53.27,48.57,44.6,40.92,37.39,36.4,33.01,37.89,52.01,97.14,92.12,82.0,125.09,100.01,127.0,115.37,92.7,85.84,86.62,87.0,140.06,176.16,152.26,74.29,68.5,60.15,76.74,60.09,53.12,47.65,41.4,46.12,71.04,173.69,227.76,219.67,235.54,213.11,169.77,200.0,299.0,85.56,87.21,91.32,141.07,196.15,179.55,86.04,73.74,61.7,60.0,51.57,43.92,42.2,42.36,47.8,61.46,88.36,89.19,90.03,87.88,85.95,78.05,76.7,77.16,81.78,73.82,72.9,106.42,145.06,92.23,72.39,62.58
71.92,58.1,53.14,54.11,50.9,44.14,40.71,34.42,32.03,32.14,33.24,41.62,38.09,40.34,41.87,48.37,45.75,40.35,34.97,32.66,34.44,41.27,56.24,72.98,63.56,54.7,53.27,48.57,44.6,40.92,37.39,36.4,33.01,37.89,52.01,97.14,92.12,82.0,125.09,100.01,127.0,115.37,92.7,85.84,86.62,87.0,140.06,176.16,152.26,74.29,68.5,60.15,76.74,60.09,53.12,47.65,41.4,46.12,71.04,173.69,227.76,219.67,235.54,213.11,169.77,200.0,299.0,85.56,87.21,91.32,141.07,196.15,179.55,86.04,73.74,61.7,60.0,51.57,43.92,42.2,42.36,47.8,61.46,88.36,89.19,90.03,87.88,85.95,78.05,76.7,77.16,81.78,73.82,72.9,106.42,145.06,92.23,72.39,62.58,57.05
58.1,53.14,54.11,50.9,44.14,40.71,34.42,32.03,32.14,33.24,41.62,38.09,40.34,41.87,48.37,45.75,40.35,34.97,32.66,34.44,41.27,56.24,72.98,63.56,54.7,53.27,48.57,44.6,40.92,37.39,36.4,33.01,37.89,52.01,97.14,92.12,82.0,125.09,100.01,127.0,115.37,92.7,85.84,86.62,87.0,140.06,176.16,152.26,74.29,68.5,60.15,76.74,60.09,53.12,47.65,41.4,46.12,71.04,173.69,227.76,219.67,235.54,213.11,169.77,200.0,299.0,85.56,87.21,91.32,141.07,196.15,179.55,86.04,73.74,61.7,60.0,51.57,43.92,42.2,42.36,47.8,61.46,88.36,89.19,90.03,87.88,85.95,78.05,76.7,77.16,81.78,73.82,72.9,106.42,145.06,92.23,72.39,62.58,57.05,52.58
53.14,54.11,50.9,44.14,40.71,34.42,32.03,32.14,33.24,41.62,38.09,40.34,41.87,48.37,45.75,40.35,34.97,32.66,34.44,41.27,56.24,72.98,63.56,54.7,53.27,48.57,44.6,40.92,37.39,36.4,33.01,37.89,52.01,97.14,92.12,82.0,125.09,100.01,127.0,115.37,92.7,85.84,86.62,87.0,140.06,176.16,152.26,74.29,68.5,60.15,76.74,60.09,53.12,47.65,41.4,46.12,71.04,173.69,227.76,219.67,235.54,213.11,169.77,200.0,299.0,85.56,87.21,91.32,141.07,196.15,179.55,86.04,73.74,61.7,60.0,51.57,43.92,42.2,42.36,47.8,61.46,88.36,89.19,90.03,87.88,85.95,78.05,76.7,77.16,81.78,73.82,72.9,106.42,145.06,92.23,72.39,62.58,57.05,52.58,44.86
54.11,50.9,44.14,40.71,34.42,32.03,32.14,33.24,41.62,38.09,40.34,41.87,48.37,45.75,40.35,34.97,32.66,34.44,41.27,56.24,72.98,63.56,54.7,53.27,48.57,44.6,40.92,37.39,36.4,33.01,37.89,52.01,97.14,92.12,82.0,125.09,100.01,127.0,115.37,92.7,85.84,86.62,87.0,140.06,176.16,152.26,74.29,68.5,60.15,76.74,60.09,53.12,47.65,41.4,46.12,71.04,173.69,227.76,219.67,235.54,213.11,169.77,200.0,299.0,85.56,87.21,91.32,141.07,196.15,179.55,86.04,73.74,61.7,60.0,51.57,43.92,42.2,42.36,47.8,61.46,88.36,89.19,90.03,87.88,85.95,78.05,76.7,77.16,81.78,73.82,72.9,106.42,145.06,92.23,72.39,62.58,57.05,52.58,44.86,42.31
50.9,44.14,40.71,34.42,32.03,32.14,33.24,41.62,38.09,40.34,41.87,48.37,45.75,40.35,34.97,32.66,34.44,41.27,56.24,72.98,63.56,54.7,53.27,48.57,44.6,40.92,37.39,36.4,33.01,37.89,52.01,97.14,92.12,82.0,125.09,100.01,127.0,115.37,92.7,85.84,86.62,87.0,140.06,176.16,152.26,74.29,68.5,60.15,76.74,60.09,53.12,47.65,41.4,46.12,71.04,173.69,227.76,219.67,235.54,213.11,169.77,200.0,299.0,85.56,87.21,91.32,141.07,196.15,179.55,86.04,73.74,61.7,60.0,51.57,43.92,42.2,42.36,47.8,61.46,88.36,89.19,90.03,87.88,85.95,78.05,76.7,77.16,81.78,73.82,72.9,106.42,145.06,92.23,72.39,62.58,57.05,52.58,44.86,42.31,39.66
44.14,40.71,34.42,32.03,32.14,33.24,41.62,38.09,40.34,41.87,48.37,45.75,40.35,34.97,32.66,34.44,41.27,56.24,72.98,63.56,54.7,53.27,48.57,44.6,40.92,37.39,36.4,33.01,37.89,52.01,97.14,92.12,82.0,125.09,100.01,127.0,115.37,92.7,85.84,86.62,87.0,140.06,176.16,152.26,74.29,68.5,60.15,76.74,60.09,53.12,47.65,41.4,46.12,71.04,173.69,227.76,219.67,235.54,213.11,169.77,200.0,299.0,85.56,87.21,91.32,141.07,196.15,179.55,86.04,73.74,61.7,60.0,51.57,43.92,42.2,42.36,47.8,61.46,88.36,89.19,90.03,87.88,85.95,78.05,76.7,77.16,81.78,73.82,72.9,106.42,145.06,92.23,72.39,62.58,57.05,52.58,44.86,42.31,39.66,38.98
40.71,34.42,32.03,32.14,33.24,41.62,38.09,40.34,41.87,48.37,45.75,40.35,34.97,32.66,34.44,41.27,56.24,72.98,63.56,54.7,53.27,48.57,44.6,40.92,37.39,36.4,33.01,37.89,52.01,97.14,92.12,82.0,125.09,100.01,127.0,115.37,92.7,85.84,86.62,87.0,140.06,176.16,152.26,74.29,68.5,60.15,76.74,60.09,53.12,47.65,41.4,46.12,71.04,173.69,227.76,219.67,235.54,213.11,169.77,200.0,299.0,85.56,87.21,91.32,141.07,196.15,179.55,86.04,73.74,61.7,60.0,51.57,43.92,42.2,42.36,47.8,61.46,88.36,89.19,90.03,87.88,85.95,78.05,76.7,77.16,81.78,73.82,72.9,106.42,145.06,92.23,72.39,62.58,57.05,52.58,44.86,42.31,39.66,38.98,42.31
34.42,32.03,32.14,33.24,41.62,38.09,40.34,41.87,48.37,45.75,40.35,34.97,32.66,34.44,41.27,56.24,72.98,63.56,54.7,53.27,48.57,44.6,40.92,37.39,36.4,33.01,37.89,52.01,97.14,92.12,82.0,125.09,100.01,127.0,115.37,92.7,85.84,86.62,87.0,140.06,176.16,152.26,74.29,68.5,60.15,76.74,60.09,53.12,47.65,41.4,46.12,71.04,173.69,227.76,219.67,235.54,213.11,169.77,200.0,299.0,85.56,87.21,91.32,141.07,196.15,179.55,86.04,73.74,61.7,60.0,51.57,43.92,42.2,42.36,47.8,61.46,88.36,89.19,90.03,87.88,85.95,78.05,76.7,77.16,81.78,73.82,72.9,106.42,145.06,92.23,72.39,62.58,57.05,52.58,44.86,42.31,39.66,38.98,42.31,51.57
32.03,32.14,33.24,41.62,38.09,40.34,41.87,48.37,45.75,40.35,34.97,32.66,34.44,41.27,56.24,72.98,63.56,54.7,53.27,48.57,44.6,40.92,37.39,36.4,33.01,37.89,52.01,97.14,92.12,82.0,125.09,100.01,127.0,115.37,92.7,85.84,86.62,87.0,140.06,176.16,152.26,74.29,68.5,60.15,76.74,60.09,53.12,47.65,41.4,46.12,71.04,173.69,227.76,219.67,235.54,213.11,169.77,200.0,299.0,85.56,87.21,91.32,141.07,196.15,179.55,86.04,73.74,61.7,60.0,51.57,43.92,42.2,42.36,47.8,61.46,88.36,89.19,90.03,87.88,85.95,78.05,76.7,77.16,81.78,73.82,72.9,106.42,145.06,92.23,72.39,62.58,57.05,52.58,44.86,42.31,39.66,38.98,42.31,51.57,75.69
32.14,33.24,41.62,38.09,40.34,41.87,48.37,45.75,40.35,34.97,32.66,34.44,41.27,56.24,72.98,63.56,54.7,53.27,48.57,44.6,40.92,37.39,36.4,33.01,37.89,52.01,97.14,92.12,82.0,125.09,100.01,127.0,115.37,92.7,85.84,86.62,87.0,140.06,176.16,152.26,74.29,68.5,60.15,76.74,60.09,53.12,47.65,41.4,46.12,71.04,173.69,227.76,219.67,235.54,213.11,169.77,200.0,299.0,85.56,87.21,91.32,141.07,196.15,179.55,86.04,73.74,61.7,60.0,51.57,43.92,42.2,42.36,47.8,61.46,88.36,89.19,90.03,87.88,85.95,78.05,76.7,77.16,81.78,73.82,72.9,106.42,145.06,92.23,72.39,62.58,57.05,52.58,44.86,42.31,39.66,38.98,42.31,51.57,75.69,80.03
33.24,41.62,38.09,40.34,41.87,48.37,45.75,40.35,34.97,32.66,34.44,41.27,56.24,72.98,63.56,54.7,53.27,48.57,44.6,40.92,37.39,36.4,33.01,37.89,52.01,97.14,92.12,82.0,125.09,100.01,127.0,115.37,92.7,85.84,86.62,87.0,140.06,176.16,152.26,74.29,68.5,60.15,76.74,60.09,53.12,47.65,41.4,46.12,71.04,173.69,227.76,219.67,235.54,213.11,169.77,200.0,299.0,85.56,87.21,91.32,141.07,196.15,179.55,86.04,73.74,61.7,60.0,51.57,43.92,42.2,42.36,47.8,61.46,88.36,89.19,90.03,87.88,85.95,78.05,76.7,77.16,81.78,73.82,72.9,106.42,145.06,92.23,72.39,62.58,57.05,52.58,44.86,42.31,39.66,38.98,42.31,51.57,75.69,80.03,77.0
41.62,38.09,40.34,41.87,48.37,45.75,40.35,34.97,32.66,34.44,41.27,56.24,72.98,63.56,54.7,53.27,48.57,44.6,40.92,37.39,36.4,33.01,37.89,52.01,97.14,92.12,82.0,125.09,100.01,127.0,115.37,92.7,85.84,86.62,87.0,140.06,176.16,152.26,74.29,68.5,60.15,76.74,60.09,53.12,47.65,41.4,46.12,71.04,173.69,227.76,219.67,235.54,213.11,169.77,200.0,299.0,85.56,87.21,91.32,141.07,196.15,179.55,86.04,73.74,61.7,60.0,51.57,43.92,42.2,42.36,47.8,61.46,88.36,89.19,90.03,87.88,85.95,78.05,76.7,77.16,81.78,73.82,72.9,106.42,145.06,92.23,72.39,62.58,57.05,52.58,44.86,42.31,39.66,38.98,42.31,51.57,75.69,80.03,77.0,74.78
38.09,40.34,41.87,48.37,45.75,40.35,34.97,32.66,34.44,41.27,56.24,72.98,63.56,54.7,53.27,48.57,44.6,40.92,37.39,36.4,33.01,37.89,52.01,97.14,92.12,82.0,125.09,100.01,127.0,115.37,92.7,85.84,86.62,87.0,140.06,176.16,152.26,74.29,68.5,60.15,76.74,60.09,53.12,47.65,41.4,46.12,71.04,173.69,227.76,219.67,235.54,213.11,169.77,200.0,299.0,85.56,87.21,91.32,141.07,196.15,179.55,86.04,73.74,61.7,60.0,51.57,43.92,42.2,42.36,47.8,61.46,88.36,89.19,90.03,87.88,85.95,78.05,76.7,77.16,81.78,73.82,72.9,106.42,145.06,92.23,72.39,62.58,57.05,52.58,44.86,42.31,39.66,38.98,42.31,51.57,75.69,80.03,77.0,74.78,73.4
40.34,41.87,48.37,45.75,40.35,34.97,32.66,34.44,41.27,56.24,72.98,63.56,54.7,53.27,48.57,44.6,40.92,37.39,36.4,33.01,37.89,52.01,97.14,92.12,82.0,125.09,100.01,127.0,115.37,92.7,85.84,86.62,87.0,140.06,176.16,152.26,74.29,68.5,60.15,76.74,60.09,53.12,47.65,41.4,46.12,71.04,173.69,227.76,219.67,235.54,213.11,169.77,200.0,299.0,85.56,87.21,91.32,141.07,196.15,179.55,86.04,73.74,61.7,60.0,51.57,43.92,42.2,42.36,47.8,61.46,88.36,89.19,90.03,87.88,85.95,78.05,76.7,77.16,81.78,73.82,72.9,106.42,145.06,92.23,72.39,62.58,57.05,52.58,44.86,42.31,39.66,38.98,42.31,51.57,75.69,80.03,77.0,74.78,73.4,63.24
41.87,48.37,45.75,40.35,34.97,32.66,34.44,41.27,56.24,72.98,63.56,54.7,53.27,48.57,44.6,40.92,37.39,36.4,33.01,37.89,52.01,97.14,92.12,82.0,125.09,100.01,127.0,115.37,92.7,85.84,86.62,87.0,140.06,176.16,152.26,74.29,68.5,60.15,76.74,60.09,53.12,47.65,41.4,46.12,71.04,173.69,227.76,219.67,235.54,213.11,169.77,200.0,299.0,85.56,87.21,91.32,141.07,196.15,179.55,86.04,73.74,61.7,60.0,51.57,43.92,42.2,42.36,47.8,61.46,88.36,89.19,90.03,87.88,85.95,78.05,76.7,77.16,81.78,73.82,72.9,106.42,145.06,92.23,72.39,62.58,57.05,52.58,44.86,42.31,39.66,38.98,42.31,51.57,75.69,80.03,77.0,74.78,73.4,63.24,60.91
48.37,45.75,40.35,34.97,32.66,34.44,41.27,56.24,72.98,63.56,54.7,53.27,48.57,44.6,40.92,37.39,36.4,33.01,37.89,52.01,97.14,92.12,82.0,125.09,100.01,127.0,115.37,92.7,85.84,86.62,87.0,140.06,176.16,152.26,74.29,68.5,60.15,76.74,60.09,53.12,47.65,41.4,46.12,71.04,173.69,227.76,219.67,235.54,213.11,169.77,200.0,299.0,85.56,87.21,91.32,141.07,196.15,179.55,86.04,73.74,61.7,60.0,51.57,43.92,42.2,42.36,47.8,61.46,88.36,89.19,90.03,87.88,85.95,78.05,76.7,77.16,81.78,73.82,72.9,106.42,145.06,92.23,72.39,62.58,57.05,52.58,44.86,42.31,39.66,38.98,42.31,51.57,75.69,80.03,77.0,74.78,73.4,63.24,60.91,59.98
45.75,40.35,34.97,32.66,34.44,41.27,56.24,72.98,63.56,54.7,53.27,48.57,44.6,40.92,37.39,36.4,33.01,37.89,52.01,97.14,92.12,82.0,125.09,100.01,127.0,115.37,92.7,85.84,86.62,87.0,140.06,176.16,152.26,74.29,68.5,60.15,76.74,60.09,53.12,47.65,41.4,46.12,71.04,173.69,227.76,219.67,235.54,213.11,169.77,200.0,299.0,85.56,87.21,91.32,141.07,196.15,179.55,86.04,73.74,61.7,60.0,51.57,43.92,42.2,42.36,47.8,61.46,88.36,89.19,90.03,87.88,85.95,78.05,76.7,77.16,81.78,73.82,72.9,106.42,145.06,92.23,72.39,62.58,57.05,52.58,44.86,42.31,39.66,38.98,42.31,51.57,75.69,80.03,77.0,74.78,73.4,63.24,60.91,59.98,59.9
40.35,34.97,32.66,34.44,41.27,56.24,72.98,63.56,54.7,53.27,48.57,44.6,40.92,37.39,36.4,33.01,37.89,52.01,97.14,92.12,82.0,125.09,100.01,127.0,115.37,92.7,85.84,86.62,87.0,140.06,176.16,152.26,74.29,68.5,60.15,76.74,60.09,53.12,47.65,41.4,46.12,71.04,173.69,227.76,219.67,235.54,213.11,169.77,200.0,299.0,85.56,87.21,91.32,141.07,196.15,179.55,86.04,73.74,61.7,60.0,51.57,43.92,42.2,42.36,47.8,61.46,88.36,89.19,90.03,87.88,85.95,78.05,76.7,77.16,81.78,73.82,72.9,106.42,145.06,92.23,72.39,62.58,57.05,52.58,44.86,42.31,39.66,38.98,42.31,51.57,75.69,80.03,77.0,74.78,73.4,63.24,60.91,59.98,59.9,60.56
34.97,32.66,34.44,41.27,56.24,72.98,63.56,54.7,53.27,48.57,44.6,40.92,37.39,36.4,33.01,37.89,52.01,97.14,92.12,82.0,125.09,100.01,127.0,115.37,92.7,85.84,86.62,87.0,140.06,176.16,152.26,74.29,68.5,60.15,76.74,60.09,53.12,47.65,41.4,46.12,71.04,173.69,227.76,219.67,235.54,213.11,169.77,200.0,299.0,85.56,87.21,91.32,141.07,196.15,179.55,86.04,73.74,61.7,60.0,51.57,43.92,42.2,42.36,47.8,61.46,88.36,89.19,90.03,87.88,85.95,78.05,76.7,77.16,81.78,73.82,72.9,106.42,145.06,92.23,72.39,62.58,57.05,52.58,44.86,42.31,39.66,38.98,42.31,51.57,75.69,80.03,77.0,74.78,73.4,63.24,60.91,59.98,59.9,60.56,61.86
32.66,34.44,41.27,56.24,72.98,63.56,54.7,53.27,48.57,44.6,40.92,37.39,36.4,33.01,37.89,52.01,97.14,92.12,82.0,125.09,100.01,127.0,115.37,92.7,85.84,86.62,87.0,140.06,176.16,152.26,74.29,68.5,60.15,76.74,60.09,53.12,47.65,41.4,46.12,71.04,173.69,227.76,219.67,235.54,213.11,169.77,200.0,299.0,85.56,87.21,91.32,141.07,196.15,179.55,86.04,73.74,61.7,60.0,51.57,43.92,42.2,42.36,47.8,61.46,88.36,89.19,90.03,87.88,85.95,78.05,76.7,77.16,81.78,73.82,72.9,106.42,145.06,92.23,72.39,62.58,57.05,52.58,44.86,42.31,39.66,38.98,42.31,51.57,75.69,80.03,77.0,74.78,73.4,63.24,60.91,59.98,59.9,60.56,61.86,77.0
34.44,41.27,56.24,72.98,63.56,54.7,53.27,48.57,44.6,40.92,37.39,36.4,33.01,37.89,52.01,97.14,92.12,82.0,125.09,100.01,127.0,115.37,92.7,85.84,86.62,87.0,140.06,176.16,152.26,74.29,68.5,60.15,76.74,60.09,53.12,47.65,41.4,46.12,71.04,173.69,227.76,219.67,235.54,213.11,169.77,200.0,299.0,85.56,87.21,91.32,141.07,196.15,179.55,86.04,73.74,61.7,60.0,51.57,43.92,42.2,42.36,47.8,61.46,88.36,89.19,90.03,87.88,85.95,78.05,76.7,77.16,81.78,73.82,72.9,106.42,145.06,92.23,72.39,62.58,57.05,52.58,44.86,42.31,39.66,38.98,42.31,51.57,75.69,80.03,77.0,74.78,73.4,63.24,60.91,59.98,59.9,60.56,61.86,77.0,85.87
41.27,56.24,72.98,63.56,54.7,53.27,48.57,44.6,40.92,37.39,36.4,33.01,37.89,52.01,97.14,92.12,82.0,125.09,100.01,127.0,115.37,92.7,85.84,86.62,87.0,140.06,176.16,152.26,74.29,68.5,60.15,76.74,60.09,53.12,47.65,41.4,46.12,71.04,173.69,227.76,219.67,235.54,213.11,169.77,200.0,299.0,85.56,87.21,91.32,141.07,196.15,179.55,86.04,73.74,61.7,60.0,51.57,43.92,42.2,42.36,47.8,61.46,88.36,89.19,90.03,87.88,85.95,78.05,76.7,77.16,81.78,73.82,72.9,106.42,145.06,92.23,72.39,62.58,57.05,52.58,44.86,42.31,39.66,38.98,42.31,51.57,75.69,80.03,77.0,74.78,73.4,63.24,60.91,59.98,59.9,60.56,61.86,77.0,85.87,73.27
56.24,72.98,63.56,54.7,53.27,48.57,44.6,40.92,37.39,36.4,33.01,37.89,52.01,97.14,92.12,82.0,125.09,100.01,127.0,115.37,92.7,85.84,86.62,87.0,140.06,176.16,152.26,74.29,68.5,60.15,76.74,60.09,53.12,47.65,41.4,46.12,71.04,173.69,227.76,219.67,235.54,213.11,169.77,200.0,299.0,85.56,87.21,91.32,141.07,196.15,179.55,86.04,73.74,61.7,60.0,51.57,43.92,42.2,42.36,47.8,61.46,88.36,89.19,90.03,87.88,85.95,78.05,76.7,77.16,81.78,73.82,72.9,106.42,145.06,92.23,72.39,62.58,57.05,52.58,44.86,42.31,39.66,38.98,42.31,51.57,75.69,80.03,77.0,74.78,73.4,63.24,60.91,59.98,59.9,60.56,61.86,77.0,85.87,73.27,58.23
72.98,63.56,54.7,53.27,48.57,44.6,40.92,37.39,36.4,33.01,37.89,52.01,97.14,92.12,82.0,125.09,100.01,127.0,115.37,92.7,85.84,86.62,87.0,140.06,176.16,152.26,74.29,68.5,60.15,76.74,60.09,53.12,47.65,41.4,46.12,71.04,173.69,227.76,219.67,235.54,213.11,169.77,200.0,299.0,85.56,87.21,91.32,141.07,196.15,179.55,86.04,73.74,61.7,60.0,51.57,43.92,42.2,42.36,47.8,61.46,88.36,89.19,90.03,87.88,85.95,78.05,76.7,77.16,81.78,73.82,72.9,106.42,145.06,92.23,72.39,62.58,57.05,52.58,44.86,42.31,39.66,38.98,42.31,51.57,75.69,80.03,77.0,74.78,73.4,63.24,60.91,59.98,59.9,60.56,61.86,77.0,85.87,73.27,58.23,55.69
63.56,54.7,53.27,48.57,44.6,40.92,37.39,36.4,33.01,37.89,52.01,97.14,92.12,82.0,125.09,100.01,127.0,115.37,92.7,85.84,86.62,87.0,140.06,176.16,152.26,74.29,68.5,60.15,76.74,60.09,53.12,47.65,41.4,46.12,71.04,173.69,227.76,219.67,235.54,213.11,169.77,200.0,299.0,85.56,87.21,91.32,141.07,196.15,179.55,86.04,73.74,61.7,60.0,51.57,43.92,42.2,42.36,47.8,61.46,88.36,89.19,90.03,87.88,85.95,78.05,76.7,77.16,81.78,73.82,72.9,106.42,145.06,92.23,72.39,62.58,57.05,52.58,44.86,42.31,39.66,38.98,42.31,51.57,75.69,80.03,77.0,74.78,73.4,63.24,60.91,59.98,59.9,60.56,61.86,77.0,85.87,73.27,58.23,55.69,53.64
54.7,53.27,48.57,44.6,40.92,37.39,36.4,33.01,37.89,52.01,97.14,92.12,82.0,125.09,100.01,127.0,115.37,92.7,85.84,86.62,87.0,140.06,176.16,152.26,74.29,68.5,60.15,76.74,60.09,53.12,47.65,41.4,46.12,71.04,173.69,227.76,219.67,235.54,213.11,169.77,200.0,299.0,85.56,87.21,91.32,141.07,196.15,179.55,86.04,73.74,61.7,60.0,51.57,43.92,42.2,42.36,47.8,61.46,88.36,89.19,90.03,87.88,85.95,78.05,76.7,77.16,81.78,73.82,72.9,106.42,145.06,92.23,72.39,62.58,57.05,52.58,44.86,42.31,39.66,38.98,42.31,51.57,75.69,80.03,77.0,74.78,73.4,63.24,60.91,59.98,59.9,60.56,61.86,77.0,85.87,73.27,58.23,55.69,53.64,48.03
53.27,48.57,44.6,40.92,37.39,36.4,33.01,37.89,52.01,97.14,92.12,82.0,125.09,100.01,127.0,115.37,92.7,85.84,86.62,87.0,140.06,176.16,152.26,74.29,68.5,60.15,76.74,60.09,53.12,47.65,41.4,46.12,71.04,173.69,227.76,219.67,235.54,213.11,169.77,200.0,299.0,85.56,87.21,91.32,141.07,196.15,179.55,86.04,73.74,61.7,60.0,51.57,43.92,42.2,42.36,47.8,61.46,88.36,89.19,90.03,87.88,85.95,78.05,76.7,77.16,81.78,73.82,72.9,106.42,145.06,92.23,72.39,62.58,57.05,52.58,44.86,42.31,39.66,38.98,42.31,51.57,75.69,80.03,77.0,74.78,73.4,63.24,60.91,59.98,59.9,60.56,61.86,77.0,85.87,73.27,58.23,55.69,53.64,48.03,40.74
48.57,44.6,40.92,37.39,36.4,33.01,37.89,52.01,97.14,92.12,82.0,125.09,100.01,127.0,115.37,92.7,85.84,86.62,87.0,140.06,176.16,152.26,74.29,68.5,60.15,76.74,60.09,53.12,47.65,41.4,46.12,71.04,173.69,227.76,219.67,235.54,213.11,169.77,200.0,299.0,85.56,87.21,91.32,141.07,196.15,179.55,86.04,73.74,61.7,60.0,51.57,43.92,42.2,42.36,47.8,61.46,88.36,89.19,90.03,87.88,85.95,78.05,76.7,77.16,81.78,73.82,72.9,106.42,145.06,92.23,72.39,62.58,57.05,52.58,44.86,42.31,39.66,38.98,42.31,51.57,75.69,80.03,77.0,74.78,73.4,63.24,60.91,59.98,59.9,60.56,61.86,77.0,85.87,73.27,58.23,55.69,53.64,48.03,40.74,38.42
44.6,40.92,37.39,36.4,33.01,37.89,52.01,97.14,92.12,82.0,125.09,100.01,127.0,115.37,92.7,85.84,86.62,87.0,140.06,176.16,152.26,74.29,68.5,60.15,76.74,60.09,53.12,47.65,41.4,46.12,71.04,173.69,227.76,219.67,235.54,213.11,169.77,200.0,299.0,85.56,87.21,91.32,141.07,196.15,179.55,86.04,73.74,61.7,60.0,51.57,43.92,42.2,42.36,47.8,61.46,88.36,89.19,90.03,87.88,85.95,78.05,76.7,77.16,81.78,73.82,72.9,106.42,145.06,92.23,72.39,62.58,57.05,52.58,44.86,42.31,39.66,38.98,42.31,51.57,75.69,80.03,77.0,74.78,73.4,63.24,60.91,59.98,59.9,60.56,61.86,77.0,85.87,73.27,58.23,55.69,53.64,48.03,40.74,38.42,35.68
40.92,37.39,36.4,33.01,37.89,52.01,97.14,92.12,82.0,125.09,100.01,127.0,115.37,92.7,85.84,86.62,87.0,140.06,176.16,152.26,74.29,68.5,60.15,76.74,60.09,53.12,47.65,41.4,46.12,71.04,173.69,227.76,219.67,235.54,213.11,169.77,200.0,299.0,85.56,87.21,91.32,141.07,196.15,179.55,86.04,73.74,61.7,60.0,51.57,43.92,42.2,42.36,47.8,61.46,88.36,89.19,90.03,87.88,85.95,78.05,76.7,77.16,81.78,73.82,72.9,106.42,145.06,92.23,72.39,62.58,57.05,52.58,44.86,42.31,39.66,38.98,42.31,51.57,75.69,80.03,77.0,74.78,73.4,63.24,60.91,59.98,59.9,60.56,61.86,77.0,85.87,73.27,58.23,55.69,53.64,48.03,40.74,38.42,35.68,35.75
37.39,36.4,33.01,37.89,52.01,97.14,92.12,82.0,125.09,100.01,127.0,115.37,92.7,85.84,86.62,87.0,140.06,176.16,152.26,74.29,68.5,60.15,76.74,60.09,53.12,47.65,41.4,46.12,71.04,173.69,227.76,219.67,235.54,213.11,169.77,200.0,299.0,85.56,87.21,91.32,141.07,196.15,179.55,86.04,73.74,61.7,60.0,51.57,43.92,42.2,42.36,47.8,61.46,88.36,89.19,90.03,87.88,85.95,78.05,76.7,77.16,81.78,73.82,72.9,106.42,145.06,92.23,72.39,62.58,57.05,52.58,44.86,42.31,39.66,38.98,42.31,51.57,75.69,80.03,77.0,74.78,73.4,63.24,60.91,59.98,59.9,60.56,61.86,77.0,85.87,73.27,58.23,55.69,53.64,48.03,40.74,38.42,35.68,35.75,38.63
36.4,33.01,37.89,52.01,97.14,92.12,82.0,125.09,100.01,127.0,115.37,92.7,85.84,86.62,87.0,140.06,176.16,152.26,74.29,68.5,60.15,76.74,60.09,53.12,47.65,41.4,46.12,71.04,173.69,227.76,219.67,235.54,213.11,169.77,200.0,299.0,85.56,87.21,91.32,141.07,196.15,179.55,86.04,73.74,61.7,60.0,51.57,43.92,42.2,42.36,47.8,61.46,88.36,89.19,90.03,87.88,85.95,78.05,76.7,77.16,81.78,73.82,72.9,106.42,145.06,92.23,72.39,62.58,57.05,52.58,44.86,42.31,39.66,38.98,42.31,51.57,75.69,80.03,77.0,74.78,73.4,63.24,60.91,59.98,59.9,60.56,61.86,77.0,85.87,73.27,58.23,55.69,53.64,48.03,40.74,38.42,35.68,35.75,38.63,57.33
33.01,37.89,52.01,97.14,92.12,82.0,125.09,100.01,127.0,115.37,92.7,85.84,86.62,87.0,140.06,176.16,152.26,74.29,68.5,60.15,76.74,60.09,53.12,47.65,41.4,46.12,71.04,173.69,227.76,219.67,235.54,213.11,169.77,200.0,299.0,85.56,87.21,91.32,141.07,196.15,179.55,86.04,73.74,61.7,60.0,51.57,43.92,42.2,42.36,47.8,61.46,88.36,89.19,90.03,87.88,85.95,78.05,76.7,77.16,81.78,73.82,72.9,106.42,145.06,92.23,72.39,62.58,57.05,52.58,44.86,42.31,39.66,38.98,42.31,51.57,75.69,80.03,77.0,74.78,73.4,63.24,60.91,59.98,59.9,60.56,61.86,77.0,85.87,73.27,58.23,55.69,53.64,48.03,40.74,38.42,35.68,35.75,38.63,57.33,71.42
37.89,52.01,97.14,92.12,82.0,125.09,100.01,127.0,115.37,92.7,85.84,86.62,87.0,140.06,176.16,152.26,74.29,68.5,60.15,76.74,60.09,53.12,47.65,41.4,46.12,71.04,173.69,227.76,219.67,235.54,213.11,169.77,200.0,299.0,85.56,87.21,91.32,141.07,196.15,179.55,86.04,73.74,61.7,60.0,51.57,43.92,42.2,42.36,47.8,61.46,88.36,89.19,90.03,87.88,85.95,78.05,76.7,77.16,81.78,73.82,72.9,106.42,145.06,92.23,72.39,62.58,57.05,52.58,44.86,42.31,39.66,38.98,42.31,51.57,75.69,80.03,77.0,74.78,73.4,63.24,60.91,59.98,59.9,60.56,61.86,77.0,85.87,73.27,58.23,55.69,53.64,48.03,40.74,38.42,35.68,35.75,38.63,57.33,71.42,76.0
52.01,97.14,92.12,82.0,125.09,100.01,127.0,115.37,92.7,85.84,86.62,87.0,140.06,176.16,152.26,74.29,68.5,60.15,76.74,60.09,53.12,47.65,41.4,46.12,71.04,173.69,227.76,219.67,235.54,213.11,169.77,200.0,299.0,85.56,87.21,91.32,141.07,196.15,179.55,86.04,73.74,61.7,60.0,51.57,43.92,42.2,42.36,47.8,61.46,88.36,89.19,90.03,87.88,85.95,78.05,76.7,77.16,81.78,73.82,72.9,106.42,145.06,92.23,72.39,62.58,57.05,52.58,44.86,42.31,39.66,38.98,42.31,51.57,75.69,80.03,77.0,74.78,73.4,63.24,60.91,59.98,59.9,60.56,61.86,77.0,85.87,73.27,58.23,55.69,53.64,48.03,40.74,38.42,35.68,35.75,38.63,57.33,71.42,76.0,74.56
97.14,92.12,82.0,125.09,100.01,127.0,115.37,92.7,85.84,86.62,87.0,140.06,176.16,152.26,74.29,68.5,60.15,76.74,60.09,53.12,47.65,41.4,46.12,71.04,173.69,227.76,219.67,235.54,213.11,169.77,200.0,299.0,85.56,87.21,91.32,141.07,196.15,179.55,86.04,73.74,61.7,60.0,51.57,43.92,42.2,42.36,47.8,61.46,88.36,89.19,90.03,87.88,85.95,78.05,76.7,77.16,81.78,73.82,72.9,106.42,145.06,92.23,72.39,62.58,57.05,52.58,44.86,42.31,39.66,38.98,42.31,51.57,75.69,80.03,77.0,74.78,73.4,63.24,60.91,59.98,59.9,60.56,61.86,77.0,85.87,73.27,58.23,55.69,53.64,48.03,40.74,38.42,35.68,35.75,38.63,57.33,71.42,76.0,74.56,72.0
92.12,82.0,125.09,100.01,127.0,115.37,92.7,85.84,86.62,87.0,140.06,176.16,152.26,74.29,68.5,60.15,76.74,60.09,53.12,47.65,41.4,46.12,71.04,173.69,227.76,219.67,235.54,213.11,169.77,200.0,299.0,85.56,87.21,91.32,141.07,196.15,179.55,86.04,73.74,61.7,60.0,51.57,43.92,42.2,42.36,47.8,61.46,88.36,89.19,90.03,87.88,85.95,78.05,76.7,77.16,81.78,73.82,72.9,106.42,145.06,92.23,72.39,62.58,57.05,52.58,44.86,42.31,39.66,38.98,42.31,51.57,75.69,80.03,77.0,74.78,73.4,63.24,60.91,59.98,59.9,60.56,61.86,77.0,85.87,73.27,58.23,55.69,53.64,48.03,40.74,38.42,35.68,35.75,38.63,57.33,71.42,76.0,74.56,72.0,68.78
82.0,125.09,100.01,127.0,115.37,92.7,85.84,86.62,87.0,140.06,176.16,152.26,74.29,68.5,60.15,76.74,60.09,53.12,47.65,41.4,46.12,71.04,173.69,227.76,219.67,235.54,213.11,169.77,200.0,299.0,85.56,87.21,91.32,141.07,196.15,179.55,86.04,73.74,61.7,60.0,51.57,43.92,42.2,42.36,47.8,61.46,88.36,89.19,90.03,87.88,85.95,78.05,76.7,77.16,81.78,73.82,72.9,106.42,145.06,92.23,72.39,62.58,57.05,52.58,44.86,42.31,39.66,38.98,42.31,51.57,75.69,80.03,77.0,74.78,73.4,63.24,60.91,59.98,59.9,60.56,61.86,77.0,85.87,73.27,58.23,55.69,53.64,48.03,40.74,38.42,35.68,35.75,38.63,57.33,71.42,76.0,74.56,72.0,68.78,62.15
125.09,100.01,127.0,115.37,92.7,85.84,86.62,87.0,140.06,176.16,152.26,74.29,68.5,60.15,76.74,60.09,53.12,47.65,41.4,46.12,71.04,173.69,227.76,219.67,235.54,213.11,169.77,200.0,299.0,85.56,87.21,91.32,141.07,196.15,179.55,86.04,73.74,61.7,60.0,51.57,43.92,42.2,42.36,47.8,61.46,88.36,89.19,90.03,87.88,85.95,78.05,76.7,77.16,81.78,73.82,72.9,106.42,145.06,92.23,72.39,62.58,57.05,52.58,44.86,42.31,39.66,38.98,42.31,51.57,75.69,80.03,77.0,74.78,73.4,63.24,60.91,59.98,59.9,60.56,61.86,77.0,85.87,73.27,58.23,55.69,53.64,48.03,40.74,38.42,35.68,35.75,38.63,57.33,71.42,76.0,74.56,72.0,68.78,62.15,60.0
100.01,127.0,115.37,92.7,85.84,86.62,87.0,140.06,176.16,152.26,74.29,68.5,60.15,76.74,60.09,53.12,47.65,41.4,46.12,71.04,173.69,227.76,219.67,235.54,213.11,169.77,200.0,299.0,85.56,87.21,91.32,141.07,196.15,179.55,86.04,73.74,61.7,60.0,51.57,43.92,42.2,42.36,47.8,61.46,88.36,89.19,90.03,87.88,85.95,78.05,76.7,77.16,81.78,73.82,72.9,106.42,145.06,92.23,72.39,62.58,57.05,52.58,44.86,42.31,39.66,38.98,42.31,51.57,75.69,80.03,77.0,74.78,73.4,63.24,60.91,59.98,59.9,60.56,61.86,77.0,85.87,73.27,58.23,55.69,53.64,48.03,40.74,38.42,35.68,35.75,38.63,57.33,71.42,76.0,74.56,72.0,68.78,62.15,60.0,57.98
127.0,115.37,92.7,85.84,86.62,87.0,140.06,176.16,152.26,74.29,68.5,60.15,76.74,60.09,53.12,47.65,41.4,46.12,71.04,173.69,227.76,219.67,235.54,213.11,169.77,200.0,299.0,85.56,87.21,91.32,141.07,196.15,179.55,86.04,73.74,61.7,60.0,51.57,43.92,42.2,42.36,47.8,61.46,88.36,89.19,90.03,87.88,85.95,78.05,76.7,77.16,81.78,73.82,72.9,106.42,145.06,92.23,72.39,62.58,57.05,52.58,44.86,42.31,39.66,38.98,42.31,51.57,75.69,80.03,77.0,74.78,73.4,63.24,60.91,59.98,59.9,60.56,61.86,77.0,85.87,73.27,58.23,55.69,53.64,48.03,40.74,38.42,35.68,35.75,38.63,57.33,71.42,76.0,74.56,72.0,68.78,62.15,60.0,57.98,56.28
115.37,92.7,85.84,86.62,87.0,140.06,176.16,152.26,74.29,68.5,60.15,76.74,60.09,53.12,47.65,41.4,46.12,71.04,173.69,227.76,219.67,235.54,213.11,169.77,200.0,299.0,85.56,87.21,91.32,141.07,196.15,179.55,86.04,73.74,61.7,60.0,51.57,43.92,42.2,42.36,47.8,61.46,88.36,89.19,90.03,87.88,85.95,78.05,76.7,77.16,81.78,73.82,72.9,106.42,145.06,92.23,72.39,62.58,57.05,52.58,44.86,42.31,39.66,38.98,42.31,51.57,75.69,80.03,77.0,74.78,73.4,63.24,60.91,59.98,59.9,60.56,61.86,77.0,85.87,73.27,58.23,55.69,53.64,48.03,40.74,38.42,35.68,35.75,38.63,57.33,71.42,76.0,74.56,72.0,68.78,62.15,60.0,57.98,56.28,56.3
92.7,85.84,86.62,87.0,140.06,176.16,152.26,74.29,68.5,60.15,76.74,60.09,53.12,47.65,41.4,46.12,71.04,173.69,227.76,219.67,235.54,213.11,169.77,200.0,299.0,85.56,87.21,91.32,141.07,196.15,179.55,86.04,73.74,61.7,60.0,51.57,43.92,42.2,42.36,47.8,61.46,88.36,89.19,90.03,87.88,85.95,78.05,76.7,77.16,81.78,73.82,72.9,106.42,145.06,92.23,72.39,62.58,57.05,52.58,44.86,42.31,39.66,38.98,42.31,51.57,75.69,80.03,77.0,74.78,73.4,63.24,60.91,59.98,59.9,60.56,61.86,77.0,85.87,73.27,58.23,55.69,53.64,48.03,40.74,38.42,35.68,35.75,38.63,57.33,71.42,76.0,74.56,72.0,68.78,62.15,60.0,57.98,56.28,56.3,61.45
85.84,86.62,87.0,140.06,176.16,152.26,74.29,68.5,60.15,76.74,60.09,53.12,47.65,41.4,46.12,71.04,173.69,227.76,219.67,235.54,213.11,169.77,200.0,299.0,85.56,87.21,91.32,141.07,196.15,179.55,86.04,73.74,61.7,60.0,51.57,43.92,42.2,42.36,47.8,61.46,88.36,89.19,90.03,87.88,85.95,78.05,76.7,77.16,81.78,73.82,72.9,106.42,145.06,92.23,72.39,62.58,57.05,52.58,44.86,42.31,39.66,38.98,42.31,51.57,75.69,80.03,77.0,74.78,73.4,63.24,60.91,59.98,59.9,60.56,61.86,77.0,85.87,73.27,58.23,55.69,53.64,48.03,40.74,38.42,35.68,35.75,38.63,57.33,71.42,76.0,74.56,72.0,68.78,62.15,60.0,57.98,56.28,56.3,61.45,72.5
86.62,87.0,140.06,176.16,152.26,74.29,68.5,60.15,76.74,60.09,53.12,47.65,41.4,46.12,71.04,173.69,227.76,219.67,235.54,213.11,169.77,200.0,299.0,85.56,87.21,91.32,141.07,196.15,179.55,86.04,73.74,61.7,60.0,51.57,43.92,42.2,42.36,47.8,61.46,88.36,89.19,90.03,87.88,85.95,78.05,76.7,77.16,81.78,73.82,72.9,106.42,145.06,92.23,72.39,62.58,57.05,52.58,44.86,42.31,39.66,38.98,42.31,51.57,75.69,80.03,77.0,74.78,73.4,63.24,60.91,59.98,59.9,60.56,61.86,77.0,85.87,73.27,58.23,55.69,53.64,48.03,40.74,38.42,35.68,35.75,38.63,57.33,71.42,76.0,74.56,72.0,68.78,62.15,60.0,57.98,56.28,56.3,61.45,72.5,81.24
87.0,140.06,176.16,152.26,74.29,68.5,60.15,76.74,60.09,53.12,47.65,41.4,46.12,71.04,173.69,227.76,219.67,235.54,213.11,169.77,200.0,299.0,85.56,87.21,91.32,141.07,196.15,179.55,86.04,73.74,61.7,60.0,51.57,43.92,42.2,42.36,47.8,61.46,88.36,89.19,90.03,87.88,85.95,78.05,76.7,77.16,81.78,73.82,72.9,106.42,145.06,92.23,72.39,62.58,57.05,52.58,44.86,42.31,39.66,38.98,42.31,51.57,75.69,80.03,77.0,74.78,73.4,63.24,60.91,59.98,59.9,60.56,61.86,77.0,85.87,73.27,58.23,55.69,53.64,48.03,40.74,38.42,35.68,35.75,38.63,57.33,71.42,76.0,74.56,72.0,68.78,62.15,60.0,57.98,56.28,56.3,61.45,72.5,81.24,68.59
140.06,176.16,152.26,74.29,68.5,60.15,76.74,60.09,53.12,47.65,41.4,46.12,71.04,173.69,227.76,219.67,235.54,213.11,169.77,200.0,299.0,85.56,87.21,91.32,141.07,196.15,179.55,86.04,73.74,61.7,60.0,51.57,43.92,42.2,42.36,47.8,61.46,88.36,89.19,90.03,87.88,85.95,78.05,76.7,77.16,81.78,73.82,72.9,106.42,145.06,92.23,72.39,62.58,57.05,52.58,44.86,42.31,39.66,38.98,42.31,51.57,75.69,80.03,77.0,74.78,73.4,63.24,60.91,59.98,59.9,60.56,61.86,77.0,85.87,73.27,58.23,55.69,53.64,48.03,40.74,38.42,35.68,35.75,38.63,57.33,71.42,76.0,74.56,72.0,68.78,62.15,60.0,57.98,56.28,56.3,61.45,72.5,81.24,68.59,60.0
176.16,152.26,74.29,68.5,60.15,76.74,60.09,53.12,47.65,41.4,46.12,71.04,173.69,227.76,219.67,235.54,213.11,169.77,200.0,299.0,85.56,87.21,91.32,141.07,196.15,179.55,86.04,73.74,61.7,60.0,51.57,43.92,42.2,42.36,47.8,61.46,88.36,89.19,90.03,87.88,85.95,78.05,76.7,77.16,81.78,73.82,72.9,106.42,145.06,92.23,72.39,62.58,57.05,52.58,44.86,42.31,39.66,38.98,42.31,51.57,75.69,80.03,77.0,74.78,73.4,63.24,60.91,59.98,59.9,60.56,61.86,77.0,85.87,73.27,58.23,55.69,53.64,48.03,40.74,38.42,35.68,35.75,38.63,57.33,71.42,76.0,74.56,72.0,68.78,62.15,60.0,57.98,56.28,56.3,61.45,72.5,81.24,68.59,60.0,72.45
152.26,74.29,68.5,60.15,76.74,60.09,53.12,47.65,41.4,46.12,71.04,173.69,227.76,219.67,235.54,213.11,169.77,200.0,299.0,85.56,87.21,91.32,141.07,196.15,179.55,86.04,73.74,61.7,60.0,51.57,43.92,42.2,42.36,47.8,61.46,88.36,89.19,90.03,87.88,85.95,78.05,76.7,77.16,81.78,73.82,72.9,106.42,145.06,92.23,72.39,62.58,57.05,52.58,44.86,42.31,39.66,38.98,42.31,51.57,75.69,80.03,77.0,74.78,73.4,63.24,60.91,59.98,59.9,60.56,61.86,77.0,85.87,73.27,58.23,55.69,53.64,48.03,40.74,38.42,35.68,35.75,38.63,57.33,71.42,76.0,74.56,72.0,68.78,62.15,60.0,57.98,56.28,56.3,61.45,72.5,81.24,68.59,60.0,72.45,71.95
74.29,68.5,60.15,76.74,60.09,53.12,47.65,41.4,46.12,71.04,173.69,227.76,219.67,235.54,213.11,169.77,200.0,299.0,85.56,87.21,91.32,141.07,196.15,179.55,86.04,73.74,61.7,60.0,51.57,43.92,42.2,42.36,47.8,61.46,88.36,89.19,90.03,87.88,85.95,78.05,76.7,77.16,81.78,73.82,72.9,106.42,145.06,92.23,72.39,62.58,57.05,52.58,44.86,42.31,39.66,38.98,42.31,51.57,75.69,80.03,77.0,74.78,73.4,63.24,60.91,59.98,59.9,60.56,61.86,77.0,85.87,73.27,58.23,55.69,53.64,48.03,40.74,38.42,35.68,35.75,38.63,57.33,71.42,76.0,74.56,72.0,68.78,62.15,60.0,57.98,56.28,56.3,61.45,72.5,81.24,68.59,60.0,72.45,71.95,53.03
68.5,60.15,76.74,60.09,53.12,47.65,41.4,46.12,71.04,173.69,227.76,219.67,235.54,213.11,169.77,200.0,299.0,85.56,87.21,91.32,141.07,196.15,179.55,86.04,73.74,61.7,60.0,51.57,43.92,42.2,42.36,47.8,61.46,88.36,89.19,90.03,87.88,85.95,78.05,76.7,77.16,81.78,73.82,72.9,106.42,145.06,92.23,72.39,62.58,57.05,52.58,44.86,42.31,39.66,38.98,42.31,51.57,75.69,80.03,77.0,74.78,73.4,63.24,60.91,59.98,59.9,60.56,61.86,77.0,85.87,73.27,58.23,55.69,53.64,48.03,40.74,38.42,35.68,35.75,38.63,57.33,71.42,76.0,74.56,72.0,68.78,62.15,60.0,57.98,56.28,56.3,61.45,72.5,81.24,68.59,60.0,72.45,71.95,53.03,47.68
60.15,76.74,60.09,53.12,47.65,41.4,46.12,71.04,173.69,227.76,219.67,235.54,213.11,169.77,200.0,299.0,85.56,87.21,91.32,141.07,196.15,179.55,86.04,73.74,61.7,60.0,51.57,43.92,42.2,42.36,47.8,61.46,88.36,89.19,90.03,87.88,85.95,78.05,76.7,77.16,81.78,73.82,72.9,106.42,145.06,92.23,72.39,62.58,57.05,52.58,44.86,42.31,39.66,38.98,42.31,51.57,75.69,80.03,77.0,74.78,73.4,63.24,60.91,59.98,59.9,60.56,61.86,77.0,85.87,73.27,58.23,55.69,53.64,48.03,40.74,38.42,35.68,35.75,38.63,57.33,71.42,76.0,74.56,72.0,68.78,62.15,60.0,57.98,56.28,56.3,61.45,72.5,81.24,68.59,60.0,72.45,71.95,53.03,47.68,46.0
76.74,60.09,53.12,47.65,41.4,46.12,71.04,173.69,227.76,219.67,235.54,213.11,169.77,200.0,299.0,85.56,87.21,91.32,141.07,196.15,179.55,86.04,73.74,61.7,60.0,51.57,43.92,42.2,42.36,47.8,61.46,88.36,89.19,90.03,87.88,85.95,78.05,76.7,77.16,81.78,73.82,72.9,106.42,145.06,92.23,72.39,62.58,57.05,52.58,44.86,42.31,39.66,38.98,42.31,51.57,75.69,80.03,77.0,74.78,73.4,63.24,60.91,59.98,59.9,60.56,61.86,77.0,85.87,73.27,58.23,55.69,53.64,48.03,40.74,38.42,35.68,35.75,38.63,57.33,71.42,76.0,74.56,72.0,68.78,62.15,60.0,57.98,56.28,56.3,61.45,72.5,81.24,68.59,60.0,72.45,71.95,53.03,47.68,46.0,42.8
60.09,53.12,47.65,41.4,46.12,71.04,173.69,227.76,219.67,235.54,213.11,169.77,200.0,299.0,85.56,87.21,91.32,141.07,196.15,179.55,86.04,73.74,61.7,60.0,51.57,43.92,42.2,42.36,47.8,61.46,88.36,89.19,90.03,87.88,85.95,78.05,76.7,77.16,81.78,73.82,72.9,106.42,145.06,92.23,72.39,62.58,57.05,52.58,44.86,42.31,39.66,38.98,42.31,51.57,75.69,80.03,77.0,74.78,73.4,63.24,60.91,59.98,59.9,60.56,61.86,77.0,85.87,73.27,58.23,55.69,53.64,48.03,40.74,38.42,35.68,35.75,38.63,57.33,71.42,76.0,74.56,72.0,68.78,62.15,60.0,57.98,56.28,56.3,61.45,72.5,81.24,68.59,60.0,72.45,71.95,53.03,47.68,46.0,42.8,39.43
53.12,47.65,41.4,46.12,71.04,173.69,227.76,219.67,235.54,213.11,169.77,200.0,299.0,85.56,87.21,91.32,141.07,196.15,179.55,86.04,73.74,61.7,60.0,51.57,43.92,42.2,42.36,47.8,61.46,88.36,89.19,90.03,87.88,85.95,78.05,76.7,77.16,81.78,73.82,72.9,106.42,145.06,92.23,72.39,62.58,57.05,52.58,44.86,42.31,39.66,38.98,42.31,51.57,75.69,80.03,77.0,74.78,73.4,63.24,60.91,59.98,59.9,60.56,61.86,77.0,85.87,73.27,58.23,55.69,53.64,48.03,40.74,38.42,35.68,35.75,38.63,57.33,71.42,76.0,74.56,72.0,68.78,62.15,60.0,57.98,56.28,56.3,61.45,72.5,81.24,68.59,60.0,72.45,71.95,53.03,47.68,46.0,42.8,39.43,39.99
47.65,41.4,46.12,71.04,173.69,227.76,219.67,235.54,213.11,169.77,200.0,299.0,85.56,87.21,91.32,141.07,196.15,179.55,86.04,73.74,61.7,60.0,51.57,43.92,42.2,42.36,47.8,61.46,88.36,89.19,90.03,87.88,85.95,78.05,76.7,77.16,81.78,73.82,72.9,106.42,145.06,92.23,72.39,62.58,57.05,52.58,44.86,42.31,39.66,38.98,42.31,51.57,75.69,80.03,77.0,74.78,73.4,63.24,60.91,59.98,59.9,60.56,61.86,77.0,85.87,73.27,58.23,55.69,53.64,48.03,40.74,38.42,35.68,35.75,38.63,57.33,71.42,76.0,74.56,72.0,68.78,62.15,60.0,57.98,56.28,56.3,61.45,72.5,81.24,68.59,60.0,72.45,71.95,53.03,47.68,46.0,42.8,39.43,39.99,44.34
41.4,46.12,71.04,173.69,227.76,219.67,235.54,213.11,169.77,200.0,299.0,85.56,87.21,91.32,141.07,196.15,179.55,86.04,73.74,61.7,60.0,51.57,43.92,42.2,42.36,47.8,61.46,88.36,89.19,90.03,87.88,85.95,78.05,76.7,77.16,81.78,73.82,72.9,106.42,145.06,92.23,72.39,62.58,57.05,52.58,44.86,42.31,39.66,38.98,42.31,51.57,75.69,80.03,77.0,74.78,73.4,63.24,60.91,59.98,59.9,60.56,61.86,77.0,85.87,73.27,58.23,55.69,53.64,48.03,40.74,38.42,35.68,35.75,38.63,57.33,71.42,76.0,74.56,72.0,68.78,62.15,60.0,57.98,56.28,56.3,61.45,72.5,81.24,68.59,60.0,72.45,71.95,53.03,47.68,46.0,42.8,39.43,39.99,44.34,51.06
46.12,71.04,173.69,227.76,219.67,235.54,213.11,169.77,200.0,299.0,85.56,87.21,91.32,141.07,196.15,179.55,86.04,73.74,61.7,60.0,51.57,43.92,42.2,42.36,47.8,61.46,88.36,89.19,90.03,87.88,85.95,78.05,76.7,77.16,81.78,73.82,72.9,106.42,145.06,92.23,72.39,62.58,57.05,52.58,44.86,42.31,39.66,38.98,42.31,51.57,75.69,80.03,77.0,74.78,73.4,63.24,60.91,59.98,59.9,60.56,61.86,77.0,85.87,73.27,58.23,55.69,53.64,48.03,40.74,38.42,35.68,35.75,38.63,57.33,71.42,76.0,74.56,72.0,68.78,62.15,60.0,57.98,56.28,56.3,61.45,72.5,81.24,68.59,60.0,72.45,71.95,53.03,47.68,46.0,42.8,39.43,39.99,44.34,51.06,52.78
71.04,173.69,227.76,219.67,235.54,213.11,169.77,200.0,299.0,85.56,87.21,91.32,141.07,196.15,179.55,86.04,73.74,61.7,60.0,51.57,43.92,42.2,42.36,47.8,61.46,88.36,89.19,90.03,87.88,85.95,78.05,76.7,77.16,81.78,73.82,72.9,106.42,145.06,92.23,72.39,62.58,57.05,52.58,44.86,42.31,39.66,38.98,42.31,51.57,75.69,80.03,77.0,74.78,73.4,63.24,60.91,59.98,59.9,60.56,61.86,77.0,85.87,73.27,58.23,55.69,53.64,48.03,40.74,38.42,35.68,35.75,38.63,57.33,71.42,76.0,74.56,72.0,68.78,62.15,60.0,57.98,56.28,56.3,61.45,72.5,81.24,68.59,60.0,72.45,71.95,53.03,47.68,46.0,42.8,39.43,39.99,44.34,51.06,52.78,57.16
173.69,227.76,219.67,235.54,213.11,169.77,200.0,299.0,85.56,87.21,91.32,141.07,196.15,179.55,86.04,73.74,61.7,60.0,51.57,43.92,42.2,42.36,47.8,61.46,88.36,89.19,90.03,87.88,85.95,78.05,76.7,77.16,81.78,73.82,72.9,106.42,145.06,92.23,72.39,62.58,57.05,52.58,44.86,42.31,39.66,38.98,42.31,51.57,75.69,80.03,77.0,74.78,73.4,63.24,60.91,59.98,59.9,60.56,61.86,77.0,85.87,73.27,58.23,55.69,53.64,48.03,40.74,38.42,35.68,35.75,38.63,57.33,71.42,76.0,74.56,72.0,68.78,62.15,60.0,57.98,56.28,56.3,61.45,72.5,81.24,68.59,60.0,72.45,71.95,53.03,47.68,46.0,42.8,39.43,39.99,44.34,51.06,52.78,57.16,67.22
227.76,219.67,235.54,213.11,169.77,200.0,299.0,85.56,87.21,91.32,141.07,196.15,179.55,86.04,73.74,61.7,60.0,51.57,43.92,42.2,42.36,47.8,61.46,88.36,89.19,90.03,87.88,85.95,78.05,76.7,77.16,81.78,73.82,72.9,106.42,145.06,92.23,72.39,62.58,57.05,52.58,44.86,42.31,39.66,38.98,42.31,51.57,75.69,80.03,77.0,74.78,73.4,63.24,60.91,59.98,59.9,60.56,61.86,77.0,85.87,73.27,58.23,55.69,53.64,48.03,40.74,38.42,35.68,35.75,38.63,57.33,71.42,76.0,74.56,72.0,68.78,62.15,60.0,57.98,56.28,56.3,61.45,72.5,81.24,68.59,60.0,72.45,71.95,53.03,47.68,46.0,42.8,39.43,39.99,44.34,51.06,52.78,57.16,67.22,59.16
219.67,235.54,213.11,169.77,200.0,299.0,85.56,87.21,91.32,141.07,196.15,179.55,86.04,73.74,61.7,60.0,51.57,43.92,42.2,42.36,47.8,61.46,88.36,89.19,90.03,87.88,85.95,78.05,76.7,77.16,81.78,73.82,72.9,106.42,145.06,92.23,72.39,62.58,57.05,52.58,44.86,42.31,39.66,38.98,42.31,51.57,75.69,80.03,77.0,74.78,73.4,63.24,60.91,59.98,59.9,60.56,61.86,77.0,85.87,73.27,58.23,55.69,53.64,48.03,40.74,38.42,35.68,35.75,38.63,57.33,71.42,76.0,74.56,72.0,68.78,62.15,60.0,57.98,56.28,56.3,61.45,72.5,81.24,68.59,60.0,72.45,71.95,53.03,47.68,46.0,42.8,39.43,39.99,44.34,51.06,52.78,57.16,67.22,59.16,53.02
235.54,213.11,169.77,200.0,299.0,85.56,87.21,91.32,141.07,196.15,179.55,86.04,73.74,61.7,60.0,51.57,43.92,42.2,42.36,47.8,61.46,88.36,89.19,90.03,87.88,85.95,78.05,76.7,77.16,81.78,73.82,72.9,106.42,145.06,92.23,72.39,62.58,57.05,52.58,44.86,42.31,39.66,38.98,42.31,51.57,75.69,80.03,77.0,74.78,73.4,63.24,60.91,59.98,59.9,60.56,61.86,77.0,85.87,73.27,58.23,55.69,53.64,48.03,40.74,38.42,35.68,35.75,38.63,57.33,71.42,76.0,74.56,72.0,68.78,62.15,60.0,57.98,56.28,56.3,61.45,72.5,81.24,68.59,60.0,72.45,71.95,53.03,47.68,46.0,42.8,39.43,39.99,44.34,51.06,52.78,57.16,67.22,59.16,53.02,51.47
213.11,169.77,200.0,299.0,85.56,87.21,91.32,141.07,196.15,179.55,86.04,73.74,61.7,60.0,51.57,43.92,42.2,42.36,47.8,61.46,88.36,89.19,90.03,87.88,85.95,78.05,76.7,77.16,81.78,73.82,72.9,106.42,145.06,92.23,72.39,62.58,57.05,52.58,44.86,42.31,39.66,38.98,42.31,51.57,75.69,80.03,77.0,74.78,73.4,63.24,60.91,59.98,59.9,60.56,61.86,77.0,85.87,73.27,58.23,55.69,53.64,48.03,40.74,38.42,35.68,35.75,38.63,57.33,71.42,76.0,74.56,72.0,68.78,62.15,60.0,57.98,56.28,56.3,61.45,72.5,81.24,68.59,60.0,72.45,71.95,53.03,47.68,46.0,42.8,39.43,39.99,44.34,51.06,52.78,57.16,67.22,59.16,53.02,51.47,42.78
169.77,200.0,299.0,85.56,87.21,91.32,141.07,196.15,179.55,86.04,73.74,61.7,60.0,51.57,43.92,42.2,42.36,47.8,61.46,88.36,89.19,90.03,87.88,85.95,78.05,76.7,77.16,81.78,73.82,72.9,106.42,145.06,92.23,72.39,62.58,57.05,52.58,44.86,42.31,39.66,38.98,42.31,51.57,75.69,80.03,77.0,74.78,73.4,63.24,60.91,59.98,59.9,60.56,61.86,77.0,85.87,73.27,58.23,55.69,53.64,48.03,40.74,38.42,35.68,35.75,38.63,57.33,71.42,76.0,74.56,72.0,68.78,62.15,60.0,57.98,56.28,56.3,61.45,72.5,81.24,68.59,60.0,72.45,71.95,53.03,47.68,46.0,42.8,39.43,39.99,44.34,51.06,52.78,57.16,67.22,59.16,53.02,51.47,42.78,42.2
200.0,299.0,85.56,87.21,91.32,141.07,196.15,179.55,86.04,73.74,61.7,60.0,51.57,43.92,42.2,42.36,47.8,61.46,88.36,89.19,90.03,87.88,85.95,78.05,76.7,77.16,81.78,73.82,72.9,106.42,145.06,92.23,72.39,62.58,57.05,52.58,44.86,42.31,39.66,38.98,42.31,51.57,75.69,80.03,77.0,74.78,73.4,63.24,60.91,59.98,59.9,60.56,61.86,77.0,85.87,73.27,58.23,55.69,53.64,48.03,40.74,38.42,35.68,35.75,38.63,57.33,71.42,76.0,74.56,72.0,68.78,62.15,60.0,57.98,56.28,56.3,61.45,72.5,81.24,68.59,60.0,72.45,71.95,53.03,47.68,46.0,42.8,39.43,39.99,44.34,51.06,52.78,57.16,67.22,59.16,53.02,51.47,42.78,42.2,44.5
299.0,85.56,87.21,91.32,141.07,196.15,179.55,86.04,73.74,61.7,60.0,51.57,43.92,42.2,42.36,47.8,61.46,88.36,89.19,90.03,87.88,85.95,78.05,76.7,77.16,81.78,73.82,72.9,106.42,145.06,92.23,72.39,62.58,57.05,52.58,44.86,42.31,39.66,38.98,42.31,51.57,75.69,80.03,77.0,74.78,73.4,63.24,60.91,59.98,59.9,60.56,61.86,77.0,85.87,73.27,58.23,55.69,53.64,48.03,40.74,38.42,35.68,35.75,38.63,57.33,71.42,76.0,74.56,72.0,68.78,62.15,60.0,57.98,56.28,56.3,61.45,72.5,81.24,68.59,60.0,72.45,71.95,53.03,47.68,46.0,42.8,39.43,39.99,44.34,51.06,52.78,57.16,67.22,59.16,53.02,51.47,42.78,42.2,44.5,51.16
85.56,87.21,91.32,141.07,196.15,179.55,86.04,73.74,61.7,60.0,51.57,43.92,42.2,42.36,47.8,61.46,88.36,89.19,90.03,87.88,85.95,78.05,76.7,77.16,81.78,73.82,72.9,106.42,145.06,92.23,72.39,62.58,57.05,52.58,44.86,42.31,39.66,38.98,42.31,51.57,75.69,80.03,77.0,74.78,73.4,63.24,60.91,59.98,59.9,60.56,61.86,77.0,85.87,73.27,58.23,55.69,53.64,48.03,40.74,38.42,35.68,35.75,38.63,57.33,71.42,76.0,74.56,72.0,68.78,62.15,60.0,57.98,56.28,56.3,61.45,72.5,81.24,68.59,60.0,72.45,71.95,53.03,47.68,46.0,42.8,39.43,39.99,44.34,51.06,52.78,57.16,67.22,59.16,53.02,51.47,42.78,42.2,44.5,51.16,58.89
87.21,91.32,141.07,196.15,179.55,86.04,73.74,61.7,60.0,51.57,43.92,42.2,42.36,47.8,61.46,88.36,89.19,90.03,87.88,85.95,78.05,76.7,77.16,81.78,73.82,72.9,106.42,145.06,92.23,72.39,62.58,57.05,52.58,44.86,42.31,39.66,38.98,42.31,51.57,75.69,80.03,77.0,74.78,73.4,63.24,60.91,59.98,59.9,60.56,61.86,77.0,85.87,73.27,58.23,55.69,53.64,48.03,40.74,38.42,35.68,35.75,38.63,57.33,71.42,76.0,74.56,72.0,68.78,62.15,60.0,57.98,56.28,56.3,61.45,72.5,81.24,68.59,60.0,72.45,71.95,53.03,47.68,46.0,42.8,39.43,39.99,44.34,51.06,52.78,57.16,67.22,59.16,53.02,51.47,42.78,42.2,44.5,51.16,58.89,65.68
91.32,141.07,196.15,179.55,86.04,73.74,61.7,60.0,51.57,43.92,42.2,42.36,47.8,61.46,88.36,89.19,90.03,87.88,85.95,78.05,76.7,77.16,81.78,73.82,72.9,106.42,145.06,92.23,72.39,62.58,57.05,52.58,44.86,42.31,39.66,38.98,42.31,51.57,75.69,80.03,77.0,74.78,73.4,63.24,60.91,59.98,59.9,60.56,61.86,77.0,85.87,73.27,58.23,55.69,53.64,48.03,40.74,38.42,35.68,35.75,38.63,57.33,71.42,76.0,74.56,72.0,68.78,62.15,60.0,57.98,56.28,56.3,61.45,72.5,81.24,68.59,60.0,72.45,71.95,53.03,47.68,46.0,42.8,39.43,39.99,44.34,51.06,52.78,57.16,67.22,59.16,53.02,51.47,42.78,42.2,44.5,51.16,58.89,65.68,64.45
141.07,196.15,179.55,86.04,73.74,61.7,60.0,51.57,43.92,42.2,42.36,47.8,61.46,88.36,89.19,90.03,87.88,85.95,78.05,76.7,77.16,81.78,73.82,72.9,106.42,145.06,92.23,72.39,62.58,57.05,52.58,44.86,42.31,39.66,38.98,42.31,51.57,75.69,80.03,77.0,74.78,73.4,63.24,60.91,59.98,59.9,60.56,61.86,77.0,85.87,73.27,58.23,55.69,53.64,48.03,40.74,38.42,35.68,35.75,38.63,57.33,71.42,76.0,74.56,72.0,68.78,62.15,60.0,57.98,56.28,56.3,61.45,72.5,81.24,68.59,60.0,72.45,71.95,53.03,47.68,46.0,42.8,39.43,39.99,44.34,51.06,52.78,57.16,67.22,59.16,53.02,51.47,42.78,42.2,44.5,51.16,58.89,65.68,64.45,61.11
196.15,179.55,86.04,73.74,61.7,60.0,51.57,43.92,42.2,42.36,47.8,61.46,88.36,89.19,90.03,87.88,85.95,78.05,76.7,77.16,81.78,73.82,72.9,106.42,145.06,92.23,72.39,62.58,57.05,52.58,44.86,42.31,39.66,38.98,42.31,51.57,75.69,80.03,77.0,74.78,73.4,63.24,60.91,59.98,59.9,60.56,61.86,77.0,85.87,73.27,58.23,55.69,53.64,48.03,40.74,38.42,35.68,35.75,38.63,57.33,71.42,76.0,74.56,72.0,68.78,62.15,60.0,57.98,56.28,56.3,61.45,72.5,81.24,68.59,60.0,72.45,71.95,53.03,47.68,46.0,42.8,39.43,39.99,44.34,51.06,52.78,57.16,67.22,59.16,53.02,51.47,42.78,42.2,44.5,51.16,58.89,65.68,64.45,61.11,55.18
179.55,86.04,73.74,61.7,60.0,51.57,43.92,42.2,42.36,47.8,61.46,88.36,89.19,90.03,87.88,85.95,78.05,76.7,77.16,81.78,73.82,72.9,106.42,145.06,92.23,72.39,62.58,57.05,52.58,44.86,42.31,39.66,38.98,42.31,51.57,75.69,80.03,77.0,74.78,73.4,63.24,60.91,59.98,59.9,60.56,61.86,77.0,85.87,73.27,58.23,55.69,53.64,48.03,40.74,38.42,35.68,35.75,38.63,57.33,71.42,76.0,74.56,72.0,68.78,62.15,60.0,57.98,56.28,56.3,61.45,72.5,81.24,68.59,60.0,72.45,71.95,53.03,47.68,46.0,42.8,39.43,39.99,44.34,51.06,52.78,57.16,67.22,59.16,53.02,51.47,42.78,42.2,44.5,51.16,58.89,65.68,64.45,61.11,55.18,46.17
86.04,73.74,61.7,60.0,51.57,43.92,42.2,42.36,47.8,61.46,88.36,89.19,90.03,87.88,85.95,78.05,76.7,77.16,81.78,73.82,72.9,106.42,145.06,92.23,72.39,62.58,57.05,52.58,44.86,42.31,39.66,38.98,42.31,51.57,75.69,80.03,77.0,74.78,73.4,63.24,60.91,59.98,59.9,60.56,61.86,77.0,85.87,73.27,58.23,55.69,53.64,48.03,40.74,38.42,35.68,35.75,38.63,57.33,71.42,76.0,74.56,72.0,68.78,62.15,60.0,57.98,56.28,56.3,61.45,72.5,81.24,68.59,60.0,72.45,71.95,53.03,47.68,46.0,42.8,39.43,39.99,44.34,51.06,52.78,57.16,67.22,59.16,53.02,51.47,42.78,42.2,44.5,51.16,58.89,65.68,64.45,61.11,55.18,46.17,45.0
73.74,61.7,60.0,51.57,43.92,42.2,42.36,47.8,61.46,88.36,89.19,90.03,87.88,85.95,78.05,76.7,77.16,81.78,73.82,72.9,106.42,145.06,92.23,72.39,62.58,57.05,52.58,44.86,42.31,39.66,38.98,42.31,51.57,75.69,80.03,77.0,74.78,73.4,63.24,60.91,59.98,59.9,60.56,61.86,77.0,85.87,73.27,58.23,55.69,53.64,48.03,40.74,38.42,35.68,35.75,38.63,57.33,71.42,76.0,74.56,72.0,68.78,62.15,60.0,57.98,56.28,56.3,61.45,72.5,81.24,68.59,60.0,72.45,71.95,53.03,47.68,46.0,42.8,39.43,39.99,44.34,51.06,52.78,57.16,67.22,59.16,53.02,51.47,42.78,42.2,44.5,51.16,58.89,65.68,64.45,61.11,55.18,46.17,45.0,42.87
61.7,60.0,51.57,43.92,42.2,42.36,47.8,61.46,88.36,89.19,90.03,87.88,85.95,78.05,76.7,77.16,81.78,73.82,72.9,106.42,145.06,92.23,72.39,62.58,57.05,52.58,44.86,42.31,39.66,38.98,42.31,51.57,75.69,80.03,77.0,74.78,73.4,63.24,60.91,59.98,59.9,60.56,61.86,77.0,85.87,73.27,58.23,55.69,53.64,48.03,40.74,38.42,35.68,35.75,38.63,57.33,71.42,76.0,74.56,72.0,68.78,62.15,60.0,57.98,56.28,56.3,61.45,72.5,81.24,68.59,60.0,72.45,71.95,53.03,47.68,46.0,42.8,39.43,39.99,44.34,51.06,52.78,57.16,67.22,59.16,53.02,51.47,42.78,42.2,44.5,51.16,58.89,65.68,64.45,61.11,55.18,46.17,45.0,42.87,38.34
60.0,51.57,43.92,42.2,42.36,47.8,61.46,88.36,89.19,90.03,87.88,85.95,78.05,76.7,77.16,81.78,73.82,72.9,106.42,145.06,92.23,72.39,62.58,57.05,52.58,44.86,42.31,39.66,38.98,42.31,51.57,75.69,80.03,77.0,74.78,73.4,63.24,60.91,59.98,59.9,60.56,61.86,77.0,85.87,73.27,58.23,55.69,53.64,48.03,40.74,38.42,35.68,35.75,38.63,57.33,71.42,76.0,74.56,72.0,68.78,62.15,60.0,57.98,56.28,56.3,61.45,72.5,81.24,68.59,60.0,72.45,71.95,53.03,47.68,46.0,42.8,39.43,39.99,44.34,51.06,52.78,57.16,67.22,59.16,53.02,51.47,42.78,42.2,44.5,51.16,58.89,65.68,64.45,61.11,55.18,46.17,45.0,42.87,38.34,31.4
51.57,43.92,42.2,42.36,47.8,61.46,88.36,89.19,90.03,87.88,85.95,78.05,76.7,77.16,81.78,73.82,72.9,106.42,145.06,92.23,72.39,62.58,57.05,52.58,44.86,42.31,39.66,38.98,42.31,51.57,75.69,80.03,77.0,74.78,73.4,63.24,60.91,59.98,59.9,60.56,61.86,77.0,85.87,73.27,58.23,55.69,53.64,48.03,40.74,38.42,35.68,35.75,38.63,57.33,71.42,76.0,74.56,72.0,68.78,62.15,60.0,57.98,56.28,56.3,61.45,72.5,81.24,68.59,60.0,72.45,71.95,53.03,47.68,46.0,42.8,39.43,39.99,44.34,51.06,52.78,57.16,67.22,59.16,53.02,51.47,42.78,42.2,44.5,51.16,58.89,65.68,64.45,61.11,55.18,46.17,45.0,42.87,38.34,31.4,31.45
43.92,42.2,42.36,47.8,61.46,88.36,89.19,90.03,87.88,85.95,78.05,76.7,77.16,81.78,73.82,72.9,106.42,145.06,92.23,72.39,62.58,57.05,52.58,44.86,42.31,39.66,38.98,42.31,51.57,75.69,80.03,77.0,74.78,73.4,63.24,60.91,59.98,59.9,60.56,61.86,77.0,85.87,73.27,58.23,55.69,53.64,48.03,40.74,38.42,35.68,35.75,38.63,57.33,71.42,76.0,74.56,72.0,68.78,62.15,60.0,57.98,56.28,56.3,61.45,72.5,81.24,68.59,60.0,72.45,71.95,53.03,47.68,46.0,42.8,39.43,39.99,44.34,51.06,52.78,57.16,67.22,59.16,53.02,51.47,42.78,42.2,44.5,51.16,58.89,65.68,64.45,61.11,55.18,46.17,45.0,42.87,38.34,31.4,31.45,32.03
42.2,42.36,47.8,61.46,88.36,89.19,90.03,87.88,85.95,78.05,76.7,77.16,81.78,73.82,72.9,106.42,145.06,92.23,72.39,62.58,57.05,52.58,44.86,42.31,39.66,38.98,42.31,51.57,75.69,80.03,77.0,74.78,73.4,63.24,60.91,59.98,59.9,60.56,61.86,77.0,85.87,73.27,58.23,55.69,53.64,48.03,40.74,38.42,35.68,35.75,38.63,57.33,71.42,76.0,74.56,72.0,68.78,62.15,60.0,57.98,56.28,56.3,61.45,72.5,81.24,68.59,60.0,72.45,71.95,53.03,47.68,46.0,42.8,39.43,39.99,44.34,51.06,52.78,57.16,67.22,59.16,53.02,51.47,42.78,42.2,44.5,51.16,58.89,65.68,64.45,61.11,55.18,46.17,45.0,42.87,38.34,31.4,31.45,32.03,32.55
42.36,47.8,61.46,88.36,89.19,90.03,87.88,85.95,78.05,76.7,77.16,81.78,73.82,72.9,106.42,145.06,92.23,72.39,62.58,57.05,52.58,44.86,42.31,39.66,38.98,42.31,51.57,75.69,80.03,77.0,74.78,73.4,63.24,60.91,59.98,59.9,60.56,61.86,77.0,85.87,73.27,58.23,55.69,53.64,48.03,40.74,38.42,35.68,35.75,38.63,57.33,71.42,76.0,74.56,72.0,68.78,62.15,60.0,57.98,56.28,56.3,61.45,72.5,81.24,68.59,60.0,72.45,71.95,53.03,47.68,46.0,42.8,39.43,39.99,44.34,51.06,52.78,57.16,67.22,59.16,53.02,51.47,42.78,42.2,44.5,51.16,58.89,65.68,64.45,61.11,55.18,46.17,45.0,42.87,38.34,31.4,31.45,32.03,32.55,33.35
47.8,61.46,88.36,89.19,90.03,87.88,85.95,78.05,76.7,77.16,81.78,73.82,72.9,106.42,145.06,92.23,72.39,62.58,57.05,52.58,44.86,42.31,39.66,38.98,42.31,51.57,75.69,80.03,77.0,74.78,73.4,63.24,60.91,59.98,59.9,60.56,61.86,77.0,85.87,73.27,58.23,55.69,53.64,48.03,40.74,38.42,35.68,35.75,38.63,57.33,71.42,76.0,74.56,72.0,68.78,62.15,60.0,57.98,56.28,56.3,61.45,72.5,81.24,68.59,60.0,72.45,71.95,53.03,47.68,46.0,42.8,39.43,39.99,44.34,51.06,52.78,57.16,67.22,59.16,53.02,51.47,42.78,42.2,44.5,51.16,58.89,65.68,64.45,61.11,55.18,46.17,45.0,42.87,38.34,31.4,31.45,32.03,32.55,33.35,35.02
61.46,88.36,89.19,90.03,87.88,85.95,78.05,76.7,77.16,81.78,73.82,72.9,106.42,145.06,92.23,72.39,62.58,57.05,52.58,44.86,42.31,39.66,38.98,42.31,51.57,75.69,80.03,77.0,74.78,73.4,63.24,60.91,59.98,59.9,60.56,61.86,77.0,85.87,73.27,58.23,55.69,53.64,48.03,40.74,38.42,35.68,35.75,38.63,57.33,71.42,76.0,74.56,72.0,68.78,62.15,60.0,57.98,56.28,56.3,61.45,72.5,81.24,68.59,60.0,72.45,71.95,53.03,47.68,46.0,42.8,39.43,39.99,44.34,51.06,52.78,57.16,67.22,59.16,53.02,51.47,42.78,42.2,44.5,51.16,58.89,65.68,64.45,61.11,55.18,46.17,45.0,42.87,38.34,31.4,31.45,32.03,32.55,33.35,35.02,36.49
88.36,89.19,90.03,87.88,85.95,78.05,76.7,77.16,81.78,73.82,72.9,106.42,145.06,92.23,72.39,62.58,57.05,52.58,44.86,42.31,39.66,38.98,42.31,51.57,75.69,80.03,77.0,74.78,73.4,63.24,60.91,59.98,59.9,60.56,61.86,77.0,85.87,73.27,58.23,55.69,53.64,48.03,40.74,38.42,35.68,35.75,38.63,57.33,71.42,76.0,74.56,72.0,68.78,62.15,60.0,57.98,56.28,56.3,61.45,72.5,81.24,68.59,60.0,72.45,71.95,53.03,47.68,46.0,42.8,39.43,39.99,44.34,51.06,52.78,57.16,67.22,59.16,53.02,51.47,42.78,42.2,44.5,51.16,58.89,65.68,64.45,61.11,55.18,46.17,45.0,42.87,38.34,31.4,31.45,32.03,32.55,33.35,35.02,36.49,36.99
89.19,90.03,87.88,85.95,78.05,76.7,77.16,81.78,73.82,72.9,106.42,145.06,92.23,72.39,62.58,57.05,52.58,44.86,42.31,39.66,38.98,42.31,51.57,75.69,80.03,77.0,74.78,73.4,63.24,60.91,59.98,59.9,60.56,61.86,77.0,85.87,73.27,58.23,55.69,53.64,48.03,40.74,38.42,35.68,35.75,38.63,57.33,71.42,76.0,74.56,72.0,68.78,62.15,60.0,57.98,56.28,56.3,61.45,72.5,81.24,68.59,60.0,72.45,71.95,53.03,47.68,46.0,42.8,39.43,39.99,44.34,51.06,52.78,57.16,67.22,59.16,53.02,51.47,42.78,42.2,44.5,51.16,58.89,65.68,64.45,61.11,55.18,46.17,45.0,42.87,38.34,31.4,31.45,32.03,32.55,33.35,35.02,36.49,36.99,38.33
90.03,87.88,85.95,78.05,76.7,77.16,81.78,73.82,72.9,106.42,145.06,92.23,72.39,62.58,57.05,52.58,44.86,42.31,39.66,38.98,42.31,51.57,75.69,80.03,77.0,74.78,73.4,63.24,60.91,59.98,59.9,60.56,61.86,77.0,85.87,73.27,58.23,55.69,53.64,48.03,40.74,38.42,35.68,35.75,38.63,57.33,71.42,76.0,74.56,72.0,68.78,62.15,60.0,57.98,56.28,56.3,61.45,72.5,81.24,68.59,60.0,72.45,71.95,53.03,47.68,46.0,42.8,39.43,39.99,44.34,51.06,52.78,57.16,67.22,59.16,53.02,51.47,42.78,42.2,44.5,51.16,58.89,65.68,64.45,61.11,55.18,46.17,45.0,42.87,38.34,31.4,31.45,32.03,32.55,33.35,35.02,36.49,36.99,38.33,37.2
87.88,85.95,78.05,76.7,77.16,81.78,73.82,72.9,106.42,145.06,92.23,72.39,62.58,57.05,52.58,44.86,42.31,39.66,38.98,42.31,51.57,75.69,80.03,77.0,74.78,73.4,63.24,60.91,59.98,59.9,60.56,61.86,77.0,85.87,73.27,58.23,55.69,53.64,48.03,40.74,38.42,35.68,35.75,38.63,57.33,71.42,76.0,74.56,72.0,68.78,62.15,60.0,57.98,56.28,56.3,61.45,72.5,81.24,68.59,60.0,72.45,71.95,53.03,47.68,46.0,42.8,39.43,39.99,44.34,51.06,52.78,57.16,67.22,59.16,53.02,51.47,42.78,42.2,44.5,51.16,58.89,65.68,64.45,61.11,55.18,46.17,45.0,42.87,38.34,31.4,31.45,32.03,32.55,33.35,35.02,36.49,36.99,38.33,37.2,33.9
85.95,78.05,76.7,77.16,81.78,73.82,72.9,106.42,145.06,92.23,72.39,62.58,57.05,52.58,44.86,42.31,39.66,38.98,42.31,51.57,75.69,80.03,77.0,74.78,73.4,63.24,60.91,59.98,59.9,60.56,61.86,77.0,85.87,73.27,58.23,55.69,53.64,48.03,40.74,38.42,35.68,35.75,38.63,57.33,71.42,76.0,74.56,72.0,68.78,62.15,60.0,57.98,56.28,56.3,61.45,72.5,81.24,68.59,60.0,72.45,71.95,53.03,47.68,46.0,42.8,39.43,39.99,44.34,51.06,52.78,57.16,67.22,59.16,53.02,51.47,42.78,42.2,44.5,51.16,58.89,65.68,64.45,61.11,55.18,46.17,45.0,42.87,38.34,31.4,31.45,32.03,32.55,33.35,35.02,36.49,36.99,38.33,37.2,33.9,32.48
78.05,76.7,77.16,81.78,73.82,72.9,106.42,145.06,92.23,72.39,62.58,57.05,52.58,44.86,42.31,39.66,38.98,42.31,51.57,75.69,80.03,77.0,74.78,73.4,63.24,60.91,59.98,59.9,60.56,61.86,77.0,85.87,73.27,58.23,55.69,53.64,48.03,40.74,38.42,35.68,35.75,38.63,57.33,71.42,76.0,74.56,72.0,68.78,62.15,60.0,57.98,56.28,56.3,61.45,72.5,81.24,68.59,60.0,72.45,71.95,53.03,47.68,46.0,42.8,39.43,39.99,44.34,51.06,52.78,57.16,67.22,59.16,53.02,51.47,42.78,42.2,44.5,51.16,58.89,65.68,64.45,61.11,55.18,46.17,45.0,42.87,38.34,31.4,31.45,32.03,32.55,33.35,35.02,36.49,36.99,38.33,37.2,33.9,32.48,33.09
76.7,77.16,81.78,73.82,72.9,106.42,145.06,92.23,72.39,62.58,57.05,52.58,44.86,42.31,39.66,38.98,42.31,51.57,75.69,80.03,77.0,74.78,73.4,63.24,60.91,59.98,59.9,60.56,61.86,77.0,85.87,73.27,58.23,55.69,53.64,48.03,40.74,38.42,35.68,35.75,38.63,57.33,71.42,76.0,74.56,72.0,68.78,62.15,60.0,57.98,56.28,56.3,61.45,72.5,81.24,68.59,60.0,72.45,71.95,53.03,47.68,46.0,42.8,39.43,39.99,44.34,51.06,52.78,57.16,67.22,59.16,53.02,51.47,42.78,42.2,44.5,51.16,58.89,65.68,64.45,61.11,55.18,46.17,45.0,42.87,38.34,31.4,31.45,32.03,32.55,33.35,35.02,36.49,36.99,38.33,37.2,33.9,32.48,33.09,34.64
77.16,81.78,73.82,72.9,106.42,145.06,92.23,72.39,62.58,57.05,52.58,44.86,42.31,39.66,38.98,42.31,51.57,75.69,80.03,77.0,74.78,73.4,63.24,60.91,59.98,59.9,60.56,61.86,77.0,85.87,73.27,58.23,55.69,53.64,48.03,40.74,38.42,35.68,35.75,38.63,57.33,71.42,76.0,74.56,72.0,68.78,62.15,60.0,57.98,56.28,56.3,61.45,72.5,81.24,68.59,60.0,72.45,71.95,53.03,47.68,46.0,42.8,39.43,39.99,44.34,51.06,52.78,57.16,67.22,59.16,53.02,51.47,42.78,42.2,44.5,51.16,58.89,65.68,64.45,61.11,55.18,46.17,45.0,42.87,38.34,31.4,31.45,32.03,32.55,33.35,35.02,36.49,36.99,38.33,37.2,33.9,32.48,33.09,34.64,49.2
81.78,73.82,72.9,106.42,145.06,92.23,72.39,62.58,57.05,52.58,44.86,42.31,39.66,38.98,42.31,51.57,75.69,80.03,77.0,74.78,73.4,63.24,60.91,59.98,59.9,60.56,61.86,77.0,85.87,73.27,58.23,55.69,53.64,48.03,40.74,38.42,35.68,35.75,38.63,57.33,71.42,76.0,74.56,72.0,68.78,62.15,60.0,57.98,56.28,56.3,61.45,72.5,81.24,68.59,60.0,72.45,71.95,53.03,47.68,46.0,42.8,39.43,39.99,44.34,51.06,52.78,57.16,67.22,59.16,53.02,51.47,42.78,42.2,44.5,51.16,58.89,65.68,64.45,61.11,55.18,46.17,45.0,42.87,38.34,31.4,31.45,32.03,32.55,33.35,35.02,36.49,36.99,38.33,37.2,33.9,32.48,33.09,34.64,49.2,57.56
73.82,72.9,106.42,145.06,92.23,72.39,62.58,57.05,52.58,44.86,42.31,39.66,38.98,42.31,51.57,75.69,80.03,77.0,74.78,73.4,63.24,60.91,59.98,59.9,60.56,61.86,77.0,85.87,73.27,58.23,55.69,53.64,48.03,40.74,38.42,35.68,35.75,38.63,57.33,71.42,76.0,74.56,72.0,68.78,62.15,60.0,57.98,56.28,56.3,61.45,72.5,81.24,68.59,60.0,72.45,71.95,53.03,47.68,46.0,42.8,39.43,39.99,44.34,51.06,52.78,57.16,67.22,59.16,53.02,51.47,42.78,42.2,44.5,51.16,58.89,65.68,64.45,61.11,55.18,46.17,45.0,42.87,38.34,31.4,31.45,32.03,32.55,33.35,35.02,36.49,36.99,38.33,37.2,33.9,32.48,33.09,34.64,49.2,57.56,56.65
72.9,106.42,145.06,92.23,72.39,62.58,57.05,52.58,44.86,42.31,39.66,38.98,42.31,51.57,75.69,80.03,77.0,74.78,73.4,63.24,60.91,59.98,59.9,60.56,61.86,77.0,85.87,73.27,58.23,55.69,53.64,48.03,40.74,38.42,35.68,35.75,38.63,57.33,71.42,76.0,74.56,72.0,68.78,62.15,60.0,57.98,56.28,56.3,61.45,72.5,81.24,68.59,60.0,72.45,71.95,53.03,47.68,46.0,42.8,39.43,39.99,44.34,51.06,52.78,57.16,67.22,59.16,53.02,51.47,42.78,42.2,44.5,51.16,58.89,65.68,64.45,61.11,55.18,46.17,45.0,42.87,38.34,31.4,31.45,32.03,32.55,33.35,35.02,36.49,36.99,38.33,37.2,33.9,32.48,33.09,34.64,49.2,57.56,56.65,50.51
106.42,145.06,92.23,72.39,62.58,57.05,52.58,44.86,42.31,39.66,38.98,42.31,51.57,75.69,80.03,77.0,74.78,73.4,63.24,60.91,59.98,59.9,60.56,61.86,77.0,85.87,73.27,58.23,55.69,53.64,48.03,40.74,38.42,35.68,35.75,38.63,57.33,71.42,76.0,74.56,72.0,68.78,62.15,60.0,57.98,56.28,56.3,61.45,72.5,81.24,68.59,60.0,72.45,71.95,53.03,47.68,46.0,42.8,39.43,39.99,44.34,51.06,52.78,57.16,67.22,59.16,53.02,51.47,42.78,42.2,44.5,51.16,58.89,65.68,64.45,61.11,55.18,46.17,45.0,42.87,38.34,31.4,31.45,32.03,32.55,33.35,35.02,36.49,36.99,38.33,37.2,33.9,32.48,33.09,34.64,49.2,57.56,56.65,50.51,39.0
145.06,92.23,72.39,62.58,57.05,52.58,44.86,42.31,39.66,38.98,42.31,51.57,75.69,80.03,77.0,74.78,73.4,63.24,60.91,59.98,59.9,60.56,61.86,77.0,85.87,73.27,58.23,55.69,53.64,48.03,40.74,38.42,35.68,35.75,38.63,57.33,71.42,76.0,74.56,72.0,68.78,62.15,60.0,57.98,56.28,56.3,61.45,72.5,81.24,68.59,60.0,72.45,71.95,53.03,47.68,46.0,42.8,39.43,39.99,44.34,51.06,52.78,57.16,67.22,59.16,53.02,51.47,42.78,42.2,44.5,51.16,58.89,65.68,64.45,61.11,55.18,46.17,45.0,42.87,38.34,31.4,31.45,32.03,32.55,33.35,35.02,36.49,36.99,38.33,37.2,33.9,32.48,33.09,34.64,49.2,57.56,56.65,50.51,39.0,39.0
92.23,72.39,62.58,57.05,52.58,44.86,42.31,39.66,38.98,42.31,51.57,75.69,80.03,77.0,74.78,73.4,63.24,60.91,59.98,59.9,60.56,61.86,77.0,85.87,73.27,58.23,55.69,53.64,48.03,40.74,38.42,35.68,35.75,38.63,57.33,71.42,76.0,74.56,72.0,68.78,62.15,60.0,57.98,56.28,56.3,61.45,72.5,81.24,68.59,60.0,72.45,71.95,53.03,47.68,46.0,42.8,39.43,39.99,44.34,51.06,52.78,57.16,67.22,59.16,53.02,51.47,42.78,42.2,44.5,51.16,58.89,65.68,64.45,61.11,55.18,46.17,45.0,42.87,38.34,31.4,31.45,32.03,32.55,33.35,35.02,36.49,36.99,38.33,37.2,33.9,32.48,33.09,34.64,49.2,57.56,56.65,50.51,39.0,39.0,40.0
72.39,62.58,57.05,52.58,44.86,42.31,39.66,38.98,42.31,51.57,75.69,80.03,77.0,74.78,73.4,63.24,60.91,59.98,59.9,60.56,61.86,77.0,85.87,73.27,58.23,55.69,53.64,48.03,40.74,38.42,35.68,35.75,38.63,57.33,71.42,76.0,74.56,72.0,68.78,62.15,60.0,57.98,56.28,56.3,61.45,72.5,81.24,68.59,60.0,72.45,71.95,53.03,47.68,46.0,42.8,39.43,39.99,44.34,51.06,52.78,57.16,67.22,59.16,53.02,51.47,42.78,42.2,44.5,51.16,58.89,65.68,64.45,61.11,55.18,46.17,45.0,42.87,38.34,31.4,31.45,32.03,32.55,33.35,35.02,36.49,36.99,38.33,37.2,33.9,32.48,33.09,34.64,49.2,57.56,56.65,50.51,39.0,39.0,40.0,35.36
62.58,57.05,52.58,44.86,42.31,39.66,38.98,42.31,51.57,75.69,80.03,77.0,74.78,73.4,63.24,60.91,59.98,59.9,60.56,61.86,77.0,85.87,73.27,58.23,55.69,53.64,48.03,40.74,38.42,35.68,35.75,38.63,57.33,71.42,76.0,74.56,72.0,68.78,62.15,60.0,57.98,56.28,56.3,61.45,72.5,81.24,68.59,60.0,72.45,71.95,53.03,47.68,46.0,42.8,39.43,39.99,44.34,51.06,52.78,57.16,67.22,59.16,53.02,51.47,42.78,42.2,44.5,51.16,58.89,65.68,64.45,61.11,55.18,46.17,45.0,42.87,38.34,31.4,31.45,32.03,32.55,33.35,35.02,36.49,36.99,38.33,37.2,33.9,32.48,33.09,34.64,49.2,57.56,56.65,50.51,39.0,39.0,40.0,35.36,34.94
57.05,52.58,44.86,42.31,39.66,38.98,42.31,51.57,75.69,80.03,77.0,74.78,73.4,63.24,60.91,59.98,59.9,60.56,61.86,77.0,85.87,73.27,58.23,55.69,53.64,48.03,40.74,38.42,35.68,35.75,38.63,57.33,71.42,76.0,74.56,72.0,68.78,62.15,60.0,57.98,56.28,56.3,61.45,72.5,81.24,68.59,60.0,72.45,71.95,53.03,47.68,46.0,42.8,39.43,39.99,44.34,51.06,52.78,57.16,67.22,59.16,53.02,51.47,42.78,42.2,44.5,51.16,58.89,65.68,64.45,61.11,55.18,46.17,45.0,42.87,38.34,31.4,31.45,32.03,32.55,33.35,35.02,36.49,36.99,38.33,37.2,33.9,32.48,33.09,34.64,49.2,57.56,56.65,50.51,39.0,39.0,40.0,35.36,34.94,34.66
52.58,44.86,42.31,39.66,38.98,42.31,51.57,75.69,80.03,77.0,74.78,73.4,63.24,60.91,59.98,59.9,60.56,61.86,77.0,85.87,73.27,58.23,55.69,53.64,48.03,40.74,38.42,35.68,35.75,38.63,57.33,71.42,76.0,74.56,72.0,68.78,62.15,60.0,57.98,56.28,56.3,61.45,72.5,81.24,68.59,60.0,72.45,71.95,53.03,47.68,46.0,42.8,39.43,39.99,44.34,51.06,52.78,57.16,67.22,59.16,53.02,51.47,42.78,42.2,44.5,51.16,58.89,65.68,64.45,61.11,55.18,46.17,45.0,42.87,38.34,31.4,31.45,32.03,32.55,33.35,35.02,36.49,36.99,38.33,37.2,33.9,32.48,33.09,34.64,49.2,57.56,56.65,50.51,39.0,39.0,40.0,35.36,34.94,34.66,33.92
44.86,42.31,39.66,38.98,42.31,51.57,75.69,80.03,77.0,74.78,73.4,63.24,60.91,59.98,59.9,60.56,61.86,77.0,85.87,73.27,58.23,55.69,53.64,48.03,40.74,38.42,35.68,35.75,38.63,57.33,71.42,76.0,74.56,72.0,68.78,62.15,60.0,57.98,56.28,56.3,61.45,72.5,81.24,68.59,60.0,72.45,71.95,53.03,47.68,46.0,42.8,39.43,39.99,44.34,51.06,52.78,57.16,67.22,59.16,53.02,51.47,42.78,42.2,44.5,51.16,58.89,65.68,64.45,61.11,55.18,46.17,45.0,42.87,38.34,31.4,31.45,32.03,32.55,33.35,35.02,36.49,36.99,38.33,37.2,33.9,32.48,33.09,34.64,49.2,57.56,56.65,50.51,39.0,39.0,40.0,35.36,34.94,34.66,33.92,34.39
42.31,39.66,38.98,42.31,51.57,75.69,80.03,77.0,74.78,73.4,63.24,60.91,59.98,59.9,60.56,61.86,77.0,85.87,73.27,58.23,55.69,53.64,48.03,40.74,38.42,35.68,35.75,38.63,57.33,71.42,76.0,74.56,72.0,68.78,62.15,60.0,57.98,56.28,56.3,61.45,72.5,81.24,68.59,60.0,72.45,71.95,53.03,47.68,46.0,42.8,39.43,39.99,44.34,51.06,52.78,57.16,67.22,59.16,53.02,51.47,42.78,42.2,44.5,51.16,58.89,65.68,64.45,61.11,55.18,46.17,45.0,42.87,38.34,31.4,31.45,32.03,32.55,33.35,35.02,36.49,36.99,38.33,37.2,33.9,32.48,33.09,34.64,49.2,57.56,56.65,50.51,39.0,39.0,40.0,35.36,34.94,34.66,33.92,34.39,40.59
39.66,38.98,42.31,51.57,75.69,80.03,77.0,74.78,73.4,63.24,60.91,59.98,59.9,60.56,61.86,77.0,85.87,73.27,58.23,55.69,53.64,48.03,40.74,38.42,35.68,35.75,38.63,57.33,71.42,76.0,74.56,72.0,68.78,62.15,60.0,57.98,56.28,56.3,61.45,72.5,81.24,68.59,60.0,72.45,71.95,53.03,47.68,46.0,42.8,39.43,39.99,44.34,51.06,52.78,57.16,67.22,59.16,53.02,51.47,42.78,42.2,44.5,51.16,58.89,65.68,64.45,61.11,55.18,46.17,45.0,42.87,38.34,31.4,31.45,32.03,32.55,33.35,35.02,36.49,36.99,38.33,37.2,33.9,32.48,33.09,34.64,49.2,57.56,56.65,50.51,39.0,39.0,40.0,35.36,34.94,34.66,33.92,34.39,40.59,47.43
38.98,42.31,51.57,75.69,80.03,77.0,74.78,73.4,63.24,60.91,59.98,59.9,60.56,61.86,77.0,85.87,73.27,58.23,55.69,53.64,48.03,40.74,38.42,35.68,35.75,38.63,57.33,71.42,76.0,74.56,72.0,68.78,62.15,60.0,57.98,56.28,56.3,61.45,72.5,81.24,68.59,60.0,72.45,71.95,53.03,47.68,46.0,42.8,39.43,39.99,44.34,51.06,52.78,57.16,67.22,59.16,53.02,51.47,42.78,42.2,44.5,51.16,58.89,65.68,64.45,61.11,55.18,46.17,45.0,42.87,38.34,31.4,31.45,32.03,32.55,33.35,35.02,36.49,36.99,38.33,37.2,33.9,32.48,33.09,34.64,49.2,57.56,56.65,50.51,39.0,39.0,40.0,35.36,34.94,34.66,33.92,34.39,40.59,47.43,51.68
42.31,51.57,75.69,80.03,77.0,74.78,73.4,63.24,60.91,59.98,59.9,60.56,61.86,77.0,85.87,73.27,58.23,55.69,53.64,48.03,40.74,38.42,35.68,35.75,38.63,57.33,71.42,76.0,74.56,72.0,68.78,62.15,60.0,57.98,56.28,56.3,61.45,72.5,81.24,68.59,60.0,72.45,71.95,53.03,47.68,46.0,42.8,39.43,39.99,44.34,51.06,52.78,57.16,67.22,59.16,53.02,51.47,42.78,42.2,44.5,51.16,58.89,65.68,64.45,61.11,55.18,46.17,45.0,42.87,38.34,31.4,31.45,32.03,32.55,33.35,35.02,36.49,36.99,38.33,37.2,33.9,32.48,33.09,34.64,49.2,57.56,56.65,50.51,39.0,39.0,40.0,35.36,34.94,34.66,33.92,34.39,40.59,47.43,51.68,50.47
51.57,75.69,80.03,77.0,74.78,73.4,63.24,60.91,59.98,59.9,60.56,61.86,77.0,85.87,73.27,58.23,55.69,53.64,48.03,40.74,38.42,35.68,35.75,38.63,57.33,71.42,76.0,74.56,72.0,68.78,62.15,60.0,57.98,56.28,56.3,61.45,72.5,81.24,68.59,60.0,72.45,71.95,53.03,47.68,46.0,42.8,39.43,39.99,44.34,51.06,52.78,57.16,67.22,59.16,53.02,51.47,42.78,42.2,44.5,51.16,58.89,65.68,64.45,61.11,55.18,46.17,45.0,42.87,38.34,31.4,31.45,32.03,32.55,33.35,35.02,36.49,36.99,38.33,37.2,33.9,32.48,33.09,34.64,49.2,57.56,56.65,50.51,39.0,39.0,40.0,35.36,34.94,34.66,33.92,34.39,40.59,47.43,51.68,50.47,47.38
75.69,80.03,77.0,74.78,73.4,63.24,60.91,59.98,59.9,60.56,61.86,77.0,85.87,73.27,58.23,55.69,53.64,48.03,40.74,38.42,35.68,35.75,38.63,57.33,71.42,76.0,74.56,72.0,68.78,62.15,60.0,57.98,56.28,56.3,61.45,72.5,81.24,68.59,60.0,72.45,71.95,53.03,47.68,46.0,42.8,39.43,39.99,44.34,51.06,52.78,57.16,67.22,59.16,53.02,51.47,42.78,42.2,44.5,51.16,58.89,65.68,64.45,61.11,55.18,46.17,45.0,42.87,38.34,31.4,31.45,32.03,32.55,33.35,35.02,36.49,36.99,38.33,37.2,33.9,32.48,33.09,34.64,49.2,57.56,56.65,50.51,39.0,39.0,40.0,35.36,34.94,34.66,33.92,34.39,40.59,47.43,51.68,50.47,47.38,45.1
80.03,77.0,74.78,73.4,63.24,60.91,59.98,59.9,60.56,61.86,77.0,85.87,73.27,58.23,55.69,53.64,48.03,40.74,38.42,35.68,35.75,38.63,57.33,71.42,76.0,74.56,72.0,68.78,62.15,60.0,57.98,56.28,56.3,61.45,72.5,81.24,68.59,60.0,72.45,71.95,53.03,47.68,46.0,42.8,39.43,39.99,44.34,51.06,52.78,57.16,67.22,59.16,53.02,51.47,42.78,42.2,44.5,51.16,58.89,65.68,64.45,61.11,55.18,46.17,45.0,42.87,38.34,31.4,31.45,32.03,32.55,33.35,35.02,36.49,36.99,38.33,37.2,33.9,32.48,33.09,34.64,49.2,57.56,56.65,50.51,39.0,39.0,40.0,35.36,34.94,34.66,33.92,34.39,40.59,47.43,51.68,50.47,47.38,45.1,44.0
77.0,74.78,73.4,63.24,60.91,59.98,59.9,60.56,61.86,77.0,85.87,73.27,58.23,55.69,53.64,48.03,40.74,38.42,35.68,35.75,38.63,57.33,71.42,76.0,74.56,72.0,68.78,62.15,60.0,57.98,56.28,56.3,61.45,72.5,81.24,68.59,60.0,72.45,71.95,53.03,47.68,46.0,42.8,39.43,39.99,44.34,51.06,52.78,57.16,67.22,59.16,53.02,51.47,42.78,42.2,44.5,51.16,58.89,65.68,64.45,61.11,55.18,46.17,45.0,42.87,38.34,31.4,31.45,32.03,32.55,33.35,35.02,36.49,36.99,38.33,37.2,33.9,32.48,33.09,34.64,49.2,57.56,56.65,50.51,39.0,39.0,40.0,35.36,34.94,34.66,33.92,34.39,40.59,47.43,51.68,50.47,47.38,45.1,44.0,39.0
74.78,73.4,63.24,60.91,59.98,59.9,60.56,61.86,77.0,85.87,73.27,58.23,55.69,53.64,48.03,40.74,38.42,35.68,35.75,38.63,57.33,71.42,76.0,74.56,72.0,68.78,62.15,60.0,57.98,56.28,56.3,61.45,72.5,81.24,68.59,60.0,72.45,71.95,53.03,47.68,46.0,42.8,39.43,39.99,44.34,51.06,52.78,57.16,67.22,59.16,53.02,51.47,42.78,42.2,44.5,51.16,58.89,65.68,64.45,61.11,55.18,46.17,45.0,42.87,38.34,31.4,31.45,32.03,32.55,33.35,35.02,36.49,36.99,38.33,37.2,33.9,32.48,33.09,34.64,49.2,57.56,56.65,50.51,39.0,39.0,40.0,35.36,34.94,34.66,33.92,34.39,40.59,47.43,51.68,50.47,47.38,45.1,44.0,39.0,44.98
73.4,63.24,60.91,59.98,59.9,60.56,61.86,77.0,85.87,73.27,58.23,55.69,53.64,48.03,40.74,38.42,35.68,35.75,38.63,57.33,71.42,76.0,74.56,72.0,68.78,62.15,60.0,57.98,56.28,56.3,61.45,72.5,81.24,68.59,60.0,72.45,71.95,53.03,47.68,46.0,42.8,39.43,39.99,44.34,51.06,52.78,57.16,67.22,59.16,53.02,51.47,42.78,42.2,44.5,51.16,58.89,65.68,64.45,61.11,55.18,46.17,45.0,42.87,38.34,31.4,31.45,32.03,32.55,33.35,35.02,36.49,36.99,38.33,37.2,33.9,32.48,33.09,34.64,49.2,57.56,56.65,50.51,39.0,39.0,40.0,35.36,34.94,34.66,33.92,34.39,40.59,47.43,51.68,50.47,47.38,45.1,44.0,39.0,44.98,44.05
63.24,60.91,59.98,59.9,60.56,61.86,77.0,85.87,73.27,58.23,55.69,53.64,48.03,40.74,38.42,35.68,35.75,38.63,57.33,71.42,76.0,74.56,72.0,68.78,62.15,60.0,57.98,56.28,56.3,61.45,72.5,81.24,68.59,60.0,72.45,71.95,53.03,47.68,46.0,42.8,39.43,39.99,44.34,51.06,52.78,57.16,67.22,59.16,53.02,51.47,42.78,42.2,44.5,51.16,58.89,65.68,64.45,61.11,55.18,46.17,45.0,42.87,38.34,31.4,31.45,32.03,32.55,33.35,35.02,36.49,36.99,38.33,37.2,33.9,32.48,33.09,34.64,49.2,57.56,56.65,50.51,39.0,39.0,40.0,35.36,34.94,34.66,33.92,34.39,40.59,47.43,51.68,50.47,47.38,45.1,44.0,39.0,44.98,44.05,46.48
60.91,59.98,59.9,60.56,61.86,77.0,85.87,73.27,58.23,55.69,53.64,48.03,40.74,38.42,35.68,35.75,38.63,57.33,71.42,76.0,74.56,72.0,68.78,62.15,60.0,57.98,56.28,56.3,61.45,72.5,81.24,68.59,60.0,72.45,71.95,53.03,47.68,46.0,42.8,39.43,39.99,44.34,51.06,52.78,57.16,67.22,59.16,53.02,51.47,42.78,42.2,44.5,51.16,58.89,65.68,64.45,61.11,55.18,46.17,45.0,42.87,38.34,31.4,31.45,32.03,32.55,33.35,35.02,36.49,36.99,38.33,37.2,33.9,32.48,33.09,34.64,49.2,57.56,56.65,50.51,39.0,39.0,40.0,35.36,34.94,34.66,33.92,34.39,40.59,47.43,51.68,50.47,47.38,45.1,44.0,39.0,44.98,44.05,46.48,49.73
59.98,59.9,60.56,61.86,77.0,85.87,73.27,58.23,55.69,53.64,48.03,40.74,38.42,35.68,35.75,38.63,57.33,71.42,76.0,74.56,72.0,68.78,62.15,60.0,57.98,56.28,56.3,61.45,72.5,81.24,68.59,60.0,72.45,71.95,53.03,47.68,46.0,42.8,39.43,39.99,44.34,51.06,52.78,57.16,67.22,59.16,53.02,51.47,42.78,42.2,44.5,51.16,58.89,65.68,64.45,61.11,55.18,46.17,45.0,42.87,38.34,31.4,31.45,32.03,32.55,33.35,35.02,36.49,36.99,38.33,37.2,33.9,32.48,33.09,34.64,49.2,57.56,56.65,50.51,39.0,39.0,40.0,35.36,34.94,34.66,33.92,34.39,40.59,47.43,51.68,50.47,47.38,45.1,44.0,39.0,44.98,44.05,46.48,49.73,59.69
59.9,60.56,61.86,77.0,85.87,73.27,58.23,55.69,53.64,48.03,40.74,38.42,35.68,35.75,38.63,57.33,71.42,76.0,74.56,72.0,68.78,62.15,60.0,57.98,56.28,56.3,61.45,72.5,81.24,68.59,60.0,72.45,71.95,53.03,47.68,46.0,42.8,39.43,39.99,44.34,51.06,52.78,57.16,67.22,59.16,53.02,51.47,42.78,42.2,44.5,51.16,58.89,65.68,64.45,61.11,55.18,46.17,45.0,42.87,38.34,31.4,31.45,32.03,32.55,33.35,35.02,36.49,36.99,38.33,37.2,33.9,32.48,33.09,34.64,49.2,57.56,56.65,50.51,39.0,39.0,40.0,35.36,34.94,34.66,33.92,34.39,40.59,47.43,51.68,50.47,47.38,45.1,44.0,39.0,44.98,44.05,46.48,49.73,59.69,63.5
60.56,61.86,77.0,85.87,73.27,58.23,55.69,53.64,48.03,40.74,38.42,35.68,35.75,38.63,57.33,71.42,76.0,74.56,72.0,68.78,62.15,60.0,57.98,56.28,56.3,61.45,72.5,81.24,68.59,60.0,72.45,71.95,53.03,47.68,46.0,42.8,39.43,39.99,44.34,51.06,52.78,57.16,67.22,59.16,53.02,51.47,42.78,42.2,44.5,51.16,58.89,65.68,64.45,61.11,55.18,46.17,45.0,42.87,38.34,31.4,31.45,32.03,32.55,33.35,35.02,36.49,36.99,38.33,37.2,33.9,32.48,33.09,34.64,49.2,57.56,56.65,50.51,39.0,39.0,40.0,35.36,34.94,34.66,33.92,34.39,40.59,47.43,51.68,50.47,47.38,45.1,44.0,39.0,44.98,44.05,46.48,49.73,59.69,63.5,65.83
61.86,77.0,85.87,73.27,58.23,55.69,53.64,48.03,40.74,38.42,35.68,35.75,38.63,57.33,71.42,76.0,74.56,72.0,68.78,62.15,60.0,57.98,56.28,56.3,61.45,72.5,81.24,68.59,60.0,72.45,71.95,53.03,47.68,46.0,42.8,39.43,39.99,44.34,51.06,52.78,57.16,67.22,59.16,53.02,51.47,42.78,42.2,44.5,51.16,58.89,65.68,64.45,61.11,55.18,46.17,45.0,42.87,38.34,31.4,31.45,32.03,32.55,33.35,35.02,36.49,36.99,38.33,37.2,33.9,32.48,33.09,34.64,49.2,57.56,56.65,50.51,39.0,39.0,40.0,35.36,34.94,34.66,33.92,34.39,40.59,47.43,51.68,50.47,47.38,45.1,44.0,39.0,44.98,44.05,46.48,49.73,59.69,63.5,65.83,56.11
77.0,85.87,73.27,58.23,55.69,53.64,48.03,40.74,38.42,35.68,35.75,38.63,57.33,71.42,76.0,74.56,72.0,68.78,62.15,60.0,57.98,56.28,56.3,61.45,72.5,81.24,68.59,60.0,72.45,71.95,53.03,47.68,46.0,42.8,39.43,39.99,44.34,51.06,52.78,57.16,67.22,59.16,53.02,51.47,42.78,42.2,44.5,51.16,58.89,65.68,64.45,61.11,55.18,46.17,45.0,42.87,38.34,31.4,31.45,32.03,32.55,33.35,35.02,36.49,36.99,38.33,37.2,33.9,32.48,33.09,34.64,49.2,57.56,56.65,50.51,39.0,39.0,40.0,35.36,34.94,34.66,33.92,34.39,40.59,47.43,51.68,50.47,47.38,45.1,44.0,39.0,44.98,44.05,46.48,49.73,59.69,63.5,65.83,56.11,40.26
85.87,73.27,58.23,55.69,53.64,48.03,40.74,38.42,35.68,35.75,38.63,57.33,71.42,76.0,74.56,72.0,68.78,62.15,60.0,57.98,56.28,56.3,61.45,72.5,81.24,68.59,60.0,72.45,71.95,53.03,47.68,46.0,42.8,39.43,39.99,44.34,51.06,52.78,57.16,67.22,59.16,53.02,51.47,42.78,42.2,44.5,51.16,58.89,65.68,64.45,61.11,55.18,46.17,45.0,42.87,38.34,31.4,31.45,32.03,32.55,33.35,35.02,36.49,36.99,38.33,37.2,33.9,32.48,33.09,34.64,49.2,57.56,56.65,50.51,39.0,39.0,40.0,35.36,34.94,34.66,33.92,34.39,40.59,47.43,51.68,50.47,47.38,45.1,44.0,39.0,44.98,44.05,46.48,49.73,59.69,63.5,65.83,56.11,40.26,38.62
73.27,58.23,55.69,53.64,48.03,40.74,38.42,35.68,35.75,38.63,57.33,71.42,76.0,74.56,72.0,68.78,62.15,60.0,57.98,56.28,56.3,61.45,72.5,81.24,68.59,60.0,72.45,71.95,53.03,47.68,46.0,42.8,39.43,39.99,44.34,51.06,52.78,57.16,67.22,59.16,53.02,51.47,42.78,42.2,44.5,51.16,58.89,65.68,64.45,61.11,55.18,46.17,45.0,42.87,38.34,31.4,31.45,32.03,32.55,33.35,35.02,36.49,36.99,38.33,37.2,33.9,32.48,33.09,34.64,49.2,57.56,56.65,50.51,39.0,39.0,40.0,35.36,34.94,34.66,33.92,34.39,40.59,47.43,51.68,50.47,47.38,45.1,44.0,39.0,44.98,44.05,46.48,49.73,59.69,63.5,65.83,56.11,40.26,38.62,38.65
58.23,55.69,53.64,48.03,40.74,38.42,35.68,35.75,38.63,57.33,71.42,76.0,74.56,72.0,68.78,62.15,60.0,57.98,56.28,56.3,61.45,72.5,81.24,68.59,60.0,72.45,71.95,53.03,47.68,46.0,42.8,39.43,39.99,44.34,51.06,52.78,57.16,67.22,59.16,53.02,51.47,42.78,42.2,44.5,51.16,58.89,65.68,64.45,61.11,55.18,46.17,45.0,42.87,38.34,31.4,31.45,32.03,32.55,33.35,35.02,36.49,36.99,38.33,37.2,33.9,32.48,33.09,34.64,49.2,57.56,56.65,50.51,39.0,39.0,40.0,35.36,34.94,34.66,33.92,34.39,40.59,47.43,51.68,50.47,47.38,45.1,44.0,39.0,44.98,44.05,46.48,49.73,59.69,63.5,65.83,56.11,40.26,38.62,38.65,33.31
55.69,53.64,48.03,40.74,38.42,35.68,35.75,38.63,57.33,71.42,76.0,74.56,72.0,68.78,62.15,60.0,57.98,56.28,56.3,61.45,72.5,81.24,68.59,60.0,72.45,71.95,53.03,47.68,46.0,42.8,39.43,39.99,44.34,51.06,52.78,57.16,67.22,59.16,53.02,51.47,42.78,42.2,44.5,51.16,58.89,65.68,64.45,61.11,55.18,46.17,45.0,42.87,38.34,31.4,31.45,32.03,32.55,33.35,35.02,36.49,36.99,38.33,37.2,33.9,32.48,33.09,34.64,49.2,57.56,56.65,50.51,39.0,39.0,40.0,35.36,34.94,34.66,33.92,34.39,40.59,47.43,51.68,50.47,47.38,45.1,44.0,39.0,44.98,44.05,46.48,49.73,59.69,63.5,65.83,56.11,40.26,38.62,38.65,33.31,33.68
53.64,48.03,40.74,38.42,35.68,35.75,38.63,57.33,71.42,76.0,74.56,72.0,68.78,62.15,60.0,57.98,56.28,56.3,61.45,72.5,81.24,68.59,60.0,72.45,71.95,53.03,47.68,46.0,42.8,39.43,39.99,44.34,51.06,52.78,57.16,67.22,59.16,53.02,51.47,42.78,42.2,44.5,51.16,58.89,65.68,64.45,61.11,55.18,46.17,45.0,42.87,38.34,31.4,31.45,32.03,32.55,33.35,35.02,36.49,36.99,38.33,37.2,33.9,32.48,33.09,34.64,49.2,57.56,56.65,50.51,39.0,39.0,40.0,35.36,34.94,34.66,33.92,34.39,40.59,47.43,51.68,50.47,47.38,45.1,44.0,39.0,44.98,44.05,46.48,49.73,59.69,63.5,65.83,56.11,40.26,38.62,38.65,33.31,33.68,33.31
48.03,40.74,38.42,35.68,35.75,38.63,57.33,71.42,76.0,74.56,72.0,68.78,62.15,60.0,57.98,56.28,56.3,61.45,72.5,81.24,68.59,60.0,72.45,71.95,53.03,47.68,46.0,42.8,39.43,39.99,44.34,51.06,52.78,57.16,67.22,59.16,53.02,51.47,42.78,42.2,44.5,51.16,58.89,65.68,64.45,61.11,55.18,46.17,45.0,42.87,38.34,31.4,31.45,32.03,32.55,33.35,35.02,36.49,36.99,38.33,37.2,33.9,32.48,33.09,34.64,49.2,57.56,56.65,50.51,39.0,39.0,40.0,35.36,34.94,34.66,33.92,34.39,40.59,47.43,51.68,50.47,47.38,45.1,44.0,39.0,44.98,44.05,46.48,49.73,59.69,63.5,65.83,56.11,40.26,38.62,38.65,33.31,33.68,33.31,32.52
40.74,38.42,35.68,35.75,38.63,57.33,71.42,76.0,74.56,72.0,68.78,62.15,60.0,57.98,56.28,56.3,61.45,72.5,81.24,68.59,60.0,72.45,71.95,53.03,47.68,46.0,42.8,39.43,39.99,44.34,51.06,52.78,57.16,67.22,59.16,53.02,51.47,42.78,42.2,44.5,51.16,58.89,65.68,64.45,61.11,55.18,46.17,45.0,42.87,38.34,31.4,31.45,32.03,32.55,33.35,35.02,36.49,36.99,38.33,37.2,33.9,32.48,33.09,34.64,49.2,57.56,56.65,50.51,39.0,39.0,40.0,35.36,34.94,34.66,33.92,34.39,40.59,47.43,51.68,50.47,47.38,45.1,44.0,39.0,44.98,44.05,46.48,49.73,59.69,63.5,65.83,56.11,40.26,38.62,38.65,33.31,33.68,33.31,32.52,32.99
38.42,35.68,35.75,38.63,57.33,71.42,76.0,74.56,72.0,68.78,62.15,60.0,57.98,56.28,56.3,61.45,72.5,81.24,68.59,60.0,72.45,71.95,53.03,47.68,46.0,42.8,39.43,39.99,44.34,51.06,52.78,57.16,67.22,59.16,53.02,51.47,42.78,42.2,44.5,51.16,58.89,65.68,64.45,61.11,55.18,46.17,45.0,42.87,38.34,31.4,31.45,32.03,32.55,33.35,35.02,36.49,36.99,38.33,37.2,33.9,32.48,33.09,34.64,49.2,57.56,56.65,50.51,39.0,39.0,40.0,35.36,34.94,34.66,33.92,34.39,40.59,47.43,51.68,50.47,47.38,45.1,44.0,39.0,44.98,44.05,46.48,49.73,59.69,63.5,65.83,56.11,40.26,38.62,38.65,33.31,33.68,33.31,32.52,32.99,33.31
35.68,35.75,38.63,57.33,71.42,76.0,74.56,72.0,68.78,62.15,60.0,57.98,56.28,56.3,61.45,72.5,81.24,68.59,60.0,72.45,71.95,53.03,47.68,46.0,42.8,39.43,39.99,44.34,51.06,52.78,57.16,67.22,59.16,53.02,51.47,42.78,42.2,44.5,51.16,58.89,65.68,64.45,61.11,55.18,46.17,45.0,42.87,38.34,31.4,31.45,32.03,32.55,33.35,35.02,36.49,36.99,38.33,37.2,33.9,32.48,33.09,34.64,49.2,57.56,56.65,50.51,39.0,39.0,40.0,35.36,34.94,34.66,33.92,34.39,40.59,47.43,51.68,50.47,47.38,45.1,44.0,39.0,44.98,44.05,46.48,49.73,59.69,63.5,65.83,56.11,40.26,38.62,38.65,33.31,33.68,33.31,32.52,32.99,33.31,36.98
35.75,38.63,57.33,71.42,76.0,74.56,72.0,68.78,62.15,60.0,57.98,56.28,56.3,61.45,72.5,81.24,68.59,60.0,72.45,71.95,53.03,47.68,46.0,42.8,39.43,39.99,44.34,51.06,52.78,57.16,67.22,59.16,53.02,51.47,42.78,42.2,44.5,51.16,58.89,65.68,64.45,61.11,55.18,46.17,45.0,42.87,38.34,31.4,31.45,32.03,32.55,33.35,35.02,36.49,36.99,38.33,37.2,33.9,32.48,33.09,34.64,49.2,57.56,56.65,50.51,39.0,39.0,40.0,35.36,34.94,34.66,33.92,34.39,40.59,47.43,51.68,50.47,47.38,45.1,44.0,39.0,44.98,44.05,46.48,49.73,59.69,63.5,65.83,56.11,40.26,38.62,38.65,33.31,33.68,33.31,32.52,32.99,33.31,36.98,41.93
38.63,57.33,71.42,76.0,74.56,72.0,68.78,62.15,60.0,57.98,56.28,56.3,61.45,72.5,81.24,68.59,60.0,72.45,71.95,53.03,47.68,46.0,42.8,39.43,39.99,44.34,51.06,52.78,57.16,67.22,59.16,53.02,51.47,42.78,42.2,44.5,51.16,58.89,65.68,64.45,61.11,55.18,46.17,45.0,42.87,38.34,31.4,31.45,32.03,32.55,33.35,35.02,36.49,36.99,38.33,37.2,33.9,32.48,33.09,34.64,49.2,57.56,56.65,50.51,39.0,39.0,40.0,35.36,34.94,34.66,33.92,34.39,40.59,47.43,51.68,50.47,47.38,45.1,44.0,39.0,44.98,44.05,46.48,49.73,59.69,63.5,65.83,56.11,40.26,38.62,38.65,33.31,33.68,33.31,32.52,32.99,33.31,36.98,41.93,41.09
57.33,71.42,76.0,74.56,72.0,68.78,62.15,60.0,57.98,56.28,56.3,61.45,72.5,81.24,68.59,60.0,72.45,71.95,53.03,47.68,46.0,42.8,39.43,39.99,44.34,51.06,52.78,57.16,67.22,59.16,53.02,51.47,42.78,42.2,44.5,51.16,58.89,65.68,64.45,61.11,55.18,46.17,45.0,42.87,38.34,31.4,31.45,32.03,32.55,33.35,35.02,36.49,36.99,38.33,37.2,33.9,32.48,33.09,34.64,49.2,57.56,56.65,50.51,39.0,39.0,40.0,35.36,34.94,34.66,33.92,34.39,40.59,47.43,51.68,50.47,47.38,45.1,44.0,39.0,44.98,44.05,46.48,49.73,59.69,63.5,65.83,56.11,40.26,38.62,38.65,33.31,33.68,33.31,32.52,32.99,33.31,36.98,41.93,41.09,40.0
71.42,76.0,74.56,72.0,68.78,62.15,60.0,57.98,56.28,56.3,61.45,72.5,81.24,68.59,60.0,72.45,71.95,53.03,47.68,46.0,42.8,39.43,39.99,44.34,51.06,52.78,57.16,67.22,59.16,53.02,51.47,42.78,42.2,44.5,51.16,58.89,65.68,64.45,61.11,55.18,46.17,45.0,42.87,38.34,31.4,31.45,32.03,32.55,33.35,35.02,36.49,36.99,38.33,37.2,33.9,32.48,33.09,34.64,49.2,57.56,56.65,50.51,39.0,39.0,40.0,35.36,34.94,34.66,33.92,34.39,40.59,47.43,51.68,50.47,47.38,45.1,44.0,39.0,44.98,44.05,46.48,49.73,59.69,63.5,65.83,56.11,40.26,38.62,38.65,33.31,33.68,33.31,32.52,32.99,33.31,36.98,41.93,41.09,40.0,39.94
76.0,74.56,72.0,68.78,62.15,60.0,57.98,56.28,56.3,61.45,72.5,81.24,68.59,60.0,72.45,71.95,53.03,47.68,46.0,42.8,39.43,39.99,44.34,51.06,52.78,57.16,67.22,59.16,53.02,51.47,42.78,42.2,44.5,51.16,58.89,65.68,64.45,61.11,55.18,46.17,45.0,42.87,38.34,31.4,31.45,32.03,32.55,33.35,35.02,36.49,36.99,38.33,37.2,33.9,32.48,33.09,34.64,49.2,57.56,56.65,50.51,39.0,39.0,40.0,35.36,34.94,34.66,33.92,34.39,40.59,47.43,51.68,50.47,47.38,45.1,44.0,39.0,44.98,44.05,46.48,49.73,59.69,63.5,65.83,56.11,40.26,38.62,38.65,33.31,33.68,33.31,32.52,32.99,33.31,36.98,41.93,41.09,40.0,39.94,42.3
74.56,72.0,68.78,62.15,60.0,57.98,56.28,56.3,61.45,72.5,81.24,68.59,60.0,72.45,71.95,53.03,47.68,46.0,42.8,39.43,39.99,44.34,51.06,52.78,57.16,67.22,59.16,53.02,51.47,42.78,42.2,44.5,51.16,58.89,65.68,64.45,61.11,55.18,46.17,45.0,42.87,38.34,31.4,31.45,32.03,32.55,33.35,35.02,36.49,36.99,38.33,37.2,33.9,32.48,33.09,34.64,49.2,57.56,56.65,50.51,39.0,39.0,40.0,35.36,34.94,34.66,33.92,34.39,40.59,47.43,51.68,50.47,47.38,45.1,44.0,39.0,44.98,44.05,46.48,49.73,59.69,63.5,65.83,56.11,40.26,38.62,38.65,33.31,33.68,33.31,32.52,32.99,33.31,36.98,41.93,41.09,40.0,39.94,42.3,40.01
72.0,68.78,62.15,60.0,57.98,56.28,56.3,61.45,72.5,81.24,68.59,60.0,72.45,71.95,53.03,47.68,46.0,42.8,39.43,39.99,44.34,51.06,52.78,57.16,67.22,59.16,53.02,51.47,42.78,42.2,44.5,51.16,58.89,65.68,64.45,61.11,55.18,46.17,45.0,42.87,38.34,31.4,31.45,32.03,32.55,33.35,35.02,36.49,36.99,38.33,37.2,33.9,32.48,33.09,34.64,49.2,57.56,56.65,50.51,39.0,39.0,40.0,35.36,34.94,34.66,33.92,34.39,40.59,47.43,51.68,50.47,47.38,45.1,44.0,39.0,44.98,44.05,46.48,49.73,59.69,63.5,65.83,56.11,40.26,38.62,38.65,33.31,33.68,33.31,32.52,32.99,33.31,36.98,41.93,41.09,40.0,39.94,42.3,40.01,38.9
68.78,62.15,60.0,57.98,56.28,56.3,61.45,72.5,81.24,68.59,60.0,72.45,71.95,53.03,47.68,46.0,42.8,39.43,39.99,44.34,51.06,52.78,57.16,67.22,59.16,53.02,51.47,42.78,42.2,44.5,51.16,58.89,65.68,64.45,61.11,55.18,46.17,45.0,42.87,38.34,31.4,31.45,32.03,32.55,33.35,35.02,36.49,36.99,38.33,37.2,33.9,32.48,33.09,34.64,49.2,57.56,56.65,50.51,39.0,39.0,40.0,35.36,34.94,34.66,33.92,34.39,40.59,47.43,51.68,50.47,47.38,45.1,44.0,39.0,44.98,44.05,46.48,49.73,59.69,63.5,65.83,56.11,40.26,38.62,38.65,33.31,33.68,33.31,32.52,32.99,33.31,36.98,41.93,41.09,40.0,39.94,42.3,40.01,38.9,32.91
62.15,60.0,57.98,56.28,56.3,61.45,72.5,81.24,68.59,60.0,72.45,71.95,53.03,47.68,46.0,42.8,39.43,39.99,44.34,51.06,52.78,57.16,67.22,59.16,53.02,51.47,42.78,42.2,44.5,51.16,58.89,65.68,64.45,61.11,55.18,46.17,45.0,42.87,38.34,31.4,31.45,32.03,32.55,33.35,35.02,36.49,36.99,38.33,37.2,33.9,32.48,33.09,34.64,49.2,57.56,56.65,50.51,39.0,39.0,40.0,35.36,34.94,34.66,33.92,34.39,40.59,47.43,51.68,50.47,47.38,45.1,44.0,39.0,44.98,44.05,46.48,49.73,59.69,63.5,65.83,56.11,40.26,38.62,38.65,33.31,33.68,33.31,32.52,32.99,33.31,36.98,41.93,41.09,40.0,39.94,42.3,40.01,38.9,32.91,34.0
60.0,57.98,56.28,56.3,61.45,72.5,81.24,68.59,60.0,72.45,71.95,53.03,47.68,46.0,42.8,39.43,39.99,44.34,51.06,52.78,57.16,67.22,59.16,53.02,51.47,42.78,42.2,44.5,51.16,58.89,65.68,64.45,61.11,55.18,46.17,45.0,42.87,38.34,31.4,31.45,32.03,32.55,33.35,35.02,36.49,36.99,38.33,37.2,33.9,32.48,33.09,34.64,49.2,57.56,56.65,50.51,39.0,39.0,40.0,35.36,34.94,34.66,33.92,34.39,40.59,47.43,51.68,50.47,47.38,45.1,44.0,39.0,44.98,44.05,46.48,49.73,59.69,63.5,65.83,56.11,40.26,38.62,38.65,33.31,33.68,33.31,32.52,32.99,33.31,36.98,41.93,41.09,40.0,39.94,42.3,40.01,38.9,32.91,34.0,39.34
57.98,56.28,56.3,61.45,72.5,81.24,68.59,60.0,72.45,71.95,53.03,47.68,46.0,42.8,39.43,39.99,44.34,51.06,52.78,57.16,67.22,59.16,53.02,51.47,42.78,42.2,44.5,51.16,58.89,65.68,64.45,61.11,55.18,46.17,45.0,42.87,38.34,31.4,31.45,32.03,32.55,33.35,35.02,36.49,36.99,38.33,37.2,33.9,32.48,33.09,34.64,49.2,57.56,56.65,50.51,39.0,39.0,40.0,35.36,34.94,34.66,33.92,34.39,40.59,47.43,51.68,50.47,47.38,45.1,44.0,39.0,44.98,44.05,46.48,49.73,59.69,63.5,65.83,56.11,40.26,38.62,38.65,33.31,33.68,33.31,32.52,32.99,33.31,36.98,41.93,41.09,40.0,39.94,42.3,40.01,38.9,32.91,34.0,39.34,54.02
56.28,56.3,61.45,72.5,81.24,68.59,60.0,72.45,71.95,53.03,47.68,46.0,42.8,39.43,39.99,44.34,51.06,52.78,57.16,67.22,59.16,53.02,51.47,42.78,42.2,44.5,51.16,58.89,65.68,64.45,61.11,55.18,46.17,45.0,42.87,38.34,31.4,31.45,32.03,32.55,33.35,35.02,36.49,36.99,38.33,37.2,33.9,32.48,33.09,34.64,49.2,57.56,56.65,50.51,39.0,39.0,40.0,35.36,34.94,34.66,33.92,34.39,40.59,47.43,51.68,50.47,47.38,45.1,44.0,39.0,44.98,44.05,46.48,49.73,59.69,63.5,65.83,56.11,40.26,38.62,38.65,33.31,33.68,33.31,32.52,32.99,33.31,36.98,41.93,41.09,40.0,39.94,42.3,40.01,38.9,32.91,34.0,39.34,54.02,49.99
56.3,61.45,72.5,81.24,68.59,60.0,72.45,71.95,53.03,47.68,46.0,42.8,39.43,39.99,44.34,51.06,52.78,57.16,67.22,59.16,53.02,51.47,42.78,42.2,44.5,51.16,58.89,65.68,64.45,61.11,55.18,46.17,45.0,42.87,38.34,31.4,31.45,32.03,32.55,33.35,35.02,36.49,36.99,38.33,37.2,33.9,32.48,33.09,34.64,49.2,57.56,56.65,50.51,39.0,39.0,40.0,35.36,34.94,34.66,33.92,34.39,40.59,47.43,51.68,50.47,47.38,45.1,44.0,39.0,44.98,44.05,46.48,49.73,59.69,63.5,65.83,56.11,40.26,38.62,38.65,33.31,33.68,33.31,32.52,32.99,33.31,36.98,41.93,41.09,40.0,39.94,42.3,40.01,38.9,32.91,34.0,39.34,54.02,49.99,67.15
61.45,72.5,81.24,68.59,60.0,72.45,71.95,53.03,47.68,46.0,42.8,39.43,39.99,44.34,51.06,52.78,57.16,67.22,59.16,53.02,51.47,42.78,42.2,44.5,51.16,58.89,65.68,64.45,61.11,55.18,46.17,45.0,42.87,38.34,31.4,31.45,32.03,32.55,33.35,35.02,36.49,36.99,38.33,37.2,33.9,32.48,33.09,34.64,49.2,57.56,56.65,50.51,39.0,39.0,40.0,35.36,34.94,34.66,33.92,34.39,40.59,47.43,51.68,50.47,47.38,45.1,44.0,39.0,44.98,44.05,46.48,49.73,59.69,63.5,65.83,56.11,40.26,38.62,38.65,33.31,33.68,33.31,32.52,32.99,33.31,36.98,41.93,41.09,40.0,39.94,42.3,40.01,38.9,32.91,34.0,39.34,54.02,49.99,67.15,47.4
72.5,81.24,68.59,60.0,72.45,71.95,53.03,47.68,46.0,42.8,39.43,39.99,44.34,51.06,52.78,57.16,67.22,59.16,53.02,51.47,42.78,42.2,44.5,51.16,58.89,65.68,64.45,61.11,55.18,46.17,45.0,42.87,38.34,31.4,31.45,32.03,32.55,33.35,35.02,36.49,36.99,38.33,37.2,33.9,32.48,33.09,34.64,49.2,57.56,56.65,50.51,39.0,39.0,40.0,35.36,34.94,34.66,33.92,34.39,40.59,47.43,51.68,50.47,47.38,45.1,44.0,39.0,44.98,44.05,46.48,49.73,59.69,63.5,65.83,56.11,40.26,38.62,38.65,33.31,33.68,33.31,32.52,32.99,33.31,36.98,41.93,41.09,40.0,39.94,42.3,40.01,38.9,32.91,34.0,39.34,54.02,49.99,67.15,47.4,46.14
81.24,68.59,60.0,72.45,71.95,53.03,47.68,46.0,42.8,39.43,39.99,44.34,51.06,52.78,57.16,67.22,59.16,53.02,51.47,42.78,42.2,44.5,51.16,58.89,65.68,64.45,61.11,55.18,46.17,45.0,42.87,38.34,31.4,31.45,32.03,32.55,33.35,35.02,36.49,36.99,38.33,37.2,33.9,32.48,33.09,34.64,49.2,57.56,56.65,50.51,39.0,39.0,40.0,35.36,34.94,34.66,33.92,34.39,40.59,47.43,51.68,50.47,47.38,45.1,44.0,39.0,44.98,44.05,46.48,49.73,59.69,63.5,65.83,56.11,40.26,38.62,38.65,33.31,33.68,33.31,32.52,32.99,33.31,36.98,41.93,41.09,40.0,39.94,42.3,40.01,38.9,32.91,34.0,39.34,54.02,49.99,67.15,47.4,46.14,45.68
68.59,60.0,72.45,71.95,53.03,47.68,46.0,42.8,39.43,39.99,44.34,51.06,52.78,57.16,67.22,59.16,53.02,51.47,42.78,42.2,44.5,51.16,58.89,65.68,64.45,61.11,55.18,46.17,45.0,42.87,38.34,31.4,31.45,32.03,32.55,33.35,35.02,36.49,36.99,38.33,37.2,33.9,32.48,33.09,34.64,49.2,57.56,56.65,50.51,39.0,39.0,40.0,35.36,34.94,34.66,33.92,34.39,40.59,47.43,51.68,50.47,47.38,45.1,44.0,39.0,44.98,44.05,46.48,49.73,59.69,63.5,65.83,56.11,40.26,38.62,38.65,33.31,33.68,33.31,32.52,32.99,33.31,36.98,41.93,41.09,40.0,39.94,42.3,40.01,38.9,32.91,34.0,39.34,54.02,49.99,67.15,47.4,46.14,45.68,39.93
60.0,72.45,71.95,53.03,47.68,46.0,42.8,39.43,39.99,44.34,51.06,52.78,57.16,67.22,59.16,53.02,51.47,42.78,42.2,44.5,51.16,58.89,65.68,64.45,61.11,55.18,46.17,45.0,42.87,38.34,31.4,31.45,32.03,32.55,33.35,35.02,36.49,36.99,38.33,37.2,33.9,32.48,33.09,34.64,49.2,57.56,56.65,50.51,39.0,39.0,40.0,35.36,34.94,34.66,33.92,34.39,40.59,47.43,51.68,50.47,47.38,45.1,44.0,39.0,44.98,44.05,46.48,49.73,59.69,63.5,65.83,56.11,40.26,38.62,38.65,33.31,33.68,33.31,32.52,32.99,33.31,36.98,41.93,41.09,40.0,39.94,42.3,40.01,38.9,32.91,34.0,39.34,54.02,49.99,67.15,47.4,46.14,45.68,39.93,43.46
72.45,71.95,53.03,47.68,46.0,42.8,39.43,39.99,44.34,51.06,52.78,57.16,67.22,59.16,53.02,51.47,42.78,42.2,44.5,51.16,58.89,65.68,64.45,61.11,55.18,46.17,45.0,42.87,38.34,31.4,31.45,32.03,32.55,33.35,35.02,36.49,36.99,38.33,37.2,33.9,32.48,33.09,34.64,49.2,57.56,56.65,50.51,39.0,39.0,40.0,35.36,34.94,34.66,33.92,34.39,40.59,47.43,51.68,50.47,47.38,45.1,44.0,39.0,44.98,44.05,46.48,49.73,59.69,63.5,65.83,56.11,40.26,38.62,38.65,33.31,33.68,33.31,32.52,32.99,33.31,36.98,41.93,41.09,40.0,39.94,42.3,40.01,38.9,32.91,34.0,39.34,54.02,49.99,67.15,47.4,46.14,45.68,39.93,43.46,37.15
71.95,53.03,47.68,46.0,42.8,39.43,39.99,44.34,51.06,52.78,57.16,67.22,59.16,53.02,51.47,42.78,42.2,44.5,51.16,58.89,65.68,64.45,61.11,55.18,46.17,45.0,42.87,38.34,31.4,31.45,32.03,32.55,33.35,35.02,36.49,36.99,38.33,37.2,33.9,32.48,33.09,34.64,49.2,57.56,56.65,50.51,39.0,39.0,40.0,35.36,34.94,34.66,33.92,34.39,40.59,47.43,51.68,50.47,47.38,45.1,44.0,39.0,44.98,44.05,46.48,49.73,59.69,63.5,65.83,56.11,40.26,38.62,38.65,33.31,33.68,33.31,32.52,32.99,33.31,36.98,41.93,41.09,40.0,39.94,42.3,40.01,38.9,32.91,34.0,39.34,54.02,49.99,67.15,47.4,46.14,45.68,39.93,43.46,37.15,34.6
53.03,47.68,46.0,42.8,39.43,39.99,44.34,51.06,52.78,57.16,67.22,59.16,53.02,51.47,42.78,42.2,44.5,51.16,58.89,65.68,64.45,61.11,55.18,46.17,45.0,42.87,38.34,31.4,31.45,32.03,32.55,33.35,35.02,36.49,36.99,38.33,37.2,33.9,32.48,33.09,34.64,49.2,57.56,56.65,50.51,39.0,39.0,40.0,35.36,34.94,34.66,33.92,34.39,40.59,47.43,51.68,50.47,47.38,45.1,44.0,39.0,44.98,44.05,46.48,49.73,59.69,63.5,65.83,56.11,40.26,38.62,38.65,33.31,33.68,33.31,32.52,32.99,33.31,36.98,41.93,41.09,40.0,39.94,42.3,40.01,38.9,32.91,34.0,39.34,54.02,49.99,67.15,47.4,46.14,45.68,39.93,43.46,37.15,34.6,34.49
47.68,46.0,42.8,39.43,39.99,44.34,51.06,52.78,57.16,67.22,59.16,53.02,51.47,42.78,42.2,44.5,51.16,58.89,65.68,64.45,61.11,55.18,46.17,45.0,42.87,38.34,31.4,31.45,32.03,32.55,33.35,35.02,36.49,36.99,38.33,37.2,33.9,32.48,33.09,34.64,49.2,57.56,56.65,50.51,39.0,39.0,40.0,35.36,34.94,34.66,33.92,34.39,40.59,47.43,51.68,50.47,47.38,45.1,44.0,39.0,44.98,44.05,46.48,49.73,59.69,63.5,65.83,56.11,40.26,38.62,38.65,33.31,33.68,33.31,32.52,32.99,33.31,36.98,41.93,41.09,40.0,39.94,42.3,40.01,38.9,32.91,34.0,39.34,54.02,49.99,67.15,47.4,46.14,45.68,39.93,43.46,37.15,34.6,34.49,34.6
46.0,42.8,39.43,39.99,44.34,51.06,52.78,57.16,67.22,59.16,53.02,51.47,42.78,42.2,44.5,51.16,58.89,65.68,64.45,61.11,55.18,46.17,45.0,42.87,38.34,31.4,31.45,32.03,32.55,33.35,35.02,36.49,36.99,38.33,37.2,33.9,32.48,33.09,34.64,49.2,57.56,56.65,50.51,39.0,39.0,40.0,35.36,34.94,34.66,33.92,34.39,40.59,47.43,51.68,50.47,47.38,45.1,44.0,39.0,44.98,44.05,46.48,49.73,59.69,63.5,65.83,56.11,40.26,38.62,38.65,33.31,33.68,33.31,32.52,32.99,33.31,36.98,41.93,41.09,40.0,39.94,42.3,40.01,38.9,32.91,34.0,39.34,54.02,49.99,67.15,47.4,46.14,45.68,39.93,43.46,37.15,34.6,34.49,34.6,38.7
42.8,39.43,39.99,44.34,51.06,52.78,57.16,67.22,59.16,53.02,51.47,42.78,42.2,44.5,51.16,58.89,65.68,64.45,61.11,55.18,46.17,45.0,42.87,38.34,31.4,31.45,32.03,32.55,33.35,35.02,36.49,36.99,38.33,37.2,33.9,32.48,33.09,34.64,49.2,57.56,56.65,50.51,39.0,39.0,40.0,35.36,34.94,34.66,33.92,34.39,40.59,47.43,51.68,50.47,47.38,45.1,44.0,39.0,44.98,44.05,46.48,49.73,59.69,63.5,65.83,56.11,40.26,38.62,38.65,33.31,33.68,33.31,32.52,32.99,33.31,36.98,41.93,41.09,40.0,39.94,42.3,40.01,38.9,32.91,34.0,39.34,54.02,49.99,67.15,47.4,46.14,45.68,39.93,43.46,37.15,34.6,34.49,34.6,38.7,56.74
39.43,39.99,44.34,51.06,52.78,57.16,67.22,59.16,53.02,51.47,42.78,42.2,44.5,51.16,58.89,65.68,64.45,61.11,55.18,46.17,45.0,42.87,38.34,31.4,31.45,32.03,32.55,33.35,35.02,36.49,36.99,38.33,37.2,33.9,32.48,33.09,34.64,49.2,57.56,56.65,50.51,39.0,39.0,40.0,35.36,34.94,34.66,33.92,34.39,40.59,47.43,51.68,50.47,47.38,45.1,44.0,39.0,44.98,44.05,46.48,49.73,59.69,63.5,65.83,56.11,40.26,38.62,38.65,33.31,33.68,33.31,32.52,32.99,33.31,36.98,41.93,41.09,40.0,39.94,42.3,40.01,38.9,32.91,34.0,39.34,54.02,49.99,67.15,47.4,46.14,45.68,39.93,43.46,37.15,34.6,34.49,34.6,38.7,56.74,62.02
39.99,44.34,51.06,52.78,57.16,67.22,59.16,53.02,51.47,42.78,42.2,44.5,51.16,58.89,65.68,64.45,61.11,55.18,46.17,45.0,42.87,38.34,31.4,31.45,32.03,32.55,33.35,35.02,36.49,36.99,38.33,37.2,33.9,32.48,33.09,34.64,49.2,57.56,56.65,50.51,39.0,39.0,40.0,35.36,34.94,34.66,33.92,34.39,40.59,47.43,51.68,50.47,47.38,45.1,44.0,39.0,44.98,44.05,46.48,49.73,59.69,63.5,65.83,56.11,40.26,38.62,38.65,33.31,33.68,33.31,32.52,32.99,33.31,36.98,41.93,41.09,40.0,39.94,42.3,40.01,38.9,32.91,34.0,39.34,54.02,49.99,67.15,47.4,46.14,45.68,39.93,43.46,37.15,34.6,34.49,34.6,38.7,56.74,62.02,60.54
44.34,51.06,52.78,57.16,67.22,59.16,53.02,51.47,42.78,42.2,44.5,51.16,58.89,65.68,64.45,61.11,55.18,46.17,45.0,42.87,38.34,31.4,31.45,32.03,32.55,33.35,35.02,36.49,36.99,38.33,37.2,33.9,32.48,33.09,34.64,49.2,57.56,56.65,50.51,39.0,39.0,40.0,35.36,34.94,34.66,33.92,34.39,40.59,47.43,51.68,50.47,47.38,45.1,44.0,39.0,44.98,44.05,46.48,49.73,59.69,63.5,65.83,56.11,40.26,38.62,38.65,33.31,33.68,33.31,32.52,32.99,33.31,36.98,41.93,41.09,40.0,39.94,42.3,40.01,38.9,32.91,34.0,39.34,54.02,49.99,67.15,47.4,46.14,45.68,39.93,43.46,37.15,34.6,34.49,34.6,38.7,56.74,62.02,60.54,59.7
51.06,52.78,57.16,67.22,59.16,53.02,51.47,42.78,42.2,44.5,51.16,58.89,65.68,64.45,61.11,55.18,46.17,45.0,42.87,38.34,31.4,31.45,32.03,32.55,33.35,35.02,36.49,36.99,38.33,37.2,33.9,32.48,33.09,34.64,49.2,57.56,56.65,50.51,39.0,39.0,40.0,35.36,34.94,34.66,33.92,34.39,40.59,47.43,51.68,50.47,47.38,45.1,44.0,39.0,44.98,44.05,46.48,49.73,59.69,63.5,65.83,56.11,40.26,38.62,38.65,33.31,33.68,33.31,32.52,32.99,33.31,36.98,41.93,41.09,40.0,39.94,42.3,40.01,38.9,32.91,34.0,39.34,54.02,49.99,67.15,47.4,46.14,45.68,39.93,43.46,37.15,34.6,34.49,34.6,38.7,56.74,62.02,60.54,59.7,59.57
52.78,57.16,67.22,59.16,53.02,51.47,42.78,42.2,44.5,51.16,58.89,65.68,64.45,61.11,55.18,46.17,45.0,42.87,38.34,31.4,31.45,32.03,32.55,33.35,35.02,36.49,36.99,38.33,37.2,33.9,32.48,33.09,34.64,49.2,57.56,56.65,50.51,39.0,39.0,40.0,35.36,34.94,34.66,33.92,34.39,40.59,47.43,51.68,50.47,47.38,45.1,44.0,39.0,44.98,44.05,46.48,49.73,59.69,63.5,65.83,56.11,40.26,38.62,38.65,33.31,33.68,33.31,32.52,32.99,33.31,36.98,41.93,41.09,40.0,39.94,42.3,40.01,38.9,32.91,34.0,39.34,54.02,49.99,67.15,47.4,46.14,45.68,39.93,43.46,37.15,34.6,34.49,34.6,38.7,56.74,62.02,60.54,59.7,59.57,53.22
57.16,67.22,59.16,53.02,51.47,42.78,42.2,44.5,51.16,58.89,65.68,64.45,61.11,55.18,46.17,45.0,42.87,38.34,31.4,31.45,32.03,32.55,33.35,35.02,36.49,36.99,38.33,37.2,33.9,32.48,33.09,34.64,49.2,57.56,56.65,50.51,39.0,39.0,40.0,35.36,34.94,34.66,33.92,34.39,40.59,47.43,51.68,50.47,47.38,45.1,44.0,39.0,44.98,44.05,46.48,49.73,59.69,63.5,65.83,56.11,40.26,38.62,38.65,33.31,33.68,33.31,32.52,32.99,33.31,36.98,41.93,41.09,40.0,39.94,42.3,40.01,38.9,32.91,34.0,39.34,54.02,49.99,67.15,47.4,46.14,45.68,39.93,43.46,37.15,34.6,34.49,34.6,38.7,56.74,62.02,60.54,59.7,59.57,53.22,51.39
67.22,59.16,53.02,51.47,42.78,42.2,44.5,51.16,58.89,65.68,64.45,61.11,55.18,46.17,45.0,42.87,38.34,31.4,31.45,32.03,32.55,33.35,35.02,36.49,36.99,38.33,37.2,33.9,32.48,33.09,34.64,49.2,57.56,56.65,50.51,39.0,39.0,40.0,35.36,34.94,34.66,33.92,34.39,40.59,47.43,51.68,50.47,47.38,45.1,44.0,39.0,44.98,44.05,46.48,49.73,59.69,63.5,65.83,56.11,40.26,38.62,38.65,33.31,33.68,33.31,32.52,32.99,33.31,36.98,41.93,41.09,40.0,39.94,42.3,40.01,38.9,32.91,34.0,39.34,54.02,49.99,67.15,47.4,46.14,45.68,39.93,43.46,37.15,34.6,34.49,34.6,38.7,56.74,62.02,60.54,59.7,59.57,53.22,51.39,50.35
59.16,53.02,51.47,42.78,42.2,44.5,51.16,58.89,65.68,64.45,61.11,55.18,46.17,45.0,42.87,38.34,31.4,31.45,32.03,32.55,33.35,35.02,36.49,36.99,38.33,37.2,33.9,32.48,33.09,34.64,49.2,57.56,56.65,50.51,39.0,39.0,40.0,35.36,34.94,34.66,33.92,34.39,40.59,47.43,51.68,50.47,47.38,45.1,44.0,39.0,44.98,44.05,46.48,49.73,59.69,63.5,65.83,56.11,40.26,38.62,38.65,33.31,33.68,33.31,32.52,32.99,33.31,36.98,41.93,41.09,40.0,39.94,42.3,40.01,38.9,32.91,34.0,39.34,54.02,49.99,67.15,47.4,46.14,45.68,39.93,43.46,37.15,34.6,34.49,34.6,38.7,56.74,62.02,60.54,59.7,59.57,53.22,51.39,50.35,49.78
53.02,51.47,42.78,42.2,44.5,51.16,58.89,65.68,64.45,61.11,55.18,46.17,45.0,42.87,38.34,31.4,31.45,32.03,32.55,33.35,35.02,36.49,36.99,38.33,37.2,33.9,32.48,33.09,34.64,49.2,57.56,56.65,50.51,39.0,39.0,40.0,35.36,34.94,34.66,33.92,34.39,40.59,47.43,51.68,50.47,47.38,45.1,44.0,39.0,44.98,44.05,46.48,49.73,59.69,63.5,65.83,56.11,40.26,38.62,38.65,33.31,33.68,33.31,32.52,32.99,33.31,36.98,41.93,41.09,40.0,39.94,42.3,40.01,38.9,32.91,34.0,39.34,54.02,49.99,67.15,47.4,46.14,45.68,39.93,43.46,37.15,34.6,34.49,34.6,38.7,56.74,62.02,60.54,59.7,59.57,53.22,51.39,50.35,49.78,48.92
51.47,42.78,42.2,44.5,51.16,58.89,65.68,64.45,61.11,55.18,46.17,45.0,42.87,38.34,31.4,31.45,32.03,32.55,33.35,35.02,36.49,36.99,38.33,37.2,33.9,32.48,33.09,34.64,49.2,57.56,56.65,50.51,39.0,39.0,40.0,35.36,34.94,34.66,33.92,34.39,40.59,47.43,51.68,50.47,47.38,45.1,44.0,39.0,44.98,44.05,46.48,49.73,59.69,63.5,65.83,56.11,40.26,38.62,38.65,33.31,33.68,33.31,32.52,32.99,33.31,36.98,41.93,41.09,40.0,39.94,42.3,40.01,38.9,32.91,34.0,39.34,54.02,49.99,67.15,47.4,46.14,45.68,39.93,43.46,37.15,34.6,34.49,34.6,38.7,56.74,62.02,60.54,59.7,59.57,53.22,51.39,50.35,49.78,48.92,74.2
42.78,42.2,44.5,51.16,58.89,65.68,64.45,61.11,55.18,46.17,45.0,42.87,38.34,31.4,31.45,32.03,32.55,33.35,35.02,36.49,36.99,38.33,37.2,33.9,32.48,33.09,34.64,49.2,57.56,56.65,50.51,39.0,39.0,40.0,35.36,34.94,34.66,33.92,34.39,40.59,47.43,51.68,50.47,47.38,45.1,44.0,39.0,44.98,44.05,46.48,49.73,59.69,63.5,65.83,56.11,40.26,38.62,38.65,33.31,33.68,33.31,32.52,32.99,33.31,36.98,41.93,41.09,40.0,39.94,42.3,40.01,38.9,32.91,34.0,39.34,54.02,49.99,67.15,47.4,46.14,45.68,39.93,43.46,37.15,34.6,34.49,34.6,38.7,56.74,62.02,60.54,59.7,59.57,53.22,51.39,50.35,49.78,48.92,74.2,58.14
42.2,44.5,51.16,58.89,65.68,64.45,61.11,55.18,46.17,45.0,42.87,38.34,31.4,31.45,32.03,32.55,33.35,35.02,36.49,36.99,38.33,37.2,33.9,32.48,33.09,34.64,49.2,57.56,56.65,50.51,39.0,39.0,40.0,35.36,34.94,34.66,33.92,34.39,40.59,47.43,51.68,50.47,47.38,45.1,44.0,39.0,44.98,44.05,46.48,49.73,59.69,63.5,65.83,56.11,40.26,38.62,38.65,33.31,33.68,33.31,32.52,32.99,33.31,36.98,41.93,41.09,40.0,39.94,42.3,40.01,38.9,32.91,34.0,39.34,54.02,49.99,67.15,47.4,46.14,45.68,39.93,43.46,37.15,34.6,34.49,34.6,38.7,56.74,62.02,60.54,59.7,59.57,53.22,51.39,50.35,49.78,48.92,74.2,58.14,108.79
44.5,51.16,58.89,65.68,64.45,61.11,55.18,46.17,45.0,42.87,38.34,31.4,31.45,32.03,32.55,33.35,35.02,36.49,36.99,38.33,37.2,33.9,32.48,33.09,34.64,49.2,57.56,56.65,50.51,39.0,39.0,40.0,35.36,34.94,34.66,33.92,34.39,40.59,47.43,51.68,50.47,47.38,45.1,44.0,39.0,44.98,44.05,46.48,49.73,59.69,63.5,65.83,56.11,40.26,38.62,38.65,33.31,33.68,33.31,32.52,32.99,33.31,36.98,41.93,41.09,40.0,39.94,42.3,40.01,38.9,32.91,34.0,39.34,54.02,49.99,67.15,47.4,46.14,45.68,39.93,43.46,37.15,34.6,34.49,34.6,38.7,56.74,62.02,60.54,59.7,59.57,53.22,51.39,50.35,49.78,48.92,74.2,58.14,108.79,104.94
51.16,58.89,65.68,64.45,61.11,55.18,46.17,45.0,42.87,38.34,31.4,31.45,32.03,32.55,33.35,35.02,36.49,36.99,38.33,37.2,33.9,32.48,33.09,34.64,49.2,57.56,56.65,50.51,39.0,39.0,40.0,35.36,34.94,34.66,33.92,34.39,40.59,47.43,51.68,50.47,47.38,45.1,44.0,39.0,44.98,44.05,46.48,49.73,59.69,63.5,65.83,56.11,40.26,38.62,38.65,33.31,33.68,33.31,32.52,32.99,33.31,36.98,41.93,41.09,40.0,39.94,42.3,40.01,38.9,32.91,34.0,39.34,54.02,49.99,67.15,47.4,46.14,45.68,39.93,43.46,37.15,34.6,34.49,34.6,38.7,56.74,62.02,60.54,59.7,59.57,53.22,51.39,50.35,49.78,48.92,74.2,58.14,108.79,104.94,73.8
58.89,65.68,64.45,61.11,55.18,46.17,45.0,42.87,38.34,31.4,31.45,32.03,32.55,33.35,35.02,36.49,36.99,38.33,37.2,33.9,32.48,33.09,34.64,49.2,57.56,56.65,50.51,39.0,39.0,40.0,35.36,34.94,34.66,33.92,34.39,40.59,47.43,51.68,50.47,47.38,45.1,44.0,39.0,44.98,44.05,46.48,49.73,59.69,63.5,65.83,56.11,40.26,38.62,38.65,33.31,33.68,33.31,32.52,32.99,33.31,36.98,41.93,41.09,40.0,39.94,42.3,40.01,38.9,32.91,34.0,39.34,54.02,49.99,67.15,47.4,46.14,45.68,39.93,43.46,37.15,34.6,34.49,34.6,38.7,56.74,62.02,60.54,59.7,59.57,53.22,51.39,50.35,49.78,48.92,74.2,58.14,108.79,104.94,73.8,54.8
65.68,64.45,61.11,55.18,46.17,45.0,42.87,38.34,31.4,31.45,32.03,32.55,33.35,35.02,36.49,36.99,38.33,37.2,33.9,32.48,33.09,34.64,49.2,57.56,56.65,50.51,39.0,39.0,40.0,35.36,34.94,34.66,33.92,34.39,40.59,47.43,51.68,50.47,47.38,45.1,44.0,39.0,44.98,44.05,46.48,49.73,59.69,63.5,65.83,56.11,40.26,38.62,38.65,33.31,33.68,33.31,32.52,32.99,33.31,36.98,41.93,41.09,40.0,39.94,42.3,40.01,38.9,32.91,34.0,39.34,54.02,49.99,67.15,47.4,46.14,45.68,39.93,43.46,37.15,34.6,34.49,34.6,38.7,56.74,62.02,60.54,59.7,59.57,53.22,51.39,50.35,49.78,48.92,74.2,58.14,108.79,104.94,73.8,54.8,59.85
64.45,61.11,55.18,46.17,45.0,42.87,38.34,31.4,31.45,32.03,32.55,33.35,35.02,36.49,36.99,38.33,37.2,33.9,32.48,33.09,34.64,49.2,57.56,56.65,50.51,39.0,39.0,40.0,35.36,34.94,34.66,33.92,34.39,40.59,47.43,51.68,50.47,47.38,45.1,44.0,39.0,44.98,44.05,46.48,49.73,59.69,63.5,65.83,56.11,40.26,38.62,38.65,33.31,33.68,33.31,32.52,32.99,33.31,36.98,41.93,41.09,40.0,39.94,42.3,40.01,38.9,32.91,34.0,39.34,54.02,49.99,67.15,47.4,46.14,45.68,39.93,43.46,37.15,34.6,34.49,34.6,38.7,56.74,62.02,60.54,59.7,59.57,53.22,51.39,50.35,49.78,48.92,74.2,58.14,108.79,104.94,73.8,54.8,59.85,47.8
61.11,55.18,46.17,45.0,42.87,38.34,31.4,31.45,32.03,32.55,33.35,35.02,36.49,36.99,38.33,37.2,33.9,32.48,33.09,34.64,49.2,57.56,56.65,50.51,39.0,39.0,40.0,35.36,34.94,34.66,33.92,34.39,40.59,47.43,51.68,50.47,47.38,45.1,44.0,39.0,44.98,44.05,46.48,49.73,59.69,63.5,65.83,56.11,40.26,38.62,38.65,33.31,33.68,33.31,32.52,32.99,33.31,36.98,41.93,41.09,40.0,39.94,42.3,40.01,38.9,32.91,34.0,39.34,54.02,49.99,67.15,47.4,46.14,45.68,39.93,43.46,37.15,34.6,34.49,34.6,38.7,56.74,62.02,60.54,59.7,59.57,53.22,51.39,50.35,49.78,48.92,74.2,58.14,108.79,104.94,73.8,54.8,59.85,47.8,39.9
55.18,46.17,45.0,42.87,38.34,31.4,31.45,32.03,32.55,33.35,35.02,36.49,36.99,38.33,37.2,33.9,32.48,33.09,34.64,49.2,57.56,56.65,50.51,39.0,39.0,40.0,35.36,34.94,34.66,33.92,34.39,40.59,47.43,51.68,50.47,47.38,45.1,44.0,39.0,44.98,44.05,46.48,49.73,59.69,63.5,65.83,56.11,40.26,38.62,38.65,33.31,33.68,33.31,32.52,32.99,33.31,36.98,41.93,41.09,40.0,39.94,42.3,40.01,38.9,32.91,34.0,39.34,54.02,49.99,67.15,47.4,46.14,45.68,39.93,43.46,37.15,34.6,34.49,34.6,38.7,56.74,62.02,60.54,59.7,59.57,53.22,51.39,50.35,49.78,48.92,74.2,58.14,108.79,104.94,73.8,54.8,59.85,47.8,39.9,35.07
46.17,45.0,42.87,38.34,31.4,31.45,32.03,32.55,33.35,35.02,36.49,36.99,38.33,37.2,33.9,32.48,33.09,34.64,49.2,57.56,56.65,50.51,39.0,39.0,40.0,35.36,34.94,34.66,33.92,34.39,40.59,47.43,51.68,50.47,47.38,45.1,44.0,39.0,44.98,44.05,46.48,49.73,59.69,63.5,65.83,56.11,40.26,38.62,38.65,33.31,33.68,33.31,32.52,32.99,33.31,36.98,41.93,41.09,40.0,39.94,42.3,40.01,38.9,32.91,34.0,39.34,54.02,49.99,67.15,47.4,46.14,45.68,39.93,43.46,37.15,34.6,34.49,34.6,38.7,56.74,62.02,60.54,59.7,59.57,53.22,51.39,50.35,49.78,48.92,74.2,58.14,108.79,104.94,73.8,54.8,59.85,47.8,39.9,35.07,34.74
45.0,42.87,38.34,31.4,31.45,32.03,32.55,33.35,35.02,36.49,36.99,38.33,37.2,33.9,32.48,33.09,34.64,49.2,57.56,56.65,50.51,39.0,39.0,40.0,35.36,34.94,34.66,33.92,34.39,40.59,47.43,51.68,50.47,47.38,45.1,44.0,39.0,44.98,44.05,46.48,49.73,59.69,63.5,65.83,56.11,40.26,38.62,38.65,33.31,33.68,33.31,32.52,32.99,33.31,36.98,41.93,41.09,40.0,39.94,42.3,40.01,38.9,32.91,34.0,39.34,54.02,49.99,67.15,47.4,46.14,45.68,39.93,43.46,37.15,34.6,34.49,34.6,38.7,56.74,62.02,60.54,59.7,59.57,53.22,51.39,50.35,49.78,48.92,74.2,58.14,108.79,104.94,73.8,54.8,59.85,47.8,39.9,35.07,34.74,35.87
42.87,38.34,31.4,31.45,32.03,32.55,33.35,35.02,36.49,36.99,38.33,37.2,33.9,32.48,33.09,34.64,49.2,57.56,56.65,50.51,39.0,39.0,40.0,35.36,34.94,34.66,33.92,34.39,40.59,47.43,51.68,50.47,47.38,45.1,44.0,39.0,44.98,44.05,46.48,49.73,59.69,63.5,65.83,56.11,40.26,38.62,38.65,33.31,33.68,33.31,32.52,32.99,33.31,36.98,41.93,41.09,40.0,39.94,42.3,40.01,38.9,32.91,34.0,39.34,54.02,49.99,67.15,47.4,46.14,45.68,39.93,43.46,37.15,34.6,34.49,34.6,38.7,56.74,62.02,60.54,59.7,59.57,53.22,51.39,50.35,49.78,48.92,74.2,58.14,108.79,104.94,73.8,54.8,59.85,47.8,39.9,35.07,34.74,35.87,36.74
38.34,31.4,31.45,32.03,32.55,33.35,35.02,36.49,36.99,38.33,37.2,33.9,32.48,33.09,34.64,49.2,57.56,56.65,50.51,39.0,39.0,40.0,35.36,34.94,34.66,33.92,34.39,40.59,47.43,51.68,50.47,47.38,45.1,44.0,39.0,44.98,44.05,46.48,49.73,59.69,63.5,65.83,56.11,40.26,38.62,38.65,33.31,33.68,33.31,32.52,32.99,33.31,36.98,41.93,41.09,40.0,39.94,42.3,40.01,38.9,32.91,34.0,39.34,54.02,49.99,67.15,47.4,46.14,45.68,39.93,43.46,37.15,34.6,34.49,34.6,38.7,56.74,62.02,60.54,59.7,59.57,53.22,51.39,50.35,49.78,48.92,74.2,58.14,108.79,104.94,73.8,54.8,59.85,47.8,39.9,35.07,34.74,35.87,36.74,39.78
31.4,31.45,32.03,32.55,33.35,35.02,36.49,36.99,38.33,37.2,33.9,32.48,33.09,34.64,49.2,57.56,56.65,50.51,39.0,39.0,40.0,35.36,34.94,34.66,33.92,34.39,40.59,47.43,51.68,50.47,47.38,45.1,44.0,39.0,44.98,44.05,46.48,49.73,59.69,63.5,65.83,56.11,40.26,38.62,38.65,33.31,33.68,33.31,32.52,32.99,33.31,36.98,41.93,41.09,40.0,39.94,42.3,40.01,38.9,32.91,34.0,39.34,54.02,49.99,67.15,47.4,46.14,45.68,39.93,43.46,37.15,34.6,34.49,34.6,38.7,56.74,62.02,60.54,59.7,59.57,53.22,51.39,50.35,49.78,48.92,74.2,58.14,108.79,104.94,73.8,54.8,59.85,47.8,39.9,35.07,34.74,35.87,36.74,39.78,59.0
31.45,32.03,32.55,33.35,35.02,36.49,36.99,38.33,37.2,33.9,32.48,33.09,34.64,49.2,57.56,56.65,50.51,39.0,39.0,40.0,35.36,34.94,34.66,33.92,34.39,40.59,47.43,51.68,50.47,47.38,45.1,44.0,39.0,44.98,44.05,46.48,49.73,59.69,63.5,65.83,56.11,40.26,38.62,38.65,33.31,33.68,33.31,32.52,32.99,33.31,36.98,41.93,41.09,40.0,39.94,42.3,40.01,38.9,32.91,34.0,39.34,54.02,49.99,67.15,47.4,46.14,45.68,39.93,43.46,37.15,34.6,34.49,34.6,38.7,56.74,62.02,60.54,59.7,59.57,53.22,51.39,50.35,49.78,48.92,74.2,58.14,108.79,104.94,73.8,54.8,59.85,47.8,39.9,35.07,34.74,35.87,36.74,39.78,59.0,68.88
32.03,32.55,33.35,35.02,36.49,36.99,38.33,37.2,33.9,32.48,33.09,34.64,49.2,57.56,56.65,50.51,39.0,39.0,40.0,35.36,34.94,34.66,33.92,34.39,40.59,47.43,51.68,50.47,47.38,45.1,44.0,39.0,44.98,44.05,46.48,49.73,59.69,63.5,65.83,56.11,40.26,38.62,38.65,33.31,33.68,33.31,32.52,32.99,33.31,36.98,41.93,41.09,40.0,39.94,42.3,40.01,38.9,32.91,34.0,39.34,54.02,49.99,67.15,47.4,46.14,45.68,39.93,43.46,37.15,34.6,34.49,34.6,38.7,56.74,62.02,60.54,59.7,59.57,53.22,51.39,50.35,49.78,48.92,74.2,58.14,108.79,104.94,73.8,54.8,59.85,47.8,39.9,35.07,34.74,35.87,36.74,39.78,59.0,68.88,56.06
32.55,33.35,35.02,36.49,36.99,38.33,37.2,33.9,32.48,33.09,34.64,49.2,57.56,56.65,50.51,39.0,39.0,40.0,35.36,34.94,34.66,33.92,34.39,40.59,47.43,51.68,50.47,47.38,45.1,44.0,39.0,44.98,44.05,46.48,49.73,59.69,63.5,65.83,56.11,40.26,38.62,38.65,33.31,33.68,33.31,32.52,32.99,33.31,36.98,41.93,41.09,40.0,39.94,42.3,40.01,38.9,32.91,34.0,39.34,54.02,49.99,67.15,47.4,46.14,45.68,39.93,43.46,37.15,34.6,34.49,34.6,38.7,56.74,62.02,60.54,59.7,59.57,53.22,51.39,50.35,49.78,48.92,74.2,58.14,108.79,104.94,73.8,54.8,59.85,47.8,39.9,35.07,34.74,35.87,36.74,39.78,59.0,68.88,56.06,65.49
33.35,35.02,36.49,36.99,38.33,37.2,33.9,32.48,33.09,34.64,49.2,57.56,56.65,50.51,39.0,39.0,40.0,35.36,34.94,34.66,33.92,34.39,40.59,47.43,51.68,50.47,47.38,45.1,44.0,39.0,44.98,44.05,46.48,49.73,59.69,63.5,65.83,56.11,40.26,38.62,38.65,33.31,33.68,33.31,32.52,32.99,33.31,36.98,41.93,41.09,40.0,39.94,42.3,40.01,38.9,32.91,34.0,39.34,54.02,49.99,67.15,47.4,46.14,45.68,39.93,43.46,37.15,34.6,34.49,34.6,38.7,56.74,62.02,60.54,59.7,59.57,53.22,51.39,50.35,49.78,48.92,74.2,58.14,108.79,104.94,73.8,54.8,59.85,47.8,39.9,35.07,34.74,35.87,36.74,39.78,59.0,68.88,56.06,65.49,60.0
35.02,36.49,36.99,38.33,37.2,33.9,32.48,33.09,34.64,49.2,57.56,56.65,50.51,39.0,39.0,40.0,35.36,34.94,34.66,33.92,34.39,40.59,47.43,51.68,50.47,47.38,45.1,44.0,39.0,44.98,44.05,46.48,49.73,59.69,63.5,65.83,56.11,40.26,38.62,38.65,33.31,33.68,33.31,32.52,32.99,33.31,36.98,41.93,41.09,40.0,39.94,42.3,40.01,38.9,32.91,34.0,39.34,54.02,49.99,67.15,47.4,46.14,45.68,39.93,43.46,37.15,34.6,34.49,34.6,38.7,56.74,62.02,60.54,59.7,59.57,53.22,51.39,50.35,49.78,48.92,74.2,58.14,108.79,104.94,73.8,54.8,59.85,47.8,39.9,35.07,34.74,35.87,36.74,39.78,59.0,68.88,56.06,65.49,60.0,68.75
36.49,36.99,38.33,37.2,33.9,32.48,33.09,34.64,49.2,57.56,56.65,50.51,39.0,39.0,40.0,35.36,34.94,34.66,33.92,34.39,40.59,47.43,51.68,50.47,47.38,45.1,44.0,39.0,44.98,44.05,46.48,49.73,59.69,63.5,65.83,56.11,40.26,38.62,38.65,33.31,33.68,33.31,32.52,32.99,33.31,36.98,41.93,41.09,40.0,39.94,42.3,40.01,38.9,32.91,34.0,39.34,54.02,49.99,67.15,47.4,46.14,45.68,39.93,43.46,37.15,34.6,34.49,34.6,38.7,56.74,62.02,60.54,59.7,59.57,53.22,51.39,50.35,49.78,48.92,74.2,58.14,108.79,104.94,73.8,54.8,59.85,47.8,39.9,35.07,34.74,35.87,36.74,39.78,59.0,68.88,56.06,65.49,60.0,68.75,82.79
36.99,38.33,37.2,33.9,32.48,33.09,34.64,49.2,57.56,56.65,50.51,39.0,39.0,40.0,35.36,34.94,34.66,33.92,34.39,40.59,47.43,51.68,50.47,47.38,45.1,44.0,39.0,44.98,44.05,46.48,49.73,59.69,63.5,65.83,56.11,40.26,38.62,38.65,33.31,33.68,33.31,32.52,32.99,33.31,36.98,41.93,41.09,40.0,39.94,42.3,40.01,38.9,32.91,34.0,39.34,54.02,49.99,67.15,47.4,46.14,45.68,39.93,43.46,37.15,34.6,34.49,34.6,38.7,56.74,62.02,60.54,59.7,59.57,53.22,51.39,50.35,49.78,48.92,74.2,58.14,108.79,104.94,73.8,54.8,59.85,47.8,39.9,35.07,34.74,35.87,36.74,39.78,59.0,68.88,56.06,65.49,60.0,68.75,82.79,63.17
38.33,37.2,33.9,32.48,33.09,34.64,49.2,57.56,56.65,50.51,39.0,39.0,40.0,35.36,34.94,34.66,33.92,34.39,40.59,47.43,51.68,50.47,47.38,45.1,44.0,39.0,44.98,44.05,46.48,49.73,59.69,63.5,65.83,56.11,40.26,38.62,38.65,33.31,33.68,33.31,32.52,32.99,33.31,36.98,41.93,41.09,40.0,39.94,42.3,40.01,38.9,32.91,34.0,39.34,54.02,49.99,67.15,47.4,46.14,45.68,39.93,43.46,37.15,34.6,34.49,34.6,38.7,56.74,62.02,60.54,59.7,59.57,53.22,51.39,50.35,49.78,48.92,74.2,58.14,108.79,104.94,73.8,54.8,59.85,47.8,39.9,35.07,34.74,35.87,36.74,39.78,59.0,68.88,56.06,65.49,60.0,68.75,82.79,63.17,63.39
37.2,33.9,32.48,33.09,34.64,49.2,57.56,56.65,50.51,39.0,39.0,40.0,35.36,34.94,34.66,33.92,34.39,40.59,47.43,51.68,50.47,47.38,45.1,44.0,39.0,44.98,44.05,46.48,49.73,59.69,63.5,65.83,56.11,40.26,38.62,38.65,33.31,33.68,33.31,32.52,32.99,33.31,36.98,41.93,41.09,40.0,39.94,42.3,40.01,38.9,32.91,34.0,39.34,54.02,49.99,67.15,47.4,46.14,45.68,39.93,43.46,37.15,34.6,34.49,34.6,38.7,56.74,62.02,60.54,59.7,59.57,53.22,51.39,50.35,49.78,48.92,74.2,58.14,108.79,104.94,73.8,54.8,59.85,47.8,39.9,35.07,34.74,35.87,36.74,39.78,59.0,68.88,56.06,65.49,60.0,68.75,82.79,63.17,63.39,64.66
33.9,32.48,33.09,34.64,49.2,57.56,56.65,50.51,39.0,39.0,40.0,35.36,34.94,34.66,33.92,34.39,40.59,47.43,51.68,50.47,47.38,45.1,44.0,39.0,44.98,44.05,46.48,49.73,59.69,63.5,65.83,56.11,40.26,38.62,38.65,33.31,33.68,33.31,32.52,32.99,33.31,36.98,41.93,41.09,40.0,39.94,42.3,40.01,38.9,32.91,34.0,39.34,54.02,49.99,67.15,47.4,46.14,45.68,39.93,43.46,37.15,34.6,34.49,34.6,38.7,56.74,62.02,60.54,59.7,59.57,53.22,51.39,50.35,49.78,48.92,74.2,58.14,108.79,104.94,73.8,54.8,59.85,47.8,39.9,35.07,34.74,35.87,36.74,39.78,59.0,68.88,56.06,65.49,60.0,68.75,82.79,63.17,63.39,64.66,68.7
32.48,33.09,34.64,49.2,57.56,56.65,50.51,39.0,39.0,40.0,35.36,34.94,34.66,33.92,34.39,40.59,47.43,51.68,50.47,47.38,45.1,44.0,39.0,44.98,44.05,46.48,49.73,59.69,63.5,65.83,56.11,40.26,38.62,38.65,33.31,33.68,33.31,32.52,32.99,33.31,36.98,41.93,41.09,40.0,39.94,42.3,40.01,38.9,32.91,34.0,39.34,54.02,49.99,67.15,47.4,46.14,45.68,39.93,43.46,37.15,34.6,34.49,34.6,38.7,56.74,62.02,60.54,59.7,59.57,53.22,51.39,50.35,49.78,48.92,74.2,58.14,108.79,104.94,73.8,54.8,59.85,47.8,39.9,35.07,34.74,35.87,36.74,39.78,59.0,68.88,56.06,65.49,60.0,68.75,82.79,63.17,63.39,64.66,68.7,87.85
33.09,34.64,49.2,57.56,56.65,50.51,39.0,39.0,40.0,35.36,34.94,34.66,33.92,34.39,40.59,47.43,51.68,50.47,47.38,45.1,44.0,39.0,44.98,44.05,46.48,49.73,59.69,63.5,65.83,56.11,40.26,38.62,38.65,33.31,33.68,33.31,32.52,32.99,33.31,36.98,41.93,41.09,40.0,39.94,42.3,40.01,38.9,32.91,34.0,39.34,54.02,49.99,67.15,47.4,46.14,45.68,39.93,43.46,37.15,34.6,34.49,34.6,38.7,56.74,62.02,60.54,59.7,59.57,53.22,51.39,50.35,49.78,48.92,74.2,58.14,108.79,104.94,73.8,54.8,59.85,47.8,39.9,35.07,34.74,35.87,36.74,39.78,59.0,68.88,56.06,65.49,60.0,68.75,82.79,63.17,63.39,64.66,68.7,87.85,155.83
34.64,49.2,57.56,56.65,50.51,39.0,39.0,40.0,35.36,34.94,34.66,33.92,34.39,40.59,47.43,51.68,50.47,47.38,45.1,44.0,39.0,44.98,44.05,46.48,49.73,59.69,63.5,65.83,56.11,40.26,38.62,38.65,33.31,33.68,33.31,32.52,32.99,33.31,36.98,41.93,41.09,40.0,39.94,42.3,40.01,38.9,32.91,34.0,39.34,54.02,49.99,67.15,47.4,46.14,45.68,39.93,43.46,37.15,34.6,34.49,34.6,38.7,56.74,62.02,60.54,59.7,59.57,53.22,51.39,50.35,49.78,48.92,74.2,58.14,108.79,104.94,73.8,54.8,59.85,47.8,39.9,35.07,34.74,35.87,36.74,39.78,59.0,68.88,56.06,65.49,60.0,68.75,82.79,63.17,63.39,64.66,68.7,87.85,155.83,108.86
49.2,57.56,56.65,50.51,39.0,39.0,40.0,35.36,34.94,34.66,33.92,34.39,40.59,47.43,51.68,50.47,47.38,45.1,44.0,39.0,44.98,44.05,46.48,49.73,59.69,63.5,65.83,56.11,40.26,38.62,38.65,33.31,33.68,33.31,32.52,32.99,33.31,36.98,41.93,41.09,40.0,39.94,42.3,40.01,38.9,32.91,34.0,39.34,54.02,49.99,67.15,47.4,46.14,45.68,39.93,43.46,37.15,34.6,34.49,34.6,38.7,56.74,62.02,60.54,59.7,59.57,53.22,51.39,50.35,49.78,48.92,74.2,58.14,108.79,104.94,73.8,54.8,59.85,47.8,39.9,35.07,34.74,35.87,36.74,39.78,59.0,68.88,56.06,65.49,60.0,68.75,82.79,63.17,63.39,64.66,68.7,87.85,155.83,108.86,79.35
57.56,56.65,50.51,39.0,39.0,40.0,35.36,34.94,34.66,33.92,34.39,40.59,47.43,51.68,50.47,47.38,45.1,44.0,39.0,44.98,44.05,46.48,49.73,59.69,63.5,65.83,56.11,40.26,38.62,38.65,33.31,33.68,33.31,32.52,32.99,33.31,36.98,41.93,41.09,40.0,39.94,42.3,40.01,38.9,32.91,34.0,39.34,54.02,49.99,67.15,47.4,46.14,45.68,39.93,43.46,37.15,34.6,34.49,34.6,38.7,56.74,62.02,60.54,59.7,59.57,53.22,51.39,50.35,49.78,48.92,74.2,58.14,108.79,104.94,73.8,54.8,59.85,47.8,39.9,35.07,34.74,35.87,36.74,39.78,59.0,68.88,56.06,65.49,60.0,68.75,82.79,63.17,63.39,64.66,68.7,87.85,155.83,108.86,79.35,65.66
56.65,50.51,39.0,39.0,40.0,35.36,34.94,34.66,33.92,34.39,40.59,47.43,51.68,50.47,47.38,45.1,44.0,39.0,44.98,44.05,46.48,49.73,59.69,63.5,65.83,56.11,40.26,38.62,38.65,33.31,33.68,33.31,32.52,32.99,33.31,36.98,41.93,41.09,40.0,39.94,42.3,40.01,38.9,32.91,34.0,39.34,54.02,49.99,67.15,47.4,46.14,45.68,39.93,43.46,37.15,34.6,34.49,34.6,38.7,56.74,62.02,60.54,59.7,59.57,53.22,51.39,50.35,49.78,48.92,74.2,58.14,108.79,104.94,73.8,54.8,59.85,47.8,39.9,35.07,34.74,35.87,36.74,39.78,59.0,68.88,56.06,65.49,60.0,68.75,82.79,63.17,63.39,64.66,68.7,87.85,155.83,108.86,79.35,65.66,63.19
50.51,39.0,39.0,40.0,35.36,34.94,34.66,33.92,34.39,40.59,47.43,51.68,50.47,47.38,45.1,44.0,39.0,44.98,44.05,46.48,49.73,59.69,63.5,65.83,56.11,40.26,38.62,38.65,33.31,33.68,33.31,32.52,32.99,33.31,36.98,41.93,41.09,40.0,39.94,42.3,40.01,38.9,32.91,34.0,39.34,54.02,49.99,67.15,47.4,46.14,45.68,39.93,43.46,37.15,34.6,34.49,34.6,38.7,56.74,62.02,60.54,59.7,59.57,53.22,51.39,50.35,49.78,48.92,74.2,58.14,108.79,104.94,73.8,54.8,59.85,47.8,39.9,35.07,34.74,35.87,36.74,39.78,59.0,68.88,56.06,65.49,60.0,68.75,82.79,63.17,63.39,64.66,68.7,87.85,155.83,108.86,79.35,65.66,63.19,58.51
39.0,39.0,40.0,35.36,34.94,34.66,33.92,34.39,40.59,47.43,51.68,50.47,47.38,45.1,44.0,39.0,44.98,44.05,46.48,49.73,59.69,63.5,65.83,56.11,40.26,38.62,38.65,33.31,33.68,33.31,32.52,32.99,33.31,36.98,41.93,41.09,40.0,39.94,42.3,40.01,38.9,32.91,34.0,39.34,54.02,49.99,67.15,47.4,46.14,45.68,39.93,43.46,37.15,34.6,34.49,34.6,38.7,56.74,62.02,60.54,59.7,59.57,53.22,51.39,50.35,49.78,48.92,74.2,58.14,108.79,104.94,73.8,54.8,59.85,47.8,39.9,35.07,34.74,35.87,36.74,39.78,59.0,68.88,56.06,65.49,60.0,68.75,82.79,63.17,63.39,64.66,68.7,87.85,155.83,108.86,79.35,65.66,63.19,58.51,54.95
39.0,40.0,35.36,34.94,34.66,33.92,34.39,40.59,47.43,51.68,50.47,47.38,45.1,44.0,39.0,44.98,44.05,46.48,49.73,59.69,63.5,65.83,56.11,40.26,38.62,38.65,33.31,33.68,33.31,32.52,32.99,33.31,36.98,41.93,41.09,40.0,39.94,42.3,40.01,38.9,32.91,34.0,39.34,54.02,49.99,67.15,47.4,46.14,45.68,39.93,43.46,37.15,34.6,34.49,34.6,38.7,56.74,62.02,60.54,59.7,59.57,53.22,51.39,50.35,49.78,48.92,74.2,58.14,108.79,104.94,73.8,54.8,59.85,47.8,39.9,35.07,34.74,35.87,36.74,39.78,59.0,68.88,56.06,65.49,60.0,68.75,82.79,63.17,63.39,64.66,68.7,87.85,155.83,108.86,79.35,65.66,63.19,58.51,54.95,50.18
40.0,35.36,34.94,34.66,33.92,34.39,40.59,47.43,51.68,50.47,47.38,45.1,44.0,39.0,44.98,44.05,46.48,49.73,59.69,63.5,65.83,56.11,40.26,38.62,38.65,33.31,33.68,33.31,32.52,32.99,33.31,36.98,41.93,41.09,40.0,39.94,42.3,40.01,38.9,32.91,34.0,39.34,54.02,49.99,67.15,47.4,46.14,45.68,39.93,43.46,37.15,34.6,34.49,34.6,38.7,56.74,62.02,60.54,59.7,59.57,53.22,51.39,50.35,49.78,48.92,74.2,58.14,108.79,104.94,73.8,54.8,59.85,47.8,39.9,35.07,34.74,35.87,36.74,39.78,59.0,68.88,56.06,65.49,60.0,68.75,82.79,63.17,63.39,64.66,68.7,87.85,155.83,108.86,79.35,65.66,63.19,58.51,54.95,50.18,45.88
35.36,34.94,34.66,33.92,34.39,40.59,47.43,51.68,50.47,47.38,45.1,44.0,39.0,44.98,44.05,46.48,49.73,59.69,63.5,65.83,56.11,40.26,38.62,38.65,33.31,33.68,33.31,32.52,32.99,33.31,36.98,41.93,41.09,40.0,39.94,42.3,40.01,38.9,32.91,34.0,39.34,54.02,49.99,67.15,47.4,46.14,45.68,39.93,43.46,37.15,34.6,34.49,34.6,38.7,56.74,62.02,60.54,59.7,59.57,53.22,51.39,50.35,49.78,48.92,74.2,58.14,108.79,104.94,73.8,54.8,59.85,47.8,39.9,35.07,34.74,35.87,36.74,39.78,59.0,68.88,56.06,65.49,60.0,68.75,82.79,63.17,63.39,64.66,68.7,87.85,155.83,108.86,79.35,65.66,63.19,58.51,54.95,50.18,45.88,45.26
34.94,34.66,33.92,34.39,40.59,47.43,51.68,50.47,47.38,45.1,44.0,39.0,44.98,44.05,46.48,49.73,59.69,63.5,65.83,56.11,40.26,38.62,38.65,33.31,33.68,33.31,32.52,32.99,33.31,36.98,41.93,41.09,40.0,39.94,42.3,40.01,38.9,32.91,34.0,39.34,54.02,49.99,67.15,47.4,46.14,45.68,39.93,43.46,37.15,34.6,34.49,34.6,38.7,56.74,62.02,60.54,59.7,59.57,53.22,51.39,50.35,49.78,48.92,74.2,58.14,108.79,104.94,73.8,54.8,59.85,47.8,39.9,35.07,34.74,35.87,36.74,39.78,59.0,68.88,56.06,65.49,60.0,68.75,82.79,63.17,63.39,64.66,68.7,87.85,155.83,108.86,79.35,65.66,63.19,58.51,54.95,50.18,45.88,45.26,45.4
34.66,33.92,34.39,40.59,47.43,51.68,50.47,47.38,45.1,44.0,39.0,44.98,44.05,46.48,49.73,59.69,63.5,65.83,56.11,40.26,38.62,38.65,33.31,33.68,33.31,32.52,32.99,33.31,36.98,41.93,41.09,40.0,39.94,42.3,40.01,38.9,32.91,34.0,39.34,54.02,49.99,67.15,47.4,46.14,45.68,39.93,43.46,37.15,34.6,34.49,34.6,38.7,56.74,62.02,60.54,59.7,59.57,53.22,51.39,50.35,49.78,48.92,74.2,58.14,108.79,104.94,73.8,54.8,59.85,47.8,39.9,35.07,34.74,35.87,36.74,39.78,59.0,68.88,56.06,65.49,60.0,68.75,82.79,63.17,63.39,64.66,68.7,87.85,155.83,108.86,79.35,65.66,63.19,58.51,54.95,50.18,45.88,45.26,45.4,49.72
33.92,34.39,40.59,47.43,51.68,50.47,47.38,45.1,44.0,39.0,44.98,44.05,46.48,49.73,59.69,63.5,65.83,56.11,40.26,38.62,38.65,33.31,33.68,33.31,32.52,32.99,33.31,36.98,41.93,41.09,40.0,39.94,42.3,40.01,38.9,32.91,34.0,39.34,54.02,49.99,67.15,47.4,46.14,45.68,39.93,43.46,37.15,34.6,34.49,34.6,38.7,56.74,62.02,60.54,59.7,59.57,53.22,51.39,50.35,49.78,48.92,74.2,58.14,108.79,104.94,73.8,54.8,59.85,47.8,39.9,35.07,34.74,35.87,36.74,39.78,59.0,68.88,56.06,65.49,60.0,68.75,82.79,63.17,63.39,64.66,68.7,87.85,155.83,108.86,79.35,65.66,63.19,58.51,54.95,50.18,45.88,45.26,45.4,49.72,70.02
34.39,40.59,47.43,51.68,50.47,47.38,45.1,44.0,39.0,44.98,44.05,46.48,49.73,59.69,63.5,65.83,56.11,40.26,38.62,38.65,33.31,33.68,33.31,32.52,32.99,33.31,36.98,41.93,41.09,40.0,39.94,42.3,40.01,38.9,32.91,34.0,39.34,54.02,49.99,67.15,47.4,46.14,45.68,39.93,43.46,37.15,34.6,34.49,34.6,38.7,56.74,62.02,60.54,59.7,59.57,53.22,51.39,50.35,49.78,48.92,74.2,58.14,108.79,104.94,73.8,54.8,59.85,47.8,39.9,35.07,34.74,35.87,36.74,39.78,59.0,68.88,56.06,65.49,60.0,68.75,82.79,63.17,63.39,64.66,68.7,87.85,155.83,108.86,79.35,65.66,63.19,58.51,54.95,50.18,45.88,45.26,45.4,49.72,70.02,92.81
40.59,47.43,51.68,50.47,47.38,45.1,44.0,39.0,44.98,44.05,46.48,49.73,59.69,63.5,65.83,56.11,40.26,38.62,38.65,33.31,33.68,33.31,32.52,32.99,33.31,36.98,41.93,41.09,40.0,39.94,42.3,40.01,38.9,32.91,34.0,39.34,54.02,49.99,67.15,47.4,46.14,45.68,39.93,43.46,37.15,34.6,34.49,34.6,38.7,56.74,62.02,60.54,59.7,59.57,53.22,51.39,50.35,49.78,48.92,74.2,58.14,108.79,104.94,73.8,54.8,59.85,47.8,39.9,35.07,34.74,35.87,36.74,39.78,59.0,68.88,56.06,65.49,60.0,68.75,82.79,63.17,63.39,64.66,68.7,87.85,155.83,108.86,79.35,65.66,63.19,58.51,54.95,50.18,45.88,45.26,45.4,49.72,70.02,92.81,93.1
47.43,51.68,50.47,47.38,45.1,44.0,39.0,44.98,44.05,46.48,49.73,59.69,63.5,65.83,56.11,40.26,38.62,38.65,33.31,33.68,33.31,32.52,32.99,33.31,36.98,41.93,41.09,40.0,39.94,42.3,40.01,38.9,32.91,34.0,39.34,54.02,49.99,67.15,47.4,46.14,45.68,39.93,43.46,37.15,34.6,34.49,34.6,38.7,56.74,62.02,60.54,59.7,59.57,53.22,51.39,50.35,49.78,48.92,74.2,58.14,108.79,104.94,73.8,54.8,59.85,47.8,39.9,35.07,34.74,35.87,36.74,39.78,59.0,68.88,56.06,65.49,60.0,68.75,82.79,63.17,63.39,64.66,68.7,87.85,155.83,108.86,79.35,65.66,63.19,58.51,54.95,50.18,45.88,45.26,45.4,49.72,70.02,92.81,93.1,85.0
51.68,50.47,47.38,45.1,44.0,39.0,44.98,44.05,46.48,49.73,59.69,63.5,65.83,56.11,40.26,38.62,38.65,33.31,33.68,33.31,32.52,32.99,33.31,36.98,41.93,41.09,40.0,39.94,42.3,40.01,38.9,32.91,34.0,39.34,54.02,49.99,67.15,47.4,46.14,45.68,39.93,43.46,37.15,34.6,34.49,34.6,38.7,56.74,62.02,60.54,59.7,59.57,53.22,51.39,50.35,49.78,48.92,74.2,58.14,108.79,104.94,73.8,54.8,59.85,47.8,39.9,35.07,34.74,35.87,36.74,39.78,59.0,68.88,56.06,65.49,60.0,68.75,82.79,63.17,63.39,64.66,68.7,87.85,155.83,108.86,79.35,65.66,63.19,58.51,54.95,50.18,45.88,45.26,45.4,49.72,70.02,92.81,93.1,85.0,82.58
50.47,47.38,45.1,44.0,39.0,44.98,44.05,46.48,49.73,59.69,63.5,65.83,56.11,40.26,38.62,38.65,33.31,33.68,33.31,32.52,32.99,33.31,36.98,41.93,41.09,40.0,39.94,42.3,40.01,38.9,32.91,34.0,39.34,54.02,49.99,67.15,47.4,46.14,45.68,39.93,43.46,37.15,34.6,34.49,34.6,38.7,56.74,62.02,60.54,59.7,59.57,53.22,51.39,50.35,49.78,48.92,74.2,58.14,108.79,104.94,73.8,54.8,59.85,47.8,39.9,35.07,34.74,35.87,36.74,39.78,59.0,68.88,56.06,65.49,60.0,68.75,82.79,63.17,63.39,64.66,68.7,87.85,155.83,108.86,79.35,65.66,63.19,58.51,54.95,50.18,45.88,45.26,45.4,49.72,70.02,92.81,93.1,85.0,82.58,76.6
47.38,45.1,44.0,39.0,44.98,44.05,46.48,49.73,59.69,63.5,65.83,56.11,40.26,38.62,38.65,33.31,33.68,33.31,32.52,32.99,33.31,36.98,41.93,41.09,40.0,39.94,42.3,40.01,38.9,32.91,34.0,39.34,54.02,49.99,67.15,47.4,46.14,45.68,39.93,43.46,37.15,34.6,34.49,34.6,38.7,56.74,62.02,60.54,59.7,59.57,53.22,51.39,50.35,49.78,48.92,74.2,58.14,108.79,104.94,73.8,54.8,59.85,47.8,39.9,35.07,34.74,35.87,36.74,39.78,59.0,68.88,56.06,65.49,60.0,68.75,82.79,63.17,63.39,64.66,68.7,87.85,155.83,108.86,79.35,65.66,63.19,58.51,54.95,50.18,45.88,45.26,45.4,49.72,70.02,92.81,93.1,85.0,82.58,76.6,72.29
45.1,44.0,39.0,44.98,44.05,46.48,49.73,59.69,63.5,65.83,56.11,40.26,38.62,38.65,33.31,33.68,33.31,32.52,32.99,33.31,36.98,41.93,41.09,40.0,39.94,42.3,40.01,38.9,32.91,34.0,39.34,54.02,49.99,67.15,47.4,46.14,45.68,39.93,43.46,37.15,34.6,34.49,34.6,38.7,56.74,62.02,60.54,59.7,59.57,53.22,51.39,50.35,49.78,48.92,74.2,58.14,108.79,104.94,73.8,54.8,59.85,47.8,39.9,35.07,34.74,35.87,36.74,39.78,59.0,68.88,56.06,65.49,60.0,68.75,82.79,63.17,63.39,64.66,68.7,87.85,155.83,108.86,79.35,65.66,63.19,58.51,54.95,50.18,45.88,45.26,45.4,49.72,70.02,92.81,93.1,85.0,82.58,76.6,72.29,70.0
44.0,39.0,44.98,44.05,46.48,49.73,59.69,63.5,65.83,56.11,40.26,38.62,38.65,33.31,33.68,33.31,32.52,32.99,33.31,36.98,41.93,41.09,40.0,39.94,42.3,40.01,38.9,32.91,34.0,39.34,54.02,49.99,67.15,47.4,46.14,45.68,39.93,43.46,37.15,34.6,34.49,34.6,38.7,56.74,62.02,60.54,59.7,59.57,53.22,51.39,50.35,49.78,48.92,74.2,58.14,108.79,104.94,73.8,54.8,59.85,47.8,39.9,35.07,34.74,35.87,36.74,39.78,59.0,68.88,56.06,65.49,60.0,68.75,82.79,63.17,63.39,64.66,68.7,87.85,155.83,108.86,79.35,65.66,63.19,58.51,54.95,50.18,45.88,45.26,45.4,49.72,70.02,92.81,93.1,85.0,82.58,76.6,72.29,70.0,71.78
39.0,44.98,44.05,46.48,49.73,59.69,63.5,65.83,56.11,40.26,38.62,38.65,33.31,33.68,33.31,32.52,32.99,33.31,36.98,41.93,41.09,40.0,39.94,42.3,40.01,38.9,32.91,34.0,39.34,54.02,49.99,67.15,47.4,46.14,45.68,39.93,43.46,37.15,34.6,34.49,34.6,38.7,56.74,62.02,60.54,59.7,59.57,53.22,51.39,50.35,49.78,48.92,74.2,58.14,108.79,104.94,73.8,54.8,59.85,47.8,39.9,35.07,34.74,35.87,36.74,39.78,59.0,68.88,56.06,65.49,60.0,68.75,82.79,63.17,63.39,64.66,68.7,87.85,155.83,108.86,79.35,65.66,63.19,58.51,54.95,50.18,45.88,45.26,45.4,49.72,70.02,92.81,93.1,85.0,82.58,76.6,72.29,70.0,71.78,64.7
44.98,44.05,46.48,49.73,59.69,63.5,65.83,56.11,40.26,38.62,38.65,33.31,33.68,33.31,32.52,32.99,33.31,36.98,41.93,41.09,40.0,39.94,42.3,40.01,38.9,32.91,34.0,39.34,54.02,49.99,67.15,47.4,46.14,45.68,39.93,43.46,37.15,34.6,34.49,34.6,38.7,56.74,62.02,60.54,59.7,59.57,53.22,51.39,50.35,49.78,48.92,74.2,58.14,108.79,104.94,73.8,54.8,59.85,47.8,39.9,35.07,34.74,35.87,36.74,39.78,59.0,68.88,56.06,65.49,60.0,68.75,82.79,63.17,63.39,64.66,68.7,87.85,155.83,108.86,79.35,65.66,63.19,58.51,54.95,50.18,45.88,45.26,45.4,49.72,70.02,92.81,93.1,85.0,82.58,76.6,72.29,70.0,71.78,64.7,72.69
44.05,46.48,49.73,59.69,63.5,65.83,56.11,40.26,38.62,38.65,33.31,33.68,33.31,32.52,32.99,33.31,36.98,41.93,41.09,40.0,39.94,42.3,40.01,38.9,32.91,34.0,39.34,54.02,49.99,67.15,47.4,46.14,45.68,39.93,43.46,37.15,34.6,34.49,34.6,38.7,56.74,62.02,60.54,59.7,59.57,53.22,51.39,50.35,49.78,48.92,74.2,58.14,108.79,104.94,73.8,54.8,59.85,47.8,39.9,35.07,34.74,35.87,36.74,39.78,59.0,68.88,56.06,65.49,60.0,68.75,82.79,63.17,63.39,64.66,68.7,87.85,155.83,108.86,79.35,65.66,63.19,58.51,54.95,50.18,45.88,45.26,45.4,49.72,70.02,92.81,93.1,85.0,82.58,76.6,72.29,70.0,71.78,64.7,72.69,86.98
46.48,49.73,59.69,63.5,65.83,56.11,40.26,38.62,38.65,33.31,33.68,33.31,32.52,32.99,33.31,36.98,41.93,41.09,40.0,39.94,42.3,40.01,38.9,32.91,34.0,39.34,54.02,49.99,67.15,47.4,46.14,45.68,39.93,43.46,37.15,34.6,34.49,34.6,38.7,56.74,62.02,60.54,59.7,59.57,53.22,51.39,50.35,49.78,48.92,74.2,58.14,108.79,104.94,73.8,54.8,59.85,47.8,39.9,35.07,34.74,35.87,36.74,39.78,59.0,68.88,56.06,65.49,60.0,68.75,82.79,63.17,63.39,64.66,68.7,87.85,155.83,108.86,79.35,65.66,63.19,58.51,54.95,50.18,45.88,45.26,45.4,49.72,70.02,92.81,93.1,85.0,82.58,76.6,72.29,70.0,71.78,64.7,72.69,86.98,134.87
49.73,59.69,63.5,65.83,56.11,40.26,38.62,38.65,33.31,33.68,33.31,32.52,32.99,33.31,36.98,41.93,41.09,40.0,39.94,42.3,40.01,38.9,32.91,34.0,39.34,54.02,49.99,67.15,47.4,46.14,45.68,39.93,43.46,37.15,34.6,34.49,34.6,38.7,56.74,62.02,60.54,59.7,59.57,53.22,51.39,50.35,49.78,48.92,74.2,58.14,108.79,104.94,73.8,54.8,59.85,47.8,39.9,35.07,34.74,35.87,36.74,39.78,59.0,68.88,56.06,65.49,60.0,68.75,82.79,63.17,63.39,64.66,68.7,87.85,155.83,108.86,79.35,65.66,63.19,58.51,54.95,50.18,45.88,45.26,45.4,49.72,70.02,92.81,93.1,85.0,82.58,76.6,72.29,70.0,71.78,64.7,72.69,86.98,134.87,107.46
59.69,63.5,65.83,56.11,40.26,38.62,38.65,33.31,33.68,33.31,32.52,32.99,33.31,36.98,41.93,41.09,40.0,39.94,42.3,40.01,38.9,32.91,34.0,39.34,54.02,49.99,67.15,47.4,46.14,45.68,39.93,43.46,37.15,34.6,34.49,34.6,38.7,56.74,62.02,60.54,59.7,59.57,53.22,51.39,50.35,49.78,48.92,74.2,58.14,108.79,104.94,73.8,54.8,59.85,47.8,39.9,35.07,34.74,35.87,36.74,39.78,59.0,68.88,56.06,65.49,60.0,68.75,82.79,63.17,63.39,64.66,68.7,87.85,155.83,108.86,79.35,65.66,63.19,58.51,54.95,50.18,45.88,45.26,45.4,49.72,70.02,92.81,93.1,85.0,82.58,76.6,72.29,70.0,71.78,64.7,72.69,86.98,134.87,107.46,70.0
63.5,65.83,56.11,40.26,38.62,38.65,33.31,33.68,33.31,32.52,32.99,33.31,36.98,41.93,41.09,40.0,39.94,42.3,40.01,38.9,32.91,34.0,39.34,54.02,49.99,67.15,47.4,46.14,45.68,39.93,43.46,37.15,34.6,34.49,34.6,38.7,56.74,62.02,60.54,59.7,59.57,53.22,51.39,50.35,49.78,48.92,74.2,58.14,108.79,104.94,73.8,54.8,59.85,47.8,39.9,35.07,34.74,35.87,36.74,39.78,59.0,68.88,56.06,65.49,60.0,68.75,82.79,63.17,63.39,64.66,68.7,87.85,155.83,108.86,79.35,65.66,63.19,58.51,54.95,50.18,45.88,45.26,45.4,49.72,70.02,92.81,93.1,85.0,82.58,76.6,72.29,70.0,71.78,64.7,72.69,86.98,134.87,107.46,70.0,58.61
65.83,56.11,40.26,38.62,38.65,33.31,33.68,33.31,32.52,32.99,33.31,36.98,41.93,41.09,40.0,39.94,42.3,40.01,38.9,32.91,34.0,39.34,54.02,49.99,67.15,47.4,46.14,45.68,39.93,43.46,37.15,34.6,34.49,34.6,38.7,56.74,62.02,60.54,59.7,59.57,53.22,51.39,50.35,49.78,48.92,74.2,58.14,108.79,104.94,73.8,54.8,59.85,47.8,39.9,35.07,34.74,35.87,36.74,39.78,59.0,68.88,56.06,65.49,60.0,68.75,82.79,63.17,63.39,64.66,68.7,87.85,155.83,108.86,79.35,65.66,63.19,58.51,54.95,50.18,45.88,45.26,45.4,49.72,70.02,92.81,93.1,85.0,82.58,76.6,72.29,70.0,71.78,64.7,72.69,86.98,134.87,107.46,70.0,58.61,54.71
56.11,40.26,38.62,38.65,33.31,33.68,33.31,32.52,32.99,33.31,36.98,41.93,41.09,40.0,39.94,42.3,40.01,38.9,32.91,34.0,39.34,54.02,49.99,67.15,47.4,46.14,45.68,39.93,43.46,37.15,34.6,34.49,34.6,38.7,56.74,62.02,60.54,59.7,59.57,53.22,51.39,50.35,49.78,48.92,74.2,58.14,108.79,104.94,73.8,54.8,59.85,47.8,39.9,35.07,34.74,35.87,36.74,39.78,59.0,68.88,56.06,65.49,60.0,68.75,82.79,63.17,63.39,64.66,68.7,87.85,155.83,108.86,79.35,65.66,63.19,58.51,54.95,50.18,45.88,45.26,45.4,49.72,70.02,92.81,93.1,85.0,82.58,76.6,72.29,70.0,71.78,64.7,72.69,86.98,134.87,107.46,70.0,58.61,54.71,53.29
40.26,38.62,38.65,33.31,33.68,33.31,32.52,32.99,33.31,36.98,41.93,41.09,40.0,39.94,42.3,40.01,38.9,32.91,34.0,39.34,54.02,49.99,67.15,47.4,46.14,45.68,39.93,43.46,37.15,34.6,34.49,34.6,38.7,56.74,62.02,60.54,59.7,59.57,53.22,51.39,50.35,49.78,48.92,74.2,58.14,108.79,104.94,73.8,54.8,59.85,47.8,39.9,35.07,34.74,35.87,36.74,39.78,59.0,68.88,56.06,65.49,60.0,68.75,82.79,63.17,63.39,64.66,68.7,87.85,155.83,108.86,79.35,65.66,63.19,58.51,54.95,50.18,45.88,45.26,45.4,49.72,70.02,92.81,93.1,85.0,82.58,76.6,72.29,70.0,71.78,64.7,72.69,86.98,134.87,107.46,70.0,58.61,54.71,53.29,37.05
38.62,38.65,33.31,33.68,33.31,32.52,32.99,33.31,36.98,41.93,41.09,40.0,39.94,42.3,40.01,38.9,32.91,34.0,39.34,54.02,49.99,67.15,47.4,46.14,45.68,39.93,43.46,37.15,34.6,34.49,34.6,38.7,56.74,62.02,60.54,59.7,59.57,53.22,51.39,50.35,49.78,48.92,74.2,58.14,108.79,104.94,73.8,54.8,59.85,47.8,39.9,35.07,34.74,35.87,36.74,39.78,59.0,68.88,56.06,65.49,60.0,68.75,82.79,63.17,63.39,64.66,68.7,87.85,155.83,108.86,79.35,65.66,63.19,58.51,54.95,50.18,45.88,45.26,45.4,49.72,70.02,92.81,93.1,85.0,82.58,76.6,72.29,70.0,71.78,64.7,72.69,86.98,134.87,107.46,70.0,58.61,54.71,53.29,37.05,37.07
38.65,33.31,33.68,33.31,32.52,32.99,33.31,36.98,41.93,41.09,40.0,39.94,42.3,40.01,38.9,32.91,34.0,39.34,54.02,49.99,67.15,47.4,46.14,45.68,39.93,43.46,37.15,34.6,34.49,34.6,38.7,56.74,62.02,60.54,59.7,59.57,53.22,51.39,50.35,49.78,48.92,74.2,58.14,108.79,104.94,73.8,54.8,59.85,47.8,39.9,35.07,34.74,35.87,36.74,39.78,59.0,68.88,56.06,65.49,60.0,68.75,82.79,63.17,63.39,64.66,68.7,87.85,155.83,108.86,79.35,65.66,63.19,58.51,54.95,50.18,45.88,45.26,45.4,49.72,70.02,92.81,93.1,85.0,82.58,76.6,72.29,70.0,71.78,64.7,72.69,86.98,134.87,107.46,70.0,58.61,54.71,53.29,37.05,37.07,37.99
33.31,33.68,33.31,32.52,32.99,33.31,36.98,41.93,41.09,40.0,39.94,42.3,40.01,38.9,32.91,34.0,39.34,54.02,49.99,67.15,47.4,46.14,45.68,39.93,43.46,37.15,34.6,34.49,34.6,38.7,56.74,62.02,60.54,59.7,59.57,53.22,51.39,50.35,49.78,48.92,74.2,58.14,108.79,104.94,73.8,54.8,59.85,47.8,39.9,35.07,34.74,35.87,36.74,39.78,59.0,68.88,56.06,65.49,60.0,68.75,82.79,63.17,63.39,64.66,68.7,87.85,155.83,108.86,79.35,65.66,63.19,58.51,54.95,50.18,45.88,45.26,45.4,49.72,70.02,92.81,93.1,85.0,82.58,76.6,72.29,70.0,71.78,64.7,72.69,86.98,134.87,107.46,70.0,58.61,54.71,53.29,37.05,37.07,37.99,35.97
33.68,33.31,32.52,32.99,33.31,36.98,41.93,41.09,40.0,39.94,42.3,40.01,38.9,32.91,34.0,39.34,54.02,49.99,67.15,47.4,46.14,45.68,39.93,43.46,37.15,34.6,34.49,34.6,38.7,56.74,62.02,60.54,59.7,59.57,53.22,51.39,50.35,49.78,48.92,74.2,58.14,108.79,104.94,73.8,54.8,59.85,47.8,39.9,35.07,34.74,35.87,36.74,39.78,59.0,68.88,56.06,65.49,60.0,68.75,82.79,63.17,63.39,64.66,68.7,87.85,155.83,108.86,79.35,65.66,63.19,58.51,54.95,50.18,45.88,45.26,45.4,49.72,70.02,92.81,93.1,85.0,82.58,76.6,72.29,70.0,71.78,64.7,72.69,86.98,134.87,107.46,70.0,58.61,54.71,53.29,37.05,37.07,37.99,35.97,35.54
33.31,32.52,32.99,33.31,36.98,41.93,41.09,40.0,39.94,42.3,40.01,38.9,32.91,34.0,39.34,54.02,49.99,67.15,47.4,46.14,45.68,39.93,43.46,37.15,34.6,34.49,34.6,38.7,56.74,62.02,60.54,59.7,59.57,53.22,51.39,50.35,49.78,48.92,74.2,58.14,108.79,104.94,73.8,54.8,59.85,47.8,39.9,35.07,34.74,35.87,36.74,39.78,59.0,68.88,56.06,65.49,60.0,68.75,82.79,63.17,63.39,64.66,68.7,87.85,155.83,108.86,79.35,65.66,63.19,58.51,54.95,50.18,45.88,45.26,45.4,49.72,70.02,92.81,93.1,85.0,82.58,76.6,72.29,70.0,71.78,64.7,72.69,86.98,134.87,107.46,70.0,58.61,54.71,53.29,37.05,37.07,37.99,35.97,35.54,35.93
32.52,32.99,33.31,36.98,41.93,41.09,40.0,39.94,42.3,40.01,38.9,32.91,34.0,39.34,54.02,49.99,67.15,47.4,46.14,45.68,39.93,43.46,37.15,34.6,34.49,34.6,38.7,56.74,62.02,60.54,59.7,59.57,53.22,51.39,50.35,49.78,48.92,74.2,58.14,108.79,104.94,73.8,54.8,59.85,47.8,39.9,35.07,34.74,35.87,36.74,39.78,59.0,68.88,56.06,65.49,60.0,68.75,82.79,63.17,63.39,64.66,68.7,87.85,155.83,108.86,79.35,65.66,63.19,58.51,54.95,50.18,45.88,45.26,45.4,49.72,70.02,92.81,93.1,85.0,82.58,76.6,72.29,70.0,71.78,64.7,72.69,86.98,134.87,107.46,70.0,58.61,54.71,53.29,37.05,37.07,37.99,35.97,35.54,35.93,38.4
32.99,33.31,36.98,41.93,41.09,40.0,39.94,42.3,40.01,38.9,32.91,34.0,39.34,54.02,49.99,67.15,47.4,46.14,45.68,39.93,43.46,37.15,34.6,34.49,34.6,38.7,56.74,62.02,60.54,59.7,59.57,53.22,51.39,50.35,49.78,48.92,74.2,58.14,108.79,104.94,73.8,54.8,59.85,47.8,39.9,35.07,34.74,35.87,36.74,39.78,59.0,68.88,56.06,65.49,60.0,68.75,82.79,63.17,63.39,64.66,68.7,87.85,155.83,108.86,79.35,65.66,63.19,58.51,54.95,50.18,45.88,45.26,45.4,49.72,70.02,92.81,93.1,85.0,82.58,76.6,72.29,70.0,71.78,64.7,72.69,86.98,134.87,107.46,70.0,58.61,54.71,53.29,37.05,37.07,37.99,35.97,35.54,35.93,38.4,37.02
33.31,36.98,41.93,41.09,40.0,39.94,42.3,40.01,38.9,32.91,34.0,39.34,54.02,49.99,67.15,47.4,46.14,45.68,39.93,43.46,37.15,34.6,34.49,34.6,38.7,56.74,62.02,60.54,59.7,59.57,53.22,51.39,50.35,49.78,48.92,74.2,58.14,108.79,104.94,73.8,54.8,59.85,47.8,39.9,35.07,34.74,35.87,36.74,39.78,59.0,68.88,56.06,65.49,60.0,68.75,82.79,63.17,63.39,64.66,68.7,87.85,155.83,108.86,79.35,65.66,63.19,58.51,54.95,50.18,45.88,45.26,45.4,49.72,70.02,92.81,93.1,85.0,82.58,76.6,72.29,70.0,71.78,64.7,72.69,86.98,134.87,107.46,70.0,58.61,54.71,53.29,37.05,37.07,37.99,35.97,35.54,35.93,38.4,37.02,38.96
36.98,41.93,41.09,40.0,39.94,42.3,40.01,38.9,32.91,34.0,39.34,54.02,49.99,67.15,47.4,46.14,45.68,39.93,43.46,37.15,34.6,34.49,34.6,38.7,56.74,62.02,60.54,59.7,59.57,53.22,51.39,50.35,49.78,48.92,74.2,58.14,108.79,104.94,73.8,54.8,59.85,47.8,39.9,35.07,34.74,35.87,36.74,39.78,59.0,68.88,56.06,65.49,60.0,68.75,82.79,63.17,63.39,64.66,68.7,87.85,155.83,108.86,79.35,65.66,63.19,58.51,54.95,50.18,45.88,45.26,45.4,49.72,70.02,92.81,93.1,85.0,82.58,76.6,72.29,70.0,71.78,64.7,72.69,86.98,134.87,107.46,70.0,58.61,54.71,53.29,37.05,37.07,37.99,35.97,35.54,35.93,38.4,37.02,38.96,39.89
41.93,41.09,40.0,39.94,42.3,40.01,38.9,32.91,34.0,39.34,54.02,49.99,67.15,47.4,46.14,45.68,39.93,43.46,37.15,34.6,34.49,34.6,38.7,56.74,62.02,60.54,59.7,59.57,53.22,51.39,50.35,49.78,48.92,74.2,58.14,108.79,104.94,73.8,54.8,59.85,47.8,39.9,35.07,34.74,35.87,36.74,39.78,59.0,68.88,56.06,65.49,60.0,68.75,82.79,63.17,63.39,64.66,68.7,87.85,155.83,108.86,79.35,65.66,63.19,58.51,54.95,50.18,45.88,45.26,45.4,49.72,70.02,92.81,93.1,85.0,82.58,76.6,72.29,70.0,71.78,64.7,72.69,86.98,134.87,107.46,70.0,58.61,54.71,53.29,37.05,37.07,37.99,35.97,35.54,35.93,38.4,37.02,38.96,39.89,44.72
41.09,40.0,39.94,42.3,40.01,38.9,32.91,34.0,39.34,54.02,49.99,67.15,47.4,46.14,45.68,39.93,43.46,37.15,34.6,34.49,34.6,38.7,56.74,62.02,60.54,59.7,59.57,53.22,51.39,50.35,49.78,48.92,74.2,58.14,108.79,104.94,73.8,54.8,59.85,47.8,39.9,35.07,34.74,35.87,36.74,39.78,59.0,68.88,56.06,65.49,60.0,68.75,82.79,63.17,63.39,64.66,68.7,87.85,155.83,108.86,79.35,65.66,63.19,58.51,54.95,50.18,45.88,45.26,45.4,49.72,70.02,92.81,93.1,85.0,82.58,76.6,72.29,70.0,71.78,64.7,72.69,86.98,134.87,107.46,70.0,58.61,54.71,53.29,37.05,37.07,37.99,35.97,35.54,35.93,38.4,37.02,38.96,39.89,44.72,44.79
40.0,39.94,42.3,40.01,38.9,32.91,34.0,39.34,54.02,49.99,67.15,47.4,46.14,45.68,39.93,43.46,37.15,34.6,34.49,34.6,38.7,56.74,62.02,60.54,59.7,59.57,53.22,51.39,50.35,49.78,48.92,74.2,58.14,108.79,104.94,73.8,54.8,59.85,47.8,39.9,35.07,34.74,35.87,36.74,39.78,59.0,68.88,56.06,65.49,60.0,68.75,82.79,63.17,63.39,64.66,68.7,87.85,155.83,108.86,79.35,65.66,63.19,58.51,54.95,50.18,45.88,45.26,45.4,49.72,70.02,92.81,93.1,85.0,82.58,76.6,72.29,70.0,71.78,64.7,72.69,86.98,134.87,107.46,70.0,58.61,54.71,53.29,37.05,37.07,37.99,35.97,35.54,35.93,38.4,37.02,38.96,39.89,44.72,44.79,46.54
39.94,42.3,40.01,38.9,32.91,34.0,39.34,54.02,49.99,67.15,47.4,46.14,45.68,39.93,43.46,37.15,34.6,34.49,34.6,38.7,56.74,62.02,60.54,59.7,59.57,53.22,51.39,50.35,49.78,48.92,74.2,58.14,108.79,104.94,73.8,54.8,59.85,47.8,39.9,35.07,34.74,35.87,36.74,39.78,59.0,68.88,56.06,65.49,60.0,68.75,82.79,63.17,63.39,64.66,68.7,87.85,155.83,108.86,79.35,65.66,63.19,58.51,54.95,50.18,45.88,45.26,45.4,49.72,70.02,92.81,93.1,85.0,82.58,76.6,72.29,70.0,71.78,64.7,72.69,86.98,134.87,107.46,70.0,58.61,54.71,53.29,37.05,37.07,37.99,35.97,35.54,35.93,38.4,37.02,38.96,39.89,44.72,44.79,46.54,41.14
42.3,40.01,38.9,32.91,34.0,39.34,54.02,49.99,67.15,47.4,46.14,45.68,39.93,43.46,37.15,34.6,34.49,34.6,38.7,56.74,62.02,60.54,59.7,59.57,53.22,51.39,50.35,49.78,48.92,74.2,58.14,108.79,104.94,73.8,54.8,59.85,47.8,39.9,35.07,34.74,35.87,36.74,39.78,59.0,68.88,56.06,65.49,60.0,68.75,82.79,63.17,63.39,64.66,68.7,87.85,155.83,108.86,79.35,65.66,63.19,58.51,54.95,50.18,45.88,45.26,45.4,49.72,70.02,92.81,93.1,85.0,82.58,76.6,72.29,70.0,71.78,64.7,72.69,86.98,134.87,107.46,70.0,58.61,54.71,53.29,37.05,37.07,37.99,35.97,35.54,35.93,38.4,37.02,38.96,39.89,44.72,44.79,46.54,41.14,44.94
40.01,38.9,32.91,34.0,39.34,54.02,49.99,67.15,47.4,46.14,45.68,39.93,43.46,37.15,34.6,34.49,34.6,38.7,56.74,62.02,60.54,59.7,59.57,53.22,51.39,50.35,49.78,48.92,74.2,58.14,108.79,104.94,73.8,54.8,59.85,47.8,39.9,35.07,34.74,35.87,36.74,39.78,59.0,68.88,56.06,65.49,60.0,68.75,82.79,63.17,63.39,64.66,68.7,87.85,155.83,108.86,79.35,65.66,63.19,58.51,54.95,50.18,45.88,45.26,45.4,49.72,70.02,92.81,93.1,85.0,82.58,76.6,72.29,70.0,71.78,64.7,72.69,86.98,134.87,107.46,70.0,58.61,54.71,53.29,37.05,37.07,37.99,35.97,35.54,35.93,38.4,37.02,38.96,39.89,44.72,44.79,46.54,41.14,44.94,38.88
38.9,32.91,34.0,39.34,54.02,49.99,67.15,47.4,46.14,45.68,39.93,43.46,37.15,34.6,34.49,34.6,38.7,56.74,62.02,60.54,59.7,59.57,53.22,51.39,50.35,49.78,48.92,74.2,58.14,108.79,104.94,73.8,54.8,59.85,47.8,39.9,35.07,34.74,35.87,36.74,39.78,59.0,68.88,56.06,65.49,60.0,68.75,82.79,63.17,63.39,64.66,68.7,87.85,155.83,108.86,79.35,65.66,63.19,58.51,54.95,50.18,45.88,45.26,45.4,49.72,70.02,92.81,93.1,85.0,82.58,76.6,72.29,70.0,71.78,64.7,72.69,86.98,134.87,107.46,70.0,58.61,54.71,53.29,37.05,37.07,37.99,35.97,35.54,35.93,38.4,37.02,38.96,39.89,44.72,44.79,46.54,41.14,44.94,38.88,42.65
32.91,34.0,39.34,54.02,49.99,67.15,47.4,46.14,45.68,39.93,43.46,37.15,34.6,34.49,34.6,38.7,56.74,62.02,60.54,59.7,59.57,53.22,51.39,50.35,49.78,48.92,74.2,58.14,108.79,104.94,73.8,54.8,59.85,47.8,39.9,35.07,34.74,35.87,36.74,39.78,59.0,68.88,56.06,65.49,60.0,68.75,82.79,63.17,63.39,64.66,68.7,87.85,155.83,108.86,79.35,65.66,63.19,58.51,54.95,50.18,45.88,45.26,45.4,49.72,70.02,92.81,93.1,85.0,82.58,76.6,72.29,70.0,71.78,64.7,72.69,86.98,134.87,107.46,70.0,58.61,54.71,53.29,37.05,37.07,37.99,35.97,35.54,35.93,38.4,37.02,38.96,39.89,44.72,44.79,46.54,41.14,44.94,38.88,42.65,48.1
34.0,39.34,54.02,49.99,67.15,47.4,46.14,45.68,39.93,43.46,37.15,34.6,34.49,34.6,38.7,56.74,62.02,60.54,59.7,59.57,53.22,51.39,50.35,49.78,48.92,74.2,58.14,108.79,104.94,73.8,54.8,59.85,47.8,39.9,35.07,34.74,35.87,36.74,39.78,59.0,68.88,56.06,65.49,60.0,68.75,82.79,63.17,63.39,64.66,68.7,87.85,155.83,108.86,79.35,65.66,63.19,58.51,54.95,50.18,45.88,45.26,45.4,49.72,70.02,92.81,93.1,85.0,82.58,76.6,72.29,70.0,71.78,64.7,72.69,86.98,134.87,107.46,70.0,58.61,54.71,53.29,37.05,37.07,37.99,35.97,35.54,35.93,38.4,37.02,38.96,39.89,44.72,44.79,46.54,41.14,44.94,38.88,42.65,48.1,44.78
39.34,54.02,49.99,67.15,47.4,46.14,45.68,39.93,43.46,37.15,34.6,34.49,34.6,38.7,56.74,62.02,60.54,59.7,59.57,53.22,51.39,50.35,49.78,48.92,74.2,58.14,108.79,104.94,73.8,54.8,59.85,47.8,39.9,35.07,34.74,35.87,36.74,39.78,59.0,68.88,56.06,65.49,60.0,68.75,82.79,63.17,63.39,64.66,68.7,87.85,155.83,108.86,79.35,65.66,63.19,58.51,54.95,50.18,45.88,45.26,45.4,49.72,70.02,92.81,93.1,85.0,82.58,76.6,72.29,70.0,71.78,64.7,72.69,86.98,134.87,107.46,70.0,58.61,54.71,53.29,37.05,37.07,37.99,35.97,35.54,35.93,38.4,37.02,38.96,39.89,44.72,44.79,46.54,41.14,44.94,38.88,42.65,48.1,44.78,40.91
54.02,49.99,67.15,47.4,46.14,45.68,39.93,43.46,37.15,34.6,34.49,34.6,38.7,56.74,62.02,60.54,59.7,59.57,53.22,51.39,50.35,49.78,48.92,74.2,58.14,108.79,104.94,73.8,54.8,59.85,47.8,39.9,35.07,34.74,35.87,36.74,39.78,59.0,68.88,56.06,65.49,60.0,68.75,82.79,63.17,63.39,64.66,68.7,87.85,155.83,108.86,79.35,65.66,63.19,58.51,54.95,50.18,45.88,45.26,45.4,49.72,70.02,92.81,93.1,85.0,82.58,76.6,72.29,70.0,71.78,64.7,72.69,86.98,134.87,107.46,70.0,58.61,54.71,53.29,37.05,37.07,37.99,35.97,35.54,35.93,38.4,37.02,38.96,39.89,44.72,44.79,46.54,41.14,44.94,38.88,42.65,48.1,44.78,40.91,37.07
49.99,67.15,47.4,46.14,45.68,39.93,43.46,37.15,34.6,34.49,34.6,38.7,56.74,62.02,60.54,59.7,59.57,53.22,51.39,50.35,49.78,48.92,74.2,58.14,108.79,104.94,73.8,54.8,59.85,47.8,39.9,35.07,34.74,35.87,36.74,39.78,59.0,68.88,56.06,65.49,60.0,68.75,82.79,63.17,63.39,64.66,68.7,87.85,155.83,108.86,79.35,65.66,63.19,58.51,54.95,50.18,45.88,45.26,45.4,49.72,70.02,92.81,93.1,85.0,82.58,76.6,72.29,70.0,71.78,64.7,72.69,86.98,134.87,107.46,70.0,58.61,54.71,53.29,37.05,37.07,37.99,35.97,35.54,35.93,38.4,37.02,38.96,39.89,44.72,44.79,46.54,41.14,44.94,38.88,42.65,48.1,44.78,40.91,37.07,35.9
67.15,47.4,46.14,45.68,39.93,43.46,37.15,34.6,34.49,34.6,38.7,56.74,62.02,60.54,59.7,59.57,53.22,51.39,50.35,49.78,48.92,74.2,58.14,108.79,104.94,73.8,54.8,59.85,47.8,39.9,35.07,34.74,35.87,36.74,39.78,59.0,68.88,56.06,65.49,60.0,68.75,82.79,63.17,63.39,64.66,68.7,87.85,155.83,108.86,79.35,65.66,63.19,58.51,54.95,50.18,45.88,45.26,45.4,49.72,70.02,92.81,93.1,85.0,82.58,76.6,72.29,70.0,71.78,64.7,72.69,86.98,134.87,107.46,70.0,58.61,54.71,53.29,37.05,37.07,37.99,35.97,35.54,35.93,38.4,37.02,38.96,39.89,44.72,44.79,46.54,41.14,44.94,38.88,42.65,48.1,44.78,40.91,37.07,35.9,40.0
47.4,46.14,45.68,39.93,43.46,37.15,34.6,34.49,34.6,38.7,56.74,62.02,60.54,59.7,59.57,53.22,51.39,50.35,49.78,48.92,74.2,58.14,108.79,104.94,73.8,54.8,59.85,47.8,39.9,35.07,34.74,35.87,36.74,39.78,59.0,68.88,56.06,65.49,60.0,68.75,82.79,63.17,63.39,64.66,68.7,87.85,155.83,108.86,79.35,65.66,63.19,58.51,54.95,50.18,45.88,45.26,45.4,49.72,70.02,92.81,93.1,85.0,82.58,76.6,72.29,70.0,71.78,64.7,72.69,86.98,134.87,107.46,70.0,58.61,54.71,53.29,37.05,37.07,37.99,35.97,35.54,35.93,38.4,37.02,38.96,39.89,44.72,44.79,46.54,41.14,44.94,38.88,42.65,48.1,44.78,40.91,37.07,35.9,40.0,45.86
46.14,45.68,39.93,43.46,37.15,34.6,34.49,34.6,38.7,56.74,62.02,60.54,59.7,59.57,53.22,51.39,50.35,49.78,48.92,74.2,58.14,108.79,104.94,73.8,54.8,59.85,47.8,39.9,35.07,34.74,35.87,36.74,39.78,59.0,68.88,56.06,65.49,60.0,68.75,82.79,63.17,63.39,64.66,68.7,87.85,155.83,108.86,79.35,65.66,63.19,58.51,54.95,50.18,45.88,45.26,45.4,49.72,70.02,92.81,93.1,85.0,82.58,76.6,72.29,70.0,71.78,64.7,72.69,86.98,134.87,107.46,70.0,58.61,54.71,53.29,37.05,37.07,37.99,35.97,35.54,35.93,38.4,37.02,38.96,39.89,44.72,44.79,46.54,41.14,44.94,38.88,42.65,48.1,44.78,40.91,37.07,35.9,40.0,45.86,39.66
45.68,39.93,43.46,37.15,34.6,34.49,34.6,38.7,56.74,62.02,60.54,59.7,59.57,53.22,51.39,50.35,49.78,48.92,74.2,58.14,108.79,104.94,73.8,54.8,59.85,47.8,39.9,35.07,34.74,35.87,36.74,39.78,59.0,68.88,56.06,65.49,60.0,68.75,82.79,63.17,63.39,64.66,68.7,87.85,155.83,108.86,79.35,65.66,63.19,58.51,54.95,50.18,45.88,45.26,45.4,49.72,70.02,92.81,93.1,85.0,82.58,76.6,72.29,70.0,71.78,64.7,72.69,86.98,134.87,107.46,70.0,58.61,54.71,53.29,37.05,37.07,37.99,35.97,35.54,35.93,38.4,37.02,38.96,39.89,44.72,44.79,46.54,41.14,44.94,38.88,42.65,48.1,44.78,40.91,37.07,35.9,40.0,45.86,39.66,35.3
39.93,43.46,37.15,34.6,34.49,34.6,38.7,56.74,62.02,60.54,59.7,59.57,53.22,51.39,50.35,49.78,48.92,74.2,58.14,108.79,104.94,73.8,54.8,59.85,47.8,39.9,35.07,34.74,35.87,36.74,39.78,59.0,68.88,56.06,65.49,60.0,68.75,82.79,63.17,63.39,64.66,68.7,87.85,155.83,108.86,79.35,65.66,63.19,58.51,54.95,50.18,45.88,45.26,45.4,49.72,70.02,92.81,93.1,85.0,82.58,76.6,72.29,70.0,71.78,64.7,72.69,86.98,134.87,107.46,70.0,58.61,54.71,53.29,37.05,37.07,37.99,35.97,35.54,35.93,38.4,37.02,38.96,39.89,44.72,44.79,46.54,41.14,44.94,38.88,42.65,48.1,44.78,40.91,37.07,35.9,40.0,45.86,39.66,35.3,35.49
43.46,37.15,34.6,34.49,34.6,38.7,56.74,62.02,60.54,59.7,59.57,53.22,51.39,50.35,49.78,48.92,74.2,58.14,108.79,104.94,73.8,54.8,59.85,47.8,39.9,35.07,34.74,35.87,36.74,39.78,59.0,68.88,56.06,65.49,60.0,68.75,82.79,63.17,63.39,64.66,68.7,87.85,155.83,108.86,79.35,65.66,63.19,58.51,54.95,50.18,45.88,45.26,45.4,49.72,70.02,92.81,93.1,85.0,82.58,76.6,72.29,70.0,71.78,64.7,72.69,86.98,134.87,107.46,70.0,58.61,54.71,53.29,37.05,37.07,37.99,35.97,35.54,35.93,38.4,37.02,38.96,39.89,44.72,44.79,46.54,41.14,44.94,38.88,42.65,48.1,44.78,40.91,37.07,35.9,40.0,45.86,39.66,35.3,35.49,33.16
37.15,34.6,34.49,34.6,38.7,56.74,62.02,60.54,59.7,59.57,53.22,51.39,50.35,49.78,48.92,74.2,58.14,108.79,104.94,73.8,54.8,59.85,47.8,39.9,35.07,34.74,35.87,36.74,39.78,59.0,68.88,56.06,65.49,60.0,68.75,82.79,63.17,63.39,64.66,68.7,87.85,155.83,108.86,79.35,65.66,63.19,58.51,54.95,50.18,45.88,45.26,45.4,49.72,70.02,92.81,93.1,85.0,82.58,76.6,72.29,70.0,71.78,64.7,72.69,86.98,134.87,107.46,70.0,58.61,54.71,53.29,37.05,37.07,37.99,35.97,35.54,35.93,38.4,37.02,38.96,39.89,44.72,44.79,46.54,41.14,44.94,38.88,42.65,48.1,44.78,40.91,37.07,35.9,40.0,45.86,39.66,35.3,35.49,33.16,30.1
34.6,34.49,34.6,38.7,56.74,62.02,60.54,59.7,59.57,53.22,51.39,50.35,49.78,48.92,74.2,58.14,108.79,104.94,73.8,54.8,59.85,47.8,39.9,35.07,34.74,35.87,36.74,39.78,59.0,68.88,56.06,65.49,60.0,68.75,82.79,63.17,63.39,64.66,68.7,87.85,155.83,108.86,79.35,65.66,63.19,58.51,54.95,50.18,45.88,45.26,45.4,49.72,70.02,92.81,93.1,85.0,82.58,76.6,72.29,70.0,71.78,64.7,72.69,86.98,134.87,107.46,70.0,58.61,54.71,53.29,37.05,37.07,37.99,35.97,35.54,35.93,38.4,37.02,38.96,39.89,44.72,44.79,46.54,41.14,44.94,38.88,42.65,48.1,44.78,40.91,37.07,35.9,40.0,45.86,39.66,35.3,35.49,33.16,30.1,29.82
34.49,34.6,38.7,56.74,62.02,60.54,59.7,59.57,53.22,51.39,50.35,49.78,48.92,74.2,58.14,108.79,104.94,73.8,54.8,59.85,47.8,39.9,35.07,34.74,35.87,36.74,39.78,59.0,68.88,56.06,65.49,60.0,68.75,82.79,63.17,63.39,64.66,68.7,87.85,155.83,108.86,79.35,65.66,63.19,58.51,54.95,50.18,45.88,45.26,45.4,49.72,70.02,92.81,93.1,85.0,82.58,76.6,72.29,70.0,71.78,64.7,72.69,86.98,134.87,107.46,70.0,58.61,54.71,53.29,37.05,37.07,37.99,35.97,35.54,35.93,38.4,37.02,38.96,39.89,44.72,44.79,46.54,41.14,44.94,38.88,42.65,48.1,44.78,40.91,37.07,35.9,40.0,45.86,39.66,35.3,35.49,33.16,30.1,29.82,30.89
34.6,38.7,56.74,62.02,60.54,59.7,59.57,53.22,51.39,50.35,49.78,48.92,74.2,58.14,108.79,104.94,73.8,54.8,59.85,47.8,39.9,35.07,34.74,35.87,36.74,39.78,59.0,68.88,56.06,65.49,60.0,68.75,82.79,63.17,63.39,64.66,68.7,87.85,155.83,108.86,79.35,65.66,63.19,58.51,54.95,50.18,45.88,45.26,45.4,49.72,70.02,92.81,93.1,85.0,82.58,76.6,72.29,70.0,71.78,64.7,72.69,86.98,134.87,107.46,70.0,58.61,54.71,53.29,37.05,37.07,37.99,35.97,35.54,35.93,38.4,37.02,38.96,39.89,44.72,44.79,46.54,41.14,44.94,38.88,42.65,48.1,44.78,40.91,37.07,35.9,40.0,45.86,39.66,35.3,35.49,33.16,30.1,29.82,30.89,30.89
38.7,56.74,62.02,60.54,59.7,59.57,53.22,51.39,50.35,49.78,48.92,74.2,58.14,108.79,104.94,73.8,54.8,59.85,47.8,39.9,35.07,34.74,35.87,36.74,39.78,59.0,68.88,56.06,65.49,60.0,68.75,82.79,63.17,63.39,64.66,68.7,87.85,155.83,108.86,79.35,65.66,63.19,58.51,54.95,50.18,45.88,45.26,45.4,49.72,70.02,92.81,93.1,85.0,82.58,76.6,72.29,70.0,71.78,64.7,72.69,86.98,134.87,107.46,70.0,58.61,54.71,53.29,37.05,37.07,37.99,35.97,35.54,35.93,38.4,37.02,38.96,39.89,44.72,44.79,46.54,41.14,44.94,38.88,42.65,48.1,44.78,40.91,37.07,35.9,40.0,45.86,39.66,35.3,35.49,33.16,30.1,29.82,30.89,30.89,33.81
56.74,62.02,60.54,59.7,59.57,53.22,51.39,50.35,49.78,48.92,74.2,58.14,108.79,104.94,73.8,54.8,59.85,47.8,39.9,35.07,34.74,35.87,36.74,39.78,59.0,68.88,56.06,65.49,60.0,68.75,82.79,63.17,63.39,64.66,68.7,87.85,155.83,108.86,79.35,65.66,63.19,58.51,54.95,50.18,45.88,45.26,45.4,49.72,70.02,92.81,93.1,85.0,82.58,76.6,72.29,70.0,71.78,64.7,72.69,86.98,134.87,107.46,70.0,58.61,54.71,53.29,37.05,37.07,37.99,35.97,35.54,35.93,38.4,37.02,38.96,39.89,44.72,44.79,46.54,41.14,44.94,38.88,42.65,48.1,44.78,40.91,37.07,35.9,40.0,45.86,39.66,35.3,35.49,33.16,30.1,29.82,30.89,30.89,33.81,37.88
62.02,60.54,59.7,59.57,53.22,51.39,50.35,49.78,48.92,74.2,58.14,108.79,104.94,73.8,54.8,59.85,47.8,39.9,35.07,34.74,35.87,36.74,39.78,59.0,68.88,56.06,65.49,60.0,68.75,82.79,63.17,63.39,64.66,68.7,87.85,155.83,108.86,79.35,65.66,63.19,58.51,54.95,50.18,45.88,45.26,45.4,49.72,70.02,92.81,93.1,85.0,82.58,76.6,72.29,70.0,71.78,64.7,72.69,86.98,134.87,107.46,70.0,58.61,54.71,53.29,37.05,37.07,37.99,35.97,35.54,35.93,38.4,37.02,38.96,39.89,44.72,44.79,46.54,41.14,44.94,38.88,42.65,48.1,44.78,40.91,37.07,35.9,40.0,45.86,39.66,35.3,35.49,33.16,30.1,29.82,30.89,30.89,33.81,37.88,40.66
60.54,59.7,59.57,53.22,51.39,50.35,49.78,48.92,74.2,58.14,108.79,104.94,73.8,54.8,59.85,47.8,39.9,35.07,34.74,35.87,36.74,39.78,59.0,68.88,56.06,65.49,60.0,68.75,82.79,63.17,63.39,64.66,68.7,87.85,155.83,108.86,79.35,65.66,63.19,58.51,54.95,50.18,45.88,45.26,45.4,49.72,70.02,92.81,93.1,85.0,82.58,76.6,72.29,70.0,71.78,64.7,72.69,86.98,134.87,107.46,70.0,58.61,54.71,53.29,37.05,37.07,37.99,35.97,35.54,35.93,38.4,37.02,38.96,39.89,44.72,44.79,46.54,41.14,44.94,38.88,42.65,48.1,44.78,40.91,37.07,35.9,40.0,45.86,39.66,35.3,35.49,33.16,30.1,29.82,30.89,30.89,33.81,37.88,40.66,41.68
59.7,59.57,53.22,51.39,50.35,49.78,48.92,74.2,58.14,108.79,104.94,73.8,54.8,59.85,47.8,39.9,35.07,34.74,35.87,36.74,39.78,59.0,68.88,56.06,65.49,60.0,68.75,82.79,63.17,63.39,64.66,68.7,87.85,155.83,108.86,79.35,65.66,63.19,58.51,54.95,50.18,45.88,45.26,45.4,49.72,70.02,92.81,93.1,85.0,82.58,76.6,72.29,70.0,71.78,64.7,72.69,86.98,134.87,107.46,70.0,58.61,54.71,53.29,37.05,37.07,37.99,35.97,35.54,35.93,38.4,37.02,38.96,39.89,44.72,44.79,46.54,41.14,44.94,38.88,42.65,48.1,44.78,40.91,37.07,35.9,40.0,45.86,39.66,35.3,35.49,33.16,30.1,29.82,30.89,30.89,33.81,37.88,40.66,41.68,42.55
59.57,53.22,51.39,50.35,49.78,48.92,74.2,58.14,108.79,104.94,73.8,54.8,59.85,47.8,39.9,35.07,34.74,35.87,36.74,39.78,59.0,68.88,56.06,65.49,60.0,68.75,82.79,63.17,63.39,64.66,68.7,87.85,155.83,108.86,79.35,65.66,63.19,58.51,54.95,50.18,45.88,45.26,45.4,49.72,70.02,92.81,93.1,85.0,82.58,76.6,72.29,70.0,71.78,64.7,72.69,86.98,134.87,107.46,70.0,58.61,54.71,53.29,37.05,37.07,37.99,35.97,35.54,35.93,38.4,37.02,38.96,39.89,44.72,44.79,46.54,41.14,44.94,38.88,42.65,48.1,44.78,40.91,37.07,35.9,40.0,45.86,39.66,35.3,35.49,33.16,30.1,29.82,30.89,30.89,33.81,37.88,40.66,41.68,42.55,41.86
53.22,51.39,50.35,49.78,48.92,74.2,58.14,108.79,104.94,73.8,54.8,59.85,47.8,39.9,35.07,34.74,35.87,36.74,39.78,59.0,68.88,56.06,65.49,60.0,68.75,82.79,63.17,63.39,64.66,68.7,87.85,155.83,108.86,79.35,65.66,63.19,58.51,54.95,50.18,45.88,45.26,45.4,49.72,70.02,92.81,93.1,85.0,82.58,76.6,72.29,70.0,71.78,64.7,72.69,86.98,134.87,107.46,70.0,58.61,54.71,53.29,37.05,37.07,37.99,35.97,35.54,35.93,38.4,37.02,38.96,39.89,44.72,44.79,46.54,41.14,44.94,38.88,42.65,48.1,44.78,40.91,37.07,35.9,40.0,45.86,39.66,35.3,35.49,33.16,30.1,29.82,30.89,30.89,33.81,37.88,40.66,41.68,42.55,41.86,37.33
51.39,50.35,49.78,48.92,74.2,58.14,108.79,104.94,73.8,54.8,59.85,47.8,39.9,35.07,34.74,35.87,36.74,39.78,59.0,68.88,56.06,65.49,60.0,68.75,82.79,63.17,63.39,64.66,68.7,87.85,155.83,108.86,79.35,65.66,63.19,58.51,54.95,50.18,45.88,45.26,45.4,49.72,70.02,92.81,93.1,85.0,82.58,76.6,72.29,70.0,71.78,64.7,72.69,86.98,134.87,107.46,70.0,58.61,54.71,53.29,37.05,37.07,37.99,35.97,35.54,35.93,38.4,37.02,38.96,39.89,44.72,44.79,46.54,41.14,44.94,38.88,42.65,48.1,44.78,40.91,37.07,35.9,40.0,45.86,39.66,35.3,35.49,33.16,30.1,29.82,30.89,30.89,33.81,37.88,40.66,41.68,42.55,41.86,37.33,37.0
50.35,49.78,48.92,74.2,58.14,108.79,104.94,73.8,54.8,59.85,47.8,39.9,35.07,34.74,35.87,36.74,39.78,59.0,68.88,56.06,65.49,60.0,68.75,82.79,63.17,63.39,64.66,68.7,87.85,155.83,108.86,79.35,65.66,63.19,58.51,54.95,50.18,45.88,45.26,45.4,49.72,70.02,92.81,93.1,85.0,82.58,76.6,72.29,70.0,71.78,64.7,72.69,86.98,134.87,107.46,70.0,58.61,54.71,53.29,37.05,37.07,37.99,35.97,35.54,35.93,38.4,37.02,38.96,39.89,44.72,44.79,46.54,41.14,44.94,38.88,42.65,48.1,44.78,40.91,37.07,35.9,40.0,45.86,39.66,35.3,35.49,33.16,30.1,29.82,30.89,30.89,33.81,37.88,40.66,41.68,42.55,41.86,37.33,37.0,39.5
49.78,48.92,74.2,58.14,108.79,104.94,73.8,54.8,59.85,47.8,39.9,35.07,34.74,35.87,36.74,39.78,59.0,68.88,56.06,65.49,60.0,68.75,82.79,63.17,63.39,64.66,68.7,87.85,155.83,108.86,79.35,65.66,63.19,58.51,54.95,50.18,45.88,45.26,45.4,49.72,70.02,92.81,93.1,85.0,82.58,76.6,72.29,70.0,71.78,64.7,72.69,86.98,134.87,107.46,70.0,58.61,54.71,53.29,37.05,37.07,37.99,35.97,35.54,35.93,38.4,37.02,38.96,39.89,44.72,44.79,46.54,41.14,44.94,38.88,42.65,48.1,44.78,40.91,37.07,35.9,40.0,45.86,39.66,35.3,35.49,33.16,30.1,29.82,30.89,30.89,33.81,37.88,40.66,41.68,42.55,41.86,37.33,37.0,39.5,49.7
48.92,74.2,58.14,108.79,104.94,73.8,54.8,59.85,47.8,39.9,35.07,34.74,35.87,36.74,39.78,59.0,68.88,56.06,65.49,60.0,68.75,82.79,63.17,63.39,64.66,68.7,87.85,155.83,108.86,79.35,65.66,63.19,58.51,54.95,50.18,45.88,45.26,45.4,49.72,70.02,92.81,93.1,85.0,82.58,76.6,72.29,70.0,71.78,64.7,72.69,86.98,134.87,107.46,70.0,58.61,54.71,53.29,37.05,37.07,37.99,35.97,35.54,35.93,38.4,37.02,38.96,39.89,44.72,44.79,46.54,41.14,44.94,38.88,42.65,48.1,44.78,40.91,37.07,35.9,40.0,45.86,39.66,35.3,35.49,33.16,30.1,29.82,30.89,30.89,33.81,37.88,40.66,41.68,42.55,41.86,37.33,37.0,39.5,49.7,63.25
74.2,58.14,108.79,104.94,73.8,54.8,59.85,47.8,39.9,35.07,34.74,35.87,36.74,39.78,59.0,68.88,56.06,65.49,60.0,68.75,82.79,63.17,63.39,64.66,68.7,87.85,155.83,108.86,79.35,65.66,63.19,58.51,54.95,50.18,45.88,45.26,45.4,49.72,70.02,92.81,93.1,85.0,82.58,76.6,72.29,70.0,71.78,64.7,72.69,86.98,134.87,107.46,70.0,58.61,54.71,53.29,37.05,37.07,37.99,35.97,35.54,35.93,38.4,37.02,38.96,39.89,44.72,44.79,46.54,41.14,44.94,38.88,42.65,48.1,44.78,40.91,37.07,35.9,40.0,45.86,39.66,35.3,35.49,33.16,30.1,29.82,30.89,30.89,33.81,37.88,40.66,41.68,42.55,41.86,37.33,37.0,39.5,49.7,63.25,55.0
58.14,108.79,104.94,73.8,54.8,59.85,47.8,39.9,35.07,34.74,35.87,36.74,39.78,59.0,68.88,56.06,65.49,60.0,68.75,82.79,63.17,63.39,64.66,68.7,87.85,155.83,108.86,79.35,65.66,63.19,58.51,54.95,50.18,45.88,45.26,45.4,49.72,70.02,92.81,93.1,85.0,82.58,76.6,72.29,70.0,71.78,64.7,72.69,86.98,134.87,107.46,70.0,58.61,54.71,53.29,37.05,37.07,37.99,35.97,35.54,35.93,38.4,37.02,38.96,39.89,44.72,44.79,46.54,41.14,44.94,38.88,42.65,48.1,44.78,40.91,37.07,35.9,40.0,45.86,39.66,35.3,35.49,33.16,30.1,29.82,30.89,30.89,33.81,37.88,40.66,41.68,42.55,41.86,37.33,37.0,39.5,49.7,63.25,55.0,46.81
108.79,104.94,73.8,54.8,59.85,47.8,39.9,35.07,34.74,35.87,36.74,39.78,59.0,68.88,56.06,65.49,60.0,68.75,82.79,63.17,63.39,64.66,68.7,87.85,155.83,108.86,79.35,65.66,63.19,58.51,54.95,50.18,45.88,45.26,45.4,49.72,70.02,92.81,93.1,85.0,82.58,76.6,72.29,70.0,71.78,64.7,72.69,86.98,134.87,107.46,70.0,58.61,54.71,53.29,37.05,37.07,37.99,35.97,35.54,35.93,38.4,37.02,38.96,39.89,44.72,44.79,46.54,41.14,44.94,38.88,42.65,48.1,44.78,40.91,37.07,35.9,40.0,45.86,39.66,35.3,35.49,33.16,30.1,29.82,30.89,30.89,33.81,37.88,40.66,41.68,42.55,41.86,37.33,37.0,39.5,49.7,63.25,55.0,46.81,44.61
104.94,73.8,54.8,59.85,47.8,39.9,35.07,34.74,35.87,36.74,39.78,59.0,68.88,56.06,65.49,60.0,68.75,82.79,63.17,63.39,64.66,68.7,87.85,155.83,108.86,79.35,65.66,63.19,58.51,54.95,50.18,45.88,45.26,45.4,49.72,70.02,92.81,93.1,85.0,82.58,76.6,72.29,70.0,71.78,64.7,72.69,86.98,134.87,107.46,70.0,58.61,54.71,53.29,37.05,37.07,37.99,35.97,35.54,35.93,38.4,37.02,38.96,39.89,44.72,44.79,46.54,41.14,44.94,38.88,42.65,48.1,44.78,40.91,37.07,35.9,40.0,45.86,39.66,35.3,35.49,33.16,30.1,29.82,30.89,30.89,33.81,37.88,40.66,41.68,42.55,41.86,37.33,37.0,39.5,49.7,63.25,55.0,46.81,44.61,43.47
73.8,54.8,59.85,47.8,39.9,35.07,34.74,35.87,36.74,39.78,59.0,68.88,56.06,65.49,60.0,68.75,82.79,63.17,63.39,64.66,68.7,87.85,155.83,108.86,79.35,65.66,63.19,58.51,54.95,50.18,45.88,45.26,45.4,49.72,70.02,92.81,93.1,85.0,82.58,76.6,72.29,70.0,71.78,64.7,72.69,86.98,134.87,107.46,70.0,58.61,54.71,53.29,37.05,37.07,37.99,35.97,35.54,35.93,38.4,37.02,38.96,39.89,44.72,44.79,46.54,41.14,44.94,38.88,42.65,48.1,44.78,40.91,37.07,35.9,40.0,45.86,39.66,35.3,35.49,33.16,30.1,29.82,30.89,30.89,33.81,37.88,40.66,41.68,42.55,41.86,37.33,37.0,39.5,49.7,63.25,55.0,46.81,44.61,43.47,41.04
54.8,59.85,47.8,39.9,35.07,34.74,35.87,36.74,39.78,59.0,68.88,56.06,65.49,60.0,68.75,82.79,63.17,63.39,64.66,68.7,87.85,155.83,108.86,79.35,65.66,63.19,58.51,54.95,50.18,45.88,45.26,45.4,49.72,70.02,92.81,93.1,85.0,82.58,76.6,72.29,70.0,71.78,64.7,72.69,86.98,134.87,107.46,70.0,58.61,54.71,53.29,37.05,37.07,37.99,35.97,35.54,35.93,38.4,37.02,38.96,39.89,44.72,44.79,46.54,41.14,44.94,38.88,42.65,48.1,44.78,40.91,37.07,35.9,40.0,45.86,39.66,35.3,35.49,33.16,30.1,29.82,30.89,30.89,33.81,37.88,40.66,41.68,42.55,41.86,37.33,37.0,39.5,49.7,63.25,55.0,46.81,44.61,43.47,41.04,42.14
59.85,47.8,39.9,35.07,34.74,35.87,36.74,39.78,59.0,68.88,56.06,65.49,60.0,68.75,82.79,63.17,63.39,64.66,68.7,87.85,155.83,108.86,79.35,65.66,63.19,58.51,54.95,50.18,45.88,45.26,45.4,49.72,70.02,92.81,93.1,85.0,82.58,76.6,72.29,70.0,71.78,64.7,72.69,86.98,134.87,107.46,70.0,58.61,54.71,53.29,37.05,37.07,37.99,35.97,35.54,35.93,38.4,37.02,38.96,39.89,44.72,44.79,46.54,41.14,44.94,38.88,42.65,48.1,44.78,40.91,37.07,35.9,40.0,45.86,39.66,35.3,35.49,33.16,30.1,29.82,30.89,30.89,33.81,37.88,40.66,41.68,42.55,41.86,37.33,37.0,39.5,49.7,63.25,55.0,46.81,44.61,43.47,41.04,42.14,41.36
47.8,39.9,35.07,34.74,35.87,36.74,39.78,59.0,68.88,56.06,65.49,60.0,68.75,82.79,63.17,63.39,64.66,68.7,87.85,155.83,108.86,79.35,65.66,63.19,58.51,54.95,50.18,45.88,45.26,45.4,49.72,70.02,92.81,93.1,85.0,82.58,76.6,72.29,70.0,71.78,64.7,72.69,86.98,134.87,107.46,70.0,58.61,54.71,53.29,37.05,37.07,37.99,35.97,35.54,35.93,38.4,37.02,38.96,39.89,44.72,44.79,46.54,41.14,44.94,38.88,42.65,48.1,44.78,40.91,37.07,35.9,40.0,45.86,39.66,35.3,35.49,33.16,30.1,29.82,30.89,30.89,33.81,37.88,40.66,41.68,42.55,41.86,37.33,37.0,39.5,49.7,63.25,55.0,46.81,44.61,43.47,41.04,42.14,41.36,38.16
39.9,35.07,34.74,35.87,36.74,39.78,59.0,68.88,56.06,65.49,60.0,68.75,82.79,63.17,63.39,64.66,68.7,87.85,155.83,108.86,79.35,65.66,63.19,58.51,54.95,50.18,45.88,45.26,45.4,49.72,70.02,92.81,93.1,85.0,82.58,76.6,72.29,70.0,71.78,64.7,72.69,86.98,134.87,107.46,70.0,58.61,54.71,53.29,37.05,37.07,37.99,35.97,35.54,35.93,38.4,37.02,38.96,39.89,44.72,44.79,46.54,41.14,44.94,38.88,42.65,48.1,44.78,40.91,37.07,35.9,40.0,45.86,39.66,35.3,35.49,33.16,30.1,29.82,30.89,30.89,33.81,37.88,40.66,41.68,42.55,41.86,37.33,37.0,39.5,49.7,63.25,55.0,46.81,44.61,43.47,41.04,42.14,41.36,38.16,37.2
35.07,34.74,35.87,36.74,39.78,59.0,68.88,56.06,65.49,60.0,68.75,82.79,63.17,63.39,64.66,68.7,87.85,155.83,108.86,79.35,65.66,63.19,58.51,54.95,50.18,45.88,45.26,45.4,49.72,70.02,92.81,93.1,85.0,82.58,76.6,72.29,70.0,71.78,64.7,72.69,86.98,134.87,107.46,70.0,58.61,54.71,53.29,37.05,37.07,37.99,35.97,35.54,35.93,38.4,37.02,38.96,39.89,44.72,44.79,46.54,41.14,44.94,38.88,42.65,48.1,44.78,40.91,37.07,35.9,40.0,45.86,39.66,35.3,35.49,33.16,30.1,29.82,30.89,30.89,33.81,37.88,40.66,41.68,42.55,41.86,37.33,37.0,39.5,49.7,63.25,55.0,46.81,44.61,43.47,41.04,42.14,41.36,38.16,37.2,36.0
34.74,35.87,36.74,39.78,59.0,68.88,56.06,65.49,60.0,68.75,82.79,63.17,63.39,64.66,68.7,87.85,155.83,108.86,79.35,65.66,63.19,58.51,54.95,50.18,45.88,45.26,45.4,49.72,70.02,92.81,93.1,85.0,82.58,76.6,72.29,70.0,71.78,64.7,72.69,86.98,134.87,107.46,70.0,58.61,54.71,53.29,37.05,37.07,37.99,35.97,35.54,35.93,38.4,37.02,38.96,39.89,44.72,44.79,46.54,41.14,44.94,38.88,42.65,48.1,44.78,40.91,37.07,35.9,40.0,45.86,39.66,35.3,35.49,33.16,30.1,29.82,30.89,30.89,33.81,37.88,40.66,41.68,42.55,41.86,37.33,37.0,39.5,49.7,63.25,55.0,46.81,44.61,43.47,41.04,42.14,41.36,38.16,37.2,36.0,38.96
35.87,36.74,39.78,59.0,68.88,56.06,65.49,60.0,68.75,82.79,63.17,63.39,64.66,68.7,87.85,155.83,108.86,79.35,65.66,63.19,58.51,54.95,50.18,45.88,45.26,45.4,49.72,70.02,92.81,93.1,85.0,82.58,76.6,72.29,70.0,71.78,64.7,72.69,86.98,134.87,107.46,70.0,58.61,54.71,53.29,37.05,37.07,37.99,35.97,35.54,35.93,38.4,37.02,38.96,39.89,44.72,44.79,46.54,41.14,44.94,38.88,42.65,48.1,44.78,40.91,37.07,35.9,40.0,45.86,39.66,35.3,35.49,33.16,30.1,29.82,30.89,30.89,33.81,37.88,40.66,41.68,42.55,41.86,37.33,37.0,39.5,49.7,63.25,55.0,46.81,44.61,43.47,41.04,42.14,41.36,38.16,37.2,36.0,38.96,56.93
36.74,39.78,59.0,68.88,56.06,65.49,60.0,68.75,82.79,63.17,63.39,64.66,68.7,87.85,155.83,108.86,79.35,65.66,63.19,58.51,54.95,50.18,45.88,45.26,45.4,49.72,70.02,92.81,93.1,85.0,82.58,76.6,72.29,70.0,71.78,64.7,72.69,86.98,134.87,107.46,70.0,58.61,54.71,53.29,37.05,37.07,37.99,35.97,35.54,35.93,38.4,37.02,38.96,39.89,44.72,44.79,46.54,41.14,44.94,38.88,42.65,48.1,44.78,40.91,37.07,35.9,40.0,45.86,39.66,35.3,35.49,33.16,30.1,29.82,30.89,30.89,33.81,37.88,40.66,41.68,42.55,41.86,37.33,37.0,39.5,49.7,63.25,55.0,46.81,44.61,43.47,41.04,42.14,41.36,38.16,37.2,36.0,38.96,56.93,74.35
39.78,59.0,68.88,56.06,65.49,60.0,68.75,82.79,63.17,63.39,64.66,68.7,87.85,155.83,108.86,79.35,65.66,63.19,58.51,54.95,50.18,45.88,45.26,45.4,49.72,70.02,92.81,93.1,85.0,82.58,76.6,72.29,70.0,71.78,64.7,72.69,86.98,134.87,107.46,70.0,58.61,54.71,53.29,37.05,37.07,37.99,35.97,35.54,35.93,38.4,37.02,38.96,39.89,44.72,44.79,46.54,41.14,44.94,38.88,42.65,48.1,44.78,40.91,37.07,35.9,40.0,45.86,39.66,35.3,35.49,33.16,30.1,29.82,30.89,30.89,33.81,37.88,40.66,41.68,42.55,41.86,37.33,37.0,39.5,49.7,63.25,55.0,46.81,44.61,43.47,41.04,42.14,41.36,38.16,37.2,36.0,38.96,56.93,74.35,77.77
59.0,68.88,56.06,65.49,60.0,68.75,82.79,63.17,63.39,64.66,68.7,87.85,155.83,108.86,79.35,65.66,63.19,58.51,54.95,50.18,45.88,45.26,45.4,49.72,70.02,92.81,93.1,85.0,82.58,76.6,72.29,70.0,71.78,64.7,72.69,86.98,134.87,107.46,70.0,58.61,54.71,53.29,37.05,37.07,37.99,35.97,35.54,35.93,38.4,37.02,38.96,39.89,44.72,44.79,46.54,41.14,44.94,38.88,42.65,48.1,44.78,40.91,37.07,35.9,40.0,45.86,39.66,35.3,35.49,33.16,30.1,29.82,30.89,30.89,33.81,37.88,40.66,41.68,42.55,41.86,37.33,37.0,39.5,49.7,63.25,55.0,46.81,44.61,43.47,41.04,42.14,41.36,38.16,37.2,36.0,38.96,56.93,74.35,77.77,90.0
68.88,56.06,65.49,60.0,68.75,82.79,63.17,63.39,64.66,68.7,87.85,155.83,108.86,79.35,65.66,63.19,58.51,54.95,50.18,45.88,45.26,45.4,49.72,70.02,92.81,93.1,85.0,82.58,76.6,72.29,70.0,71.78,64.7,72.69,86.98,134.87,107.46,70.0,58.61,54.71,53.29,37.05,37.07,37.99,35.97,35.54,35.93,38.4,37.02,38.96,39.89,44.72,44.79,46.54,41.14,44.94,38.88,42.65,48.1,44.78,40.91,37.07,35.9,40.0,45.86,39.66,35.3,35.49,33.16,30.1,29.82,30.89,30.89,33.81,37.88,40.66,41.68,42.55,41.86,37.33,37.0,39.5,49.7,63.25,55.0,46.81,44.61,43.47,41.04,42.14,41.36,38.16,37.2,36.0,38.96,56.93,74.35,77.77,90.0,72.7
56.06,65.49,60.0,68.75,82.79,63.17,63.39,64.66,68.7,87.85,155.83,108.86,79.35,65.66,63.19,58.51,54.95,50.18,45.88,45.26,45.4,49.72,70.02,92.81,93.1,85.0,82.58,76.6,72.29,70.0,71.78,64.7,72.69,86.98,134.87,107.46,70.0,58.61,54.71,53.29,37.05,37.07,37.99,35.97,35.54,35.93,38.4,37.02,38.96,39.89,44.72,44.79,46.54,41.14,44.94,38.88,42.65,48.1,44.78,40.91,37.07,35.9,40.0,45.86,39.66,35.3,35.49,33.16,30.1,29.82,30.89,30.89,33.81,37.88,40.66,41.68,42.55,41.86,37.33,37.0,39.5,49.7,63.25,55.0,46.81,44.61,43.47,41.04,42.14,41.36,38.16,37.2,36.0,38.96,56.93,74.35,77.77,90.0,72.7,74.46
65.49,60.0,68.75,82.79,63.17,63.39,64.66,68.7,87.85,155.83,108.86,79.35,65.66,63.19,58.51,54.95,50.18,45.88,45.26,45.4,49.72,70.02,92.81,93.1,85.0,82.58,76.6,72.29,70.0,71.78,64.7,72.69,86.98,134.87,107.46,70.0,58.61,54.71,53.29,37.05,37.07,37.99,35.97,35.54,35.93,38.4,37.02,38.96,39.89,44.72,44.79,46.54,41.14,44.94,38.88,42.65,48.1,44.78,40.91,37.07,35.9,40.0,45.86,39.66,35.3,35.49,33.16,30.1,29.82,30.89,30.89,33.81,37.88,40.66,41.68,42.55,41.86,37.33,37.0,39.5,49.7,63.25,55.0,46.81,44.61,43.47,41.04,42.14,41.36,38.16,37.2,36.0,38.96,56.93,74.35,77.77,90.0,72.7,74.46,73.11
60.0,68.75,82.79,63.17,63.39,64.66,68.7,87.85,155.83,108.86,79.35,65.66,63.19,58.51,54.95,50.18,45.88,45.26,45.4,49.72,70.02,92.81,93.1,85.0,82.58,76.6,72.29,70.0,71.78,64.7,72.69,86.98,134.87,107.46,70.0,58.61,54.71,53.29,37.05,37.07,37.99,35.97,35.54,35.93,38.4,37.02,38.96,39.89,44.72,44.79,46.54,41.14,44.94,38.88,42.65,48.1,44.78,40.91,37.07,35.9,40.0,45.86,39.66,35.3,35.49,33.16,30.1,29.82,30.89,30.89,33.81,37.88,40.66,41.68,42.55,41.86,37.33,37.0,39.5,49.7,63.25,55.0,46.81,44.61,43.47,41.04,42.14,41.36,38.16,37.2,36.0,38.96,56.93,74.35,77.77,90.0,72.7,74.46,73.11,86.69
68.75,82.79,63.17,63.39,64.66,68.7,87.85,155.83,108.86,79.35,65.66,63.19,58.51,54.95,50.18,45.88,45.26,45.4,49.72,70.02,92.81,93.1,85.0,82.58,76.6,72.29,70.0,71.78,64.7,72.69,86.98,134.87,107.46,70.0,58.61,54.71,53.29,37.05,37.07,37.99,35.97,35.54,35.93,38.4,37.02,38.96,39.89,44.72,44.79,46.54,41.14,44.94,38.88,42.65,48.1,44.78,40.91,37.07,35.9,40.0,45.86,39.66,35.3,35.49,33.16,30.1,29.82,30.89,30.89,33.81,37.88,40.66,41.68,42.55,41.86,37.33,37.0,39.5,49.7,63.25,55.0,46.81,44.61,43.47,41.04,42.14,41.36,38.16,37.2,36.0,38.96,56.93,74.35,77.77,90.0,72.7,74.46,73.11,86.69,92.33
82.79,63.17,63.39,64.66,68.7,87.85,155.83,108.86,79.35,65.66,63.19,58.51,54.95,50.18,45.88,45.26,45.4,49.72,70.02,92.81,93.1,85.0,82.58,76.6,72.29,70.0,71.78,64.7,72.69,86.98,134.87,107.46,70.0,58.61,54.71,53.29,37.05,37.07,37.99,35.97,35.54,35.93,38.4,37.02,38.96,39.89,44.72,44.79,46.54,41.14,44.94,38.88,42.65,48.1,44.78,40.91,37.07,35.9,40.0,45.86,39.66,35.3,35.49,33.16,30.1,29.82,30.89,30.89,33.81,37.88,40.66,41.68,42.55,41.86,37.33,37.0,39.5,49.7,63.25,55.0,46.81,44.61,43.47,41.04,42.14,41.36,38.16,37.2,36.0,38.96,56.93,74.35,77.77,90.0,72.7,74.46,73.11,86.69,92.33,99.56
63.17,63.39,64.66,68.7,87.85,155.83,108.86,79.35,65.66,63.19,58.51,54.95,50.18,45.88,45.26,45.4,49.72,70.02,92.81,93.1,85.0,82.58,76.6,72.29,70.0,71.78,64.7,72.69,86.98,134.87,107.46,70.0,58.61,54.71,53.29,37.05,37.07,37.99,35.97,35.54,35.93,38.4,37.02,38.96,39.89,44.72,44.79,46.54,41.14,44.94,38.88,42.65,48.1,44.78,40.91,37.07,35.9,40.0,45.86,39.66,35.3,35.49,33.16,30.1,29.82,30.89,30.89,33.81,37.88,40.66,41.68,42.55,41.86,37.33,37.0,39.5,49.7,63.25,55.0,46.81,44.61,43.47,41.04,42.14,41.36,38.16,37.2,36.0,38.96,56.93,74.35,77.77,90.0,72.7,74.46,73.11,86.69,92.33,99.56,110.4
63.39,64.66,68.7,87.85,155.83,108.86,79.35,65.66,63.19,58.51,54.95,50.18,45.88,45.26,45.4,49.72,70.02,92.81,93.1,85.0,82.58,76.6,72.29,70.0,71.78,64.7,72.69,86.98,134.87,107.46,70.0,58.61,54.71,53.29,37.05,37.07,37.99,35.97,35.54,35.93,38.4,37.02,38.96,39.89,44.72,44.79,46.54,41.14,44.94,38.88,42.65,48.1,44.78,40.91,37.07,35.9,40.0,45.86,39.66,35.3,35.49,33.16,30.1,29.82,30.89,30.89,33.81,37.88,40.66,41.68,42.55,41.86,37.33,37.0,39.5,49.7,63.25,55.0,46.81,44.61,43.47,41.04,42.14,41.36,38.16,37.2,36.0,38.96,56.93,74.35,77.77,90.0,72.7,74.46,73.11,86.69,92.33,99.56,110.4,122.46
64.66,68.7,87.85,155.83,108.86,79.35,65.66,63.19,58.51,54.95,50.18,45.88,45.26,45.4,49.72,70.02,92.81,93.1,85.0,82.58,76.6,72.29,70.0,71.78,64.7,72.69,86.98,134.87,107.46,70.0,58.61,54.71,53.29,37.05,37.07,37.99,35.97,35.54,35.93,38.4,37.02,38.96,39.89,44.72,44.79,46.54,41.14,44.94,38.88,42.65,48.1,44.78,40.91,37.07,35.9,40.0,45.86,39.66,35.3,35.49,33.16,30.1,29.82,30.89,30.89,33.81,37.88,40.66,41.68,42.55,41.86,37.33,37.0,39.5,49.7,63.25,55.0,46.81,44.61,43.47,41.04,42.14,41.36,38.16,37.2,36.0,38.96,56.93,74.35,77.77,90.0,72.7,74.46,73.11,86.69,92.33,99.56,110.4,122.46,678.31
68.7,87.85,155.83,108.86,79.35,65.66,63.19,58.51,54.95,50.18,45.88,45.26,45.4,49.72,70.02,92.81,93.1,85.0,82.58,76.6,72.29,70.0,71.78,64.7,72.69,86.98,134.87,107.46,70.0,58.61,54.71,53.29,37.05,37.07,37.99,35.97,35.54,35.93,38.4,37.02,38.96,39.89,44.72,44.79,46.54,41.14,44.94,38.88,42.65,48.1,44.78,40.91,37.07,35.9,40.0,45.86,39.66,35.3,35.49,33.16,30.1,29.82,30.89,30.89,33.81,37.88,40.66,41.68,42.55,41.86,37.33,37.0,39.5,49.7,63.25,55.0,46.81,44.61,43.47,41.04,42.14,41.36,38.16,37.2,36.0,38.96,56.93,74.35,77.77,90.0,72.7,74.46,73.11,86.69,92.33,99.56,110.4,122.46,678.31,336.77
87.85,155.83,108.86,79.35,65.66,63.19,58.51,54.95,50.18,45.88,45.26,45.4,49.72,70.02,92.81,93.1,85.0,82.58,76.6,72.29,70.0,71.78,64.7,72.69,86.98,134.87,107.46,70.0,58.61,54.71,53.29,37.05,37.07,37.99,35.97,35.54,35.93,38.4,37.02,38.96,39.89,44.72,44.79,46.54,41.14,44.94,38.88,42.65,48.1,44.78,40.91,37.07,35.9,40.0,45.86,39.66,35.3,35.49,33.16,30.1,29.82,30.89,30.89,33.81,37.88,40.66,41.68,42.55,41.86,37.33,37.0,39.5,49.7,63.25,55.0,46.81,44.61,43.47,41.04,42.14,41.36,38.16,37.2,36.0,38.96,56.93,74.35,77.77,90.0,72.7,74.46,73.11,86.69,92.33,99.56,110.4,122.46,678.31,336.77,98.65
155.83,108.86,79.35,65.66,63.19,58.51,54.95,50.18,45.88,45.26,45.4,49.72,70.02,92.81,93.1,85.0,82.58,76.6,72.29,70.0,71.78,64.7,72.69,86.98,134.87,107.46,70.0,58.61,54.71,53.29,37.05,37.07,37.99,35.97,35.54,35.93,38.4,37.02,38.96,39.89,44.72,44.79,46.54,41.14,44.94,38.88,42.65,48.1,44.78,40.91,37.07,35.9,40.0,45.86,39.66,35.3,35.49,33.16,30.1,29.82,30.89,30.89,33.81,37.88,40.66,41.68,42.55,41.86,37.33,37.0,39.5,49.7,63.25,55.0,46.81,44.61,43.47,41.04,42.14,41.36,38.16,37.2,36.0,38.96,56.93,74.35,77.77,90.0,72.7,74.46,73.11,86.69,92.33,99.56,110.4,122.46,678.31,336.77,98.65,86.33
108.86,79.35,65.66,63.19,58.51,54.95,50.18,45.88,45.26,45.4,49.72,70.02,92.81,93.1,85.0,82.58,76.6,72.29,70.0,71.78,64.7,72.69,86.98,134.87,107.46,70.0,58.61,54.71,53.29,37.05,37.07,37.99,35.97,35.54,35.93,38.4,37.02,38.96,39.89,44.72,44.79,46.54,41.14,44.94,38.88,42.65,48.1,44.78,40.91,37.07,35.9,40.0,45.86,39.66,35.3,35.49,33.16,30.1,29.82,30.89,30.89,33.81,37.88,40.66,41.68,42.55,41.86,37.33,37.0,39.5,49.7,63.25,55.0,46.81,44.61,43.47,41.04,42.14,41.36,38.16,37.2,36.0,38.96,56.93,74.35,77.77,90.0,72.7,74.46,73.11,86.69,92.33,99.56,110.4,122.46,678.31,336.77,98.65,86.33,68.56
79.35,65.66,63.19,58.51,54.95,50.18,45.88,45.26,45.4,49.72,70.02,92.81,93.1,85.0,82.58,76.6,72.29,70.0,71.78,64.7,72.69,86.98,134.87,107.46,70.0,58.61,54.71,53.29,37.05,37.07,37.99,35.97,35.54,35.93,38.4,37.02,38.96,39.89,44.72,44.79,46.54,41.14,44.94,38.88,42.65,48.1,44.78,40.91,37.07,35.9,40.0,45.86,39.66,35.3,35.49,33.16,30.1,29.82,30.89,30.89,33.81,37.88,40.66,41.68,42.55,41.86,37.33,37.0,39.5,49.7,63.25,55.0,46.81,44.61,43.47,41.04,42.14,41.36,38.16,37.2,36.0,38.96,56.93,74.35,77.77,90.0,72.7,74.46,73.11,86.69,92.33,99.56,110.4,122.46,678.31,336.77,98.65,86.33,68.56,82.46
65.66,63.19,58.51,54.95,50.18,45.88,45.26,45.4,49.72,70.02,92.81,93.1,85.0,82.58,76.6,72.29,70.0,71.78,64.7,72.69,86.98,134.87,107.46,70.0,58.61,54.71,53.29,37.05,37.07,37.99,35.97,35.54,35.93,38.4,37.02,38.96,39.89,44.72,44.79,46.54,41.14,44.94,38.88,42.65,48.1,44.78,40.91,37.07,35.9,40.0,45.86,39.66,35.3,35.49,33.16,30.1,29.82,30.89,30.89,33.81,37.88,40.66,41.68,42.55,41.86,37.33,37.0,39.5,49.7,63.25,55.0,46.81,44.61,43.47,41.04,42.14,41.36,38.16,37.2,36.0,38.96,56.93,74.35,77.77,90.0,72.7,74.46,73.11,86.69,92.33,99.56,110.4,122.46,678.31,336.77,98.65,86.33,68.56,82.46,45.6
63.19,58.51,54.95,50.18,45.88,45.26,45.4,49.72,70.02,92.81,93.1,85.0,82.58,76.6,72.29,70.0,71.78,64.7,72.69,86.98,134.87,107.46,70.0,58.61,54.71,53.29,37.05,37.07,37.99,35.97,35.54,35.93,38.4,37.02,38.96,39.89,44.72,44.79,46.54,41.14,44.94,38.88,42.65,48.1,44.78,40.91,37.07,35.9,40.0,45.86,39.66,35.3,35.49,33.16,30.1,29.82,30.89,30.89,33.81,37.88,40.66,41.68,42.55,41.86,37.33,37.0,39.5,49.7,63.25,55.0,46.81,44.61,43.47,41.04,42.14,41.36,38.16,37.2,36.0,38.96,56.93,74.35,77.77,90.0,72.7,74.46,73.11,86.69,92.33,99.56,110.4,122.46,678.31,336.77,98.65,86.33,68.56,82.46,45.6,44.2
58.51,54.95,50.18,45.88,45.26,45.4,49.72,70.02,92.81,93.1,85.0,82.58,76.6,72.29,70.0,71.78,64.7,72.69,86.98,134.87,107.46,70.0,58.61,54.71,53.29,37.05,37.07,37.99,35.97,35.54,35.93,38.4,37.02,38.96,39.89,44.72,44.79,46.54,41.14,44.94,38.88,42.65,48.1,44.78,40.91,37.07,35.9,40.0,45.86,39.66,35.3,35.49,33.16,30.1,29.82,30.89,30.89,33.81,37.88,40.66,41.68,42.55,41.86,37.33,37.0,39.5,49.7,63.25,55.0,46.81,44.61,43.47,41.04,42.14,41.36,38.16,37.2,36.0,38.96,56.93,74.35,77.77,90.0,72.7,74.46,73.11,86.69,92.33,99.56,110.4,122.46,678.31,336.77,98.65,86.33,68.56,82.46,45.6,44.2,37.0
54.95,50.18,45.88,45.26,45.4,49.72,70.02,92.81,93.1,85.0,82.58,76.6,72.29,70.0,71.78,64.7,72.69,86.98,134.87,107.46,70.0,58.61,54.71,53.29,37.05,37.07,37.99,35.97,35.54,35.93,38.4,37.02,38.96,39.89,44.72,44.79,46.54,41.14,44.94,38.88,42.65,48.1,44.78,40.91,37.07,35.9,40.0,45.86,39.66,35.3,35.49,33.16,30.1,29.82,30.89,30.89,33.81,37.88,40.66,41.68,42.55,41.86,37.33,37.0,39.5,49.7,63.25,55.0,46.81,44.61,43.47,41.04,42.14,41.36,38.16,37.2,36.0,38.96,56.93,74.35,77.77,90.0,72.7,74.46,73.11,86.69,92.33,99.56,110.4,122.46,678.31,336.77,98.65,86.33,68.56,82.46,45.6,44.2,37.0,36.17
50.18,45.88,45.26,45.4,49.72,70.02,92.81,93.1,85.0,82.58,76.6,72.29,70.0,71.78,64.7,72.69,86.98,134.87,107.46,70.0,58.61,54.71,53.29,37.05,37.07,37.99,35.97,35.54,35.93,38.4,37.02,38.96,39.89,44.72,44.79,46.54,41.14,44.94,38.88,42.65,48.1,44.78,40.91,37.07,35.9,40.0,45.86,39.66,35.3,35.49,33.16,30.1,29.82,30.89,30.89,33.81,37.88,40.66,41.68,42.55,41.86,37.33,37.0,39.5,49.7,63.25,55.0,46.81,44.61,43.47,41.04,42.14,41.36,38.16,37.2,36.0,38.96,56.93,74.35,77.77,90.0,72.7,74.46,73.11,86.69,92.33,99.56,110.4,122.46,678.31,336.77,98.65,86.33,68.56,82.46,45.6,44.2,37.0,36.17,37.13
45.88,45.26,45.4,49.72,70.02,92.81,93.1,85.0,82.58,76.6,72.29,70.0,71.78,64.7,72.69,86.98,134.87,107.46,70.0,58.61,54.71,53.29,37.05,37.07,37.99,35.97,35.54,35.93,38.4,37.02,38.96,39.89,44.72,44.79,46.54,41.14,44.94,38.88,42.65,48.1,44.78,40.91,37.07,35.9,40.0,45.86,39.66,35.3,35.49,33.16,30.1,29.82,30.89,30.89,33.81,37.88,40.66,41.68,42.55,41.86,37.33,37.0,39.5,49.7,63.25,55.0,46.81,44.61,43.47,41.04,42.14,41.36,38.16,37.2,36.0,38.96,56.93,74.35,77.77,90.0,72.7,74.46,73.11,86.69,92.33,99.56,110.4,122.46,678.31,336.77,98.65,86.33,68.56,82.46,45.6,44.2,37.0,36.17,37.13,45.95
45.26,45.4,49.72,70.02,92.81,93.1,85.0,82.58,76.6,72.29,70.0,71.78,64.7,72.69,86.98,134.87,107.46,70.0,58.61,54.71,53.29,37.05,37.07,37.99,35.97,35.54,35.93,38.4,37.02,38.96,39.89,44.72,44.79,46.54,41.14,44.94,38.88,42.65,48.1,44.78,40.91,37.07,35.9,40.0,45.86,39.66,35.3,35.49,33.16,30.1,29.82,30.89,30.89,33.81,37.88,40.66,41.68,42.55,41.86,37.33,37.0,39.5,49.7,63.25,55.0,46.81,44.61,43.47,41.04,42.14,41.36,38.16,37.2,36.0,38.96,56.93,74.35,77.77,90.0,72.7,74.46,73.11,86.69,92.33,99.56,110.4,122.46,678.31,336.77,98.65,86.33,68.56,82.46,45.6,44.2,37.0,36.17,37.13,45.95,81.38
45.4,49.72,70.02,92.81,93.1,85.0,82.58,76.6,72.29,70.0,71.78,64.7,72.69,86.98,134.87,107.46,70.0,58.61,54.71,53.29,37.05,37.07,37.99,35.97,35.54,35.93,38.4,37.02,38.96,39.89,44.72,44.79,46.54,41.14,44.94,38.88,42.65,48.1,44.78,40.91,37.07,35.9,40.0,45.86,39.66,35.3,35.49,33.16,30.1,29.82,30.89,30.89,33.81,37.88,40.66,41.68,42.55,41.86,37.33,37.0,39.5,49.7,63.25,55.0,46.81,44.61,43.47,41.04,42.14,41.36,38.16,37.2,36.0,38.96,56.93,74.35,77.77,90.0,72.7,74.46,73.11,86.69,92.33,99.56,110.4,122.46,678.31,336.77,98.65,86.33,68.56,82.46,45.6,44.2,37.0,36.17,37.13,45.95,81.38,106.16
49.72,70.02,92.81,93.1,85.0,82.58,76.6,72.29,70.0,71.78,64.7,72.69,86.98,134.87,107.46,70.0,58.61,54.71,53.29,37.05,37.07,37.99,35.97,35.54,35.93,38.4,37.02,38.96,39.89,44.72,44.79,46.54,41.14,44.94,38.88,42.65,48.1,44.78,40.91,37.07,35.9,40.0,45.86,39.66,35.3,35.49,33.16,30.1,29.82,30.89,30.89,33.81,37.88,40.66,41.68,42.55,41.86,37.33,37.0,39.5,49.7,63.25,55.0,46.81,44.61,43.47,41.04,42.14,41.36,38.16,37.2,36.0,38.96,56.93,74.35,77.77,90.0,72.7,74.46,73.11,86.69,92.33,99.56,110.4,122.46,678.31,336.77,98.65,86.33,68.56,82.46,45.6,44.2,37.0,36.17,37.13,45.95,81.38,106.16,116.34
70.02,92.81,93.1,85.0,82.58,76.6,72.29,70.0,71.78,64.7,72.69,86.98,134.87,107.46,70.0,58.61,54.71,53.29,37.05,37.07,37.99,35.97,35.54,35.93,38.4,37.02,38.96,39.89,44.72,44.79,46.54,41.14,44.94,38.88,42.65,48.1,44.78,40.91,37.07,35.9,40.0,45.86,39.66,35.3,35.49,33.16,30.1,29.82,30.89,30.89,33.81,37.88,40.66,41.68,42.55,41.86,37.33,37.0,39.5,49.7,63.25,55.0,46.81,44.61,43.47,41.04,42.14,41.36,38.16,37.2,36.0,38.96,56.93,74.35,77.77,90.0,72.7,74.46,73.11,86.69,92.33,99.56,110.4,122.46,678.31,336.77,98.65,86.33,68.56,82.46,45.6,44.2,37.0,36.17,37.13,45.95,81.38,106.16,116.34,125.16
92.81,93.1,85.0,82.58,76.6,72.29,70.0,71.78,64.7,72.69,86.98,134.87,107.46,70.0,58.61,54.71,53.29,37.05,37.07,37.99,35.97,35.54,35.93,38.4,37.02,38.96,39.89,44.72,44.79,46.54,41.14,44.94,38.88,42.65,48.1,44.78,40.91,37.07,35.9,40.0,45.86,39.66,35.3,35.49,33.16,30.1,29.82,30.89,30.89,33.81,37.88,40.66,41.68,42.55,41.86,37.33,37.0,39.5,49.7,63.25,55.0,46.81,44.61,43.47,41.04,42.14,41.36,38.16,37.2,36.0,38.96,56.93,74.35,77.77,90.0,72.7,74.46,73.11,86.69,92.33,99.56,110.4,122.46,678.31,336.77,98.65,86.33,68.56,82.46,45.6,44.2,37.0,36.17,37.13,45.95,81.38,106.16,116.34,125.16,127.92
93.1,85.0,82.58,76.6,72.29,70.0,71.78,64.7,72.69,86.98,134.87,107.46,70.0,58.61,54.71,53.29,37.05,37.07,37.99,35.97,35.54,35.93,38.4,37.02,38.96,39.89,44.72,44.79,46.54,41.14,44.94,38.88,42.65,48.1,44.78,40.91,37.07,35.9,40.0,45.86,39.66,35.3,35.49,33.16,30.1,29.82,30.89,30.89,33.81,37.88,40.66,41.68,42.55,41.86,37.33,37.0,39.5,49.7,63.25,55.0,46.81,44.61,43.47,41.04,42.14,41.36,38.16,37.2,36.0,38.96,56.93,74.35,77.77,90.0,72.7,74.46,73.11,86.69,92.33,99.56,110.4,122.46,678.31,336.77,98.65,86.33,68.56,82.46,45.6,44.2,37.0,36.17,37.13,45.95,81.38,106.16,116.34,125.16,127.92,127.5
85.0,82.58,76.6,72.29,70.0,71.78,64.7,72.69,86.98,134.87,107.46,70.0,58.61,54.71,53.29,37.05,37.07,37.99,35.97,35.54,35.93,38.4,37.02,38.96,39.89,44.72,44.79,46.54,41.14,44.94,38.88,42.65,48.1,44.78,40.91,37.07,35.9,40.0,45.86,39.66,35.3,35.49,33.16,30.1,29.82,30.89,30.89,33.81,37.88,40.66,41.68,42.55,41.86,37.33,37.0,39.5,49.7,63.25,55.0,46.81,44.61,43.47,41.04,42.14,41.36,38.16,37.2,36.0,38.96,56.93,74.35,77.77,90.0,72.7,74.46,73.11,86.69,92.33,99.56,110.4,122.46,678.31,336.77,98.65,86.33,68.56,82.46,45.6,44.2,37.0,36.17,37.13,45.95,81.38,106.16,116.34,125.16,127.92,127.5,105.81
82.58,76.6,72.29,70.0,71.78,64.7,72.69,86.98,134.87,107.46,70.0,58.61,54.71,53.29,37.05,37.07,37.99,35.97,35.54,35.93,38.4,37.02,38.96,39.89,44.72,44.79,46.54,41.14,44.94,38.88,42.65,48.1,44.78,40.91,37.07,35.9,40.0,45.86,39.66,35.3,35.49,33.16,30.1,29.82,30.89,30.89,33.81,37.88,40.66,41.68,42.55,41.86,37.33,37.0,39.5,49.7,63.25,55.0,46.81,44.61,43.47,41.04,42.14,41.36,38.16,37.2,36.0,38.96,56.93,74.35,77.77,90.0,72.7,74.46,73.11,86.69,92.33,99.56,110.4,122.46,678.31,336.77,98.65,86.33,68.56,82.46,45.6,44.2,37.0,36.17,37.13,45.95,81.38,106.16,116.34,125.16,127.92,127.5,105.81,97.5
76.6,72.29,70.0,71.78,64.7,72.69,86.98,134.87,107.46,70.0,58.61,54.71,53.29,37.05,37.07,37.99,35.97,35.54,35.93,38.4,37.02,38.96,39.89,44.72,44.79,46.54,41.14,44.94,38.88,42.65,48.1,44.78,40.91,37.07,35.9,40.0,45.86,39.66,35.3,35.49,33.16,30.1,29.82,30.89,30.89,33.81,37.88,40.66,41.68,42.55,41.86,37.33,37.0,39.5,49.7,63.25,55.0,46.81,44.61,43.47,41.04,42.14,41.36,38.16,37.2,36.0,38.96,56.93,74.35,77.77,90.0,72.7,74.46,73.11,86.69,92.33,99.56,110.4,122.46,678.31,336.77,98.65,86.33,68.56,82.46,45.6,44.2,37.0,36.17,37.13,45.95,81.38,106.16,116.34,125.16,127.92,127.5,105.81,97.5,77.66
72.29,70.0,71.78,64.7,72.69,86.98,134.87,107.46,70.0,58.61,54.71,53.29,37.05,37.07,37.99,35.97,35.54,35.93,38.4,37.02,38.96,39.89,44.72,44.79,46.54,41.14,44.94,38.88,42.65,48.1,44.78,40.91,37.07,35.9,40.0,45.86,39.66,35.3,35.49,33.16,30.1,29.82,30.89,30.89,33.81,37.88,40.66,41.68,42.55,41.86,37.33,37.0,39.5,49.7,63.25,55.0,46.81,44.61,43.47,41.04,42.14,41.36,38.16,37.2,36.0,38.96,56.93,74.35,77.77,90.0,72.7,74.46,73.11,86.69,92.33,99.56,110.4,122.46,678.31,336.77,98.65,86.33,68.56,82.46,45.6,44.2,37.0,36.17,37.13,45.95,81.38,106.16,116.34,125.16,127.92,127.5,105.81,97.5,77.66,74.32
70.0,71.78,64.7,72.69,86.98,134.87,107.46,70.0,58.61,54.71,53.29,37.05,37.07,37.99,35.97,35.54,35.93,38.4,37.02,38.96,39.89,44.72,44.79,46.54,41.14,44.94,38.88,42.65,48.1,44.78,40.91,37.07,35.9,40.0,45.86,39.66,35.3,35.49,33.16,30.1,29.82,30.89,30.89,33.81,37.88,40.66,41.68,42.55,41.86,37.33,37.0,39.5,49.7,63.25,55.0,46.81,44.61,43.47,41.04,42.14,41.36,38.16,37.2,36.0,38.96,56.93,74.35,77.77,90.0,72.7,74.46,73.11,86.69,92.33,99.56,110.4,122.46,678.31,336.77,98.65,86.33,68.56,82.46,45.6,44.2,37.0,36.17,37.13,45.95,81.38,106.16,116.34,125.16,127.92,127.5,105.81,97.5,77.66,74.32,85.37
71.78,64.7,72.69,86.98,134.87,107.46,70.0,58.61,54.71,53.29,37.05,37.07,37.99,35.97,35.54,35.93,38.4,37.02,38.96,39.89,44.72,44.79,46.54,41.14,44.94,38.88,42.65,48.1,44.78,40.91,37.07,35.9,40.0,45.86,39.66,35.3,35.49,33.16,30.1,29.82,30.89,30.89,33.81,37.88,40.66,41.68,42.55,41.86,37.33,37.0,39.5,49.7,63.25,55.0,46.81,44.61,43.47,41.04,42.14,41.36,38.16,37.2,36.0,38.96,56.93,74.35,77.77,90.0,72.7,74.46,73.11,86.69,92.33,99.56,110.4,122.46,678.31,336.77,98.65,86.33,68.56,82.46,45.6,44.2,37.0,36.17,37.13,45.95,81.38,106.16,116.34,125.16,127.92,127.5,105.81,97.5,77.66,74.32,85.37,145.58
64.7,72.69,86.98,134.87,107.46,70.0,58.61,54.71,53.29,37.05,37.07,37.99,35.97,35.54,35.93,38.4,37.02,38.96,39.89,44.72,44.79,46.54,41.14,44.94,38.88,42.65,48.1,44.78,40.91,37.07,35.9,40.0,45.86,39.66,35.3,35.49,33.16,30.1,29.82,30.89,30.89,33.81,37.88,40.66,41.68,42.55,41.86,37.33,37.0,39.5,49.7,63.25,55.0,46.81,44.61,43.47,41.04,42.14,41.36,38.16,37.2,36.0,38.96,56.93,74.35,77.77,90.0,72.7,74.46,73.11,86.69,92.33,99.56,110.4,122.46,678.31,336.77,98.65,86.33,68.56,82.46,45.6,44.2,37.0,36.17,37.13,45.95,81.38,106.16,116.34,125.16,127.92,127.5,105.81,97.5,77.66,74.32,85.37,145.58,579.53
72.69,86.98,134.87,107.46,70.0,58.61,54.71,53.29,37.05,37.07,37.99,35.97,35.54,35.93,38.4,37.02,38.96,39.89,44.72,44.79,46.54,41.14,44.94,38.88,42.65,48.1,44.78,40.91,37.07,35.9,40.0,45.86,39.66,35.3,35.49,33.16,30.1,29.82,30.89,30.89,33.81,37.88,40.66,41.68,42.55,41.86,37.33,37.0,39.5,49.7,63.25,55.0,46.81,44.61,43.47,41.04,42.14,41.36,38.16,37.2,36.0,38.96,56.93,74.35,77.77,90.0,72.7,74.46,73.11,86.69,92.33,99.56,110.4,122.46,678.31,336.77,98.65,86.33,68.56,82.46,45.6,44.2,37.0,36.17,37.13,45.95,81.38,106.16,116.34,125.16,127.92,127.5,105.81,97.5,77.66,74.32,85.37,145.58,579.53,239.73
86.98,134.87,107.46,70.0,58.61,54.71,53.29,37.05,37.07,37.99,35.97,35.54,35.93,38.4,37.02,38.96,39.89,44.72,44.79,46.54,41.14,44.94,38.88,42.65,48.1,44.78,40.91,37.07,35.9,40.0,45.86,39.66,35.3,35.49,33.16,30.1,29.82,30.89,30.89,33.81,37.88,40.66,41.68,42.55,41.86,37.33,37.0,39.5,49.7,63.25,55.0,46.81,44.61,43.47,41.04,42.14,41.36,38.16,37.2,36.0,38.96,56.93,74.35,77.77,90.0,72.7,74.46,73.11,86.69,92.33,99.56,110.4,122.46,678.31,336.77,98.65,86.33,68.56,82.46,45.6,44.2,37.0,36.17,37.13,45.95,81.38,106.16,116.34,125.16,127.92,127.5,105.81,97.5,77.66,74.32,85.37,145.58,579.53,239.73,122.11
134.87,107.46,70.0,58.61,54.71,53.29,37.05,37.07,37.99,35.97,35.54,35.93,38.4,37.02,38.96,39.89,44.72,44.79,46.54,41.14,44.94,38.88,42.65,48.1,44.78,40.91,37.07,35.9,40.0,45.86,39.66,35.3,35.49,33.16,30.1,29.82,30.89,30.89,33.81,37.88,40.66,41.68,42.55,41.86,37.33,37.0,39.5,49.7,63.25,55.0,46.81,44.61,43.47,41.04,42.14,41.36,38.16,37.2,36.0,38.96,56.93,74.35,77.77,90.0,72.7,74.46,73.11,86.69,92.33,99.56,110.4,122.46,678.31,336.77,98.65,86.33,68.56,82.46,45.6,44.2,37.0,36.17,37.13,45.95,81.38,106.16,116.34,125.16,127.92,127.5,105.81,97.5,77.66,74.32,85.37,145.58,579.53,239.73,122.11,78.4
107.46,70.0,58.61,54.71,53.29,37.05,37.07,37.99,35.97,35.54,35.93,38.4,37.02,38.96,39.89,44.72,44.79,46.54,41.14,44.94,38.88,42.65,48.1,44.78,40.91,37.07,35.9,40.0,45.86,39.66,35.3,35.49,33.16,30.1,29.82,30.89,30.89,33.81,37.88,40.66,41.68,42.55,41.86,37.33,37.0,39.5,49.7,63.25,55.0,46.81,44.61,43.47,41.04,42.14,41.36,38.16,37.2,36.0,38.96,56.93,74.35,77.77,90.0,72.7,74.46,73.11,86.69,92.33,99.56,110.4,122.46,678.31,336.77,98.65,86.33,68.56,82.46,45.6,44.2,37.0,36.17,37.13,45.95,81.38,106.16,116.34,125.16,127.92,127.5,105.81,97.5,77.66,74.32,85.37,145.58,579.53,239.73,122.11,78.4,70.54
70.0,58.61,54.71,53.29,37.05,37.07,37.99,35.97,35.54,35.93,38.4,37.02,38.96,39.89,44.72,44.79,46.54,41.14,44.94,38.88,42.65,48.1,44.78,40.91,37.07,35.9,40.0,45.86,39.66,35.3,35.49,33.16,30.1,29.82,30.89,30.89,33.81,37.88,40.66,41.68,42.55,41.86,37.33,37.0,39.5,49.7,63.25,55.0,46.81,44.61,43.47,41.04,42.14,41.36,38.16,37.2,36.0,38.96,56.93,74.35,77.77,90.0,72.7,74.46,73.11,86.69,92.33,99.56,110.4,122.46,678.31,336.77,98.65,86.33,68.56,82.46,45.6,44.2,37.0,36.17,37.13,45.95,81.38,106.16,116.34,125.16,127.92,127.5,105.81,97.5,77.66,74.32,85.37,145.58,579.53,239.73,122.11,78.4,70.54,66.18
58.61,54.71,53.29,37.05,37.07,37.99,35.97,35.54,35.93,38.4,37.02,38.96,39.89,44.72,44.79,46.54,41.14,44.94,38.88,42.65,48.1,44.78,40.91,37.07,35.9,40.0,45.86,39.66,35.3,35.49,33.16,30.1,29.82,30.89,30.89,33.81,37.88,40.66,41.68,42.55,41.86,37.33,37.0,39.5,49.7,63.25,55.0,46.81,44.61,43.47,41.04,42.14,41.36,38.16,37.2,36.0,38.96,56.93,74.35,77.77,90.0,72.7,74.46,73.11,86.69,92.33,99.56,110.4,122.46,678.31,336.77,98.65,86.33,68.56,82.46,45.6,44.2,37.0,36.17,37.13,45.95,81.38,106.16,116.34,125.16,127.92,127.5,105.81,97.5,77.66,74.32,85.37,145.58,579.53,239.73,122.11,78.4,70.54,66.18,55.3
54.71,53.29,37.05,37.07,37.99,35.97,35.54,35.93,38.4,37.02,38.96,39.89,44.72,44.79,46.54,41.14,44.94,38.88,42.65,48.1,44.78,40.91,37.07,35.9,40.0,45.86,39.66,35.3,35.49,33.16,30.1,29.82,30.89,30.89,33.81,37.88,40.66,41.68,42.55,41.86,37.33,37.0,39.5,49.7,63.25,55.0,46.81,44.61,43.47,41.04,42.14,41.36,38.16,37.2,36.0,38.96,56.93,74.35,77.77,90.0,72.7,74.46,73.11,86.69,92.33,99.56,110.4,122.46,678.31,336.77,98.65,86.33,68.56,82.46,45.6,44.2,37.0,36.17,37.13,45.95,81.38,106.16,116.34,125.16,127.92,127.5,105.81,97.5,77.66,74.32,85.37,145.58,579.53,239.73,122.11,78.4,70.54,66.18,55.3,41.78
53.29,37.05,37.07,37.99,35.97,35.54,35.93,38.4,37.02,38.96,39.89,44.72,44.79,46.54,41.14,44.94,38.88,42.65,48.1,44.78,40.91,37.07,35.9,40.0,45.86,39.66,35.3,35.49,33.16,30.1,29.82,30.89,30.89,33.81,37.88,40.66,41.68,42.55,41.86,37.33,37.0,39.5,49.7,63.25,55.0,46.81,44.61,43.47,41.04,42.14,41.36,38.16,37.2,36.0,38.96,56.93,74.35,77.77,90.0,72.7,74.46,73.11,86.69,92.33,99.56,110.4,122.46,678.31,336.77,98.65,86.33,68.56,82.46,45.6,44.2,37.0,36.17,37.13,45.95,81.38,106.16,116.34,125.16,127.92,127.5,105.81,97.5,77.66,74.32,85.37,145.58,579.53,239.73,122.11,78.4,70.54,66.18,55.3,41.78,38.37
37.05,37.07,37.99,35.97,35.54,35.93,38.4,37.02,38.96,39.89,44.72,44.79,46.54,41.14,44.94,38.88,42.65,48.1,44.78,40.91,37.07,35.9,40.0,45.86,39.66,35.3,35.49,33.16,30.1,29.82,30.89,30.89,33.81,37.88,40.66,41.68,42.55,41.86,37.33,37.0,39.5,49.7,63.25,55.0,46.81,44.61,43.47,41.04,42.14,41.36,38.16,37.2,36.0,38.96,56.93,74.35,77.77,90.0,72.7,74.46,73.11,86.69,92.33,99.56,110.4,122.46,678.31,336.77,98.65,86.33,68.56,82.46,45.6,44.2,37.0,36.17,37.13,45.95,81.38,106.16,116.34,125.16,127.92,127.5,105.81,97.5,77.66,74.32,85.37,145.58,579.53,239.73,122.11,78.4,70.54,66.18,55.3,41.78,38.37,35.64
37.07,37.99,35.97,35.54,35.93,38.4,37.02,38.96,39.89,44.72,44.79,46.54,41.14,44.94,38.88,42.65,48.1,44.78,40.91,37.07,35.9,40.0,45.86,39.66,35.3,35.49,33.16,30.1,29.82,30.89,30.89,33.81,37.88,40.66,41.68,42.55,41.86,37.33,37.0,39.5,49.7,63.25,55.0,46.81,44.61,43.47,41.04,42.14,41.36,38.16,37.2,36.0,38.96,56.93,74.35,77.77,90.0,72.7,74.46,73.11,86.69,92.33,99.56,110.4,122.46,678.31,336.77,98.65,86.33,68.56,82.46,45.6,44.2,37.0,36.17,37.13,45.95,81.38,106.16,116.34,125.16,127.92,127.5,105.81,97.5,77.66,74.32,85.37,145.58,579.53,239.73,122.11,78.4,70.54,66.18,55.3,41.78,38.37,35.64,34.59
37.99,35.97,35.54,35.93,38.4,37.02,38.96,39.89,44.72,44.79,46.54,41.14,44.94,38.88,42.65,48.1,44.78,40.91,37.07,35.9,40.0,45.86,39.66,35.3,35.49,33.16,30.1,29.82,30.89,30.89,33.81,37.88,40.66,41.68,42.55,41.86,37.33,37.0,39.5,49.7,63.25,55.0,46.81,44.61,43.47,41.04,42.14,41.36,38.16,37.2,36.0,38.96,56.93,74.35,77.77,90.0,72.7,74.46,73.11,86.69,92.33,99.56,110.4,122.46,678.31,336.77,98.65,86.33,68.56,82.46,45.6,44.2,37.0,36.17,37.13,45.95,81.38,106.16,116.34,125.16,127.92,127.5,105.81,97.5,77.66,74.32,85.37,145.58,579.53,239.73,122.11,78.4,70.54,66.18,55.3,41.78,38.37,35.64,34.59,39.0
35.97,35.54,35.93,38.4,37.02,38.96,39.89,44.72,44.79,46.54,41.14,44.94,38.88,42.65,48.1,44.78,40.91,37.07,35.9,40.0,45.86,39.66,35.3,35.49,33.16,30.1,29.82,30.89,30.89,33.81,37.88,40.66,41.68,42.55,41.86,37.33,37.0,39.5,49.7,63.25,55.0,46.81,44.61,43.47,41.04,42.14,41.36,38.16,37.2,36.0,38.96,56.93,74.35,77.77,90.0,72.7,74.46,73.11,86.69,92.33,99.56,110.4,122.46,678.31,336.77,98.65,86.33,68.56,82.46,45.6,44.2,37.0,36.17,37.13,45.95,81.38,106.16,116.34,125.16,127.92,127.5,105.81,97.5,77.66,74.32,85.37,145.58,579.53,239.73,122.11,78.4,70.54,66.18,55.3,41.78,38.37,35.64,34.59,39.0,67.68
35.54,35.93,38.4,37.02,38.96,39.89,44.72,44.79,46.54,41.14,44.94,38.88,42.65,48.1,44.78,40.91,37.07,35.9,40.0,45.86,39.66,35.3,35.49,33.16,30.1,29.82,30.89,30.89,33.81,37.88,40.66,41.68,42.55,41.86,37.33,37.0,39.5,49.7,63.25,55.0,46.81,44.61,43.47,41.04,42.14,41.36,38.16,37.2,36.0,38.96,56.93,74.35,77.77,90.0,72.7,74.46,73.11,86.69,92.33,99.56,110.4,122.46,678.31,336.77,98.65,86.33,68.56,82.46,45.6,44.2,37.0,36.17,37.13,45.95,81.38,106.16,116.34,125.16,127.92,127.5,105.81,97.5,77.66,74.32,85.37,145.58,579.53,239.73,122.11,78.4,70.54,66.18,55.3,41.78,38.37,35.64,34.59,39.0,67.68,74.7
35.93,38.4,37.02,38.96,39.89,44.72,44.79,46.54,41.14,44.94,38.88,42.65,48.1,44.78,40.91,37.07,35.9,40.0,45.86,39.66,35.3,35.49,33.16,30.1,29.82,30.89,30.89,33.81,37.88,40.66,41.68,42.55,41.86,37.33,37.0,39.5,49.7,63.25,55.0,46.81,44.61,43.47,41.04,42.14,41.36,38.16,37.2,36.0,38.96,56.93,74.35,77.77,90.0,72.7,74.46,73.11,86.69,92.33,99.56,110.4,122.46,678.31,336.77,98.65,86.33,68.56,82.46,45.6,44.2,37.0,36.17,37.13,45.95,81.38,106.16,116.34,125.16,127.92,127.5,105.81,97.5,77.66,74.32,85.37,145.58,579.53,239.73,122.11,78.4,70.54,66.18,55.3,41.78,38.37,35.64,34.59,39.0,67.68,74.7,85.55
38.4,37.02,38.96,39.89,44.72,44.79,46.54,41.14,44.94,38.88,42.65,48.1,44.78,40.91,37.07,35.9,40.0,45.86,39.66,35.3,35.49,33.16,30.1,29.82,30.89,30.89,33.81,37.88,40.66,41.68,42.55,41.86,37.33,37.0,39.5,49.7,63.25,55.0,46.81,44.61,43.47,41.04,42.14,41.36,38.16,37.2,36.0,38.96,56.93,74.35,77.77,90.0,72.7,74.46,73.11,86.69,92.33,99.56,110.4,122.46,678.31,336.77,98.65,86.33,68.56,82.46,45.6,44.2,37.0,36.17,37.13,45.95,81.38,106.16,116.34,125.16,127.92,127.5,105.81,97.5,77.66,74.32,85.37,145.58,579.53,239.73,122.11,78.4,70.54,66.18,55.3,41.78,38.37,35.64,34.59,39.0,67.68,74.7,85.55,94.72
37.02,38.96,39.89,44.72,44.79,46.54,41.14,44.94,38.88,42.65,48.1,44.78,40.91,37.07,35.9,40.0,45.86,39.66,35.3,35.49,33.16,30.1,29.82,30.89,30.89,33.81,37.88,40.66,41.68,42.55,41.86,37.33,37.0,39.5,49.7,63.25,55.0,46.81,44.61,43.47,41.04,42.14,41.36,38.16,37.2,36.0,38.96,56.93,74.35,77.77,90.0,72.7,74.46,73.11,86.69,92.33,99.56,110.4,122.46,678.31,336.77,98.65,86.33,68.56,82.46,45.6,44.2,37.0,36.17,37.13,45.95,81.38,106.16,116.34,125.16,127.92,127.5,105.81,97.5,77.66,74.32,85.37,145.58,579.53,239.73,122.11,78.4,70.54,66.18,55.3,41.78,38.37,35.64,34.59,39.0,67.68,74.7,85.55,94.72,114.5
38.96,39.89,44.72,44.79,46.54,41.14,44.94,38.88,42.65,48.1,44.78,40.91,37.07,35.9,40.0,45.86,39.66,35.3,35.49,33.16,30.1,29.82,30.89,30.89,33.81,37.88,40.66,41.68,42.55,41.86,37.33,37.0,39.5,49.7,63.25,55.0,46.81,44.61,43.47,41.04,42.14,41.36,38.16,37.2,36.0,38.96,56.93,74.35,77.77,90.0,72.7,74.46,73.11,86.69,92.33,99.56,110.4,122.46,678.31,336.77,98.65,86.33,68.56,82.46,45.6,44.2,37.0,36.17,37.13,45.95,81.38,106.16,116.34,125.16,127.92,127.5,105.81,97.5,77.66,74.32,85.37,145.58,579.53,239.73,122.11,78.4,70.54,66.18,55.3,41.78,38.37,35.64,34.59,39.0,67.68,74.7,85.55,94.72,114.5,99.95
39.89,44.72,44.79,46.54,41.14,44.94,38.88,42.65,48.1,44.78,40.91,37.07,35.9,40.0,45.86,39.66,35.3,35.49,33.16,30.1,29.82,30.89,30.89,33.81,37.88,40.66,41.68,42.55,41.86,37.33,37.0,39.5,49.7,63.25,55.0,46.81,44.61,43.47,41.04,42.14,41.36,38.16,37.2,36.0,38.96,56.93,74.35,77.77,90.0,72.7,74.46,73.11,86.69,92.33,99.56,110.4,122.46,678.31,336.77,98.65,86.33,68.56,82.46,45.6,44.2,37.0,36.17,37.13,45.95,81.38,106.16,116.34,125.16,127.92,127.5,105.81,97.5,77.66,74.32,85.37,145.58,579.53,239.73,122.11,78.4,70.54,66.18,55.3,41.78,38.37,35.64,34.59,39.0,67.68,74.7,85.55,94.72,114.5,99.95,103.0
44.72,44.79,46.54,41.14,44.94,38.88,42.65,48.1,44.78,40.91,37.07,35.9,40.0,45.86,39.66,35.3,35.49,33.16,30.1,29.82,30.89,30.89,33.81,37.88,40.66,41.68,42.55,41.86,37.33,37.0,39.5,49.7,63.25,55.0,46.81,44.61,43.47,41.04,42.14,41.36,38.16,37.2,36.0,38.96,56.93,74.35,77.77,90.0,72.7,74.46,73.11,86.69,92.33,99.56,110.4,122.46,678.31,336.77,98.65,86.33,68.56,82.46,45.6,44.2,37.0,36.17,37.13,45.95,81.38,106.16,116.34,125.16,127.92,127.5,105.81,97.5,77.66,74.32,85.37,145.58,579.53,239.73,122.11,78.4,70.54,66.18,55.3,41.78,38.37,35.64,34.59,39.0,67.68,74.7,85.55,94.72,114.5,99.95,103.0,109.61
44.79,46.54,41.14,44.94,38.88,42.65,48.1,44.78,40.91,37.07,35.9,40.0,45.86,39.66,35.3,35.49,33.16,30.1,29.82,30.89,30.89,33.81,37.88,40.66,41.68,42.55,41.86,37.33,37.0,39.5,49.7,63.25,55.0,46.81,44.61,43.47,41.04,42.14,41.36,38.16,37.2,36.0,38.96,56.93,74.35,77.77,90.0,72.7,74.46,73.11,86.69,92.33,99.56,110.4,122.46,678.31,336.77,98.65,86.33,68.56,82.46,45.6,44.2,37.0,36.17,37.13,45.95,81.38,106.16,116.34,125.16,127.92,127.5,105.81,97.5,77.66,74.32,85.37,145.58,579.53,239.73,122.11,78.4,70.54,66.18,55.3,41.78,38.37,35.64,34.59,39.0,67.68,74.7,85.55,94.72,114.5,99.95,103.0,109.61,103.0
46.54,41.14,44.94,38.88,42.65,48.1,44.78,40.91,37.07,35.9,40.0,45.86,39.66,35.3,35.49,33.16,30.1,29.82,30.89,30.89,33.81,37.88,40.66,41.68,42.55,41.86,37.33,37.0,39.5,49.7,63.25,55.0,46.81,44.61,43.47,41.04,42.14,41.36,38.16,37.2,36.0,38.96,56.93,74.35,77.77,90.0,72.7,74.46,73.11,86.69,92.33,99.56,110.4,122.46,678.31,336.77,98.65,86.33,68.56,82.46,45.6,44.2,37.0,36.17,37.13,45.95,81.38,106.16,116.34,125.16,127.92,127.5,105.81,97.5,77.66,74.32,85.37,145.58,579.53,239.73,122.11,78.4,70.54,66.18,55.3,41.78,38.37,35.64,34.59,39.0,67.68,74.7,85.55,94.72,114.5,99.95,103.0,109.61,103.0,100.08
41.14,44.94,38.88,42.65,48.1,44.78,40.91,37.07,35.9,40.0,45.86,39.66,35.3,35.49,33.16,30.1,29.82,30.89,30.89,33.81,37.88,40.66,41.68,42.55,41.86,37.33,37.0,39.5,49.7,63.25,55.0,46.81,44.61,43.47,41.04,42.14,41.36,38.16,37.2,36.0,38.96,56.93,74.35,77.77,90.0,72.7,74.46,73.11,86.69,92.33,99.56,110.4,122.46,678.31,336.77,98.65,86.33,68.56,82.46,45.6,44.2,37.0,36.17,37.13,45.95,81.38,106.16,116.34,125.16,127.92,127.5,105.81,97.5,77.66,74.32,85.37,145.58,579.53,239.73,122.11,78.4,70.54,66.18,55.3,41.78,38.37,35.64,34.59,39.0,67.68,74.7,85.55,94.72,114.5,99.95,103.0,109.61,103.0,100.08,96.81
44.94,38.88,42.65,48.1,44.78,40.91,37.07,35.9,40.0,45.86,39.66,35.3,35.49,33.16,30.1,29.82,30.89,30.89,33.81,37.88,40.66,41.68,42.55,41.86,37.33,37.0,39.5,49.7,63.25,55.0,46.81,44.61,43.47,41.04,42.14,41.36,38.16,37.2,36.0,38.96,56.93,74.35,77.77,90.0,72.7,74.46,73.11,86.69,92.33,99.56,110.4,122.46,678.31,336.77,98.65,86.33,68.56,82.46,45.6,44.2,37.0,36.17,37.13,45.95,81.38,106.16,116.34,125.16,127.92,127.5,105.81,97.5,77.66,74.32,85.37,145.58,579.53,239.73,122.11,78.4,70.54,66.18,55.3,41.78,38.37,35.64,34.59,39.0,67.68,74.7,85.55,94.72,114.5,99.95,103.0,109.61,103.0,100.08,96.81,109.18
38.88,42.65,48.1,44.78,40.91,37.07,35.9,40.0,45.86,39.66,35.3,35.49,33.16,30.1,29.82,30.89,30.89,33.81,37.88,40.66,41.68,42.55,41.86,37.33,37.0,39.5,49.7,63.25,55.0,46.81,44.61,43.47,41.04,42.14,41.36,38.16,37.2,36.0,38.96,56.93,74.35,77.77,90.0,72.7,74.46,73.11,86.69,92.33,99.56,110.4,122.46,678.31,336.77,98.65,86.33,68.56,82.46,45.6,44.2,37.0,36.17,37.13,45.95,81.38,106.16,116.34,125.16,127.92,127.5,105.81,97.5,77.66,74.32,85.37,145.58,579.53,239.73,122.11,78.4,70.54,66.18,55.3,41.78,38.37,35.64,34.59,39.0,67.68,74.7,85.55,94.72,114.5,99.95,103.0,109.61,103.0,100.08,96.81,109.18,186.32
42.65,48.1,44.78,40.91,37.07,35.9,40.0,45.86,39.66,35.3,35.49,33.16,30.1,29.82,30.89,30.89,33.81,37.88,40.66,41.68,42.55,41.86,37.33,37.0,39.5,49.7,63.25,55.0,46.81,44.61,43.47,41.04,42.14,41.36,38.16,37.2,36.0,38.96,56.93,74.35,77.77,90.0,72.7,74.46,73.11,86.69,92.33,99.56,110.4,122.46,678.31,336.77,98.65,86.33,68.56,82.46,45.6,44.2,37.0,36.17,37.13,45.95,81.38,106.16,116.34,125.16,127.92,127.5,105.81,97.5,77.66,74.32,85.37,145.58,579.53,239.73,122.11,78.4,70.54,66.18,55.3,41.78,38.37,35.64,34.59,39.0,67.68,74.7,85.55,94.72,114.5,99.95,103.0,109.61,103.0,100.08,96.81,109.18,186.32,114.18
48.1,44.78,40.91,37.07,35.9,40.0,45.86,39.66,35.3,35.49,33.16,30.1,29.82,30.89,30.89,33.81,37.88,40.66,41.68,42.55,41.86,37.33,37.0,39.5,49.7,63.25,55.0,46.81,44.61,43.47,41.04,42.14,41.36,38.16,37.2,36.0,38.96,56.93,74.35,77.77,90.0,72.7,74.46,73.11,86.69,92.33,99.56,110.4,122.46,678.31,336.77,98.65,86.33,68.56,82.46,45.6,44.2,37.0,36.17,37.13,45.95,81.38,106.16,116.34,125.16,127.92,127.5,105.81,97.5,77.66,74.32,85.37,145.58,579.53,239.73,122.11,78.4,70.54,66.18,55.3,41.78,38.37,35.64,34.59,39.0,67.68,74.7,85.55,94.72,114.5,99.95,103.0,109.61,103.0,100.08,96.81,109.18,186.32,114.18,110.6
44.78,40.91,37.07,35.9,40.0,45.86,39.66,35.3,35.49,33.16,30.1,29.82,30.89,30.89,33.81,37.88,40.66,41.68,42.55,41.86,37.33,37.0,39.5,49.7,63.25,55.0,46.81,44.61,43.47,41.04,42.14,41.36,38.16,37.2,36.0,38.96,56.93,74.35,77.77,90.0,72.7,74.46,73.11,86.69,92.33,99.56,110.4,122.46,678.31,336.77,98.65,86.33,68.56,82.46,45.6,44.2,37.0,36.17,37.13,45.95,81.38,106.16,116.34,125.16,127.92,127.5,105.81,97.5,77.66,74.32,85.37,145.58,579.53,239.73,122.11,78.4,70.54,66.18,55.3,41.78,38.37,35.64,34.59,39.0,67.68,74.7,85.55,94.72,114.5,99.95,103.0,109.61,103.0,100.08,96.81,109.18,186.32,114.18,110.6,55.55
40.91,37.07,35.9,40.0,45.86,39.66,35.3,35.49,33.16,30.1,29.82,30.89,30.89,33.81,37.88,40.66,41.68,42.55,41.86,37.33,37.0,39.5,49.7,63.25,55.0,46.81,44.61,43.47,41.04,42.14,41.36,38.16,37.2,36.0,38.96,56.93,74.35,77.77,90.0,72.7,74.46,73.11,86.69,92.33,99.56,110.4,122.46,678.31,336.77,98.65,86.33,68.56,82.46,45.6,44.2,37.0,36.17,37.13,45.95,81.38,106.16,116.34,125.16,127.92,127.5,105.81,97.5,77.66,74.32,85.37,145.58,579.53,239.73,122.11,78.4,70.54,66.18,55.3,41.78,38.37,35.64,34.59,39.0,67.68,74.7,85.55,94.72,114.5,99.95,103.0,109.61,103.0,100.08,96.81,109.18,186.32,114.18,110.6,55.55,58.67
37.07,35.9,40.0,45.86,39.66,35.3,35.49,33.16,30.1,29.82,30.89,30.89,33.81,37.88,40.66,41.68,42.55,41.86,37.33,37.0,39.5,49.7,63.25,55.0,46.81,44.61,43.47,41.04,42.14,41.36,38.16,37.2,36.0,38.96,56.93,74.35,77.77,90.0,72.7,74.46,73.11,86.69,92.33,99.56,110.4,122.46,678.31,336.77,98.65,86.33,68.56,82.46,45.6,44.2,37.0,36.17,37.13,45.95,81.38,106.16,116.34,125.16,127.92,127.5,105.81,97.5,77.66,74.32,85.37,145.58,579.53,239.73,122.11,78.4,70.54,66.18,55.3,41.78,38.37,35.64,34.59,39.0,67.68,74.7,85.55,94.72,114.5,99.95,103.0,109.61,103.0,100.08,96.81,109.18,186.32,114.18,110.6,55.55,58.67,60.0
35.9,40.0,45.86,39.66,35.3,35.49,33.16,30.1,29.82,30.89,30.89,33.81,37.88,40.66,41.68,42.55,41.86,37.33,37.0,39.5,49.7,63.25,55.0,46.81,44.61,43.47,41.04,42.14,41.36,38.16,37.2,36.0,38.96,56.93,74.35,77.77,90.0,72.7,74.46,73.11,86.69,92.33,99.56,110.4,122.46,678.31,336.77,98.65,86.33,68.56,82.46,45.6,44.2,37.0,36.17,37.13,45.95,81.38,106.16,116.34,125.16,127.92,127.5,105.81,97.5,77.66,74.32,85.37,145.58,579.53,239.73,122.11,78.4,70.54,66.18,55.3,41.78,38.37,35.64,34.59,39.0,67.68,74.7,85.55,94.72,114.5,99.95,103.0,109.61,103.0,100.08,96.81,109.18,186.32,114.18,110.6,55.55,58.67,60.0,53.11
40.0,45.86,39.66,35.3,35.49,33.16,30.1,29.82,30.89,30.89,33.81,37.88,40.66,41.68,42.55,41.86,37.33,37.0,39.5,49.7,63.25,55.0,46.81,44.61,43.47,41.04,42.14,41.36,38.16,37.2,36.0,38.96,56.93,74.35,77.77,90.0,72.7,74.46,73.11,86.69,92.33,99.56,110.4,122.46,678.31,336.77,98.65,86.33,68.56,82.46,45.6,44.2,37.0,36.17,37.13,45.95,81.38,106.16,116.34,125.16,127.92,127.5,105.81,97.5,77.66,74.32,85.37,145.58,579.53,239.73,122.11,78.4,70.54,66.18,55.3,41.78,38.37,35.64,34.59,39.0,67.68,74.7,85.55,94.72,114.5,99.95,103.0,109.61,103.0,100.08,96.81,109.18,186.32,114.18,110.6,55.55,58.67,60.0,53.11,51.1
45.86,39.66,35.3,35.49,33.16,30.1,29.82,30.89,30.89,33.81,37.88,40.66,41.68,42.55,41.86,37.33,37.0,39.5,49.7,63.25,55.0,46.81,44.61,43.47,41.04,42.14,41.36,38.16,37.2,36.0,38.96,56.93,74.35,77.77,90.0,72.7,74.46,73.11,86.69,92.33,99.56,110.4,122.46,678.31,336.77,98.65,86.33,68.56,82.46,45.6,44.2,37.0,36.17,37.13,45.95,81.38,106.16,116.34,125.16,127.92,127.5,105.81,97.5,77.66,74.32,85.37,145.58,579.53,239.73,122.11,78.4,70.54,66.18,55.3,41.78,38.37,35.64,34.59,39.0,67.68,74.7,85.55,94.72,114.5,99.95,103.0,109.61,103.0,100.08,96.81,109.18,186.32,114.18,110.6,55.55,58.67,60.0,53.11,51.1,45.41
39.66,35.3,35.49,33.16,30.1,29.82,30.89,30.89,33.81,37.88,40.66,41.68,42.55,41.86,37.33,37.0,39.5,49.7,63.25,55.0,46.81,44.61,43.47,41.04,42.14,41.36,38.16,37.2,36.0,38.96,56.93,74.35,77.77,90.0,72.7,74.46,73.11,86.69,92.33,99.56,110.4,122.46,678.31,336.77,98.65,86.33,68.56,82.46,45.6,44.2,37.0,36.17,37.13,45.95,81.38,106.16,116.34,125.16,127.92,127.5,105.81,97.5,77.66,74.32,85.37,145.58,579.53,239.73,122.11,78.4,70.54,66.18,55.3,41.78,38.37,35.64,34.59,39.0,67.68,74.7,85.55,94.72,114.5,99.95,103.0,109.61,103.0,100.08,96.81,109.18,186.32,114.18,110.6,55.55,58.67,60.0,53.11,51.1,45.41,42.51
35.3,35.49,33.16,30.1,29.82,30.89,30.89,33.81,37.88,40.66,41.68,42.55,41.86,37.33,37.0,39.5,49.7,63.25,55.0,46.81,44.61,43.47,41.04,42.14,41.36,38.16,37.2,36.0,38.96,56.93,74.35,77.77,90.0,72.7,74.46,73.11,86.69,92.33,99.56,110.4,122.46,678.31,336.77,98.65,86.33,68.56,82.46,45.6,44.2,37.0,36.17,37.13,45.95,81.38,106.16,116.34,125.16,127.92,127.5,105.81,97.5,77.66,74.32,85.37,145.58,579.53,239.73,122.11,78.4,70.54,66.18,55.3,41.78,38.37,35.64,34.59,39.0,67.68,74.7,85.55,94.72,114.5,99.95,103.0,109.61,103.0,100.08,96.81,109.18,186.32,114.18,110.6,55.55,58.67,60.0,53.11,51.1,45.41,42.51,43.44
35.49,33.16,30.1,29.82,30.89,30.89,33.81,37.88,40.66,41.68,42.55,41.86,37.33,37.0,39.5,49.7,63.25,55.0,46.81,44.61,43.47,41.04,42.14,41.36,38.16,37.2,36.0,38.96,56.93,74.35,77.77,90.0,72.7,74.46,73.11,86.69,92.33,99.56,110.4,122.46,678.31,336.77,98.65,86.33,68.56,82.46,45.6,44.2,37.0,36.17,37.13,45.95,81.38,106.16,116.34,125.16,127.92,127.5,105.81,97.5,77.66,74.32,85.37,145.58,579.53,239.73,122.11,78.4,70.54,66.18,55.3,41.78,38.37,35.64,34.59,39.0,67.68,74.7,85.55,94.72,114.5,99.95,103.0,109.61,103.0,100.08,96.81,109.18,186.32,114.18,110.6,55.55,58.67,60.0,53.11,51.1,45.41,42.51,43.44,48.62
33.16,30.1,29.82,30.89,30.89,33.81,37.88,40.66,41.68,42.55,41.86,37.33,37.0,39.5,49.7,63.25,55.0,46.81,44.61,43.47,41.04,42.14,41.36,38.16,37.2,36.0,38.96,56.93,74.35,77.77,90.0,72.7,74.46,73.11,86.69,92.33,99.56,110.4,122.46,678.31,336.77,98.65,86.33,68.56,82.46,45.6,44.2,37.0,36.17,37.13,45.95,81.38,106.16,116.34,125.16,127.92,127.5,105.81,97.5,77.66,74.32,85.37,145.58,579.53,239.73,122.11,78.4,70.54,66.18,55.3,41.78,38.37,35.64,34.59,39.0,67.68,74.7,85.55,94.72,114.5,99.95,103.0,109.61,103.0,100.08,96.81,109.18,186.32,114.18,110.6,55.55,58.67,60.0,53.11,51.1,45.41,42.51,43.44,48.62,59.32
30.1,29.82,30.89,30.89,33.81,37.88,40.66,41.68,42.55,41.86,37.33,37.0,39.5,49.7,63.25,55.0,46.81,44.61,43.47,41.04,42.14,41.36,38.16,37.2,36.0,38.96,56.93,74.35,77.77,90.0,72.7,74.46,73.11,86.69,92.33,99.56,110.4,122.46,678.31,336.77,98.65,86.33,68.56,82.46,45.6,44.2,37.0,36.17,37.13,45.95,81.38,106.16,116.34,125.16,127.92,127.5,105.81,97.5,77.66,74.32,85.37,145.58,579.53,239.73,122.11,78.4,70.54,66.18,55.3,41.78,38.37,35.64,34.59,39.0,67.68,74.7,85.55,94.72,114.5,99.95,103.0,109.61,103.0,100.08,96.81,109.18,186.32,114.18,110.6,55.55,58.67,60.0,53.11,51.1,45.41,42.51,43.44,48.62,59.32,79.52
29.82,30.89,30.89,33.81,37.88,40.66,41.68,42.55,41.86,37.33,37.0,39.5,49.7,63.25,55.0,46.81,44.61,43.47,41.04,42.14,41.36,38.16,37.2,36.0,38.96,56.93,74.35,77.77,90.0,72.7,74.46,73.11,86.69,92.33,99.56,110.4,122.46,678.31,336.77,98.65,86.33,68.56,82.46,45.6,44.2,37.0,36.17,37.13,45.95,81.38,106.16,116.34,125.16,127.92,127.5,105.81,97.5,77.66,74.32,85.37,145.58,579.53,239.73,122.11,78.4,70.54,66.18,55.3,41.78,38.37,35.64,34.59,39.0,67.68,74.7,85.55,94.72,114.5,99.95,103.0,109.61,103.0,100.08,96.81,109.18,186.32,114.18,110.6,55.55,58.67,60.0,53.11,51.1,45.41,42.51,43.44,48.62,59.32,79.52,88.74
30.89,30.89,33.81,37.88,40.66,41.68,42.55,41.86,37.33,37.0,39.5,49.7,63.25,55.0,46.81,44.61,43.47,41.04,42.14,41.36,38.16,37.2,36.0,38.96,56.93,74.35,77.77,90.0,72.7,74.46,73.11,86.69,92.33,99.56,110.4,122.46,678.31,336.77,98.65,86.33,68.56,82.46,45.6,44.2,37.0,36.17,37.13,45.95,81.38,106.16,116.34,125.16,127.92,127.5,105.81,97.5,77.66,74.32,85.37,145.58,579.53,239.73,122.11,78.4,70.54,66.18,55.3,41.78,38.37,35.64,34.59,39.0,67.68,74.7,85.55,94.72,114.5,99.95,103.0,109.61,103.0,100.08,96.81,109.18,186.32,114.18,110.6,55.55,58.67,60.0,53.11,51.1,45.41,42.51,43.44,48.62,59.32,79.52,88.74,81.33
30.89,33.81,37.88,40.66,41.68,42.55,41.86,37.33,37.0,39.5,49.7,63.25,55.0,46.81,44.61,43.47,41.04,42.14,41.36,38.16,37.2,36.0,38.96,56.93,74.35,77.77,90.0,72.7,74.46,73.11,86.69,92.33,99.56,110.4,122.46,678.31,336.77,98.65,86.33,68.56,82.46,45.6,44.2,37.0,36.17,37.13,45.95,81.38,106.16,116.34,125.16,127.92,127.5,105.81,97.5,77.66,74.32,85.37,145.58,579.53,239.73,122.11,78.4,70.54,66.18,55.3,41.78,38.37,35.64,34.59,39.0,67.68,74.7,85.55,94.72,114.5,99.95,103.0,109.61,103.0,100.08,96.81,109.18,186.32,114.18,110.6,55.55,58.67,60.0,53.11,51.1,45.41,42.51,43.44,48.62,59.32,79.52,88.74,81.33,81.04
33.81,37.88,40.66,41.68,42.55,41.86,37.33,37.0,39.5,49.7,63.25,55.0,46.81,44.61,43.47,41.04,42.14,41.36,38.16,37.2,36.0,38.96,56.93,74.35,77.77,90.0,72.7,74.46,73.11,86.69,92.33,99.56,110.4,122.46,678.31,336.77,98.65,86.33,68.56,82.46,45.6,44.2,37.0,36.17,37.13,45.95,81.38,106.16,116.34,125.16,127.92,127.5,105.81,97.5,77.66,74.32,85.37,145.58,579.53,239.73,122.11,78.4,70.54,66.18,55.3,41.78,38.37,35.64,34.59,39.0,67.68,74.7,85.55,94.72,114.5,99.95,103.0,109.61,103.0,100.08,96.81,109.18,186.32,114.18,110.6,55.55,58.67,60.0,53.11,51.1,45.41,42.51,43.44,48.62,59.32,79.52,88.74,81.33,81.04,80.14
37.88,40.66,41.68,42.55,41.86,37.33,37.0,39.5,49.7,63.25,55.0,46.81,44.61,43.47,41.04,42.14,41.36,38.16,37.2,36.0,38.96,56.93,74.35,77.77,90.0,72.7,74.46,73.11,86.69,92.33,99.56,110.4,122.46,678.31,336.77,98.65,86.33,68.56,82.46,45.6,44.2,37.0,36.17,37.13,45.95,81.38,106.16,116.34,125.16,127.92,127.5,105.81,97.5,77.66,74.32,85.37,145.58,579.53,239.73,122.11,78.4,70.54,66.18,55.3,41.78,38.37,35.64,34.59,39.0,67.68,74.7,85.55,94.72,114.5,99.95,103.0,109.61,103.0,100.08,96.81,109.18,186.32,114.18,110.6,55.55,58.67,60.0,53.11,51.1,45.41,42.51,43.44,48.62,59.32,79.52,88.74,81.33,81.04,80.14,72.03
40.66,41.68,42.55,41.86,37.33,37.0,39.5,49.7,63.25,55.0,46.81,44.61,43.47,41.04,42.14,41.36,38.16,37.2,36.0,38.96,56.93,74.35,77.77,90.0,72.7,74.46,73.11,86.69,92.33,99.56,110.4,122.46,678.31,336.77,98.65,86.33,68.56,82.46,45.6,44.2,37.0,36.17,37.13,45.95,81.38,106.16,116.34,125.16,127.92,127.5,105.81,97.5,77.66,74.32,85.37,145.58,579.53,239.73,122.11,78.4,70.54,66.18,55.3,41.78,38.37,35.64,34.59,39.0,67.68,74.7,85.55,94.72,114.5,99.95,103.0,109.61,103.0,100.08,96.81,109.18,186.32,114.18,110.6,55.55,58.67,60.0,53.11,51.1,45.41,42.51,43.44,48.62,59.32,79.52,88.74,81.33,81.04,80.14,72.03,72.5
41.68,42.55,41.86,37.33,37.0,39.5,49.7,63.25,55.0,46.81,44.61,43.47,41.04,42.14,41.36,38.16,37.2,36.0,38.96,56.93,74.35,77.77,90.0,72.7,74.46,73.11,86.69,92.33,99.56,110.4,122.46,678.31,336.77,98.65,86.33,68.56,82.46,45.6,44.2,37.0,36.17,37.13,45.95,81.38,106.16,116.34,125.16,127.92,127.5,105.81,97.5,77.66,74.32,85.37,145.58,579.53,239.73,122.11,78.4,70.54,66.18,55.3,41.78,38.37,35.64,34.59,39.0,67.68,74.7,85.55,94.72,114.5,99.95,103.0,109.61,103.0,100.08,96.81,109.18,186.32,114.18,110.6,55.55,58.67,60.0,53.11,51.1,45.41,42.51,43.44,48.62,59.32,79.52,88.74,81.33,81.04,80.14,72.03,72.5,75.06
42.55,41.86,37.33,37.0,39.5,49.7,63.25,55.0,46.81,44.61,43.47,41.04,42.14,41.36,38.16,37.2,36.0,38.96,56.93,74.35,77.77,90.0,72.7,74.46,73.11,86.69,92.33,99.56,110.4,122.46,678.31,336.77,98.65,86.33,68.56,82.46,45.6,44.2,37.0,36.17,37.13,45.95,81.38,106.16,116.34,125.16,127.92,127.5,105.81,97.5,77.66,74.32,85.37,145.58,579.53,239.73,122.11,78.4,70.54,66.18,55.3,41.78,38.37,35.64,34.59,39.0,67.68,74.7,85.55,94.72,114.5,99.95,103.0,109.61,103.0,100.08,96.81,109.18,186.32,114.18,110.6,55.55,58.67,60.0,53.11,51.1,45.41,42.51,43.44,48.62,59.32,79.52,88.74,81.33,81.04,80.14,72.03,72.5,75.06,77.53
41.86,37.33,37.0,39.5,49.7,63.25,55.0,46.81,44.61,43.47,41.04,42.14,41.36,38.16,37.2,36.0,38.96,56.93,74.35,77.77,90.0,72.7,74.46,73.11,86.69,92.33,99.56,110.4,122.46,678.31,336.77,98.65,86.33,68.56,82.46,45.6,44.2,37.0,36.17,37.13,45.95,81.38,106.16,116.34,125.16,127.92,127.5,105.81,97.5,77.66,74.32,85.37,145.58,579.53,239.73,122.11,78.4,70.54,66.18,55.3,41.78,38.37,35.64,34.59,39.0,67.68,74.7,85.55,94.72,114.5,99.95,103.0,109.61,103.0,100.08,96.81,109.18,186.32,114.18,110.6,55.55,58.67,60.0,53.11,51.1,45.41,42.51,43.44,48.62,59.32,79.52,88.74,81.33,81.04,80.14,72.03,72.5,75.06,77.53,78.99
37.33,37.0,39.5,49.7,63.25,55.0,46.81,44.61,43.47,41.04,42.14,41.36,38.16,37.2,36.0,38.96,56.93,74.35,77.77,90.0,72.7,74.46,73.11,86.69,92.33,99.56,110.4,122.46,678.31,336.77,98.65,86.33,68.56,82.46,45.6,44.2,37.0,36.17,37.13,45.95,81.38,106.16,116.34,125.16,127.92,127.5,105.81,97.5,77.66,74.32,85.37,145.58,579.53,239.73,122.11,78.4,70.54,66.18,55.3,41.78,38.37,35.64,34.59,39.0,67.68,74.7,85.55,94.72,114.5,99.95,103.0,109.61,103.0,100.08,96.81,109.18,186.32,114.18,110.6,55.55,58.67,60.0,53.11,51.1,45.41,42.51,43.44,48.62,59.32,79.52,88.74,81.33,81.04,80.14,72.03,72.5,75.06,77.53,78.99,98.85
37.0,39.5,49.7,63.25,55.0,46.81,44.61,43.47,41.04,42.14,41.36,38.16,37.2,36.0,38.96,56.93,74.35,77.77,90.0,72.7,74.46,73.11,86.69,92.33,99.56,110.4,122.46,678.31,336.77,98.65,86.33,68.56,82.46,45.6,44.2,37.0,36.17,37.13,45.95,81.38,106.16,116.34,125.16,127.92,127.5,105.81,97.5,77.66,74.32,85.37,145.58,579.53,239.73,122.11,78.4,70.54,66.18,55.3,41.78,38.37,35.64,34.59,39.0,67.68,74.7,85.55,94.72,114.5,99.95,103.0,109.61,103.0,100.08,96.81,109.18,186.32,114.18,110.6,55.55,58.67,60.0,53.11,51.1,45.41,42.51,43.44,48.62,59.32,79.52,88.74,81.33,81.04,80.14,72.03,72.5,75.06,77.53,78.99,98.85,131.74
39.5,49.7,63.25,55.0,46.81,44.61,43.47,41.04,42.14,41.36,38.16,37.2,36.0,38.96,56.93,74.35,77.77,90.0,72.7,74.46,73.11,86.69,92.33,99.56,110.4,122.46,678.31,336.77,98.65,86.33,68.56,82.46,45.6,44.2,37.0,36.17,37.13,45.95,81.38,106.16,116.34,125.16,127.92,127.5,105.81,97.5,77.66,74.32,85.37,145.58,579.53,239.73,122.11,78.4,70.54,66.18,55.3,41.78,38.37,35.64,34.59,39.0,67.68,74.7,85.55,94.72,114.5,99.95,103.0,109.61,103.0,100.08,96.81,109.18,186.32,114.18,110.6,55.55,58.67,60.0,53.11,51.1,45.41,42.51,43.44,48.62,59.32,79.52,88.74,81.33,81.04,80.14,72.03,72.5,75.06,77.53,78.99,98.85,131.74,107.44
49.7,63.25,55.0,46.81,44.61,43.47,41.04,42.14,41.36,38.16,37.2,36.0,38.96,56.93,74.35,77.77,90.0,72.7,74.46,73.11,86.69,92.33,99.56,110.4,122.46,678.31,336.77,98.65,86.33,68.56,82.46,45.6,44.2,37.0,36.17,37.13,45.95,81.38,106.16,116.34,125.16,127.92,127.5,105.81,97.5,77.66,74.32,85.37,145.58,579.53,239.73,122.11,78.4,70.54,66.18,55.3,41.78,38.37,35.64,34.59,39.0,67.68,74.7,85.55,94.72,114.5,99.95,103.0,109.61,103.0,100.08,96.81,109.18,186.32,114.18,110.6,55.55,58.67,60.0,53.11,51.1,45.41,42.51,43.44,48.62,59.32,79.52,88.74,81.33,81.04,80.14,72.03,72.5,75.06,77.53,78.99,98.85,131.74,107.44,77.03
63.25,55.0,46.81,44.61,43.47,41.04,42.14,41.36,38.16,37.2,36.0,38.96,56.93,74.35,77.77,90.0,72.7,74.46,73.11,86.69,92.33,99.56,110.4,122.46,678.31,336.77,98.65,86.33,68.56,82.46,45.6,44.2,37.0,36.17,37.13,45.95,81.38,106.16,116.34,125.16,127.92,127.5,105.81,97.5,77.66,74.32,85.37,145.58,579.53,239.73,122.11,78.4,70.54,66.18,55.3,41.78,38.37,35.64,34.59,39.0,67.68,74.7,85.55,94.72,114.5,99.95,103.0,109.61,103.0,100.08,96.81,109.18,186.32,114.18,110.6,55.55,58.67,60.0,53.11,51.1,45.41,42.51,43.44,48.62,59.32,79.52,88.74,81.33,81.04,80.14,72.03,72.5,75.06,77.53,78.99,98.85,131.74,107.44,77.03,62.32
55.0,46.81,44.61,43.47,41.04,42.14,41.36,38.16,37.2,36.0,38.96,56.93,74.35,77.77,90.0,72.7,74.46,73.11,86.69,92.33,99.56,110.4,122.46,678.31,336.77,98.65,86.33,68.56,82.46,45.6,44.2,37.0,36.17,37.13,45.95,81.38,106.16,116.34,125.16,127.92,127.5,105.81,97.5,77.66,74.32,85.37,145.58,579.53,239.73,122.11,78.4,70.54,66.18,55.3,41.78,38.37,35.64,34.59,39.0,67.68,74.7,85.55,94.72,114.5,99.95,103.0,109.61,103.0,100.08,96.81,109.18,186.32,114.18,110.6,55.55,58.67,60.0,53.11,51.1,45.41,42.51,43.44,48.62,59.32,79.52,88.74,81.33,81.04,80.14,72.03,72.5,75.06,77.53,78.99,98.85,131.74,107.44,77.03,62.32,56.46
46.81,44.61,43.47,41.04,42.14,41.36,38.16,37.2,36.0,38.96,56.93,74.35,77.77,90.0,72.7,74.46,73.11,86.69,92.33,99.56,110.4,122.46,678.31,336.77,98.65,86.33,68.56,82.46,45.6,44.2,37.0,36.17,37.13,45.95,81.38,106.16,116.34,125.16,127.92,127.5,105.81,97.5,77.66,74.32,85.37,145.58,579.53,239.73,122.11,78.4,70.54,66.18,55.3,41.78,38.37,35.64,34.59,39.0,67.68,74.7,85.55,94.72,114.5,99.95,103.0,109.61,103.0,100.08,96.81,109.18,186.32,114.18,110.6,55.55,58.67,60.0,53.11,51.1,45.41,42.51,43.44,48.62,59.32,79.52,88.74,81.33,81.04,80.14,72.03,72.5,75.06,77.53,78.99,98.85,131.74,107.44,77.03,62.32,56.46,56.15
44.61,43.47,41.04,42.14,41.36,38.16,37.2,36.0,38.96,56.93,74.35,77.77,90.0,72.7,74.46,73.11,86.69,92.33,99.56,110.4,122.46,678.31,336.77,98.65,86.33,68.56,82.46,45.6,44.2,37.0,36.17,37.13,45.95,81.38,106.16,116.34,125.16,127.92,127.5,105.81,97.5,77.66,74.32,85.37,145.58,579.53,239.73,122.11,78.4,70.54,66.18,55.3,41.78,38.37,35.64,34.59,39.0,67.68,74.7,85.55,94.72,114.5,99.95,103.0,109.61,103.0,100.08,96.81,109.18,186.32,114.18,110.6,55.55,58.67,60.0,53.11,51.1,45.41,42.51,43.44,48.62,59.32,79.52,88.74,81.33,81.04,80.14,72.03,72.5,75.06,77.53,78.99,98.85,131.74,107.44,77.03,62.32,56.46,56.15,43.9
43.47,41.04,42.14,41.36,38.16,37.2,36.0,38.96,56.93,74.35,77.77,90.0,72.7,74.46,73.11,86.69,92.33,99.56,110.4,122.46,678.31,336.77,98.65,86.33,68.56,82.46,45.6,44.2,37.0,36.17,37.13,45.95,81.38,106.16,116.34,125.16,127.92,127.5,105.81,97.5,77.66,74.32,85.37,145.58,579.53,239.73,122.11,78.4,70.54,66.18,55.3,41.78,38.37,35.64,34.59,39.0,67.68,74.7,85.55,94.72,114.5,99.95,103.0,109.61,103.0,100.08,96.81,109.18,186.32,114.18,110.6,55.55,58.67,60.0,53.11,51.1,45.41,42.51,43.44,48.62,59.32,79.52,88.74,81.33,81.04,80.14,72.03,72.5,75.06,77.53,78.99,98.85,131.74,107.44,77.03,62.32,56.46,56.15,43.9,45.61
41.04,42.14,41.36,38.16,37.2,36.0,38.96,56.93,74.35,77.77,90.0,72.7,74.46,73.11,86.69,92.33,99.56,110.4,122.46,678.31,336.77,98.65,86.33,68.56,82.46,45.6,44.2,37.0,36.17,37.13,45.95,81.38,106.16,116.34,125.16,127.92,127.5,105.81,97.5,77.66,74.32,85.37,145.58,579.53,239.73,122.11,78.4,70.54,66.18,55.3,41.78,38.37,35.64,34.59,39.0,67.68,74.7,85.55,94.72,114.5,99.95,103.0,109.61,103.0,100.08,96.81,109.18,186.32,114.18,110.6,55.55,58.67,60.0,53.11,51.1,45.41,42.51,43.44,48.62,59.32,79.52,88.74,81.33,81.04,80.14,72.03,72.5,75.06,77.53,78.99,98.85,131.74,107.44,77.03,62.32,56.46,56.15,43.9,45.61,44.85
42.14,41.36,38.16,37.2,36.0,38.96,56.93,74.35,77.77,90.0,72.7,74.46,73.11,86.69,92.33,99.56,110.4,122.46,678.31,336.77,98.65,86.33,68.56,82.46,45.6,44.2,37.0,36.17,37.13,45.95,81.38,106.16,116.34,125.16,127.92,127.5,105.81,97.5,77.66,74.32,85.37,145.58,579.53,239.73,122.11,78.4,70.54,66.18,55.3,41.78,38.37,35.64,34.59,39.0,67.68,74.7,85.55,94.72,114.5,99.95,103.0,109.61,103.0,100.08,96.81,109.18,186.32,114.18,110.6,55.55,58.67,60.0,53.11,51.1,45.41,42.51,43.44,48.62,59.32,79.52,88.74,81.33,81.04,80.14,72.03,72.5,75.06,77.53,78.99,98.85,131.74,107.44,77.03,62.32,56.46,56.15,43.9,45.61,44.85,43.6
41.36,38.16,37.2,36.0,38.96,56.93,74.35,77.77,90.0,72.7,74.46,73.11,86.69,92.33,99.56,110.4,122.46,678.31,336.77,98.65,86.33,68.56,82.46,45.6,44.2,37.0,36.17,37.13,45.95,81.38,106.16,116.34,125.16,127.92,127.5,105.81,97.5,77.66,74.32,85.37,145.58,579.53,239.73,122.11,78.4,70.54,66.18,55.3,41.78,38.37,35.64,34.59,39.0,67.68,74.7,85.55,94.72,114.5,99.95,103.0,109.61,103.0,100.08,96.81,109.18,186.32,114.18,110.6,55.55,58.67,60.0,53.11,51.1,45.41,42.51,43.44,48.62,59.32,79.52,88.74,81.33,81.04,80.14,72.03,72.5,75.06,77.53,78.99,98.85,131.74,107.44,77.03,62.32,56.46,56.15,43.9,45.61,44.85,43.6,39.32
38.16,37.2,36.0,38.96,56.93,74.35,77.77,90.0,72.7,74.46,73.11,86.69,92.33,99.56,110.4,122.46,678.31,336.77,98.65,86.33,68.56,82.46,45.6,44.2,37.0,36.17,37.13,45.95,81.38,106.16,116.34,125.16,127.92,127.5,105.81,97.5,77.66,74.32,85.37,145.58,579.53,239.73,122.11,78.4,70.54,66.18,55.3,41.78,38.37,35.64,34.59,39.0,67.68,74.7,85.55,94.72,114.5,99.95,103.0,109.61,103.0,100.08,96.81,109.18,186.32,114.18,110.6,55.55,58.67,60.0,53.11,51.1,45.41,42.51,43.44,48.62,59.32,79.52,88.74,81.33,81.04,80.14,72.03,72.5,75.06,77.53,78.99,98.85,131.74,107.44,77.03,62.32,56.46,56.15,43.9,45.61,44.85,43.6,39.32,44.55
37.2,36.0,38.96,56.93,74.35,77.77,90.0,72.7,74.46,73.11,86.69,92.33,99.56,110.4,122.46,678.31,336.77,98.65,86.33,68.56,82.46,45.6,44.2,37.0,36.17,37.13,45.95,81.38,106.16,116.34,125.16,127.92,127.5,105.81,97.5,77.66,74.32,85.37,145.58,579.53,239.73,122.11,78.4,70.54,66.18,55.3,41.78,38.37,35.64,34.59,39.0,67.68,74.7,85.55,94.72,114.5,99.95,103.0,109.61,103.0,100.08,96.81,109.18,186.32,114.18,110.6,55.55,58.67,60.0,53.11,51.1,45.41,42.51,43.44,48.62,59.32,79.52,88.74,81.33,81.04,80.14,72.03,72.5,75.06,77.53,78.99,98.85,131.74,107.44,77.03,62.32,56.46,56.15,43.9,45.61,44.85,43.6,39.32,44.55,49.45
36.0,38.96,56.93,74.35,77.77,90.0,72.7,74.46,73.11,86.69,92.33,99.56,110.4,122.46,678.31,336.77,98.65,86.33,68.56,82.46,45.6,44.2,37.0,36.17,37.13,45.95,81.38,106.16,116.34,125.16,127.92,127.5,105.81,97.5,77.66,74.32,85.37,145.58,579.53,239.73,122.11,78.4,70.54,66.18,55.3,41.78,38.37,35.64,34.59,39.0,67.68,74.7,85.55,94.72,114.5,99.95,103.0,109.61,103.0,100.08,96.81,109.18,186.32,114.18,110.6,55.55,58.67,60.0,53.11,51.1,45.41,42.51,43.44,48.62,59.32,79.52,88.74,81.33,81.04,80.14,72.03,72.5,75.06,77.53,78.99,98.85,131.74,107.44,77.03,62.32,56.46,56.15,43.9,45.61,44.85,43.6,39.32,44.55,49.45,59.06
38.96,56.93,74.35,77.77,90.0,72.7,74.46,73.11,86.69,92.33,99.56,110.4,122.46,678.31,336.77,98.65,86.33,68.56,82.46,45.6,44.2,37.0,36.17,37.13,45.95,81.38,106.16,116.34,125.16,127.92,127.5,105.81,97.5,77.66,74.32,85.37,145.58,579.53,239.73,122.11,78.4,70.54,66.18,55.3,41.78,38.37,35.64,34.59,39.0,67.68,74.7,85.55,94.72,114.5,99.95,103.0,109.61,103.0,100.08,96.81,109.18,186.32,114.18,110.6,55.55,58.67,60.0,53.11,51.1,45.41,42.51,43.44,48.62,59.32,79.52,88.74,81.33,81.04,80.14,72.03,72.5,75.06,77.53,78.99,98.85,131.74,107.44,77.03,62.32,56.46,56.15,43.9,45.61,44.85,43.6,39.32,44.55,49.45,59.06,65.96
56.93,74.35,77.77,90.0,72.7,74.46,73.11,86.69,92.33,99.56,110.4,122.46,678.31,336.77,98.65,86.33,68.56,82.46,45.6,44.2,37.0,36.17,37.13,45.95,81.38,106.16,116.34,125.16,127.92,127.5,105.81,97.5,77.66,74.32,85.37,145.58,579.53,239.73,122.11,78.4,70.54,66.18,55.3,41.78,38.37,35.64,34.59,39.0,67.68,74.7,85.55,94.72,114.5,99.95,103.0,109.61,103.0,100.08,96.81,109.18,186.32,114.18,110.6,55.55,58.67,60.0,53.11,51.1,45.41,42.51,43.44,48.62,59.32,79.52,88.74,81.33,81.04,80.14,72.03,72.5,75.06,77.53,78.99,98.85,131.74,107.44,77.03,62.32,56.46,56.15,43.9,45.61,44.85,43.6,39.32,44.55,49.45,59.06,65.96,65.65
74.35,77.77,90.0,72.7,74.46,73.11,86.69,92.33,99.56,110.4,122.46,678.31,336.77,98.65,86.33,68.56,82.46,45.6,44.2,37.0,36.17,37.13,45.95,81.38,106.16,116.34,125.16,127.92,127.5,105.81,97.5,77.66,74.32,85.37,145.58,579.53,239.73,122.11,78.4,70.54,66.18,55.3,41.78,38.37,35.64,34.59,39.0,67.68,74.7,85.55,94.72,114.5,99.95,103.0,109.61,103.0,100.08,96.81,109.18,186.32,114.18,110.6,55.55,58.67,60.0,53.11,51.1,45.41,42.51,43.44,48.62,59.32,79.52,88.74,81.33,81.04,80.14,72.03,72.5,75.06,77.53,78.99,98.85,131.74,107.44,77.03,62.32,56.46,56.15,43.9,45.61,44.85,43.6,39.32,44.55,49.45,59.06,65.96,65.65,65.77
77.77,90.0,72.7,74.46,73.11,86.69,92.33,99.56,110.4,122.46,678.31,336.77,98.65,86.33,68.56,82.46,45.6,44.2,37.0,36.17,37.13,45.95,81.38,106.16,116.34,125.16,127.92,127.5,105.81,97.5,77.66,74.32,85.37,145.58,579.53,239.73,122.11,78.4,70.54,66.18,55.3,41.78,38.37,35.64,34.59,39.0,67.68,74.7,85.55,94.72,114.5,99.95,103.0,109.61,103.0,100.08,96.81,109.18,186.32,114.18,110.6,55.55,58.67,60.0,53.11,51.1,45.41,42.51,43.44,48.62,59.32,79.52,88.74,81.33,81.04,80.14,72.03,72.5,75.06,77.53,78.99,98.85,131.74,107.44,77.03,62.32,56.46,56.15,43.9,45.61,44.85,43.6,39.32,44.55,49.45,59.06,65.96,65.65,65.77,65.06
90.0,72.7,74.46,73.11,86.69,92.33,99.56,110.4,122.46,678.31,336.77,98.65,86.33,68.56,82.46,45.6,44.2,37.0,36.17,37.13,45.95,81.38,106.16,116.34,125.16,127.92,127.5,105.81,97.5,77.66,74.32,85.37,145.58,579.53,239.73,122.11,78.4,70.54,66.18,55.3,41.78,38.37,35.64,34.59,39.0,67.68,74.7,85.55,94.72,114.5,99.95,103.0,109.61,103.0,100.08,96.81,109.18,186.32,114.18,110.6,55.55,58.67,60.0,53.11,51.1,45.41,42.51,43.44,48.62,59.32,79.52,88.74,81.33,81.04,80.14,72.03,72.5,75.06,77.53,78.99,98.85,131.74,107.44,77.03,62.32,56.46,56.15,43.9,45.61,44.85,43.6,39.32,44.55,49.45,59.06,65.96,65.65,65.77,65.06,62.39
72.7,74.46,73.11,86.69,92.33,99.56,110.4,122.46,678.31,336.77,98.65,86.33,68.56,82.46,45.6,44.2,37.0,36.17,37.13,45.95,81.38,106.16,116.34,125.16,127.92,127.5,105.81,97.5,77.66,74.32,85.37,145.58,579.53,239.73,122.11,78.4,70.54,66.18,55.3,41.78,38.37,35.64,34.59,39.0,67.68,74.7,85.55,94.72,114.5,99.95,103.0,109.61,103.0,100.08,96.81,109.18,186.32,114.18,110.6,55.55,58.67,60.0,53.11,51.1,45.41,42.51,43.44,48.62,59.32,79.52,88.74,81.33,81.04,80.14,72.03,72.5,75.06,77.53,78.99,98.85,131.74,107.44,77.03,62.32,56.46,56.15,43.9,45.61,44.85,43.6,39.32,44.55,49.45,59.06,65.96,65.65,65.77,65.06,62.39,59.87
74.46,73.11,86.69,92.33,99.56,110.4,122.46,678.31,336.77,98.65,86.33,68.56,82.46,45.6,44.2,37.0,36.17,37.13,45.95,81.38,106.16,116.34,125.16,127.92,127.5,105.81,97.5,77.66,74.32,85.37,145.58,579.53,239.73,122.11,78.4,70.54,66.18,55.3,41.78,38.37,35.64,34.59,39.0,67.68,74.7,85.55,94.72,114.5,99.95,103.0,109.61,103.0,100.08,96.81,109.18,186.32,114.18,110.6,55.55,58.67,60.0,53.11,51.1,45.41,42.51,43.44,48.62,59.32,79.52,88.74,81.33,81.04,80.14,72.03,72.5,75.06,77.53,78.99,98.85,131.74,107.44,77.03,62.32,56.46,56.15,43.9,45.61,44.85,43.6,39.32,44.55,49.45,59.06,65.96,65.65,65.77,65.06,62.39,59.87,61.49
73.11,86.69,92.33,99.56,110.4,122.46,678.31,336.77,98.65,86.33,68.56,82.46,45.6,44.2,37.0,36.17,37.13,45.95,81.38,106.16,116.34,125.16,127.92,127.5,105.81,97.5,77.66,74.32,85.37,145.58,579.53,239.73,122.11,78.4,70.54,66.18,55.3,41.78,38.37,35.64,34.59,39.0,67.68,74.7,85.55,94.72,114.5,99.95,103.0,109.61,103.0,100.08,96.81,109.18,186.32,114.18,110.6,55.55,58.67,60.0,53.11,51.1,45.41,42.51,43.44,48.62,59.32,79.52,88.74,81.33,81.04,80.14,72.03,72.5,75.06,77.53,78.99,98.85,131.74,107.44,77.03,62.32,56.46,56.15,43.9,45.61,44.85,43.6,39.32,44.55,49.45,59.06,65.96,65.65,65.77,65.06,62.39,59.87,61.49,61.27
86.69,92.33,99.56,110.4,122.46,678.31,336.77,98.65,86.33,68.56,82.46,45.6,44.2,37.0,36.17,37.13,45.95,81.38,106.16,116.34,125.16,127.92,127.5,105.81,97.5,77.66,74.32,85.37,145.58,579.53,239.73,122.11,78.4,70.54,66.18,55.3,41.78,38.37,35.64,34.59,39.0,67.68,74.7,85.55,94.72,114.5,99.95,103.0,109.61,103.0,100.08,96.81,109.18,186.32,114.18,110.6,55.55,58.67,60.0,53.11,51.1,45.41,42.51,43.44,48.62,59.32,79.52,88.74,81.33,81.04,80.14,72.03,72.5,75.06,77.53,78.99,98.85,131.74,107.44,77.03,62.32,56.46,56.15,43.9,45.61,44.85,43.6,39.32,44.55,49.45,59.06,65.96,65.65,65.77,65.06,62.39,59.87,61.49,61.27,63.34
92.33,99.56,110.4,122.46,678.31,336.77,98.65,86.33,68.56,82.46,45.6,44.2,37.0,36.17,37.13,45.95,81.38,106.16,116.34,125.16,127.92,127.5,105.81,97.5,77.66,74.32,85.37,145.58,579.53,239.73,122.11,78.4,70.54,66.18,55.3,41.78,38.37,35.64,34.59,39.0,67.68,74.7,85.55,94.72,114.5,99.95,103.0,109.61,103.0,100.08,96.81,109.18,186.32,114.18,110.6,55.55,58.67,60.0,53.11,51.1,45.41,42.51,43.44,48.62,59.32,79.52,88.74,81.33,81.04,80.14,72.03,72.5,75.06,77.53,78.99,98.85,131.74,107.44,77.03,62.32,56.46,56.15,43.9,45.61,44.85,43.6,39.32,44.55,49.45,59.06,65.96,65.65,65.77,65.06,62.39,59.87,61.49,61.27,63.34,76.87
99.56,110.4,122.46,678.31,336.77,98.65,86.33,68.56,82.46,45.6,44.2,37.0,36.17,37.13,45.95,81.38,106.16,116.34,125.16,127.92,127.5,105.81,97.5,77.66,74.32,85.37,145.58,579.53,239.73,122.11,78.4,70.54,66.18,55.3,41.78,38.37,35.64,34.59,39.0,67.68,74.7,85.55,94.72,114.5,99.95,103.0,109.61,103.0,100.08,96.81,109.18,186.32,114.18,110.6,55.55,58.67,60.0,53.11,51.1,45.41,42.51,43.44,48.62,59.32,79.52,88.74,81.33,81.04,80.14,72.03,72.5,75.06,77.53,78.99,98.85,131.74,107.44,77.03,62.32,56.46,56.15,43.9,45.61,44.85,43.6,39.32,44.55,49.45,59.06,65.96,65.65,65.77,65.06,62.39,59.87,61.49,61.27,63.34,76.87,77.99
110.4,122.46,678.31,336.77,98.65,86.33,68.56,82.46,45.6,44.2,37.0,36.17,37.13,45.95,81.38,106.16,116.34,125.16,127.92,127.5,105.81,97.5,77.66,74.32,85.37,145.58,579.53,239.73,122.11,78.4,70.54,66.18,55.3,41.78,38.37,35.64,34.59,39.0,67.68,74.7,85.55,94.72,114.5,99.95,103.0,109.61,103.0,100.08,96.81,109.18,186.32,114.18,110.6,55.55,58.67,60.0,53.11,51.1,45.41,42.51,43.44,48.62,59.32,79.52,88.74,81.33,81.04,80.14,72.03,72.5,75.06,77.53,78.99,98.85,131.74,107.44,77.03,62.32,56.46,56.15,43.9,45.61,44.85,43.6,39.32,44.55,49.45,59.06,65.96,65.65,65.77,65.06,62.39,59.87,61.49,61.27,63.34,76.87,77.99,73.1
122.46,678.31,336.77,98.65,86.33,68.56,82.46,45.6,44.2,37.0,36.17,37.13,45.95,81.38,106.16,116.34,125.16,127.92,127.5,105.81,97.5,77.66,74.32,85.37,145.58,579.53,239.73,122.11,78.4,70.54,66.18,55.3,41.78,38.37,35.64,34.59,39.0,67.68,74.7,85.55,94.72,114.5,99.95,103.0,109.61,103.0,100.08,96.81,109.18,186.32,114.18,110.6,55.55,58.67,60.0,53.11,51.1,45.41,42.51,43.44,48.62,59.32,79.52,88.74,81.33,81.04,80.14,72.03,72.5,75.06,77.53,78.99,98.85,131.74,107.44,77.03,62.32,56.46,56.15,43.9,45.61,44.85,43.6,39.32,44.55,49.45,59.06,65.96,65.65,65.77,65.06,62.39,59.87,61.49,61.27,63.34,76.87,77.99,73.1,63.48
678.31,336.77,98.65,86.33,68.56,82.46,45.6,44.2,37.0,36.17,37.13,45.95,81.38,106.16,116.34,125.16,127.92,127.5,105.81,97.5,77.66,74.32,85.37,145.58,579.53,239.73,122.11,78.4,70.54,66.18,55.3,41.78,38.37,35.64,34.59,39.0,67.68,74.7,85.55,94.72,114.5,99.95,103.0,109.61,103.0,100.08,96.81,109.18,186.32,114.18,110.6,55.55,58.67,60.0,53.11,51.1,45.41,42.51,43.44,48.62,59.32,79.52,88.74,81.33,81.04,80.14,72.03,72.5,75.06,77.53,78.99,98.85,131.74,107.44,77.03,62.32,56.46,56.15,43.9,45.61,44.85,43.6,39.32,44.55,49.45,59.06,65.96,65.65,65.77,65.06,62.39,59.87,61.49,61.27,63.34,76.87,77.99,73.1,63.48,63.01
336.77,98.65,86.33,68.56,82.46,45.6,44.2,37.0,36.17,37.13,45.95,81.38,106.16,116.34,125.16,127.92,127.5,105.81,97.5,77.66,74.32,85.37,145.58,579.53,239.73,122.11,78.4,70.54,66.18,55.3,41.78,38.37,35.64,34.59,39.0,67.68,74.7,85.55,94.72,114.5,99.95,103.0,109.61,103.0,100.08,96.81,109.18,186.32,114.18,110.6,55.55,58.67,60.0,53.11,51.1,45.41,42.51,43.44,48.62,59.32,79.52,88.74,81.33,81.04,80.14,72.03,72.5,75.06,77.53,78.99,98.85,131.74,107.44,77.03,62.32,56.46,56.15,43.9,45.61,44.85,43.6,39.32,44.55,49.45,59.06,65.96,65.65,65.77,65.06,62.39,59.87,61.49,61.27,63.34,76.87,77.99,73.1,63.48,63.01,58.87
98.65,86.33,68.56,82.46,45.6,44.2,37.0,36.17,37.13,45.95,81.38,106.16,116.34,125.16,127.92,127.5,105.81,97.5,77.66,74.32,85.37,145.58,579.53,239.73,122.11,78.4,70.54,66.18,55.3,41.78,38.37,35.64,34.59,39.0,67.68,74.7,85.55,94.72,114.5,99.95,103.0,109.61,103.0,100.08,96.81,109.18,186.32,114.18,110.6,55.55,58.67,60.0,53.11,51.1,45.41,42.51,43.44,48.62,59.32,79.52,88.74,81.33,81.04,80.14,72.03,72.5,75.06,77.53,78.99,98.85,131.74,107.44,77.03,62.32,56.46,56.15,43.9,45.61,44.85,43.6,39.32,44.55,49.45,59.06,65.96,65.65,65.77,65.06,62.39,59.87,61.49,61.27,63.34,76.87,77.99,73.1,63.48,63.01,58.87,58.72
86.33,68.56,82.46,45.6,44.2,37.0,36.17,37.13,45.95,81.38,106.16,116.34,125.16,127.92,127.5,105.81,97.5,77.66,74.32,85.37,145.58,579.53,239.73,122.11,78.4,70.54,66.18,55.3,41.78,38.37,35.64,34.59,39.0,67.68,74.7,85.55,94.72,114.5,99.95,103.0,109.61,103.0,100.08,96.81,109.18,186.32,114.18,110.6,55.55,58.67,60.0,53.11,51.1,45.41,42.51,43.44,48.62,59.32,79.52,88.74,81.33,81.04,80.14,72.03,72.5,75.06,77.53,78.99,98.85,131.74,107.44,77.03,62.32,56.46,56.15,43.9,45.61,44.85,43.6,39.32,44.55,49.45,59.06,65.96,65.65,65.77,65.06,62.39,59.87,61.49,61.27,63.34,76.87,77.99,73.1,63.48,63.01,58.87,58.72,59.09
68.56,82.46,45.6,44.2,37.0,36.17,37.13,45.95,81.38,106.16,116.34,125.16,127.92,127.5,105.81,97.5,77.66,74.32,85.37,145.58,579.53,239.73,122.11,78.4,70.54,66.18,55.3,41.78,38.37,35.64,34.59,39.0,67.68,74.7,85.55,94.72,114.5,99.95,103.0,109.61,103.0,100.08,96.81,109.18,186.32,114.18,110.6,55.55,58.67,60.0,53.11,51.1,45.41,42.51,43.44,48.62,59.32,79.52,88.74,81.33,81.04,80.14,72.03,72.5,75.06,77.53,78.99,98.85,131.74,107.44,77.03,62.32,56.46,56.15,43.9,45.61,44.85,43.6,39.32,44.55,49.45,59.06,65.96,65.65,65.77,65.06,62.39,59.87,61.49,61.27,63.34,76.87,77.99,73.1,63.48,63.01,58.87,58.72,59.09,56.26
82.46,45.6,44.2,37.0,36.17,37.13,45.95,81.38,106.16,116.34,125.16,127.92,127.5,105.81,97.5,77.66,74.32,85.37,145.58,579.53,239.73,122.11,78.4,70.54,66.18,55.3,41.78,38.37,35.64,34.59,39.0,67.68,74.7,85.55,94.72,114.5,99.95,103.0,109.61,103.0,100.08,96.81,109.18,186.32,114.18,110.6,55.55,58.67,60.0,53.11,51.1,45.41,42.51,43.44,48.62,59.32,79.52,88.74,81.33,81.04,80.14,72.03,72.5,75.06,77.53,78.99,98.85,131.74,107.44,77.03,62.32,56.46,56.15,43.9,45.61,44.85,43.6,39.32,44.55,49.45,59.06,65.96,65.65,65.77,65.06,62.39,59.87,61.49,61.27,63.34,76.87,77.99,73.1,63.48,63.01,58.87,58.72,59.09,56.26,49.7
45.6,44.2,37.0,36.17,37.13,45.95,81.38,106.16,116.34,125.16,127.92,127.5,105.81,97.5,77.66,74.32,85.37,145.58,579.53,239.73,122.11,78.4,70.54,66.18,55.3,41.78,38.37,35.64,34.59,39.0,67.68,74.7,85.55,94.72,114.5,99.95,103.0,109.61,103.0,100.08,96.81,109.18,186.32,114.18,110.6,55.55,58.67,60.0,53.11,51.1,45.41,42.51,43.44,48.62,59.32,79.52,88.74,81.33,81.04,80.14,72.03,72.5,75.06,77.53,78.99,98.85,131.74,107.44,77.03,62.32,56.46,56.15,43.9,45.61,44.85,43.6,39.32,44.55,49.45,59.06,65.96,65.65,65.77,65.06,62.39,59.87,61.49,61.27,63.34,76.87,77.99,73.1,63.48,63.01,58.87,58.72,59.09,56.26,49.7,46.47
44.2,37.0,36.17,37.13,45.95,81.38,106.16,116.34,125.16,127.92,127.5,105.81,97.5,77.66,74.32,85.37,145.58,579.53,239.73,122.11,78.4,70.54,66.18,55.3,41.78,38.37,35.64,34.59,39.0,67.68,74.7,85.55,94.72,114.5,99.95,103.0,109.61,103.0,100.08,96.81,109.18,186.32,114.18,110.6,55.55,58.67,60.0,53.11,51.1,45.41,42.51,43.44,48.62,59.32,79.52,88.74,81.33,81.04,80.14,72.03,72.5,75.06,77.53,78.99,98.85,131.74,107.44,77.03,62.32,56.46,56.15,43.9,45.61,44.85,43.6,39.32,44.55,49.45,59.06,65.96,65.65,65.77,65.06,62.39,59.87,61.49,61.27,63.34,76.87,77.99,73.1,63.48,63.01,58.87,58.72,59.09,56.26,49.7,46.47,43.8
37.0,36.17,37.13,45.95,81.38,106.16,116.34,125.16,127.92,127.5,105.81,97.5,77.66,74.32,85.37,145.58,579.53,239.73,122.11,78.4,70.54,66.18,55.3,41.78,38.37,35.64,34.59,39.0,67.68,74.7,85.55,94.72,114.5,99.95,103.0,109.61,103.0,100.08,96.81,109.18,186.32,114.18,110.6,55.55,58.67,60.0,53.11,51.1,45.41,42.51,43.44,48.62,59.32,79.52,88.74,81.33,81.04,80.14,72.03,72.5,75.06,77.53,78.99,98.85,131.74,107.44,77.03,62.32,56.46,56.15,43.9,45.61,44.85,43.6,39.32,44.55,49.45,59.06,65.96,65.65,65.77,65.06,62.39,59.87,61.49,61.27,63.34,76.87,77.99,73.1,63.48,63.01,58.87,58.72,59.09,56.26,49.7,46.47,43.8,44.75
36.17,37.13,45.95,81.38,106.16,116.34,125.16,127.92,127.5,105.81,97.5,77.66,74.32,85.37,145.58,579.53,239.73,122.11,78.4,70.54,66.18,55.3,41.78,38.37,35.64,34.59,39.0,67.68,74.7,85.55,94.72,114.5,99.95,103.0,109.61,103.0,100.08,96.81,109.18,186.32,114.18,110.6,55.55,58.67,60.0,53.11,51.1,45.41,42.51,43.44,48.62,59.32,79.52,88.74,81.33,81.04,80.14,72.03,72.5,75.06,77.53,78.99,98.85,131.74,107.44,77.03,62.32,56.46,56.15,43.9,45.61,44.85,43.6,39.32,44.55,49.45,59.06,65.96,65.65,65.77,65.06,62.39,59.87,61.49,61.27,63.34,76.87,77.99,73.1,63.48,63.01,58.87,58.72,59.09,56.26,49.7,46.47,43.8,44.75,49.03
37.13,45.95,81.38,106.16,116.34,125.16,127.92,127.5,105.81,97.5,77.66,74.32,85.37,145.58,579.53,239.73,122.11,78.4,70.54,66.18,55.3,41.78,38.37,35.64,34.59,39.0,67.68,74.7,85.55,94.72,114.5,99.95,103.0,109.61,103.0,100.08,96.81,109.18,186.32,114.18,110.6,55.55,58.67,60.0,53.11,51.1,45.41,42.51,43.44,48.62,59.32,79.52,88.74,81.33,81.04,80.14,72.03,72.5,75.06,77.53,78.99,98.85,131.74,107.44,77.03,62.32,56.46,56.15,43.9,45.61,44.85,43.6,39.32,44.55,49.45,59.06,65.96,65.65,65.77,65.06,62.39,59.87,61.49,61.27,63.34,76.87,77.99,73.1,63.48,63.01,58.87,58.72,59.09,56.26,49.7,46.47,43.8,44.75,49.03,50.77
45.95,81.38,106.16,116.34,125.16,127.92,127.5,105.81,97.5,77.66,74.32,85.37,145.58,579.53,239.73,122.11,78.4,70.54,66.18,55.3,41.78,38.37,35.64,34.59,39.0,67.68,74.7,85.55,94.72,114.5,99.95,103.0,109.61,103.0,100.08,96.81,109.18,186.32,114.18,110.6,55.55,58.67,60.0,53.11,51.1,45.41,42.51,43.44,48.62,59.32,79.52,88.74,81.33,81.04,80.14,72.03,72.5,75.06,77.53,78.99,98.85,131.74,107.44,77.03,62.32,56.46,56.15,43.9,45.61,44.85,43.6,39.32,44.55,49.45,59.06,65.96,65.65,65.77,65.06,62.39,59.87,61.49,61.27,63.34,76.87,77.99,73.1,63.48,63.01,58.87,58.72,59.09,56.26,49.7,46.47,43.8,44.75,49.03,50.77,55.25
81.38,106.16,116.34,125.16,127.92,127.5,105.81,97.5,77.66,74.32,85.37,145.58,579.53,239.73,122.11,78.4,70.54,66.18,55.3,41.78,38.37,35.64,34.59,39.0,67.68,74.7,85.55,94.72,114.5,99.95,103.0,109.61,103.0,100.08,96.81,109.18,186.32,114.18,110.6,55.55,58.67,60.0,53.11,51.1,45.41,42.51,43.44,48.62,59.32,79.52,88.74,81.33,81.04,80.14,72.03,72.5,75.06,77.53,78.99,98.85,131.74,107.44,77.03,62.32,56.46,56.15,43.9,45.61,44.85,43.6,39.32,44.55,49.45,59.06,65.96,65.65,65.77,65.06,62.39,59.87,61.49,61.27,63.34,76.87,77.99,73.1,63.48,63.01,58.87,58.72,59.09,56.26,49.7,46.47,43.8,44.75,49.03,50.77,55.25,58.21
106.16,116.34,125.16,127.92,127.5,105.81,97.5,77.66,74.32,85.37,145.58,579.53,239.73,122.11,78.4,70.54,66.18,55.3,41.78,38.37,35.64,34.59,39.0,67.68,74.7,85.55,94.72,114.5,99.95,103.0,109.61,103.0,100.08,96.81,109.18,186.32,114.18,110.6,55.55,58.67,60.0,53.11,51.1,45.41,42.51,43.44,48.62,59.32,79.52,88.74,81.33,81.04,80.14,72.03,72.5,75.06,77.53,78.99,98.85,131.74,107.44,77.03,62.32,56.46,56.15,43.9,45.61,44.85,43.6,39.32,44.55,49.45,59.06,65.96,65.65,65.77,65.06,62.39,59.87,61.49,61.27,63.34,76.87,77.99,73.1,63.48,63.01,58.87,58.72,59.09,56.26,49.7,46.47,43.8,44.75,49.03,50.77,55.25,58.21,57.95
116.34,125.16,127.92,127.5,105.81,97.5,77.66,74.32,85.37,145.58,579.53,239.73,122.11,78.4,70.54,66.18,55.3,41.78,38.37,35.64,34.59,39.0,67.68,74.7,85.55,94.72,114.5,99.95,103.0,109.61,103.0,100.08,96.81,109.18,186.32,114.18,110.6,55.55,58.67,60.0,53.11,51.1,45.41,42.51,43.44,48.62,59.32,79.52,88.74,81.33,81.04,80.14,72.03,72.5,75.06,77.53,78.99,98.85,131.74,107.44,77.03,62.32,56.46,56.15,43.9,45.61,44.85,43.6,39.32,44.55,49.45,59.06,65.96,65.65,65.77,65.06,62.39,59.87,61.49,61.27,63.34,76.87,77.99,73.1,63.48,63.01,58.87,58.72,59.09,56.26,49.7,46.47,43.8,44.75,49.03,50.77,55.25,58.21,57.95,58.68
125.16,127.92,127.5,105.81,97.5,77.66,74.32,85.37,145.58,579.53,239.73,122.11,78.4,70.54,66.18,55.3,41.78,38.37,35.64,34.59,39.0,67.68,74.7,85.55,94.72,114.5,99.95,103.0,109.61,103.0,100.08,96.81,109.18,186.32,114.18,110.6,55.55,58.67,60.0,53.11,51.1,45.41,42.51,43.44,48.62,59.32,79.52,88.74,81.33,81.04,80.14,72.03,72.5,75.06,77.53,78.99,98.85,131.74,107.44,77.03,62.32,56.46,56.15,43.9,45.61,44.85,43.6,39.32,44.55,49.45,59.06,65.96,65.65,65.77,65.06,62.39,59.87,61.49,61.27,63.34,76.87,77.99,73.1,63.48,63.01,58.87,58.72,59.09,56.26,49.7,46.47,43.8,44.75,49.03,50.77,55.25,58.21,57.95,58.68,61.91
127.92,127.5,105.81,97.5,77.66,74.32,85.37,145.58,579.53,239.73,122.11,78.4,70.54,66.18,55.3,41.78,38.37,35.64,34.59,39.0,67.68,74.7,85.55,94.72,114.5,99.95,103.0,109.61,103.0,100.08,96.81,109.18,186.32,114.18,110.6,55.55,58.67,60.0,53.11,51.1,45.41,42.51,43.44,48.62,59.32,79.52,88.74,81.33,81.04,80.14,72.03,72.5,75.06,77.53,78.99,98.85,131.74,107.44,77.03,62.32,56.46,56.15,43.9,45.61,44.85,43.6,39.32,44.55,49.45,59.06,65.96,65.65,65.77,65.06,62.39,59.87,61.49,61.27,63.34,76.87,77.99,73.1,63.48,63.01,58.87,58.72,59.09,56.26,49.7,46.47,43.8,44.75,49.03,50.77,55.25,58.21,57.95,58.68,61.91,59.9
127.5,105.81,97.5,77.66,74.32,85.37,145.58,579.53,239.73,122.11,78.4,70.54,66.18,55.3,41.78,38.37,35.64,34.59,39.0,67.68,74.7,85.55,94.72,114.5,99.95,103.0,109.61,103.0,100.08,96.81,109.18,186.32,114.18,110.6,55.55,58.67,60.0,53.11,51.1,45.41,42.51,43.44,48.62,59.32,79.52,88.74,81.33,81.04,80.14,72.03,72.5,75.06,77.53,78.99,98.85,131.74,107.44,77.03,62.32,56.46,56.15,43.9,45.61,44.85,43.6,39.32,44.55,49.45,59.06,65.96,65.65,65.77,65.06,62.39,59.87,61.49,61.27,63.34,76.87,77.99,73.1,63.48,63.01,58.87,58.72,59.09,56.26,49.7,46.47,43.8,44.75,49.03,50.77,55.25,58.21,57.95,58.68,61.91,59.9,60.48
105.81,97.5,77.66,74.32,85.37,145.58,579.53,239.73,122.11,78.4,70.54,66.18,55.3,41.78,38.37,35.64,34.59,39.0,67.68,74.7,85.55,94.72,114.5,99.95,103.0,109.61,103.0,100.08,96.81,109.18,186.32,114.18,110.6,55.55,58.67,60.0,53.11,51.1,45.41,42.51,43.44,48.62,59.32,79.52,88.74,81.33,81.04,80.14,72.03,72.5,75.06,77.53,78.99,98.85,131.74,107.44,77.03,62.32,56.46,56.15,43.9,45.61,44.85,43.6,39.32,44.55,49.45,59.06,65.96,65.65,65.77,65.06,62.39,59.87,61.49,61.27,63.34,76.87,77.99,73.1,63.48,63.01,58.87,58.72,59.09,56.26,49.7,46.47,43.8,44.75,49.03,50.77,55.25,58.21,57.95,58.68,61.91,59.9,60.48,58.44
97.5,77.66,74.32,85.37,145.58,579.53,239.73,122.11,78.4,70.54,66.18,55.3,41.78,38.37,35.64,34.59,39.0,67.68,74.7,85.55,94.72,114.5,99.95,103.0,109.61,103.0,100.08,96.81,109.18,186.32,114.18,110.6,55.55,58.67,60.0,53.11,51.1,45.41,42.51,43.44,48.62,59.32,79.52,88.74,81.33,81.04,80.14,72.03,72.5,75.06,77.53,78.99,98.85,131.74,107.44,77.03,62.32,56.46,56.15,43.9,45.61,44.85,43.6,39.32,44.55,49.45,59.06,65.96,65.65,65.77,65.06,62.39,59.87,61.49,61.27,63.34,76.87,77.99,73.1,63.48,63.01,58.87,58.72,59.09,56.26,49.7,46.47,43.8,44.75,49.03,50.77,55.25,58.21,57.95,58.68,61.91,59.9,60.48,58.44,59.93
77.66,74.32,85.37,145.58,579.53,239.73,122.11,78.4,70.54,66.18,55.3,41.78,38.37,35.64,34.59,39.0,67.68,74.7,85.55,94.72,114.5,99.95,103.0,109.61,103.0,100.08,96.81,109.18,186.32,114.18,110.6,55.55,58.67,60.0,53.11,51.1,45.41,42.51,43.44,48.62,59.32,79.52,88.74,81.33,81.04,80.14,72.03,72.5,75.06,77.53,78.99,98.85,131.74,107.44,77.03,62.32,56.46,56.15,43.9,45.61,44.85,43.6,39.32,44.55,49.45,59.06,65.96,65.65,65.77,65.06,62.39,59.87,61.49,61.27,63.34,76.87,77.99,73.1,63.48,63.01,58.87,58.72,59.09,56.26,49.7,46.47,43.8,44.75,49.03,50.77,55.25,58.21,57.95,58.68,61.91,59.9,60.48,58.44,59.93,69.27
74.32,85.37,145.58,579.53,239.73,122.11,78.4,70.54,66.18,55.3,41.78,38.37,35.64,34.59,39.0,67.68,74.7,85.55,94.72,114.5,99.95,103.0,109.61,103.0,100.08,96.81,109.18,186.32,114.18,110.6,55.55,58.67,60.0,53.11,51.1,45.41,42.51,43.44,48.62,59.32,79.52,88.74,81.33,81.04,80.14,72.03,72.5,75.06,77.53,78.99,98.85,131.74,107.44,77.03,62.32,56.46,56.15,43.9,45.61,44.85,43.6,39.32,44.55,49.45,59.06,65.96,65.65,65.77,65.06,62.39,59.87,61.49,61.27,63.34,76.87,77.99,73.1,63.48,63.01,58.87,58.72,59.09,56.26,49.7,46.47,43.8,44.75,49.03,50.77,55.25,58.21,57.95,58.68,61.91,59.9,60.48,58.44,59.93,69.27,94.57
85.37,145.58,579.53,239.73,122.11,78.4,70.54,66.18,55.3,41.78,38.37,35.64,34.59,39.0,67.68,74.7,85.55,94.72,114.5,99.95,103.0,109.61,103.0,100.08,96.81,109.18,186.32,114.18,110.6,55.55,58.67,60.0,53.11,51.1,45.41,42.51,43.44,48.62,59.32,79.52,88.74,81.33,81.04,80.14,72.03,72.5,75.06,77.53,78.99,98.85,131.74,107.44,77.03,62.32,56.46,56.15,43.9,45.61,44.85,43.6,39.32,44.55,49.45,59.06,65.96,65.65,65.77,65.06,62.39,59.87,61.49,61.27,63.34,76.87,77.99,73.1,63.48,63.01,58.87,58.72,59.09,56.26,49.7,46.47,43.8,44.75,49.03,50.77,55.25,58.21,57.95,58.68,61.91,59.9,60.48,58.44,59.93,69.27,94.57,75.6
145.58,579.53,239.73,122.11,78.4,70.54,66.18,55.3,41.78,38.37,35.64,34.59,39.0,67.68,74.7,85.55,94.72,114.5,99.95,103.0,109.61,103.0,100.08,96.81,109.18,186.32,114.18,110.6,55.55,58.67,60.0,53.11,51.1,45.41,42.51,43.44,48.62,59.32,79.52,88.74,81.33,81.04,80.14,72.03,72.5,75.06,77.53,78.99,98.85,131.74,107.44,77.03,62.32,56.46,56.15,43.9,45.61,44.85,43.6,39.32,44.55,49.45,59.06,65.96,65.65,65.77,65.06,62.39,59.87,61.49,61.27,63.34,76.87,77.99,73.1,63.48,63.01,58.87,58.72,59.09,56.26,49.7,46.47,43.8,44.75,49.03,50.77,55.25,58.21,57.95,58.68,61.91,59.9,60.48,58.44,59.93,69.27,94.57,75.6,65.27
579.53,239.73,122.11,78.4,70.54,66.18,55.3,41.78,38.37,35.64,34.59,39.0,67.68,74.7,85.55,94.72,114.5,99.95,103.0,109.61,103.0,100.08,96.81,109.18,186.32,114.18,110.6,55.55,58.67,60.0,53.11,51.1,45.41,42.51,43.44,48.62,59.32,79.52,88.74,81.33,81.04,80.14,72.03,72.5,75.06,77.53,78.99,98.85,131.74,107.44,77.03,62.32,56.46,56.15,43.9,45.61,44.85,43.6,39.32,44.55,49.45,59.06,65.96,65.65,65.77,65.06,62.39,59.87,61.49,61.27,63.34,76.87,77.99,73.1,63.48,63.01,58.87,58.72,59.09,56.26,49.7,46.47,43.8,44.75,49.03,50.77,55.25,58.21,57.95,58.68,61.91,59.9,60.48,58.44,59.93,69.27,94.57,75.6,65.27,64.76
239.73,122.11,78.4,70.54,66.18,55.3,41.78,38.37,35.64,34.59,39.0,67.68,74.7,85.55,94.72,114.5,99.95,103.0,109.61,103.0,100.08,96.81,109.18,186.32,114.18,110.6,55.55,58.67,60.0,53.11,51.1,45.41,42.51,43.44,48.62,59.32,79.52,88.74,81.33,81.04,80.14,72.03,72.5,75.06,77.53,78.99,98.85,131.74,107.44,77.03,62.32,56.46,56.15,43.9,45.61,44.85,43.6,39.32,44.55,49.45,59.06,65.96,65.65,65.77,65.06,62.39,59.87,61.49,61.27,63.34,76.87,77.99,73.1,63.48,63.01,58.87,58.72,59.09,56.26,49.7,46.47,43.8,44.75,49.03,50.77,55.25,58.21,57.95,58.68,61.91,59.9,60.48,58.44,59.93,69.27,94.57,75.6,65.27,64.76,60.52
122.11,78.4,70.54,66.18,55.3,41.78,38.37,35.64,34.59,39.0,67.68,74.7,85.55,94.72,114.5,99.95,103.0,109.61,103.0,100.08,96.81,109.18,186.32,114.18,110.6,55.55,58.67,60.0,53.11,51.1,45.41,42.51,43.44,48.62,59.32,79.52,88.74,81.33,81.04,80.14,72.03,72.5,75.06,77.53,78.99,98.85,131.74,107.44,77.03,62.32,56.46,56.15,43.9,45.61,44.85,43.6,39.32,44.55,49.45,59.06,65.96,65.65,65.77,65.06,62.39,59.87,61.49,61.27,63.34,76.87,77.99,73.1,63.48,63.01,58.87,58.72,59.09,56.26,49.7,46.47,43.8,44.75,49.03,50.77,55.25,58.21,57.95,58.68,61.91,59.9,60.48,58.44,59.93,69.27,94.57,75.6,65.27,64.76,60.52,55.81
78.4,70.54,66.18,55.3,41.78,38.37,35.64,34.59,39.0,67.68,74.7,85.55,94.72,114.5,99.95,103.0,109.61,103.0,100.08,96.81,109.18,186.32,114.18,110.6,55.55,58.67,60.0,53.11,51.1,45.41,42.51,43.44,48.62,59.32,79.52,88.74,81.33,81.04,80.14,72.03,72.5,75.06,77.53,78.99,98.85,131.74,107.44,77.03,62.32,56.46,56.15,43.9,45.61,44.85,43.6,39.32,44.55,49.45,59.06,65.96,65.65,65.77,65.06,62.39,59.87,61.49,61.27,63.34,76.87,77.99,73.1,63.48,63.01,58.87,58.72,59.09,56.26,49.7,46.47,43.8,44.75,49.03,50.77,55.25,58.21,57.95,58.68,61.91,59.9,60.48,58.44,59.93,69.27,94.57,75.6,65.27,64.76,60.52,55.81,44.0
70.54,66.18,55.3,41.78,38.37,35.64,34.59,39.0,67.68,74.7,85.55,94.72,114.5,99.95,103.0,109.61,103.0,100.08,96.81,109.18,186.32,114.18,110.6,55.55,58.67,60.0,53.11,51.1,45.41,42.51,43.44,48.62,59.32,79.52,88.74,81.33,81.04,80.14,72.03,72.5,75.06,77.53,78.99,98.85,131.74,107.44,77.03,62.32,56.46,56.15,43.9,45.61,44.85,43.6,39.32,44.55,49.45,59.06,65.96,65.65,65.77,65.06,62.39,59.87,61.49,61.27,63.34,76.87,77.99,73.1,63.48,63.01,58.87,58.72,59.09,56.26,49.7,46.47,43.8,44.75,49.03,50.77,55.25,58.21,57.95,58.68,61.91,59.9,60.48,58.44,59.93,69.27,94.57,75.6,65.27,64.76,60.52,55.81,44.0,37.9
66.18,55.3,41.78,38.37,35.64,34.59,39.0,67.68,74.7,85.55,94.72,114.5,99.95,103.0,109.61,103.0,100.08,96.81,109.18,186.32,114.18,110.6,55.55,58.67,60.0,53.11,51.1,45.41,42.51,43.44,48.62,59.32,79.52,88.74,81.33,81.04,80.14,72.03,72.5,75.06,77.53,78.99,98.85,131.74,107.44,77.03,62.32,56.46,56.15,43.9,45.61,44.85,43.6,39.32,44.55,49.45,59.06,65.96,65.65,65.77,65.06,62.39,59.87,61.49,61.27,63.34,76.87,77.99,73.1,63.48,63.01,58.87,58.72,59.09,56.26,49.7,46.47,43.8,44.75,49.03,50.77,55.25,58.21,57.95,58.68,61.91,59.9,60.48,58.44,59.93,69.27,94.57,75.6,65.27,64.76,60.52,55.81,44.0,37.9,42.26
55.3,41.78,38.37,35.64,34.59,39.0,67.68,74.7,85.55,94.72,114.5,99.95,103.0,109.61,103.0,100.08,96.81,109.18,186.32,114.18,110.6,55.55,58.67,60.0,53.11,51.1,45.41,42.51,43.44,48.62,59.32,79.52,88.74,81.33,81.04,80.14,72.03,72.5,75.06,77.53,78.99,98.85,131.74,107.44,77.03,62.32,56.46,56.15,43.9,45.61,44.85,43.6,39.32,44.55,49.45,59.06,65.96,65.65,65.77,65.06,62.39,59.87,61.49,61.27,63.34,76.87,77.99,73.1,63.48,63.01,58.87,58.72,59.09,56.26,49.7,46.47,43.8,44.75,49.03,50.77,55.25,58.21,57.95,58.68,61.91,59.9,60.48,58.44,59.93,69.27,94.57,75.6,65.27,64.76,60.52,55.81,44.0,37.9,42.26,41.7
41.78,38.37,35.64,34.59,39.0,67.68,74.7,85.55,94.72,114.5,99.95,103.0,109.61,103.0,100.08,96.81,109.18,186.32,114.18,110.6,55.55,58.67,60.0,53.11,51.1,45.41,42.51,43.44,48.62,59.32,79.52,88.74,81.33,81.04,80.14,72.03,72.5,75.06,77.53,78.99,98.85,131.74,107.44,77.03,62.32,56.46,56.15,43.9,45.61,44.85,43.6,39.32,44.55,49.45,59.06,65.96,65.65,65.77,65.06,62.39,59.87,61.49,61.27,63.34,76.87,77.99,73.1,63.48,63.01,58.87,58.72,59.09,56.26,49.7,46.47,43.8,44.75,49.03,50.77,55.25,58.21,57.95,58.68,61.91,59.9,60.48,58.44,59.93,69.27,94.57,75.6,65.27,64.76,60.52,55.81,44.0,37.9,42.26,41.7,38.06
38.37,35.64,34.59,39.0,67.68,74.7,85.55,94.72,114.5,99.95,103.0,109.61,103.0,100.08,96.81,109.18,186.32,114.18,110.6,55.55,58.67,60.0,53.11,51.1,45.41,42.51,43.44,48.62,59.32,79.52,88.74,81.33,81.04,80.14,72.03,72.5,75.06,77.53,78.99,98.85,131.74,107.44,77.03,62.32,56.46,56.15,43.9,45.61,44.85,43.6,39.32,44.55,49.45,59.06,65.96,65.65,65.77,65.06,62.39,59.87,61.49,61.27,63.34,76.87,77.99,73.1,63.48,63.01,58.87,58.72,59.09,56.26,49.7,46.47,43.8,44.75,49.03,50.77,55.25,58.21,57.95,58.68,61.91,59.9,60.48,58.44,59.93,69.27,94.57,75.6,65.27,64.76,60.52,55.81,44.0,37.9,42.26,41.7,38.06,37.52
35.64,34.59,39.0,67.68,74.7,85.55,94.72,114.5,99.95,103.0,109.61,103.0,100.08,96.81,109.18,186.32,114.18,110.6,55.55,58.67,60.0,53.11,51.1,45.41,42.51,43.44,48.62,59.32,79.52,88.74,81.33,81.04,80.14,72.03,72.5,75.06,77.53,78.99,98.85,131.74,107.44,77.03,62.32,56.46,56.15,43.9,45.61,44.85,43.6,39.32,44.55,49.45,59.06,65.96,65.65,65.77,65.06,62.39,59.87,61.49,61.27,63.34,76.87,77.99,73.1,63.48,63.01,58.87,58.72,59.09,56.26,49.7,46.47,43.8,44.75,49.03,50.77,55.25,58.21,57.95,58.68,61.91,59.9,60.48,58.44,59.93,69.27,94.57,75.6,65.27,64.76,60.52,55.81,44.0,37.9,42.26,41.7,38.06,37.52,40.52
34.59,39.0,67.68,74.7,85.55,94.72,114.5,99.95,103.0,109.61,103.0,100.08,96.81,109.18,186.32,114.18,110.6,55.55,58.67,60.0,53.11,51.1,45.41,42.51,43.44,48.62,59.32,79.52,88.74,81.33,81.04,80.14,72.03,72.5,75.06,77.53,78.99,98.85,131.74,107.44,77.03,62.32,56.46,56.15,43.9,45.61,44.85,43.6,39.32,44.55,49.45,59.06,65.96,65.65,65.77,65.06,62.39,59.87,61.49,61.27,63.34,76.87,77.99,73.1,63.48,63.01,58.87,58.72,59.09,56.26,49.7,46.47,43.8,44.75,49.03,50.77,55.25,58.21,57.95,58.68,61.91,59.9,60.48,58.44,59.93,69.27,94.57,75.6,65.27,64.76,60.52,55.81,44.0,37.9,42.26,41.7,38.06,37.52,40.52,45.01
39.0,67.68,74.7,85.55,94.72,114.5,99.95,103.0,109.61,103.0,100.08,96.81,109.18,186.32,114.18,110.6,55.55,58.67,60.0,53.11,51.1,45.41,42.51,43.44,48.62,59.32,79.52,88.74,81.33,81.04,80.14,72.03,72.5,75.06,77.53,78.99,98.85,131.74,107.44,77.03,62.32,56.46,56.15,43.9,45.61,44.85,43.6,39.32,44.55,49.45,59.06,65.96,65.65,65.77,65.06,62.39,59.87,61.49,61.27,63.34,76.87,77.99,73.1,63.48,63.01,58.87,58.72,59.09,56.26,49.7,46.47,43.8,44.75,49.03,50.77,55.25,58.21,57.95,58.68,61.91,59.9,60.48,58.44,59.93,69.27,94.57,75.6,65.27,64.76,60.52,55.81,44.0,37.9,42.26,41.7,38.06,37.52,40.52,45.01,44.0
67.68,74.7,85.55,94.72,114.5,99.95,103.0,109.61,103.0,100.08,96.81,109.18,186.32,114.18,110.6,55.55,58.67,60.0,53.11,51.1,45.41,42.51,43.44,48.62,59.32,79.52,88.74,81.33,81.04,80.14,72.03,72.5,75.06,77.53,78.99,98.85,131.74,107.44,77.03,62.32,56.46,56.15,43.9,45.61,44.85,43.6,39.32,44.55,49.45,59.06,65.96,65.65,65.77,65.06,62.39,59.87,61.49,61.27,63.34,76.87,77.99,73.1,63.48,63.01,58.87,58.72,59.09,56.26,49.7,46.47,43.8,44.75,49.03,50.77,55.25,58.21,57.95,58.68,61.91,59.9,60.48,58.44,59.93,69.27,94.57,75.6,65.27,64.76,60.52,55.81,44.0,37.9,42.26,41.7,38.06,37.52,40.52,45.01,44.0,45.94
74.7,85.55,94.72,114.5,99.95,103.0,109.61,103.0,100.08,96.81,109.18,186.32,114.18,110.6,55.55,58.67,60.0,53.11,51.1,45.41,42.51,43.44,48.62,59.32,79.52,88.74,81.33,81.04,80.14,72.03,72.5,75.06,77.53,78.99,98.85,131.74,107.44,77.03,62.32,56.46,56.15,43.9,45.61,44.85,43.6,39.32,44.55,49.45,59.06,65.96,65.65,65.77,65.06,62.39,59.87,61.49,61.27,63.34,76.87,77.99,73.1,63.48,63.01,58.87,58.72,59.09,56.26,49.7,46.47,43.8,44.75,49.03,50.77,55.25,58.21,57.95,58.68,61.91,59.9,60.48,58.44,59.93,69.27,94.57,75.6,65.27,64.76,60.52,55.81,44.0,37.9,42.26,41.7,38.06,37.52,40.52,45.01,44.0,45.94,53.68
85.55,94.72,114.5,99.95,103.0,109.61,103.0,100.08,96.81,109.18,186.32,114.18,110.6,55.55,58.67,60.0,53.11,51.1,45.41,42.51,43.44,48.62,59.32,79.52,88.74,81.33,81.04,80.14,72.03,72.5,75.06,77.53,78.99,98.85,131.74,107.44,77.03,62.32,56.46,56.15,43.9,45.61,44.85,43.6,39.32,44.55,49.45,59.06,65.96,65.65,65.77,65.06,62.39,59.87,61.49,61.27,63.34,76.87,77.99,73.1,63.48,63.01,58.87,58.72,59.09,56.26,49.7,46.47,43.8,44.75,49.03,50.77,55.25,58.21,57.95,58.68,61.91,59.9,60.48,58.44,59.93,69.27,94.57,75.6,65.27,64.76,60.52,55.81,44.0,37.9,42.26,41.7,38.06,37.52,40.52,45.01,44.0,45.94,53.68,56.26
94.72,114.5,99.95,103.0,109.61,103.0,100.08,96.81,109.18,186.32,114.18,110.6,55.55,58.67,60.0,53.11,51.1,45.41,42.51,43.44,48.62,59.32,79.52,88.74,81.33,81.04,80.14,72.03,72.5,75.06,77.53,78.99,98.85,131.74,107.44,77.03,62.32,56.46,56.15,43.9,45.61,44.85,43.6,39.32,44.55,49.45,59.06,65.96,65.65,65.77,65.06,62.39,59.87,61.49,61.27,63.34,76.87,77.99,73.1,63.48,63.01,58.87,58.72,59.09,56.26,49.7,46.47,43.8,44.75,49.03,50.77,55.25,58.21,57.95,58.68,61.91,59.9,60.48,58.44,59.93,69.27,94.57,75.6,65.27,64.76,60.52,55.81,44.0,37.9,42.26,41.7,38.06,37.52,40.52,45.01,44.0,45.94,53.68,56.26,68.11
114.5,99.95,103.0,109.61,103.0,100.08,96.81,109.18,186.32,114.18,110.6,55.55,58.67,60.0,53.11,51.1,45.41,42.51,43.44,48.62,59.32,79.52,88.74,81.33,81.04,80.14,72.03,72.5,75.06,77.53,78.99,98.85,131.74,107.44,77.03,62.32,56.46,56.15,43.9,45.61,44.85,43.6,39.32,44.55,49.45,59.06,65.96,65.65,65.77,65.06,62.39,59.87,61.49,61.27,63.34,76.87,77.99,73.1,63.48,63.01,58.87,58.72,59.09,56.26,49.7,46.47,43.8,44.75,49.03,50.77,55.25,58.21,57.95,58.68,61.91,59.9,60.48,58.44,59.93,69.27,94.57,75.6,65.27,64.76,60.52,55.81,44.0,37.9,42.26,41.7,38.06,37.52,40.52,45.01,44.0,45.94,53.68,56.26,68.11,60.0
99.95,103.0,109.61,103.0,100.08,96.81,109.18,186.32,114.18,110.6,55.55,58.67,60.0,53.11,51.1,45.41,42.51,43.44,48.62,59.32,79.52,88.74,81.33,81.04,80.14,72.03,72.5,75.06,77.53,78.99,98.85,131.74,107.44,77.03,62.32,56.46,56.15,43.9,45.61,44.85,43.6,39.32,44.55,49.45,59.06,65.96,65.65,65.77,65.06,62.39,59.87,61.49,61.27,63.34,76.87,77.99,73.1,63.48,63.01,58.87,58.72,59.09,56.26,49.7,46.47,43.8,44.75,49.03,50.77,55.25,58.21,57.95,58.68,61.91,59.9,60.48,58.44,59.93,69.27,94.57,75.6,65.27,64.76,60.52,55.81,44.0,37.9,42.26,41.7,38.06,37.52,40.52,45.01,44.0,45.94,53.68,56.26,68.11,60.0,47.38
103.0,109.61,103.0,100.08,96.81,109.18,186.32,114.18,110.6,55.55,58.67,60.0,53.11,51.1,45.41,42.51,43.44,48.62,59.32,79.52,88.74,81.33,81.04,80.14,72.03,72.5,75.06,77.53,78.99,98.85,131.74,107.44,77.03,62.32,56.46,56.15,43.9,45.61,44.85,43.6,39.32,44.55,49.45,59.06,65.96,65.65,65.77,65.06,62.39,59.87,61.49,61.27,63.34,76.87,77.99,73.1,63.48,63.01,58.87,58.72,59.09,56.26,49.7,46.47,43.8,44.75,49.03,50.77,55.25,58.21,57.95,58.68,61.91,59.9,60.48,58.44,59.93,69.27,94.57,75.6,65.27,64.76,60.52,55.81,44.0,37.9,42.26,41.7,38.06,37.52,40.52,45.01,44.0,45.94,53.68,56.26,68.11,60.0,47.38,45.95
109.61,103.0,100.08,96.81,109.18,186.32,114.18,110.6,55.55,58.67,60.0,53.11,51.1,45.41,42.51,43.44,48.62,59.32,79.52,88.74,81.33,81.04,80.14,72.03,72.5,75.06,77.53,78.99,98.85,131.74,107.44,77.03,62.32,56.46,56.15,43.9,45.61,44.85,43.6,39.32,44.55,49.45,59.06,65.96,65.65,65.77,65.06,62.39,59.87,61.49,61.27,63.34,76.87,77.99,73.1,63.48,63.01,58.87,58.72,59.09,56.26,49.7,46.47,43.8,44.75,49.03,50.77,55.25,58.21,57.95,58.68,61.91,59.9,60.48,58.44,59.93,69.27,94.57,75.6,65.27,64.76,60.52,55.81,44.0,37.9,42.26,41.7,38.06,37.52,40.52,45.01,44.0,45.94,53.68,56.26,68.11,60.0,47.38,45.95,45.27
103.0,100.08,96.81,109.18,186.32,114.18,110.6,55.55,58.67,60.0,53.11,51.1,45.41,42.51,43.44,48.62,59.32,79.52,88.74,81.33,81.04,80.14,72.03,72.5,75.06,77.53,78.99,98.85,131.74,107.44,77.03,62.32,56.46,56.15,43.9,45.61,44.85,43.6,39.32,44.55,49.45,59.06,65.96,65.65,65.77,65.06,62.39,59.87,61.49,61.27,63.34,76.87,77.99,73.1,63.48,63.01,58.87,58.72,59.09,56.26,49.7,46.47,43.8,44.75,49.03,50.77,55.25,58.21,57.95,58.68,61.91,59.9,60.48,58.44,59.93,69.27,94.57,75.6,65.27,64.76,60.52,55.81,44.0,37.9,42.26,41.7,38.06,37.52,40.52,45.01,44.0,45.94,53.68,56.26,68.11,60.0,47.38,45.95,45.27,70.84
100.08,96.81,109.18,186.32,114.18,110.6,55.55,58.67,60.0,53.11,51.1,45.41,42.51,43.44,48.62,59.32,79.52,88.74,81.33,81.04,80.14,72.03,72.5,75.06,77.53,78.99,98.85,131.74,107.44,77.03,62.32,56.46,56.15,43.9,45.61,44.85,43.6,39.32,44.55,49.45,59.06,65.96,65.65,65.77,65.06,62.39,59.87,61.49,61.27,63.34,76.87,77.99,73.1,63.48,63.01,58.87,58.72,59.09,56.26,49.7,46.47,43.8,44.75,49.03,50.77,55.25,58.21,57.95,58.68,61.91,59.9,60.48,58.44,59.93,69.27,94.57,75.6,65.27,64.76,60.52,55.81,44.0,37.9,42.26,41.7,38.06,37.52,40.52,45.01,44.0,45.94,53.68,56.26,68.11,60.0,47.38,45.95,45.27,70.84,82.41
96.81,109.18,186.32,114.18,110.6,55.55,58.67,60.0,53.11,51.1,45.41,42.51,43.44,48.62,59.32,79.52,88.74,81.33,81.04,80.14,72.03,72.5,75.06,77.53,78.99,98.85,131.74,107.44,77.03,62.32,56.46,56.15,43.9,45.61,44.85,43.6,39.32,44.55,49.45,59.06,65.96,65.65,65.77,65.06,62.39,59.87,61.49,61.27,63.34,76.87,77.99,73.1,63.48,63.01,58.87,58.72,59.09,56.26,49.7,46.47,43.8,44.75,49.03,50.77,55.25,58.21,57.95,58.68,61.91,59.9,60.48,58.44,59.93,69.27,94.57,75.6,65.27,64.76,60.52,55.81,44.0,37.9,42.26,41.7,38.06,37.52,40.52,45.01,44.0,45.94,53.68,56.26,68.11,60.0,47.38,45.95,45.27,70.84,82.41,68.28
109.18,186.32,114.18,110.6,55.55,58.67,60.0,53.11,51.1,45.41,42.51,43.44,48.62,59.32,79.52,88.74,81.33,81.04,80.14,72.03,72.5,75.06,77.53,78.99,98.85,131.74,107.44,77.03,62.32,56.46,56.15,43.9,45.61,44.85,43.6,39.32,44.55,49.45,59.06,65.96,65.65,65.77,65.06,62.39,59.87,61.49,61.27,63.34,76.87,77.99,73.1,63.48,63.01,58.87,58.72,59.09,56.26,49.7,46.47,43.8,44.75,49.03,50.77,55.25,58.21,57.95,58.68,61.91,59.9,60.48,58.44,59.93,69.27,94.57,75.6,65.27,64.76,60.52,55.81,44.0,37.9,42.26,41.7,38.06,37.52,40.52,45.01,44.0,45.94,53.68,56.26,68.11,60.0,47.38,45.95,45.27,70.84,82.41,68.28,65.75
186.32,114.18,110.6,55.55,58.67,60.0,53.11,51.1,45.41,42.51,43.44,48.62,59.32,79.52,88.74,81.33,81.04,80.14,72.03,72.5,75.06,77.53,78.99,98.85,131.74,107.44,77.03,62.32,56.46,56.15,43.9,45.61,44.85,43.6,39.32,44.55,49.45,59.06,65.96,65.65,65.77,65.06,62.39,59.87,61.49,61.27,63.34,76.87,77.99,73.1,63.48,63.01,58.87,58.72,59.09,56.26,49.7,46.47,43.8,44.75,49.03,50.77,55.25,58.21,57.95,58.68,61.91,59.9,60.48,58.44,59.93,69.27,94.57,75.6,65.27,64.76,60.52,55.81,44.0,37.9,42.26,41.7,38.06,37.52,40.52,45.01,44.0,45.94,53.68,56.26,68.11,60.0,47.38,45.95,45.27,70.84,82.41,68.28,65.75,51.38
114.18,110.6,55.55,58.67,60.0,53.11,51.1,45.41,42.51,43.44,48.62,59.32,79.52,88.74,81.33,81.04,80.14,72.03,72.5,75.06,77.53,78.99,98.85,131.74,107.44,77.03,62.32,56.46,56.15,43.9,45.61,44.85,43.6,39.32,44.55,49.45,59.06,65.96,65.65,65.77,65.06,62.39,59.87,61.49,61.27,63.34,76.87,77.99,73.1,63.48,63.01,58.87,58.72,59.09,56.26,49.7,46.47,43.8,44.75,49.03,50.77,55.25,58.21,57.95,58.68,61.91,59.9,60.48,58.44,59.93,69.27,94.57,75.6,65.27,64.76,60.52,55.81,44.0,37.9,42.26,41.7,38.06,37.52,40.52,45.01,44.0,45.94,53.68,56.26,68.11,60.0,47.38,45.95,45.27,70.84,82.41,68.28,65.75,51.38,51.47
110.6,55.55,58.67,60.0,53.11,51.1,45.41,42.51,43.44,48.62,59.32,79.52,88.74,81.33,81.04,80.14,72.03,72.5,75.06,77.53,78.99,98.85,131.74,107.44,77.03,62.32,56.46,56.15,43.9,45.61,44.85,43.6,39.32,44.55,49.45,59.06,65.96,65.65,65.77,65.06,62.39,59.87,61.49,61.27,63.34,76.87,77.99,73.1,63.48,63.01,58.87,58.72,59.09,56.26,49.7,46.47,43.8,44.75,49.03,50.77,55.25,58.21,57.95,58.68,61.91,59.9,60.48,58.44,59.93,69.27,94.57,75.6,65.27,64.76,60.52,55.81,44.0,37.9,42.26,41.7,38.06,37.52,40.52,45.01,44.0,45.94,53.68,56.26,68.11,60.0,47.38,45.95,45.27,70.84,82.41,68.28,65.75,51.38,51.47,46.7
55.55,58.67,60.0,53.11,51.1,45.41,42.51,43.44,48.62,59.32,79.52,88.74,81.33,81.04,80.14,72.03,72.5,75.06,77.53,78.99,98.85,131.74,107.44,77.03,62.32,56.46,56.15,43.9,45.61,44.85,43.6,39.32,44.55,49.45,59.06,65.96,65.65,65.77,65.06,62.39,59.87,61.49,61.27,63.34,76.87,77.99,73.1,63.48,63.01,58.87,58.72,59.09,56.26,49.7,46.47,43.8,44.75,49.03,50.77,55.25,58.21,57.95,58.68,61.91,59.9,60.48,58.44,59.93,69.27,94.57,75.6,65.27,64.76,60.52,55.81,44.0,37.9,42.26,41.7,38.06,37.52,40.52,45.01,44.0,45.94,53.68,56.26,68.11,60.0,47.38,45.95,45.27,70.84,82.41,68.28,65.75,51.38,51.47,46.7,44.2
58.67,60.0,53.11,51.1,45.41,42.51,43.44,48.62,59.32,79.52,88.74,81.33,81.04,80.14,72.03,72.5,75.06,77.53,78.99,98.85,131.74,107.44,77.03,62.32,56.46,56.15,43.9,45.61,44.85,43.6,39.32,44.55,49.45,59.06,65.96,65.65,65.77,65.06,62.39,59.87,61.49,61.27,63.34,76.87,77.99,73.1,63.48,63.01,58.87,58.72,59.09,56.26,49.7,46.47,43.8,44.75,49.03,50.77,55.25,58.21,57.95,58.68,61.91,59.9,60.48,58.44,59.93,69.27,94.57,75.6,65.27,64.76,60.52,55.81,44.0,37.9,42.26,41.7,38.06,37.52,40.52,45.01,44.0,45.94,53.68,56.26,68.11,60.0,47.38,45.95,45.27,70.84,82.41,68.28,65.75,51.38,51.47,46.7,44.2,45.94
60.0,53.11,51.1,45.41,42.51,43.44,48.62,59.32,79.52,88.74,81.33,81.04,80.14,72.03,72.5,75.06,77.53,78.99,98.85,131.74,107.44,77.03,62.32,56.46,56.15,43.9,45.61,44.85,43.6,39.32,44.55,49.45,59.06,65.96,65.65,65.77,65.06,62.39,59.87,61.49,61.27,63.34,76.87,77.99,73.1,63.48,63.01,58.87,58.72,59.09,56.26,49.7,46.47,43.8,44.75,49.03,50.77,55.25,58.21,57.95,58.68,61.91,59.9,60.48,58.44,59.93,69.27,94.57,75.6,65.27,64.76,60.52,55.81,44.0,37.9,42.26,41.7,38.06,37.52,40.52,45.01,44.0,45.94,53.68,56.26,68.11,60.0,47.38,45.95,45.27,70.84,82.41,68.28,65.75,51.38,51.47,46.7,44.2,45.94,40.66
53.11,51.1,45.41,42.51,43.44,48.62,59.32,79.52,88.74,81.33,81.04,80.14,72.03,72.5,75.06,77.53,78.99,98.85,131.74,107.44,77.03,62.32,56.46,56.15,43.9,45.61,44.85,43.6,39.32,44.55,49.45,59.06,65.96,65.65,65.77,65.06,62.39,59.87,61.49,61.27,63.34,76.87,77.99,73.1,63.48,63.01,58.87,58.72,59.09,56.26,49.7,46.47,43.8,44.75,49.03,50.77,55.25,58.21,57.95,58.68,61.91,59.9,60.48,58.44,59.93,69.27,94.57,75.6,65.27,64.76,60.52,55.81,44.0,37.9,42.26,41.7,38.06,37.52,40.52,45.01,44.0,45.94,53.68,56.26,68.11,60.0,47.38,45.95,45.27,70.84,82.41,68.28,65.75,51.38,51.47,46.7,44.2,45.94,40.66,38.7
51.1,45.41,42.51,43.44,48.62,59.32,79.52,88.74,81.33,81.04,80.14,72.03,72.5,75.06,77.53,78.99,98.85,131.74,107.44,77.03,62.32,56.46,56.15,43.9,45.61,44.85,43.6,39.32,44.55,49.45,59.06,65.96,65.65,65.77,65.06,62.39,59.87,61.49,61.27,63.34,76.87,77.99,73.1,63.48,63.01,58.87,58.72,59.09,56.26,49.7,46.47,43.8,44.75,49.03,50.77,55.25,58.21,57.95,58.68,61.91,59.9,60.48,58.44,59.93,69.27,94.57,75.6,65.27,64.76,60.52,55.81,44.0,37.9,42.26,41.7,38.06,37.52,40.52,45.01,44.0,45.94,53.68,56.26,68.11,60.0,47.38,45.95,45.27,70.84,82.41,68.28,65.75,51.38,51.47,46.7,44.2,45.94,40.66,38.7,38.7
45.41,42.51,43.44,48.62,59.32,79.52,88.74,81.33,81.04,80.14,72.03,72.5,75.06,77.53,78.99,98.85,131.74,107.44,77.03,62.32,56.46,56.15,43.9,45.61,44.85,43.6,39.32,44.55,49.45,59.06,65.96,65.65,65.77,65.06,62.39,59.87,61.49,61.27,63.34,76.87,77.99,73.1,63.48,63.01,58.87,58.72,59.09,56.26,49.7,46.47,43.8,44.75,49.03,50.77,55.25,58.21,57.95,58.68,61.91,59.9,60.48,58.44,59.93,69.27,94.57,75.6,65.27,64.76,60.52,55.81,44.0,37.9,42.26,41.7,38.06,37.52,40.52,45.01,44.0,45.94,53.68,56.26,68.11,60.0,47.38,45.95,45.27,70.84,82.41,68.28,65.75,51.38,51.47,46.7,44.2,45.94,40.66,38.7,38.7,40.8
42.51,43.44,48.62,59.32,79.52,88.74,81.33,81.04,80.14,72.03,72.5,75.06,77.53,78.99,98.85,131.74,107.44,77.03,62.32,56.46,56.15,43.9,45.61,44.85,43.6,39.32,44.55,49.45,59.06,65.96,65.65,65.77,65.06,62.39,59.87,61.49,61.27,63.34,76.87,77.99,73.1,63.48,63.01,58.87,58.72,59.09,56.26,49.7,46.47,43.8,44.75,49.03,50.77,55.25,58.21,57.95,58.68,61.91,59.9,60.48,58.44,59.93,69.27,94.57,75.6,65.27,64.76,60.52,55.81,44.0,37.9,42.26,41.7,38.06,37.52,40.52,45.01,44.0,45.94,53.68,56.26,68.11,60.0,47.38,45.95,45.27,70.84,82.41,68.28,65.75,51.38,51.47,46.7,44.2,45.94,40.66,38.7,38.7,40.8,71.68
43.44,48.62,59.32,79.52,88.74,81.33,81.04,80.14,72.03,72.5,75.06,77.53,78.99,98.85,131.74,107.44,77.03,62.32,56.46,56.15,43.9,45.61,44.85,43.6,39.32,44.55,49.45,59.06,65.96,65.65,65.77,65.06,62.39,59.87,61.49,61.27,63.34,76.87,77.99,73.1,63.48,63.01,58.87,58.72,59.09,56.26,49.7,46.47,43.8,44.75,49.03,50.77,55.25,58.21,57.95,58.68,61.91,59.9,60.48,58.44,59.93,69.27,94.57,75.6,65.27,64.76,60.52,55.81,44.0,37.9,42.26,41.7,38.06,37.52,40.52,45.01,44.0,45.94,53.68,56.26,68.11,60.0,47.38,45.95,45.27,70.84,82.41,68.28,65.75,51.38,51.47,46.7,44.2,45.94,40.66,38.7,38.7,40.8,71.68,112.84
48.62,59.32,79.52,88.74,81.33,81.04,80.14,72.03,72.5,75.06,77.53,78.99,98.85,131.74,107.44,77.03,62.32,56.46,56.15,43.9,45.61,44.85,43.6,39.32,44.55,49.45,59.06,65.96,65.65,65.77,65.06,62.39,59.87,61.49,61.27,63.34,76.87,77.99,73.1,63.48,63.01,58.87,58.72,59.09,56.26,49.7,46.47,43.8,44.75,49.03,50.77,55.25,58.21,57.95,58.68,61.91,59.9,60.48,58.44,59.93,69.27,94.57,75.6,65.27,64.76,60.52,55.81,44.0,37.9,42.26,41.7,38.06,37.52,40.52,45.01,44.0,45.94,53.68,56.26,68.11,60.0,47.38,45.95,45.27,70.84,82.41,68.28,65.75,51.38,51.47,46.7,44.2,45.94,40.66,38.7,38.7,40.8,71.68,112.84,106.3
59.32,79.52,88.74,81.33,81.04,80.14,72.03,72.5,75.06,77.53,78.99,98.85,131.74,107.44,77.03,62.32,56.46,56.15,43.9,45.61,44.85,43.6,39.32,44.55,49.45,59.06,65.96,65.65,65.77,65.06,62.39,59.87,61.49,61.27,63.34,76.87,77.99,73.1,63.48,63.01,58.87,58.72,59.09,56.26,49.7,46.47,43.8,44.75,49.03,50.77,55.25,58.21,57.95,58.68,61.91,59.9,60.48,58.44,59.93,69.27,94.57,75.6,65.27,64.76,60.52,55.81,44.0,37.9,42.26,41.7,38.06,37.52,40.52,45.01,44.0,45.94,53.68,56.26,68.11,60.0,47.38,45.95,45.27,70.84,82.41,68.28,65.75,51.38,51.47,46.7,44.2,45.94,40.66,38.7,38.7,40.8,71.68,112.84,106.3,114.96
79.52,88.74,81.33,81.04,80.14,72.03,72.5,75.06,77.53,78.99,98.85,131.74,107.44,77.03,62.32,56.46,56.15,43.9,45.61,44.85,43.6,39.32,44.55,49.45,59.06,65.96,65.65,65.77,65.06,62.39,59.87,61.49,61.27,63.34,76.87,77.99,73.1,63.48,63.01,58.87,58.72,59.09,56.26,49.7,46.47,43.8,44.75,49.03,50.77,55.25,58.21,57.95,58.68,61.91,59.9,60.48,58.44,59.93,69.27,94.57,75.6,65.27,64.76,60.52,55.81,44.0,37.9,42.26,41.7,38.06,37.52,40.52,45.01,44.0,45.94,53.68,56.26,68.11,60.0,47.38,45.95,45.27,70.84,82.41,68.28,65.75,51.38,51.47,46.7,44.2,45.94,40.66,38.7,38.7,40.8,71.68,112.84,106.3,114.96,127.92
88.74,81.33,81.04,80.14,72.03,72.5,75.06,77.53,78.99,98.85,131.74,107.44,77.03,62.32,56.46,56.15,43.9,45.61,44.85,43.6,39.32,44.55,49.45,59.06,65.96,65.65,65.77,65.06,62.39,59.87,61.49,61.27,63.34,76.87,77.99,73.1,63.48,63.01,58.87,58.72,59.09,56.26,49.7,46.47,43.8,44.75,49.03,50.77,55.25,58.21,57.95,58.68,61.91,59.9,60.48,58.44,59.93,69.27,94.57,75.6,65.27,64.76,60.52,55.81,44.0,37.9,42.26,41.7,38.06,37.52,40.52,45.01,44.0,45.94,53.68,56.26,68.11,60.0,47.38,45.95,45.27,70.84,82.41,68.28,65.75,51.38,51.47,46.7,44.2,45.94,40.66,38.7,38.7,40.8,71.68,112.84,106.3,114.96,127.92,132.04
81.33,81.04,80.14,72.03,72.5,75.06,77.53,78.99,98.85,131.74,107.44,77.03,62.32,56.46,56.15,43.9,45.61,44.85,43.6,39.32,44.55,49.45,59.06,65.96,65.65,65.77,65.06,62.39,59.87,61.49,61.27,63.34,76.87,77.99,73.1,63.48,63.01,58.87,58.72,59.09,56.26,49.7,46.47,43.8,44.75,49.03,50.77,55.25,58.21,57.95,58.68,61.91,59.9,60.48,58.44,59.93,69.27,94.57,75.6,65.27,64.76,60.52,55.81,44.0,37.9,42.26,41.7,38.06,37.52,40.52,45.01,44.0,45.94,53.68,56.26,68.11,60.0,47.38,45.95,45.27,70.84,82.41,68.28,65.75,51.38,51.47,46.7,44.2,45.94,40.66,38.7,38.7,40.8,71.68,112.84,106.3,114.96,127.92,132.04,169.62
81.04,80.14,72.03,72.5,75.06,77.53,78.99,98.85,131.74,107.44,77.03,62.32,56.46,56.15,43.9,45.61,44.85,43.6,39.32,44.55,49.45,59.06,65.96,65.65,65.77,65.06,62.39,59.87,61.49,61.27,63.34,76.87,77.99,73.1,63.48,63.01,58.87,58.72,59.09,56.26,49.7,46.47,43.8,44.75,49.03,50.77,55.25,58.21,57.95,58.68,61.91,59.9,60.48,58.44,59.93,69.27,94.57,75.6,65.27,64.76,60.52,55.81,44.0,37.9,42.26,41.7,38.06,37.52,40.52,45.01,44.0,45.94,53.68,56.26,68.11,60.0,47.38,45.95,45.27,70.84,82.41,68.28,65.75,51.38,51.47,46.7,44.2,45.94,40.66,38.7,38.7,40.8,71.68,112.84,106.3,114.96,127.92,132.04,169.62,122.94
80.14,72.03,72.5,75.06,77.53,78.99,98.85,131.74,107.44,77.03,62.32,56.46,56.15,43.9,45.61,44.85,43.6,39.32,44.55,49.45,59.06,65.96,65.65,65.77,65.06,62.39,59.87,61.49,61.27,63.34,76.87,77.99,73.1,63.48,63.01,58.87,58.72,59.09,56.26,49.7,46.47,43.8,44.75,49.03,50.77,55.25,58.21,57.95,58.68,61.91,59.9,60.48,58.44,59.93,69.27,94.57,75.6,65.27,64.76,60.52,55.81,44.0,37.9,42.26,41.7,38.06,37.52,40.52,45.01,44.0,45.94,53.68,56.26,68.11,60.0,47.38,45.95,45.27,70.84,82.41,68.28,65.75,51.38,51.47,46.7,44.2,45.94,40.66,38.7,38.7,40.8,71.68,112.84,106.3,114.96,127.92,132.04,169.62,122.94,111.89
72.03,72.5,75.06,77.53,78.99,98.85,131.74,107.44,77.03,62.32,56.46,56.15,43.9,45.61,44.85,43.6,39.32,44.55,49.45,59.06,65.96,65.65,65.77,65.06,62.39,59.87,61.49,61.27,63.34,76.87,77.99,73.1,63.48,63.01,58.87,58.72,59.09,56.26,49.7,46.47,43.8,44.75,49.03,50.77,55.25,58.21,57.95,58.68,61.91,59.9,60.48,58.44,59.93,69.27,94.57,75.6,65.27,64.76,60.52,55.81,44.0,37.9,42.26,41.7,38.06,37.52,40.52,45.01,44.0,45.94,53.68,56.26,68.11,60.0,47.38,45.95,45.27,70.84,82.41,68.28,65.75,51.38,51.47,46.7,44.2,45.94,40.66,38.7,38.7,40.8,71.68,112.84,106.3,114.96,127.92,132.04,169.62,122.94,111.89,105.09
72.5,75.06,77.53,78.99,98.85,131.74,107.44,77.03,62.32,56.46,56.15,43.9,45.61,44.85,43.6,39.32,44.55,49.45,59.06,65.96,65.65,65.77,65.06,62.39,59.87,61.49,61.27,63.34,76.87,77.99,73.1,63.48,63.01,58.87,58.72,59.09,56.26,49.7,46.47,43.8,44.75,49.03,50.77,55.25,58.21,57.95,58.68,61.91,59.9,60.48,58.44,59.93,69.27,94.57,75.6,65.27,64.76,60.52,55.81,44.0,37.9,42.26,41.7,38.06,37.52,40.52,45.01,44.0,45.94,53.68,56.26,68.11,60.0,47.38,45.95,45.27,70.84,82.41,68.28,65.75,51.38,51.47,46.7,44.2,45.94,40.66,38.7,38.7,40.8,71.68,112.84,106.3,114.96,127.92,132.04,169.62,122.94,111.89,105.09,98.0
75.06,77.53,78.99,98.85,131.74,107.44,77.03,62.32,56.46,56.15,43.9,45.61,44.85,43.6,39.32,44.55,49.45,59.06,65.96,65.65,65.77,65.06,62.39,59.87,61.49,61.27,63.34,76.87,77.99,73.1,63.48,63.01,58.87,58.72,59.09,56.26,49.7,46.47,43.8,44.75,49.03,50.77,55.25,58.21,57.95,58.68,61.91,59.9,60.48,58.44,59.93,69.27,94.57,75.6,65.27,64.76,60.52,55.81,44.0,37.9,42.26,41.7,38.06,37.52,40.52,45.01,44.0,45.94,53.68,56.26,68.11,60.0,47.38,45.95,45.27,70.84,82.41,68.28,65.75,51.38,51.47,46.7,44.2,45.94,40.66,38.7,38.7,40.8,71.68,112.84,106.3,114.96,127.92,132.04,169.62,122.94,111.89,105.09,98.0,138.0
77.53,78.99,98.85,131.74,107.44,77.03,62.32,56.46,56.15,43.9,45.61,44.85,43.6,39.32,44.55,49.45,59.06,65.96,65.65,65.77,65.06,62.39,59.87,61.49,61.27,63.34,76.87,77.99,73.1,63.48,63.01,58.87,58.72,59.09,56.26,49.7,46.47,43.8,44.75,49.03,50.77,55.25,58.21,57.95,58.68,61.91,59.9,60.48,58.44,59.93,69.27,94.57,75.6,65.27,64.76,60.52,55.81,44.0,37.9,42.26,41.7,38.06,37.52,40.52,45.01,44.0,45.94,53.68,56.26,68.11,60.0,47.38,45.95,45.27,70.84,82.41,68.28,65.75,51.38,51.47,46.7,44.2,45.94,40.66,38.7,38.7,40.8,71.68,112.84,106.3,114.96,127.92,132.04,169.62,122.94,111.89,105.09,98.0,138.0,696.02
78.99,98.85,131.74,107.44,77.03,62.32,56.46,56.15,43.9,45.61,44.85,43.6,39.32,44.55,49.45,59.06,65.96,65.65,65.77,65.06,62.39,59.87,61.49,61.27,63.34,76.87,77.99,73.1,63.48,63.01,58.87,58.72,59.09,56.26,49.7,46.47,43.8,44.75,49.03,50.77,55.25,58.21,57.95,58.68,61.91,59.9,60.48,58.44,59.93,69.27,94.57,75.6,65.27,64.76,60.52,55.81,44.0,37.9,42.26,41.7,38.06,37.52,40.52,45.01,44.0,45.94,53.68,56.26,68.11,60.0,47.38,45.95,45.27,70.84,82.41,68.28,65.75,51.38,51.47,46.7,44.2,45.94,40.66,38.7,38.7,40.8,71.68,112.84,106.3,114.96,127.92,132.04,169.62,122.94,111.89,105.09,98.0,138.0,696.02,148.6
98.85,131.74,107.44,77.03,62.32,56.46,56.15,43.9,45.61,44.85,43.6,39.32,44.55,49.45,59.06,65.96,65.65,65.77,65.06,62.39,59.87,61.49,61.27,63.34,76.87,77.99,73.1,63.48,63.01,58.87,58.72,59.09,56.26,49.7,46.47,43.8,44.75,49.03,50.77,55.25,58.21,57.95,58.68,61.91,59.9,60.48,58.44,59.93,69.27,94.57,75.6,65.27,64.76,60.52,55.81,44.0,37.9,42.26,41.7,38.06,37.52,40.52,45.01,44.0,45.94,53.68,56.26,68.11,60.0,47.38,45.95,45.27,70.84,82.41,68.28,65.75,51.38,51.47,46.7,44.2,45.94,40.66,38.7,38.7,40.8,71.68,112.84,106.3,114.96,127.92,132.04,169.62,122.94,111.89,105.09,98.0,138.0,696.02,148.6,101.0
131.74,107.44,77.03,62.32,56.46,56.15,43.9,45.61,44.85,43.6,39.32,44.55,49.45,59.06,65.96,65.65,65.77,65.06,62.39,59.87,61.49,61.27,63.34,76.87,77.99,73.1,63.48,63.01,58.87,58.72,59.09,56.26,49.7,46.47,43.8,44.75,49.03,50.77,55.25,58.21,57.95,58.68,61.91,59.9,60.48,58.44,59.93,69.27,94.57,75.6,65.27,64.76,60.52,55.81,44.0,37.9,42.26,41.7,38.06,37.52,40.52,45.01,44.0,45.94,53.68,56.26,68.11,60.0,47.38,45.95,45.27,70.84,82.41,68.28,65.75,51.38,51.47,46.7,44.2,45.94,40.66,38.7,38.7,40.8,71.68,112.84,106.3,114.96,127.92,132.04,169.62,122.94,111.89,105.09,98.0,138.0,696.02,148.6,101.0,74.59
107.44,77.03,62.32,56.46,56.15,43.9,45.61,44.85,43.6,39.32,44.55,49.45,59.06,65.96,65.65,65.77,65.06,62.39,59.87,61.49,61.27,63.34,76.87,77.99,73.1,63.48,63.01,58.87,58.72,59.09,56.26,49.7,46.47,43.8,44.75,49.03,50.77,55.25,58.21,57.95,58.68,61.91,59.9,60.48,58.44,59.93,69.27,94.57,75.6,65.27,64.76,60.52,55.81,44.0,37.9,42.26,41.7,38.06,37.52,40.52,45.01,44.0,45.94,53.68,56.26,68.11,60.0,47.38,45.95,45.27,70.84,82.41,68.28,65.75,51.38,51.47,46.7,44.2,45.94,40.66,38.7,38.7,40.8,71.68,112.84,106.3,114.96,127.92,132.04,169.62,122.94,111.89,105.09,98.0,138.0,696.02,148.6,101.0,74.59,86.72
77.03,62.32,56.46,56.15,43.9,45.61,44.85,43.6,39.32,44.55,49.45,59.06,65.96,65.65,65.77,65.06,62.39,59.87,61.49,61.27,63.34,76.87,77.99,73.1,63.48,63.01,58.87,58.72,59.09,56.26,49.7,46.47,43.8,44.75,49.03,50.77,55.25,58.21,57.95,58.68,61.91,59.9,60.48,58.44,59.93,69.27,94.57,75.6,65.27,64.76,60.52,55.81,44.0,37.9,42.26,41.7,38.06,37.52,40.52,45.01,44.0,45.94,53.68,56.26,68.11,60.0,47.38,45.95,45.27,70.84,82.41,68.28,65.75,51.38,51.47,46.7,44.2,45.94,40.66,38.7,38.7,40.8,71.68,112.84,106.3,114.96,127.92,132.04,169.62,122.94,111.89,105.09,98.0,138.0,696.02,148.6,101.0,74.59,86.72,57.62
62.32,56.46,56.15,43.9,45.61,44.85,43.6,39.32,44.55,49.45,59.06,65.96,65.65,65.77,65.06,62.39,59.87,61.49,61.27,63.34,76.87,77.99,73.1,63.48,63.01,58.87,58.72,59.09,56.26,49.7,46.47,43.8,44.75,49.03,50.77,55.25,58.21,57.95,58.68,61.91,59.9,60.48,58.44,59.93,69.27,94.57,75.6,65.27,64.76,60.52,55.81,44.0,37.9,42.26,41.7,38.06,37.52,40.52,45.01,44.0,45.94,53.68,56.26,68.11,60.0,47.38,45.95,45.27,70.84,82.41,68.28,65.75,51.38,51.47,46.7,44.2,45.94,40.66,38.7,38.7,40.8,71.68,112.84,106.3,114.96,127.92,132.04,169.62,122.94,111.89,105.09,98.0,138.0,696.02,148.6,101.0,74.59,86.72,57.62,47.53
56.46,56.15,43.9,45.61,44.85,43.6,39.32,44.55,49.45,59.06,65.96,65.65,65.77,65.06,62.39,59.87,61.49,61.27,63.34,76.87,77.99,73.1,63.48,63.01,58.87,58.72,59.09,56.26,49.7,46.47,43.8,44.75,49.03,50.77,55.25,58.21,57.95,58.68,61.91,59.9,60.48,58.44,59.93,69.27,94.57,75.6,65.27,64.76,60.52,55.81,44.0,37.9,42.26,41.7,38.06,37.52,40.52,45.01,44.0,45.94,53.68,56.26,68.11,60.0,47.38,45.95,45.27,70.84,82.41,68.28,65.75,51.38,51.47,46.7,44.2,45.94,40.66,38.7,38.7,40.8,71.68,112.84,106.3,114.96,127.92,132.04,169.62,122.94,111.89,105.09,98.0,138.0,696.02,148.6,101.0,74.59,86.72,57.62,47.53,44.33
56.15,43.9,45.61,44.85,43.6,39.32,44.55,49.45,59.06,65.96,65.65,65.77,65.06,62.39,59.87,61.49,61.27,63.34,76.87,77.99,73.1,63.48,63.01,58.87,58.72,59.09,56.26,49.7,46.47,43.8,44.75,49.03,50.77,55.25,58.21,57.95,58.68,61.91,59.9,60.48,58.44,59.93,69.27,94.57,75.6,65.27,64.76,60.52,55.81,44.0,37.9,42.26,41.7,38.06,37.52,40.52,45.01,44.0,45.94,53.68,56.26,68.11,60.0,47.38,45.95,45.27,70.84,82.41,68.28,65.75,51.38,51.47,46.7,44.2,45.94,40.66,38.7,38.7,40.8,71.68,112.84,106.3,114.96,127.92,132.04,169.62,122.94,111.89,105.09,98.0,138.0,696.02,148.6,101.0,74.59,86.72,57.62,47.53,44.33,38.43
43.9,45.61,44.85,43.6,39.32,44.55,49.45,59.06,65.96,65.65,65.77,65.06,62.39,59.87,61.49,61.27,63.34,76.87,77.99,73.1,63.48,63.01,58.87,58.72,59.09,56.26,49.7,46.47,43.8,44.75,49.03,50.77,55.25,58.21,57.95,58.68,61.91,59.9,60.48,58.44,59.93,69.27,94.57,75.6,65.27,64.76,60.52,55.81,44.0,37.9,42.26,41.7,38.06,37.52,40.52,45.01,44.0,45.94,53.68,56.26,68.11,60.0,47.38,45.95,45.27,70.84,82.41,68.28,65.75,51.38,51.47,46.7,44.2,45.94,40.66,38.7,38.7,40.8,71.68,112.84,106.3,114.96,127.92,132.04,169.62,122.94,111.89,105.09,98.0,138.0,696.02,148.6,101.0,74.59,86.72,57.62,47.53,44.33,38.43,36.09
45.61,44.85,43.6,39.32,44.55,49.45,59.06,65.96,65.65,65.77,65.06,62.39,59.87,61.49,61.27,63.34,76.87,77.99,73.1,63.48,63.01,58.87,58.72,59.09,56.26,49.7,46.47,43.8,44.75,49.03,50.77,55.25,58.21,57.95,58.68,61.91,59.9,60.48,58.44,59.93,69.27,94.57,75.6,65.27,64.76,60.52,55.81,44.0,37.9,42.26,41.7,38.06,37.52,40.52,45.01,44.0,45.94,53.68,56.26,68.11,60.0,47.38,45.95,45.27,70.84,82.41,68.28,65.75,51.38,51.47,46.7,44.2,45.94,40.66,38.7,38.7,40.8,71.68,112.84,106.3,114.96,127.92,132.04,169.62,122.94,111.89,105.09,98.0,138.0,696.02,148.6,101.0,74.59,86.72,57.62,47.53,44.33,38.43,36.09,37.26
44.85,43.6,39.32,44.55,49.45,59.06,65.96,65.65,65.77,65.06,62.39,59.87,61.49,61.27,63.34,76.87,77.99,73.1,63.48,63.01,58.87,58.72,59.09,56.26,49.7,46.47,43.8,44.75,49.03,50.77,55.25,58.21,57.95,58.68,61.91,59.9,60.48,58.44,59.93,69.27,94.57,75.6,65.27,64.76,60.52,55.81,44.0,37.9,42.26,41.7,38.06,37.52,40.52,45.01,44.0,45.94,53.68,56.26,68.11,60.0,47.38,45.95,45.27,70.84,82.41,68.28,65.75,51.38,51.47,46.7,44.2,45.94,40.66,38.7,38.7,40.8,71.68,112.84,106.3,114.96,127.92,132.04,169.62,122.94,111.89,105.09,98.0,138.0,696.02,148.6,101.0,74.59,86.72,57.62,47.53,44.33,38.43,36.09,37.26,40.05
43.6,39.32,44.55,49.45,59.06,65.96,65.65,65.77,65.06,62.39,59.87,61.49,61.27,63.34,76.87,77.99,73.1,63.48,63.01,58.87,58.72,59.09,56.26,49.7,46.47,43.8,44.75,49.03,50.77,55.25,58.21,57.95,58.68,61.91,59.9,60.48,58.44,59.93,69.27,94.57,75.6,65.27,64.76,60.52,55.81,44.0,37.9,42.26,41.7,38.06,37.52,40.52,45.01,44.0,45.94,53.68,56.26,68.11,60.0,47.38,45.95,45.27,70.84,82.41,68.28,65.75,51.38,51.47,46.7,44.2,45.94,40.66,38.7,38.7,40.8,71.68,112.84,106.3,114.96,127.92,132.04,169.62,122.94,111.89,105.09,98.0,138.0,696.02,148.6,101.0,74.59,86.72,57.62,47.53,44.33,38.43,36.09,37.26,40.05,71.93
39.32,44.55,49.45,59.06,65.96,65.65,65.77,65.06,62.39,59.87,61.49,61.27,63.34,76.87,77.99,73.1,63.48,63.01,58.87,58.72,59.09,56.26,49.7,46.47,43.8,44.75,49.03,50.77,55.25,58.21,57.95,58.68,61.91,59.9,60.48,58.44,59.93,69.27,94.57,75.6,65.27,64.76,60.52,55.81,44.0,37.9,42.26,41.7,38.06,37.52,40.52,45.01,44.0,45.94,53.68,56.26,68.11,60.0,47.38,45.95,45.27,70.84,82.41,68.28,65.75,51.38,51.47,46.7,44.2,45.94,40.66,38.7,38.7,40.8,71.68,112.84,106.3,114.96,127.92,132.04,169.62,122.94,111.89,105.09,98.0,138.0,696.02,148.6,101.0,74.59,86.72,57.62,47.53,44.33,38.43,36.09,37.26,40.05,71.93,99.0
44.55,49.45,59.06,65.96,65.65,65.77,65.06,62.39,59.87,61.49,61.27,63.34,76.87,77.99,73.1,63.48,63.01,58.87,58.72,59.09,56.26,49.7,46.47,43.8,44.75,49.03,50.77,55.25,58.21,57.95,58.68,61.91,59.9,60.48,58.44,59.93,69.27,94.57,75.6,65.27,64.76,60.52,55.81,44.0,37.9,42.26,41.7,38.06,37.52,40.52,45.01,44.0,45.94,53.68,56.26,68.11,60.0,47.38,45.95,45.27,70.84,82.41,68.28,65.75,51.38,51.47,46.7,44.2,45.94,40.66,38.7,38.7,40.8,71.68,112.84,106.3,114.96,127.92,132.04,169.62,122.94,111.89,105.09,98.0,138.0,696.02,148.6,101.0,74.59,86.72,57.62,47.53,44.33,38.43,36.09,37.26,40.05,71.93,99.0,100.91
49.45,59.06,65.96,65.65,65.77,65.06,62.39,59.87,61.49,61.27,63.34,76.87,77.99,73.1,63.48,63.01,58.87,58.72,59.09,56.26,49.7,46.47,43.8,44.75,49.03,50.77,55.25,58.21,57.95,58.68,61.91,59.9,60.48,58.44,59.93,69.27,94.57,75.6,65.27,64.76,60.52,55.81,44.0,37.9,42.26,41.7,38.06,37.52,40.52,45.01,44.0,45.94,53.68,56.26,68.11,60.0,47.38,45.95,45.27,70.84,82.41,68.28,65.75,51.38,51.47,46.7,44.2,45.94,40.66,38.7,38.7,40.8,71.68,112.84,106.3,114.96,127.92,132.04,169.62,122.94,111.89,105.09,98.0,138.0,696.02,148.6,101.0,74.59,86.72,57.62,47.53,44.33,38.43,36.09,37.26,40.05,71.93,99.0,100.91,104.7
59.06,65.96,65.65,65.77,65.06,62.39,59.87,61.49,61.27,63.34,76.87,77.99,73.1,63.48,63.01,58.87,58.72,59.09,56.26,49.7,46.47,43.8,44.75,49.03,50.77,55.25,58.21,57.95,58.68,61.91,59.9,60.48,58.44,59.93,69.27,94.57,75.6,65.27,64.76,60.52,55.81,44.0,37.9,42.26,41.7,38.06,37.52,40.52,45.01,44.0,45.94,53.68,56.26,68.11,60.0,47.38,45.95,45.27,70.84,82.41,68.28,65.75,51.38,51.47,46.7,44.2,45.94,40.66,38.7,38.7,40.8,71.68,112.84,106.3,114.96,127.92,132.04,169.62,122.94,111.89,105.09,98.0,138.0,696.02,148.6,101.0,74.59,86.72,57.62,47.53,44.33,38.43,36.09,37.26,40.05,71.93,99.0,100.91,104.7,99.0
65.96,65.65,65.77,65.06,62.39,59.87,61.49,61.27,63.34,76.87,77.99,73.1,63.48,63.01,58.87,58.72,59.09,56.26,49.7,46.47,43.8,44.75,49.03,50.77,55.25,58.21,57.95,58.68,61.91,59.9,60.48,58.44,59.93,69.27,94.57,75.6,65.27,64.76,60.52,55.81,44.0,37.9,42.26,41.7,38.06,37.52,40.52,45.01,44.0,45.94,53.68,56.26,68.11,60.0,47.38,45.95,45.27,70.84,82.41,68.28,65.75,51.38,51.47,46.7,44.2,45.94,40.66,38.7,38.7,40.8,71.68,112.84,106.3,114.96,127.92,132.04,169.62,122.94,111.89,105.09,98.0,138.0,696.02,148.6,101.0,74.59,86.72,57.62,47.53,44.33,38.43,36.09,37.26,40.05,71.93,99.0,100.91,104.7,99.0,99.0
65.65,65.77,65.06,62.39,59.87,61.49,61.27,63.34,76.87,77.99,73.1,63.48,63.01,58.87,58.72,59.09,56.26,49.7,46.47,43.8,44.75,49.03,50.77,55.25,58.21,57.95,58.68,61.91,59.9,60.48,58.44,59.93,69.27,94.57,75.6,65.27,64.76,60.52,55.81,44.0,37.9,42.26,41.7,38.06,37.52,40.52,45.01,44.0,45.94,53.68,56.26,68.11,60.0,47.38,45.95,45.27,70.84,82.41,68.28,65.75,51.38,51.47,46.7,44.2,45.94,40.66,38.7,38.7,40.8,71.68,112.84,106.3,114.96,127.92,132.04,169.62,122.94,111.89,105.09,98.0,138.0,696.02,148.6,101.0,74.59,86.72,57.62,47.53,44.33,38.43,36.09,37.26,40.05,71.93,99.0,100.91,104.7,99.0,99.0,89.98
65.77,65.06,62.39,59.87,61.49,61.27,63.34,76.87,77.99,73.1,63.48,63.01,58.87,58.72,59.09,56.26,49.7,46.47,43.8,44.75,49.03,50.77,55.25,58.21,57.95,58.68,61.91,59.9,60.48,58.44,59.93,69.27,94.57,75.6,65.27,64.76,60.52,55.81,44.0,37.9,42.26,41.7,38.06,37.52,40.52,45.01,44.0,45.94,53.68,56.26,68.11,60.0,47.38,45.95,45.27,70.84,82.41,68.28,65.75,51.38,51.47,46.7,44.2,45.94,40.66,38.7,38.7,40.8,71.68,112.84,106.3,114.96,127.92,132.04,169.62,122.94,111.89,105.09,98.0,138.0,696.02,148.6,101.0,74.59,86.72,57.62,47.53,44.33,38.43,36.09,37.26,40.05,71.93,99.0,100.91,104.7,99.0,99.0,89.98,88.91
65.06,62.39,59.87,61.49,61.27,63.34,76.87,77.99,73.1,63.48,63.01,58.87,58.72,59.09,56.26,49.7,46.47,43.8,44.75,49.03,50.77,55.25,58.21,57.95,58.68,61.91,59.9,60.48,58.44,59.93,69.27,94.57,75.6,65.27,64.76,60.52,55.81,44.0,37.9,42.26,41.7,38.06,37.52,40.52,45.01,44.0,45.94,53.68,56.26,68.11,60.0,47.38,45.95,45.27,70.84,82.41,68.28,65.75,51.38,51.47,46.7,44.2,45.94,40.66,38.7,38.7,40.8,71.68,112.84,106.3,114.96,127.92,132.04,169.62,122.94,111.89,105.09,98.0,138.0,696.02,148.6,101.0,74.59,86.72,57.62,47.53,44.33,38.43,36.09,37.26,40.05,71.93,99.0,100.91,104.7,99.0,99.0,89.98,88.91,87.06
62.39,59.87,61.49,61.27,63.34,76.87,77.99,73.1,63.48,63.01,58.87,58.72,59.09,56.26,49.7,46.47,43.8,44.75,49.03,50.77,55.25,58.21,57.95,58.68,61.91,59.9,60.48,58.44,59.93,69.27,94.57,75.6,65.27,64.76,60.52,55.81,44.0,37.9,42.26,41.7,38.06,37.52,40.52,45.01,44.0,45.94,53.68,56.26,68.11,60.0,47.38,45.95,45.27,70.84,82.41,68.28,65.75,51.38,51.47,46.7,44.2,45.94,40.66,38.7,38.7,40.8,71.68,112.84,106.3,114.96,127.92,132.04,169.62,122.94,111.89,105.09,98.0,138.0,696.02,148.6,101.0,74.59,86.72,57.62,47.53,44.33,38.43,36.09,37.26,40.05,71.93,99.0,100.91,104.7,99.0,99.0,89.98,88.91,87.06,87.96
59.87,61.49,61.27,63.34,76.87,77.99,73.1,63.48,63.01,58.87,58.72,59.09,56.26,49.7,46.47,43.8,44.75,49.03,50.77,55.25,58.21,57.95,58.68,61.91,59.9,60.48,58.44,59.93,69.27,94.57,75.6,65.27,64.76,60.52,55.81,44.0,37.9,42.26,41.7,38.06,37.52,40.52,45.01,44.0,45.94,53.68,56.26,68.11,60.0,47.38,45.95,45.27,70.84,82.41,68.28,65.75,51.38,51.47,46.7,44.2,45.94,40.66,38.7,38.7,40.8,71.68,112.84,106.3,114.96,127.92,132.04,169.62,122.94,111.89,105.09,98.0,138.0,696.02,148.6,101.0,74.59,86.72,57.62,47.53,44.33,38.43,36.09,37.26,40.05,71.93,99.0,100.91,104.7,99.0,99.0,89.98,88.91,87.06,87.96,96.41
61.49,61.27,63.34,76.87,77.99,73.1,63.48,63.01,58.87,58.72,59.09,56.26,49.7,46.47,43.8,44.75,49.03,50.77,55.25,58.21,57.95,58.68,61.91,59.9,60.48,58.44,59.93,69.27,94.57,75.6,65.27,64.76,60.52,55.81,44.0,37.9,42.26,41.7,38.06,37.52,40.52,45.01,44.0,45.94,53.68,56.26,68.11,60.0,47.38,45.95,45.27,70.84,82.41,68.28,65.75,51.38,51.47,46.7,44.2,45.94,40.66,38.7,38.7,40.8,71.68,112.84,106.3,114.96,127.92,132.04,169.62,122.94,111.89,105.09,98.0,138.0,696.02,148.6,101.0,74.59,86.72,57.62,47.53,44.33,38.43,36.09,37.26,40.05,71.93,99.0,100.91,104.7,99.0,99.0,89.98,88.91,87.06,87.96,96.41,132.72
61.27,63.34,76.87,77.99,73.1,63.48,63.01,58.87,58.72,59.09,56.26,49.7,46.47,43.8,44.75,49.03,50.77,55.25,58.21,57.95,58.68,61.91,59.9,60.48,58.44,59.93,69.27,94.57,75.6,65.27,64.76,60.52,55.81,44.0,37.9,42.26,41.7,38.06,37.52,40.52,45.01,44.0,45.94,53.68,56.26,68.11,60.0,47.38,45.95,45.27,70.84,82.41,68.28,65.75,51.38,51.47,46.7,44.2,45.94,40.66,38.7,38.7,40.8,71.68,112.84,106.3,114.96,127.92,132.04,169.62,122.94,111.89,105.09,98.0,138.0,696.02,148.6,101.0,74.59,86.72,57.62,47.53,44.33,38.43,36.09,37.26,40.05,71.93,99.0,100.91,104.7,99.0,99.0,89.98,88.91,87.06,87.96,96.41,132.72,243.24
63.34,76.87,77.99,73.1,63.48,63.01,58.87,58.72,59.09,56.26,49.7,46.47,43.8,44.75,49.03,50.77,55.25,58.21,57.95,58.68,61.91,59.9,60.48,58.44,59.93,69.27,94.57,75.6,65.27,64.76,60.52,55.81,44.0,37.9,42.26,41.7,38.06,37.52,40.52,45.01,44.0,45.94,53.68,56.26,68.11,60.0,47.38,45.95,45.27,70.84,82.41,68.28,65.75,51.38,51.47,46.7,44.2,45.94,40.66,38.7,38.7,40.8,71.68,112.84,106.3,114.96,127.92,132.04,169.62,122.94,111.89,105.09,98.0,138.0,696.02,148.6,101.0,74.59,86.72,57.62,47.53,44.33,38.43,36.09,37.26,40.05,71.93,99.0,100.91,104.7,99.0,99.0,89.98,88.91,87.06,87.96,96.41,132.72,243.24,112.71
76.87,77.99,73.1,63.48,63.01,58.87,58.72,59.09,56.26,49.7,46.47,43.8,44.75,49.03,50.77,55.25,58.21,57.95,58.68,61.91,59.9,60.48,58.44,59.93,69.27,94.57,75.6,65.27,64.76,60.52,55.81,44.0,37.9,42.26,41.7,38.06,37.52,40.52,45.01,44.0,45.94,53.68,56.26,68.11,60.0,47.38,45.95,45.27,70.84,82.41,68.28,65.75,51.38,51.47,46.7,44.2,45.94,40.66,38.7,38.7,40.8,71.68,112.84,106.3,114.96,127.92,132.04,169.62,122.94,111.89,105.09,98.0,138.0,696.02,148.6,101.0,74.59,86.72,57.62,47.53,44.33,38.43,36.09,37.26,40.05,71.93,99.0,100.91,104.7,99.0,99.0,89.98,88.91,87.06,87.96,96.41,132.72,243.24,112.71,85.01
77.99,73.1,63.48,63.01,58.87,58.72,59.09,56.26,49.7,46.47,43.8,44.75,49.03,50.77,55.25,58.21,57.95,58.68,61.91,59.9,60.48,58.44,59.93,69.27,94.57,75.6,65.27,64.76,60.52,55.81,44.0,37.9,42.26,41.7,38.06,37.52,40.52,45.01,44.0,45.94,53.68,56.26,68.11,60.0,47.38,45.95,45.27,70.84,82.41,68.28,65.75,51.38,51.47,46.7,44.2,45.94,40.66,38.7,38.7,40.8,71.68,112.84,106.3,114.96,127.92,132.04,169.62,122.94,111.89,105.09,98.0,138.0,696.02,148.6,101.0,74.59,86.72,57.62,47.53,44.33,38.43,36.09,37.26,40.05,71.93,99.0,100.91,104.7,99.0,99.0,89.98,88.91,87.06,87.96,96.41,132.72,243.24,112.71,85.01,67.07
73.1,63.48,63.01,58.87,58.72,59.09,56.26,49.7,46.47,43.8,44.75,49.03,50.77,55.25,58.21,57.95,58.68,61.91,59.9,60.48,58.44,59.93,69.27,94.57,75.6,65.27,64.76,60.52,55.81,44.0,37.9,42.26,41.7,38.06,37.52,40.52,45.01,44.0,45.94,53.68,56.26,68.11,60.0,47.38,45.95,45.27,70.84,82.41,68.28,65.75,51.38,51.47,46.7,44.2,45.94,40.66,38.7,38.7,40.8,71.68,112.84,106.3,114.96,127.92,132.04,169.62,122.94,111.89,105.09,98.0,138.0,696.02,148.6,101.0,74.59,86.72,57.62,47.53,44.33,38.43,36.09,37.26,40.05,71.93,99.0,100.91,104.7,99.0,99.0,89.98,88.91,87.06,87.96,96.41,132.72,243.24,112.71,85.01,67.07,60.96
63.48,63.01,58.87,58.72,59.09,56.26,49.7,46.47,43.8,44.75,49.03,50.77,55.25,58.21,57.95,58.68,61.91,59.9,60.48,58.44,59.93,69.27,94.57,75.6,65.27,64.76,60.52,55.81,44.0,37.9,42.26,41.7,38.06,37.52,40.52,45.01,44.0,45.94,53.68,56.26,68.11,60.0,47.38,45.95,45.27,70.84,82.41,68.28,65.75,51.38,51.47,46.7,44.2,45.94,40.66,38.7,38.7,40.8,71.68,112.84,106.3,114.96,127.92,132.04,169.62,122.94,111.89,105.09,98.0,138.0,696.02,148.6,101.0,74.59,86.72,57.62,47.53,44.33,38.43,36.09,37.26,40.05,71.93,99.0,100.91,104.7,99.0,99.0,89.98,88.91,87.06,87.96,96.41,132.72,243.24,112.71,85.01,67.07,60.96,49.81
63.01,58.87,58.72,59.09,56.26,49.7,46.47,43.8,44.75,49.03,50.77,55.25,58.21,57.95,58.68,61.91,59.9,60.48,58.44,59.93,69.27,94.57,75.6,65.27,64.76,60.52,55.81,44.0,37.9,42.26,41.7,38.06,37.52,40.52,45.01,44.0,45.94,53.68,56.26,68.11,60.0,47.38,45.95,45.27,70.84,82.41,68.28,65.75,51.38,51.47,46.7,44.2,45.94,40.66,38.7,38.7,40.8,71.68,112.84,106.3,114.96,127.92,132.04,169.62,122.94,111.89,105.09,98.0,138.0,696.02,148.6,101.0,74.59,86.72,57.62,47.53,44.33,38.43,36.09,37.26,40.05,71.93,99.0,100.91,104.7,99.0,99.0,89.98,88.91,87.06,87.96,96.41,132.72,243.24,112.71,85.01,67.07,60.96,49.81,48.27
58.87,58.72,59.09,56.26,49.7,46.47,43.8,44.75,49.03,50.77,55.25,58.21,57.95,58.68,61.91,59.9,60.48,58.44,59.93,69.27,94.57,75.6,65.27,64.76,60.52,55.81,44.0,37.9,42.26,41.7,38.06,37.52,40.52,45.01,44.0,45.94,53.68,56.26,68.11,60.0,47.38,45.95,45.27,70.84,82.41,68.28,65.75,51.38,51.47,46.7,44.2,45.94,40.66,38.7,38.7,40.8,71.68,112.84,106.3,114.96,127.92,132.04,169.62,122.94,111.89,105.09,98.0,138.0,696.02,148.6,101.0,74.59,86.72,57.62,47.53,44.33,38.43,36.09,37.26,40.05,71.93,99.0,100.91,104.7,99.0,99.0,89.98,88.91,87.06,87.96,96.41,132.72,243.24,112.71,85.01,67.07,60.96,49.81,48.27,36.7
58.72,59.09,56.26,49.7,46.47,43.8,44.75,49.03,50.77,55.25,58.21,57.95,58.68,61.91,59.9,60.48,58.44,59.93,69.27,94.57,75.6,65.27,64.76,60.52,55.81,44.0,37.9,42.26,41.7,38.06,37.52,40.52,45.01,44.0,45.94,53.68,56.26,68.11,60.0,47.38,45.95,45.27,70.84,82.41,68.28,65.75,51.38,51.47,46.7,44.2,45.94,40.66,38.7,38.7,40.8,71.68,112.84,106.3,114.96,127.92,132.04,169.62,122.94,111.89,105.09,98.0,138.0,696.02,148.6,101.0,74.59,86.72,57.62,47.53,44.33,38.43,36.09,37.26,40.05,71.93,99.0,100.91,104.7,99.0,99.0,89.98,88.91,87.06,87.96,96.41,132.72,243.24,112.71,85.01,67.07,60.96,49.81,48.27,36.7,33.4
59.09,56.26,49.7,46.47,43.8,44.75,49.03,50.77,55.25,58.21,57.95,58.68,61.91,59.9,60.48,58.44,59.93,69.27,94.57,75.6,65.27,64.76,60.52,55.81,44.0,37.9,42.26,41.7,38.06,37.52,40.52,45.01,44.0,45.94,53.68,56.26,68.11,60.0,47.38,45.95,45.27,70.84,82.41,68.28,65.75,51.38,51.47,46.7,44.2,45.94,40.66,38.7,38.7,40.8,71.68,112.84,106.3,114.96,127.92,132.04,169.62,122.94,111.89,105.09,98.0,138.0,696.02,148.6,101.0,74.59,86.72,57.62,47.53,44.33,38.43,36.09,37.26,40.05,71.93,99.0,100.91,104.7,99.0,99.0,89.98,88.91,87.06,87.96,96.41,132.72,243.24,112.71,85.01,67.07,60.96,49.81,48.27,36.7,33.4,33.45
56.26,49.7,46.47,43.8,44.75,49.03,50.77,55.25,58.21,57.95,58.68,61.91,59.9,60.48,58.44,59.93,69.27,94.57,75.6,65.27,64.76,60.52,55.81,44.0,37.9,42.26,41.7,38.06,37.52,40.52,45.01,44.0,45.94,53.68,56.26,68.11,60.0,47.38,45.95,45.27,70.84,82.41,68.28,65.75,51.38,51.47,46.7,44.2,45.94,40.66,38.7,38.7,40.8,71.68,112.84,106.3,114.96,127.92,132.04,169.62,122.94,111.89,105.09,98.0,138.0,696.02,148.6,101.0,74.59,86.72,57.62,47.53,44.33,38.43,36.09,37.26,40.05,71.93,99.0,100.91,104.7,99.0,99.0,89.98,88.91,87.06,87.96,96.41,132.72,243.24,112.71,85.01,67.07,60.96,49.81,48.27,36.7,33.4,33.45,33.05
49.7,46.47,43.8,44.75,49.03,50.77,55.25,58.21,57.95,58.68,61.91,59.9,60.48,58.44,59.93,69.27,94.57,75.6,65.27,64.76,60.52,55.81,44.0,37.9,42.26,41.7,38.06,37.52,40.52,45.01,44.0,45.94,53.68,56.26,68.11,60.0,47.38,45.95,45.27,70.84,82.41,68.28,65.75,51.38,51.47,46.7,44.2,45.94,40.66,38.7,38.7,40.8,71.68,112.84,106.3,114.96,127.92,132.04,169.62,122.94,111.89,105.09,98.0,138.0,696.02,148.6,101.0,74.59,86.72,57.62,47.53,44.33,38.43,36.09,37.26,40.05,71.93,99.0,100.91,104.7,99.0,99.0,89.98,88.91,87.06,87.96,96.41,132.72,243.24,112.71,85.01,67.07,60.96,49.81,48.27,36.7,33.4,33.45,33.05,40.61
46.47,43.8,44.75,49.03,50.77,55.25,58.21,57.95,58.68,61.91,59.9,60.48,58.44,59.93,69.27,94.57,75.6,65.27,64.76,60.52,55.81,44.0,37.9,42.26,41.7,38.06,37.52,40.52,45.01,44.0,45.94,53.68,56.26,68.11,60.0,47.38,45.95,45.27,70.84,82.41,68.28,65.75,51.38,51.47,46.7,44.2,45.94,40.66,38.7,38.7,40.8,71.68,112.84,106.3,114.96,127.92,132.04,169.62,122.94,111.89,105.09,98.0,138.0,696.02,148.6,101.0,74.59,86.72,57.62,47.53,44.33,38.43,36.09,37.26,40.05,71.93,99.0,100.91,104.7,99.0,99.0,89.98,88.91,87.06,87.96,96.41,132.72,243.24,112.71,85.01,67.07,60.96,49.81,48.27,36.7,33.4,33.45,33.05,40.61,62.35
43.8,44.75,49.03,50.77,55.25,58.21,57.95,58.68,61.91,59.9,60.48,58.44,59.93,69.27,94.57,75.6,65.27,64.76,60.52,55.81,44.0,37.9,42.26,41.7,38.06,37.52,40.52,45.01,44.0,45.94,53.68,56.26,68.11,60.0,47.38,45.95,45.27,70.84,82.41,68.28,65.75,51.38,51.47,46.7,44.2,45.94,40.66,38.7,38.7,40.8,71.68,112.84,106.3,114.96,127.92,132.04,169.62,122.94,111.89,105.09,98.0,138.0,696.02,148.6,101.0,74.59,86.72,57.62,47.53,44.33,38.43,36.09,37.26,40.05,71.93,99.0,100.91,104.7,99.0,99.0,89.98,88.91,87.06,87.96,96.41,132.72,243.24,112.71,85.01,67.07,60.96,49.81,48.27,36.7,33.4,33.45,33.05,40.61,62.35,74.01
44.75,49.03,50.77,55.25,58.21,57.95,58.68,61.91,59.9,60.48,58.44,59.93,69.27,94.57,75.6,65.27,64.76,60.52,55.81,44.0,37.9,42.26,41.7,38.06,37.52,40.52,45.01,44.0,45.94,53.68,56.26,68.11,60.0,47.38,45.95,45.27,70.84,82.41,68.28,65.75,51.38,51.47,46.7,44.2,45.94,40.66,38.7,38.7,40.8,71.68,112.84,106.3,114.96,127.92,132.04,169.62,122.94,111.89,105.09,98.0,138.0,696.02,148.6,101.0,74.59,86.72,57.62,47.53,44.33,38.43,36.09,37.26,40.05,71.93,99.0,100.91,104.7,99.0,99.0,89.98,88.91,87.06,87.96,96.41,132.72,243.24,112.71,85.01,67.07,60.96,49.81,48.27,36.7,33.4,33.45,33.05,40.61,62.35,74.01,74.8
49.03,50.77,55.25,58.21,57.95,58.68,61.91,59.9,60.48,58.44,59.93,69.27,94.57,75.6,65.27,64.76,60.52,55.81,44.0,37.9,42.26,41.7,38.06,37.52,40.52,45.01,44.0,45.94,53.68,56.26,68.11,60.0,47.38,45.95,45.27,70.84,82.41,68.28,65.75,51.38,51.47,46.7,44.2,45.94,40.66,38.7,38.7,40.8,71.68,112.84,106.3,114.96,127.92,132.04,169.62,122.94,111.89,105.09,98.0,138.0,696.02,148.6,101.0,74.59,86.72,57.62,47.53,44.33,38.43,36.09,37.26,40.05,71.93,99.0,100.91,104.7,99.0,99.0,89.98,88.91,87.06,87.96,96.41,132.72,243.24,112.71,85.01,67.07,60.96,49.81,48.27,36.7,33.4,33.45,33.05,40.61,62.35,74.01,74.8,69.32
50.77,55.25,58.21,57.95,58.68,61.91,59.9,60.48,58.44,59.93,69.27,94.57,75.6,65.27,64.76,60.52,55.81,44.0,37.9,42.26,41.7,38.06,37.52,40.52,45.01,44.0,45.94,53.68,56.26,68.11,60.0,47.38,45.95,45.27,70.84,82.41,68.28,65.75,51.38,51.47,46.7,44.2,45.94,40.66,38.7,38.7,40.8,71.68,112.84,106.3,114.96,127.92,132.04,169.62,122.94,111.89,105.09,98.0,138.0,696.02,148.6,101.0,74.59,86.72,57.62,47.53,44.33,38.43,36.09,37.26,40.05,71.93,99.0,100.91,104.7,99.0,99.0,89.98,88.91,87.06,87.96,96.41,132.72,243.24,112.71,85.01,67.07,60.96,49.81,48.27,36.7,33.4,33.45,33.05,40.61,62.35,74.01,74.8,69.32,66.4
55.25,58.21,57.95,58.68,61.91,59.9,60.48,58.44,59.93,69.27,94.57,75.6,65.27,64.76,60.52,55.81,44.0,37.9,42.26,41.7,38.06,37.52,40.52,45.01,44.0,45.94,53.68,56.26,68.11,60.0,47.38,45.95,45.27,70.84,82.41,68.28,65.75,51.38,51.47,46.7,44.2,45.94,40.66,38.7,38.7,40.8,71.68,112.84,106.3,114.96,127.92,132.04,169.62,122.94,111.89,105.09,98.0,138.0,696.02,148.6,101.0,74.59,86.72,57.62,47.53,44.33,38.43,36.09,37.26,40.05,71.93,99.0,100.91,104.7,99.0,99.0,89.98,88.91,87.06,87.96,96.41,132.72,243.24,112.71,85.01,67.07,60.96,49.81,48.27,36.7,33.4,33.45,33.05,40.61,62.35,74.01,74.8,69.32,66.4,65.07
58.21,57.95,58.68,61.91,59.9,60.48,58.44,59.93,69.27,94.57,75.6,65.27,64.76,60.52,55.81,44.0,37.9,42.26,41.7,38.06,37.52,40.52,45.01,44.0,45.94,53.68,56.26,68.11,60.0,47.38,45.95,45.27,70.84,82.41,68.28,65.75,51.38,51.47,46.7,44.2,45.94,40.66,38.7,38.7,40.8,71.68,112.84,106.3,114.96,127.92,132.04,169.62,122.94,111.89,105.09,98.0,138.0,696.02,148.6,101.0,74.59,86.72,57.62,47.53,44.33,38.43,36.09,37.26,40.05,71.93,99.0,100.91,104.7,99.0,99.0,89.98,88.91,87.06,87.96,96.41,132.72,243.24,112.71,85.01,67.07,60.96,49.81,48.27,36.7,33.4,33.45,33.05,40.61,62.35,74.01,74.8,69.32,66.4,65.07,62.6
57.95,58.68,61.91,59.9,60.48,58.44,59.93,69.27,94.57,75.6,65.27,64.76,60.52,55.81,44.0,37.9,42.26,41.7,38.06,37.52,40.52,45.01,44.0,45.94,53.68,56.26,68.11,60.0,47.38,45.95,45.27,70.84,82.41,68.28,65.75,51.38,51.47,46.7,44.2,45.94,40.66,38.7,38.7,40.8,71.68,112.84,106.3,114.96,127.92,132.04,169.62,122.94,111.89,105.09,98.0,138.0,696.02,148.6,101.0,74.59,86.72,57.62,47.53,44.33,38.43,36.09,37.26,40.05,71.93,99.0,100.91,104.7,99.0,99.0,89.98,88.91,87.06,87.96,96.41,132.72,243.24,112.71,85.01,67.07,60.96,49.81,48.27,36.7,33.4,33.45,33.05,40.61,62.35,74.01,74.8,69.32,66.4,65.07,62.6,63.1
58.68,61.91,59.9,60.48,58.44,59.93,69.27,94.57,75.6,65.27,64.76,60.52,55.81,44.0,37.9,42.26,41.7,38.06,37.52,40.52,45.01,44.0,45.94,53.68,56.26,68.11,60.0,47.38,45.95,45.27,70.84,82.41,68.28,65.75,51.38,51.47,46.7,44.2,45.94,40.66,38.7,38.7,40.8,71.68,112.84,106.3,114.96,127.92,132.04,169.62,122.94,111.89,105.09,98.0,138.0,696.02,148.6,101.0,74.59,86.72,57.62,47.53,44.33,38.43,36.09,37.26,40.05,71.93,99.0,100.91,104.7,99.0,99.0,89.98,88.91,87.06,87.96,96.41,132.72,243.24,112.71,85.01,67.07,60.96,49.81,48.27,36.7,33.4,33.45,33.05,40.61,62.35,74.01,74.8,69.32,66.4,65.07,62.6,63.1,62.45
61.91,59.9,60.48,58.44,59.93,69.27,94.57,75.6,65.27,64.76,60.52,55.81,44.0,37.9,42.26,41.7,38.06,37.52,40.52,45.01,44.0,45.94,53.68,56.26,68.11,60.0,47.38,45.95,45.27,70.84,82.41,68.28,65.75,51.38,51.47,46.7,44.2,45.94,40.66,38.7,38.7,40.8,71.68,112.84,106.3,114.96,127.92,132.04,169.62,122.94,111.89,105.09,98.0,138.0,696.02,148.6,101.0,74.59,86.72,57.62,47.53,44.33,38.43,36.09,37.26,40.05,71.93,99.0,100.91,104.7,99.0,99.0,89.98,88.91,87.06,87.96,96.41,132.72,243.24,112.71,85.01,67.07,60.96,49.81,48.27,36.7,33.4,33.45,33.05,40.61,62.35,74.01,74.8,69.32,66.4,65.07,62.6,63.1,62.45,65.55
59.9,60.48,58.44,59.93,69.27,94.57,75.6,65.27,64.76,60.52,55.81,44.0,37.9,42.26,41.7,38.06,37.52,40.52,45.01,44.0,45.94,53.68,56.26,68.11,60.0,47.38,45.95,45.27,70.84,82.41,68.28,65.75,51.38,51.47,46.7,44.2,45.94,40.66,38.7,38.7,40.8,71.68,112.84,106.3,114.96,127.92,132.04,169.62,122.94,111.89,105.09,98.0,138.0,696.02,148.6,101.0,74.59,86.72,57.62,47.53,44.33,38.43,36.09,37.26,40.05,71.93,99.0,100.91,104.7,99.0,99.0,89.98,88.91,87.06,87.96,96.41,132.72,243.24,112.71,85.01,67.07,60.96,49.81,48.27,36.7,33.4,33.45,33.05,40.61,62.35,74.01,74.8,69.32,66.4,65.07,62.6,63.1,62.45,65.55,72.56
60.48,58.44,59.93,69.27,94.57,75.6,65.27,64.76,60.52,55.81,44.0,37.9,42.26,41.7,38.06,37.52,40.52,45.01,44.0,45.94,53.68,56.26,68.11,60.0,47.38,45.95,45.27,70.84,82.41,68.28,65.75,51.38,51.47,46.7,44.2,45.94,40.66,38.7,38.7,40.8,71.68,112.84,106.3,114.96,127.92,132.04,169.62,122.94,111.89,105.09,98.0,138.0,696.02,148.6,101.0,74.59,86.72,57.62,47.53,44.33,38.43,36.09,37.26,40.05,71.93,99.0,100.91,104.7,99.0,99.0,89.98,88.91,87.06,87.96,96.41,132.72,243.24,112.71,85.01,67.07,60.96,49.81,48.27,36.7,33.4,33.45,33.05,40.61,62.35,74.01,74.8,69.32,66.4,65.07,62.6,63.1,62.45,65.55,72.56,82.55
58.44,59.93,69.27,94.57,75.6,65.27,64.76,60.52,55.81,44.0,37.9,42.26,41.7,38.06,37.52,40.52,45.01,44.0,45.94,53.68,56.26,68.11,60.0,47.38,45.95,45.27,70.84,82.41,68.28,65.75,51.38,51.47,46.7,44.2,45.94,40.66,38.7,38.7,40.8,71.68,112.84,106.3,114.96,127.92,132.04,169.62,122.94,111.89,105.09,98.0,138.0,696.02,148.6,101.0,74.59,86.72,57.62,47.53,44.33,38.43,36.09,37.26,40.05,71.93,99.0,100.91,104.7,99.0,99.0,89.98,88.91,87.06,87.96,96.41,132.72,243.24,112.71,85.01,67.07,60.96,49.81,48.27,36.7,33.4,33.45,33.05,40.61,62.35,74.01,74.8,69.32,66.4,65.07,62.6,63.1,62.45,65.55,72.56,82.55,93.82
59.93,69.27,94.57,75.6,65.27,64.76,60.52,55.81,44.0,37.9,42.26,41.7,38.06,37.52,40.52,45.01,44.0,45.94,53.68,56.26,68.11,60.0,47.38,45.95,45.27,70.84,82.41,68.28,65.75,51.38,51.47,46.7,44.2,45.94,40.66,38.7,38.7,40.8,71.68,112.84,106.3,114.96,127.92,132.04,169.62,122.94,111.89,105.09,98.0,138.0,696.02,148.6,101.0,74.59,86.72,57.62,47.53,44.33,38.43,36.09,37.26,40.05,71.93,99.0,100.91,104.7,99.0,99.0,89.98,88.91,87.06,87.96,96.41,132.72,243.24,112.71,85.01,67.07,60.96,49.81,48.27,36.7,33.4,33.45,33.05,40.61,62.35,74.01,74.8,69.32,66.4,65.07,62.6,63.1,62.45,65.55,72.56,82.55,93.82,77.78
69.27,94.57,75.6,65.27,64.76,60.52,55.81,44.0,37.9,42.26,41.7,38.06,37.52,40.52,45.01,44.0,45.94,53.68,56.26,68.11,60.0,47.38,45.95,45.27,70.84,82.41,68.28,65.75,51.38,51.47,46.7,44.2,45.94,40.66,38.7,38.7,40.8,71.68,112.84,106.3,114.96,127.92,132.04,169.62,122.94,111.89,105.09,98.0,138.0,696.02,148.6,101.0,74.59,86.72,57.62,47.53,44.33,38.43,36.09,37.26,40.05,71.93,99.0,100.91,104.7,99.0,99.0,89.98,88.91,87.06,87.96,96.41,132.72,243.24,112.71,85.01,67.07,60.96,49.81,48.27,36.7,33.4,33.45,33.05,40.61,62.35,74.01,74.8,69.32,66.4,65.07,62.6,63.1,62.45,65.55,72.56,82.55,93.82,77.78,66.85
94.57,75.6,65.27,64.76,60.52,55.81,44.0,37.9,42.26,41.7,38.06,37.52,40.52,45.01,44.0,45.94,53.68,56.26,68.11,60.0,47.38,45.95,45.27,70.84,82.41,68.28,65.75,51.38,51.47,46.7,44.2,45.94,40.66,38.7,38.7,40.8,71.68,112.84,106.3,114.96,127.92,132.04,169.62,122.94,111.89,105.09,98.0,138.0,696.02,148.6,101.0,74.59,86.72,57.62,47.53,44.33,38.43,36.09,37.26,40.05,71.93,99.0,100.91,104.7,99.0,99.0,89.98,88.91,87.06,87.96,96.41,132.72,243.24,112.71,85.01,67.07,60.96,49.81,48.27,36.7,33.4,33.45,33.05,40.61,62.35,74.01,74.8,69.32,66.4,65.07,62.6,63.1,62.45,65.55,72.56,82.55,93.82,77.78,66.85,63.43
75.6,65.27,64.76,60.52,55.81,44.0,37.9,42.26,41.7,38.06,37.52,40.52,45.01,44.0,45.94,53.68,56.26,68.11,60.0,47.38,45.95,45.27,70.84,82.41,68.28,65.75,51.38,51.47,46.7,44.2,45.94,40.66,38.7,38.7,40.8,71.68,112.84,106.3,114.96,127.92,132.04,169.62,122.94,111.89,105.09,98.0,138.0,696.02,148.6,101.0,74.59,86.72,57.62,47.53,44.33,38.43,36.09,37.26,40.05,71.93,99.0,100.91,104.7,99.0,99.0,89.98,88.91,87.06,87.96,96.41,132.72,243.24,112.71,85.01,67.07,60.96,49.81,48.27,36.7,33.4,33.45,33.05,40.61,62.35,74.01,74.8,69.32,66.4,65.07,62.6,63.1,62.45,65.55,72.56,82.55,93.82,77.78,66.85,63.43,57.06
65.27,64.76,60.52,55.81,44.0,37.9,42.26,41.7,38.06,37.52,40.52,45.01,44.0,45.94,53.68,56.26,68.11,60.0,47.38,45.95,45.27,70.84,82.41,68.28,65.75,51.38,51.47,46.7,44.2,45.94,40.66,38.7,38.7,40.8,71.68,112.84,106.3,114.96,127.92,132.04,169.62,122.94,111.89,105.09,98.0,138.0,696.02,148.6,101.0,74.59,86.72,57.62,47.53,44.33,38.43,36.09,37.26,40.05,71.93,99.0,100.91,104.7,99.0,99.0,89.98,88.91,87.06,87.96,96.41,132.72,243.24,112.71,85.01,67.07,60.96,49.81,48.27,36.7,33.4,33.45,33.05,40.61,62.35,74.01,74.8,69.32,66.4,65.07,62.6,63.1,62.45,65.55,72.56,82.55,93.82,77.78,66.85,63.43,57.06,43.27
64.76,60.52,55.81,44.0,37.9,42.26,41.7,38.06,37.52,40.52,45.01,44.0,45.94,53.68,56.26,68.11,60.0,47.38,45.95,45.27,70.84,82.41,68.28,65.75,51.38,51.47,46.7,44.2,45.94,40.66,38.7,38.7,40.8,71.68,112.84,106.3,114.96,127.92,132.04,169.62,122.94,111.89,105.09,98.0,138.0,696.02,148.6,101.0,74.59,86.72,57.62,47.53,44.33,38.43,36.09,37.26,40.05,71.93,99.0,100.91,104.7,99.0,99.0,89.98,88.91,87.06,87.96,96.41,132.72,243.24,112.71,85.01,67.07,60.96,49.81,48.27,36.7,33.4,33.45,33.05,40.61,62.35,74.01,74.8,69.32,66.4,65.07,62.6,63.1,62.45,65.55,72.56,82.55,93.82,77.78,66.85,63.43,57.06,43.27,52.69
60.52,55.81,44.0,37.9,42.26,41.7,38.06,37.52,40.52,45.01,44.0,45.94,53.68,56.26,68.11,60.0,47.38,45.95,45.27,70.84,82.41,68.28,65.75,51.38,51.47,46.7,44.2,45.94,40.66,38.7,38.7,40.8,71.68,112.84,106.3,114.96,127.92,132.04,169.62,122.94,111.89,105.09,98.0,138.0,696.02,148.6,101.0,74.59,86.72,57.62,47.53,44.33,38.43,36.09,37.26,40.05,71.93,99.0,100.91,104.7,99.0,99.0,89.98,88.91,87.06,87.96,96.41,132.72,243.24,112.71,85.01,67.07,60.96,49.81,48.27,36.7,33.4,33.45,33.05,40.61,62.35,74.01,74.8,69.32,66.4,65.07,62.6,63.1,62.45,65.55,72.56,82.55,93.82,77.78,66.85,63.43,57.06,43.27,52.69,46.96
55.81,44.0,37.9,42.26,41.7,38.06,37.52,40.52,45.01,44.0,45.94,53.68,56.26,68.11,60.0,47.38,45.95,45.27,70.84,82.41,68.28,65.75,51.38,51.47,46.7,44.2,45.94,40.66,38.7,38.7,40.8,71.68,112.84,106.3,114.96,127.92,132.04,169.62,122.94,111.89,105.09,98.0,138.0,696.02,148.6,101.0,74.59,86.72,57.62,47.53,44.33,38.43,36.09,37.26,40.05,71.93,99.0,100.91,104.7,99.0,99.0,89.98,88.91,87.06,87.96,96.41,132.72,243.24,112.71,85.01,67.07,60.96,49.81,48.27,36.7,33.4,33.45,33.05,40.61,62.35,74.01,74.8,69.32,66.4,65.07,62.6,63.1,62.45,65.55,72.56,82.55,93.82,77.78,66.85,63.43,57.06,43.27,52.69,46.96,45.91
44.0,37.9,42.26,41.7,38.06,37.52,40.52,45.01,44.0,45.94,53.68,56.26,68.11,60.0,47.38,45.95,45.27,70.84,82.41,68.28,65.75,51.38,51.47,46.7,44.2,45.94,40.66,38.7,38.7,40.8,71.68,112.84,106.3,114.96,127.92,132.04,169.62,122.94,111.89,105.09,98.0,138.0,696.02,148.6,101.0,74.59,86.72,57.62,47.53,44.33,38.43,36.09,37.26,40.05,71.93,99.0,100.91,104.7,99.0,99.0,89.98,88.91,87.06,87.96,96.41,132.72,243.24,112.71,85.01,67.07,60.96,49.81,48.27,36.7,33.4,33.45,33.05,40.61,62.35,74.01,74.8,69.32,66.4,65.07,62.6,63.1,62.45,65.55,72.56,82.55,93.82,77.78,66.85,63.43,57.06,43.27,52.69,46.96,45.91,33.34
37.9,42.26,41.7,38.06,37.52,40.52,45.01,44.0,45.94,53.68,56.26,68.11,60.0,47.38,45.95,45.27,70.84,82.41,68.28,65.75,51.38,51.47,46.7,44.2,45.94,40.66,38.7,38.7,40.8,71.68,112.84,106.3,114.96,127.92,132.04,169.62,122.94,111.89,105.09,98.0,138.0,696.02,148.6,101.0,74.59,86.72,57.62,47.53,44.33,38.43,36.09,37.26,40.05,71.93,99.0,100.91,104.7,99.0,99.0,89.98,88.91,87.06,87.96,96.41,132.72,243.24,112.71,85.01,67.07,60.96,49.81,48.27,36.7,33.4,33.45,33.05,40.61,62.35,74.01,74.8,69.32,66.4,65.07,62.6,63.1,62.45,65.55,72.56,82.55,93.82,77.78,66.85,63.43,57.06,43.27,52.69,46.96,45.91,33.34,32.43
42.26,41.7,38.06,37.52,40.52,45.01,44.0,45.94,53.68,56.26,68.11,60.0,47.38,45.95,45.27,70.84,82.41,68.28,65.75,51.38,51.47,46.7,44.2,45.94,40.66,38.7,38.7,40.8,71.68,112.84,106.3,114.96,127.92,132.04,169.62,122.94,111.89,105.09,98.0,138.0,696.02,148.6,101.0,74.59,86.72,57.62,47.53,44.33,38.43,36.09,37.26,40.05,71.93,99.0,100.91,104.7,99.0,99.0,89.98,88.91,87.06,87.96,96.41,132.72,243.24,112.71,85.01,67.07,60.96,49.81,48.27,36.7,33.4,33.45,33.05,40.61,62.35,74.01,74.8,69.32,66.4,65.07,62.6,63.1,62.45,65.55,72.56,82.55,93.82,77.78,66.85,63.43,57.06,43.27,52.69,46.96,45.91,33.34,32.43,41.67
41.7,38.06,37.52,40.52,45.01,44.0,45.94,53.68,56.26,68.11,60.0,47.38,45.95,45.27,70.84,82.41,68.28,65.75,51.38,51.47,46.7,44.2,45.94,40.66,38.7,38.7,40.8,71.68,112.84,106.3,114.96,127.92,132.04,169.62,122.94,111.89,105.09,98.0,138.0,696.02,148.6,101.0,74.59,86.72,57.62,47.53,44.33,38.43,36.09,37.26,40.05,71.93,99.0,100.91,104.7,99.0,99.0,89.98,88.91,87.06,87.96,96.41,132.72,243.24,112.71,85.01,67.07,60.96,49.81,48.27,36.7,33.4,33.45,33.05,40.61,62.35,74.01,74.8,69.32,66.4,65.07,62.6,63.1,62.45,65.55,72.56,82.55,93.82,77.78,66.85,63.43,57.06,43.27,52.69,46.96,45.91,33.34,32.43,41.67,59.5
38.06,37.52,40.52,45.01,44.0,45.94,53.68,56.26,68.11,60.0,47.38,45.95,45.27,70.84,82.41,68.28,65.75,51.38,51.47,46.7,44.2,45.94,40.66,38.7,38.7,40.8,71.68,112.84,106.3,114.96,127.92,132.04,169.62,122.94,111.89,105.09,98.0,138.0,696.02,148.6,101.0,74.59,86.72,57.62,47.53,44.33,38.43,36.09,37.26,40.05,71.93,99.0,100.91,104.7,99.0,99.0,89.98,88.91,87.06,87.96,96.41,132.72,243.24,112.71,85.01,67.07,60.96,49.81,48.27,36.7,33.4,33.45,33.05,40.61,62.35,74.01,74.8,69.32,66.4,65.07,62.6,63.1,62.45,65.55,72.56,82.55,93.82,77.78,66.85,63.43,57.06,43.27,52.69,46.96,45.91,33.34,32.43,41.67,59.5,67.04
37.52,40.52,45.01,44.0,45.94,53.68,56.26,68.11,60.0,47.38,45.95,45.27,70.84,82.41,68.28,65.75,51.38,51.47,46.7,44.2,45.94,40.66,38.7,38.7,40.8,71.68,112.84,106.3,114.96,127.92,132.04,169.62,122.94,111.89,105.09,98.0,138.0,696.02,148.6,101.0,74.59,86.72,57.62,47.53,44.33,38.43,36.09,37.26,40.05,71.93,99.0,100.91,104.7,99.0,99.0,89.98,88.91,87.06,87.96,96.41,132.72,243.24,112.71,85.01,67.07,60.96,49.81,48.27,36.7,33.4,33.45,33.05,40.61,62.35,74.01,74.8,69.32,66.4,65.07,62.6,63.1,62.45,65.55,72.56,82.55,93.82,77.78,66.85,63.43,57.06,43.27,52.69,46.96,45.91,33.34,32.43,41.67,59.5,67.04,67.91
40.52,45.01,44.0,45.94,53.68,56.26,68.11,60.0,47.38,45.95,45.27,70.84,82.41,68.28,65.75,51.38,51.47,46.7,44.2,45.94,40.66,38.7,38.7,40.8,71.68,112.84,106.3,114.96,127.92,132.04,169.62,122.94,111.89,105.09,98.0,138.0,696.02,148.6,101.0,74.59,86.72,57.62,47.53,44.33,38.43,36.09,37.26,40.05,71.93,99.0,100.91,104.7,99.0,99.0,89.98,88.91,87.06,87.96,96.41,132.72,243.24,112.71,85.01,67.07,60.96,49.81,48.27,36.7,33.4,33.45,33.05,40.61,62.35,74.01,74.8,69.32,66.4,65.07,62.6,63.1,62.45,65.55,72.56,82.55,93.82,77.78,66.85,63.43,57.06,43.27,52.69,46.96,45.91,33.34,32.43,41.67,59.5,67.04,67.91,66.22
45.01,44.0,45.94,53.68,56.26,68.11,60.0,47.38,45.95,45.27,70.84,82.41,68.28,65.75,51.38,51.47,46.7,44.2,45.94,40.66,38.7,38.7,40.8,71.68,112.84,106.3,114.96,127.92,132.04,169.62,122.94,111.89,105.09,98.0,138.0,696.02,148.6,101.0,74.59,86.72,57.62,47.53,44.33,38.43,36.09,37.26,40.05,71.93,99.0,100.91,104.7,99.0,99.0,89.98,88.91,87.06,87.96,96.41,132.72,243.24,112.71,85.01,67.07,60.96,49.81,48.27,36.7,33.4,33.45,33.05,40.61,62.35,74.01,74.8,69.32,66.4,65.07,62.6,63.1,62.45,65.55,72.56,82.55,93.82,77.78,66.85,63.43,57.06,43.27,52.69,46.96,45.91,33.34,32.43,41.67,59.5,67.04,67.91,66.22,65.56
44.0,45.94,53.68,56.26,68.11,60.0,47.38,45.95,45.27,70.84,82.41,68.28,65.75,51.38,51.47,46.7,44.2,45.94,40.66,38.7,38.7,40.8,71.68,112.84,106.3,114.96,127.92,132.04,169.62,122.94,111.89,105.09,98.0,138.0,696.02,148.6,101.0,74.59,86.72,57.62,47.53,44.33,38.43,36.09,37.26,40.05,71.93,99.0,100.91,104.7,99.0,99.0,89.98,88.91,87.06,87.96,96.41,132.72,243.24,112.71,85.01,67.07,60.96,49.81,48.27,36.7,33.4,33.45,33.05,40.61,62.35,74.01,74.8,69.32,66.4,65.07,62.6,63.1,62.45,65.55,72.56,82.55,93.82,77.78,66.85,63.43,57.06,43.27,52.69,46.96,45.91,33.34,32.43,41.67,59.5,67.04,67.91,66.22,65.56,66.32
45.94,53.68,56.26,68.11,60.0,47.38,45.95,45.27,70.84,82.41,68.28,65.75,51.38,51.47,46.7,44.2,45.94,40.66,38.7,38.7,40.8,71.68,112.84,106.3,114.96,127.92,132.04,169.62,122.94,111.89,105.09,98.0,138.0,696.02,148.6,101.0,74.59,86.72,57.62,47.53,44.33,38.43,36.09,37.26,40.05,71.93,99.0,100.91,104.7,99.0,99.0,89.98,88.91,87.06,87.96,96.41,132.72,243.24,112.71,85.01,67.07,60.96,49.81,48.27,36.7,33.4,33.45,33.05,40.61,62.35,74.01,74.8,69.32,66.4,65.07,62.6,63.1,62.45,65.55,72.56,82.55,93.82,77.78,66.85,63.43,57.06,43.27,52.69,46.96,45.91,33.34,32.43,41.67,59.5,67.04,67.91,66.22,65.56,66.32,61.77
53.68,56.26,68.11,60.0,47.38,45.95,45.27,70.84,82.41,68.28,65.75,51.38,51.47,46.7,44.2,45.94,40.66,38.7,38.7,40.8,71.68,112.84,106.3,114.96,127.92,132.04,169.62,122.94,111.89,105.09,98.0,138.0,696.02,148.6,101.0,74.59,86.72,57.62,47.53,44.33,38.43,36.09,37.26,40.05,71.93,99.0,100.91,104.7,99.0,99.0,89.98,88.91,87.06,87.96,96.41,132.72,243.24,112.71,85.01,67.07,60.96,49.81,48.27,36.7,33.4,33.45,33.05,40.61,62.35,74.01,74.8,69.32,66.4,65.07,62.6,63.1,62.45,65.55,72.56,82.55,93.82,77.78,66.85,63.43,57.06,43.27,52.69,46.96,45.91,33.34,32.43,41.67,59.5,67.04,67.91,66.22,65.56,66.32,61.77,61.86
56.26,68.11,60.0,47.38,45.95,45.27,70.84,82.41,68.28,65.75,51.38,51.47,46.7,44.2,45.94,40.66,38.7,38.7,40.8,71.68,112.84,106.3,114.96,127.92,132.04,169.62,122.94,111.89,105.09,98.0,138.0,696.02,148.6,101.0,74.59,86.72,57.62,47.53,44.33,38.43,36.09,37.26,40.05,71.93,99.0,100.91,104.7,99.0,99.0,89.98,88.91,87.06,87.96,96.41,132.72,243.24,112.71,85.01,67.07,60.96,49.81,48.27,36.7,33.4,33.45,33.05,40.61,62.35,74.01,74.8,69.32,66.4,65.07,62.6,63.1,62.45,65.55,72.56,82.55,93.82,77.78,66.85,63.43,57.06,43.27,52.69,46.96,45.91,33.34,32.43,41.67,59.5,67.04,67.91,66.22,65.56,66.32,61.77,61.86,60.97
68.11,60.0,47.38,45.95,45.27,70.84,82.41,68.28,65.75,51.38,51.47,46.7,44.2,45.94,40.66,38.7,38.7,40.8,71.68,112.84,106.3,114.96,127.92,132.04,169.62,122.94,111.89,105.09,98.0,138.0,696.02,148.6,101.0,74.59,86.72,57.62,47.53,44.33,38.43,36.09,37.26,40.05,71.93,99.0,100.91,104.7,99.0,99.0,89.98,88.91,87.06,87.96,96.41,132.72,243.24,112.71,85.01,67.07,60.96,49.81,48.27,36.7,33.4,33.45,33.05,40.61,62.35,74.01,74.8,69.32,66.4,65.07,62.6,63.1,62.45,65.55,72.56,82.55,93.82,77.78,66.85,63.43,57.06,43.27,52.69,46.96,45.91,33.34,32.43,41.67,59.5,67.04,67.91,66.22,65.56,66.32,61.77,61.86,60.97,59.05
60.0,47.38,45.95,45.27,70.84,82.41,68.28,65.75,51.38,51.47,46.7,44.2,45.94,40.66,38.7,38.7,40.8,71.68,112.84,106.3,114.96,127.92,132.04,169.62,122.94,111.89,105.09,98.0,138.0,696.02,148.6,101.0,74.59,86.72,57.62,47.53,44.33,38.43,36.09,37.26,40.05,71.93,99.0,100.91,104.7,99.0,99.0,89.98,88.91,87.06,87.96,96.41,132.72,243.24,112.71,85.01,67.07,60.96,49.81,48.27,36.7,33.4,33.45,33.05,40.61,62.35,74.01,74.8,69.32,66.4,65.07,62.6,63.1,62.45,65.55,72.56,82.55,93.82,77.78,66.85,63.43,57.06,43.27,52.69,46.96,45.91,33.34,32.43,41.67,59.5,67.04,67.91,66.22,65.56,66.32,61.77,61.86,60.97,59.05,59.79
47.38,45.95,45.27,70.84,82.41,68.28,65.75,51.38,51.47,46.7,44.2,45.94,40.66,38.7,38.7,40.8,71.68,112.84,106.3,114.96,127.92,132.04,169.62,122.94,111.89,105.09,98.0,138.0,696.02,148.6,101.0,74.59,86.72,57.62,47.53,44.33,38.43,36.09,37.26,40.05,71.93,99.0,100.91,104.7,99.0,99.0,89.98,88.91,87.06,87.96,96.41,132.72,243.24,112.71,85.01,67.07,60.96,49.81,48.27,36.7,33.4,33.45,33.05,40.61,62.35,74.01,74.8,69.32,66.4,65.07,62.6,63.1,62.45,65.55,72.56,82.55,93.82,77.78,66.85,63.43,57.06,43.27,52.69,46.96,45.91,33.34,32.43,41.67,59.5,67.04,67.91,66.22,65.56,66.32,61.77,61.86,60.97,59.05,59.79,73.47
45.95,45.27,70.84,82.41,68.28,65.75,51.38,51.47,46.7,44.2,45.94,40.66,38.7,38.7,40.8,71.68,112.84,106.3,114.96,127.92,132.04,169.62,122.94,111.89,105.09,98.0,138.0,696.02,148.6,101.0,74.59,86.72,57.62,47.53,44.33,38.43,36.09,37.26,40.05,71.93,99.0,100.91,104.7,99.0,99.0,89.98,88.91,87.06,87.96,96.41,132.72,243.24,112.71,85.01,67.07,60.96,49.81,48.27,36.7,33.4,33.45,33.05,40.61,62.35,74.01,74.8,69.32,66.4,65.07,62.6,63.1,62.45,65.55,72.56,82.55,93.82,77.78,66.85,63.43,57.06,43.27,52.69,46.96,45.91,33.34,32.43,41.67,59.5,67.04,67.91,66.22,65.56,66.32,61.77,61.86,60.97,59.05,59.79,73.47,75.35
45.27,70.84,82.41,68.28,65.75,51.38,51.47,46.7,44.2,45.94,40.66,38.7,38.7,40.8,71.68,112.84,106.3,114.96,127.92,132.04,169.62,122.94,111.89,105.09,98.0,138.0,696.02,148.6,101.0,74.59,86.72,57.62,47.53,44.33,38.43,36.09,37.26,40.05,71.93,99.0,100.91,104.7,99.0,99.0,89.98,88.91,87.06,87.96,96.41,132.72,243.24,112.71,85.01,67.07,60.96,49.81,48.27,36.7,33.4,33.45,33.05,40.61,62.35,74.01,74.8,69.32,66.4,65.07,62.6,63.1,62.45,65.55,72.56,82.55,93.82,77.78,66.85,63.43,57.06,43.27,52.69,46.96,45.91,33.34,32.43,41.67,59.5,67.04,67.91,66.22,65.56,66.32,61.77,61.86,60.97,59.05,59.79,73.47,75.35,56.43
70.84,82.41,68.28,65.75,51.38,51.47,46.7,44.2,45.94,40.66,38.7,38.7,40.8,71.68,112.84,106.3,114.96,127.92,132.04,169.62,122.94,111.89,105.09,98.0,138.0,696.02,148.6,101.0,74.59,86.72,57.62,47.53,44.33,38.43,36.09,37.26,40.05,71.93,99.0,100.91,104.7,99.0,99.0,89.98,88.91,87.06,87.96,96.41,132.72,243.24,112.71,85.01,67.07,60.96,49.81,48.27,36.7,33.4,33.45,33.05,40.61,62.35,74.01,74.8,69.32,66.4,65.07,62.6,63.1,62.45,65.55,72.56,82.55,93.82,77.78,66.85,63.43,57.06,43.27,52.69,46.96,45.91,33.34,32.43,41.67,59.5,67.04,67.91,66.22,65.56,66.32,61.77,61.86,60.97,59.05,59.79,73.47,75.35,56.43,64.01
82.41,68.28,65.75,51.38,51.47,46.7,44.2,45.94,40.66,38.7,38.7,40.8,71.68,112.84,106.3,114.96,127.92,132.04,169.62,122.94,111.89,105.09,98.0,138.0,696.02,148.6,101.0,74.59,86.72,57.62,47.53,44.33,38.43,36.09,37.26,40.05,71.93,99.0,100.91,104.7,99.0,99.0,89.98,88.91,87.06,87.96,96.41,132.72,243.24,112.71,85.01,67.07,60.96,49.81,48.27,36.7,33.4,33.45,33.05,40.61,62.35,74.01,74.8,69.32,66.4,65.07,62.6,63.1,62.45,65.55,72.56,82.55,93.82,77.78,66.85,63.43,57.06,43.27,52.69,46.96,45.91,33.34,32.43,41.67,59.5,67.04,67.91,66.22,65.56,66.32,61.77,61.86,60.97,59.05,59.79,73.47,75.35,56.43,64.01,43.62
68.28,65.75,51.38,51.47,46.7,44.2,45.94,40.66,38.7,38.7,40.8,71.68,112.84,106.3,114.96,127.92,132.04,169.62,122.94,111.89,105.09,98.0,138.0,696.02,148.6,101.0,74.59,86.72,57.62,47.53,44.33,38.43,36.09,37.26,40.05,71.93,99.0,100.91,104.7,99.0,99.0,89.98,88.91,87.06,87.96,96.41,132.72,243.24,112.71,85.01,67.07,60.96,49.81,48.27,36.7,33.4,33.45,33.05,40.61,62.35,74.01,74.8,69.32,66.4,65.07,62.6,63.1,62.45,65.55,72.56,82.55,93.82,77.78,66.85,63.43,57.06,43.27,52.69,46.96,45.91,33.34,32.43,41.67,59.5,67.04,67.91,66.22,65.56,66.32,61.77,61.86,60.97,59.05,59.79,73.47,75.35,56.43,64.01,43.62,43.62
65.75,51.38,51.47,46.7,44.2,45.94,40.66,38.7,38.7,40.8,71.68,112.84,106.3,114.96,127.92,132.04,169.62,122.94,111.89,105.09,98.0,138.0,696.02,148.6,101.0,74.59,86.72,57.62,47.53,44.33,38.43,36.09,37.26,40.05,71.93,99.0,100.91,104.7,99.0,99.0,89.98,88.91,87.06,87.96,96.41,132.72,243.24,112.71,85.01,67.07,60.96,49.81,48.27,36.7,33.4,33.45,33.05,40.61,62.35,74.01,74.8,69.32,66.4,65.07,62.6,63.1,62.45,65.55,72.56,82.55,93.82,77.78,66.85,63.43,57.06,43.27,52.69,46.96,45.91,33.34,32.43,41.67,59.5,67.04,67.91,66.22,65.56,66.32,61.77,61.86,60.97,59.05,59.79,73.47,75.35,56.43,64.01,43.62,43.62,40.34
51.38,51.47,46.7,44.2,45.94,40.66,38.7,38.7,40.8,71.68,112.84,106.3,114.96,127.92,132.04,169.62,122.94,111.89,105.09,98.0,138.0,696.02,148.6,101.0,74.59,86.72,57.62,47.53,44.33,38.43,36.09,37.26,40.05,71.93,99.0,100.91,104.7,99.0,99.0,89.98,88.91,87.06,87.96,96.41,132.72,243.24,112.71,85.01,67.07,60.96,49.81,48.27,36.7,33.4,33.45,33.05,40.61,62.35,74.01,74.8,69.32,66.4,65.07,62.6,63.1,62.45,65.55,72.56,82.55,93.82,77.78,66.85,63.43,57.06,43.27,52.69,46.96,45.91,33.34,32.43,41.67,59.5,67.04,67.91,66.22,65.56,66.32,61.77,61.86,60.97,59.05,59.79,73.47,75.35,56.43,64.01,43.62,43.62,40.34,42.72
51.47,46.7,44.2,45.94,40.66,38.7,38.7,40.8,71.68,112.84,106.3,114.96,127.92,132.04,169.62,122.94,111.89,105.09,98.0,138.0,696.02,148.6,101.0,74.59,86.72,57.62,47.53,44.33,38.43,36.09,37.26,40.05,71.93,99.0,100.91,104.7,99.0,99.0,89.98,88.91,87.06,87.96,96.41,132.72,243.24,112.71,85.01,67.07,60.96,49.81,48.27,36.7,33.4,33.45,33.05,40.61,62.35,74.01,74.8,69.32,66.4,65.07,62.6,63.1,62.45,65.55,72.56,82.55,93.82,77.78,66.85,63.43,57.06,43.27,52.69,46.96,45.91,33.34,32.43,41.67,59.5,67.04,67.91,66.22,65.56,66.32,61.77,61.86,60.97,59.05,59.79,73.47,75.35,56.43,64.01,43.62,43.62,40.34,42.72,32.46
46.7,44.2,45.94,40.66,38.7,38.7,40.8,71.68,112.84,106.3,114.96,127.92,132.04,169.62,122.94,111.89,105.09,98.0,138.0,696.02,148.6,101.0,74.59,86.72,57.62,47.53,44.33,38.43,36.09,37.26,40.05,71.93,99.0,100.91,104.7,99.0,99.0,89.98,88.91,87.06,87.96,96.41,132.72,243.24,112.71,85.01,67.07,60.96,49.81,48.27,36.7,33.4,33.45,33.05,40.61,62.35,74.01,74.8,69.32,66.4,65.07,62.6,63.1,62.45,65.55,72.56,82.55,93.82,77.78,66.85,63.43,57.06,43.27,52.69,46.96,45.91,33.34,32.43,41.67,59.5,67.04,67.91,66.22,65.56,66.32,61.77,61.86,60.97,59.05,59.79,73.47,75.35,56.43,64.01,43.62,43.62,40.34,42.72,32.46,29.75
44.2,45.94,40.66,38.7,38.7,40.8,71.68,112.84,106.3,114.96,127.92,132.04,169.62,122.94,111.89,105.09,98.0,138.0,696.02,148.6,101.0,74.59,86.72,57.62,47.53,44.33,38.43,36.09,37.26,40.05,71.93,99.0,100.91,104.7,99.0,99.0,89.98,88.91,87.06,87.96,96.41,132.72,243.24,112.71,85.01,67.07,60.96,49.81,48.27,36.7,33.4,33.45,33.05,40.61,62.35,74.01,74.8,69.32,66.4,65.07,62.6,63.1,62.45,65.55,72.56,82.55,93.82,77.78,66.85,63.43,57.06,43.27,52.69,46.96,45.91,33.34,32.43,41.67,59.5,67.04,67.91,66.22,65.56,66.32,61.77,61.86,60.97,59.05,59.79,73.47,75.35,56.43,64.01,43.62,43.62,40.34,42.72,32.46,29.75,30.35
45.94,40.66,38.7,38.7,40.8,71.68,112.84,106.3,114.96,127.92,132.04,169.62,122.94,111.89,105.09,98.0,138.0,696.02,148.6,101.0,74.59,86.72,57.62,47.53,44.33,38.43,36.09,37.26,40.05,71.93,99.0,100.91,104.7,99.0,99.0,89.98,88.91,87.06,87.96,96.41,132.72,243.24,112.71,85.01,67.07,60.96,49.81,48.27,36.7,33.4,33.45,33.05,40.61,62.35,74.01,74.8,69.32,66.4,65.07,62.6,63.1,62.45,65.55,72.56,82.55,93.82,77.78,66.85,63.43,57.06,43.27,52.69,46.96,45.91,33.34,32.43,41.67,59.5,67.04,67.91,66.22,65.56,66.32,61.77,61.86,60.97,59.05,59.79,73.47,75.35,56.43,64.01,43.62,43.62,40.34,42.72,32.46,29.75,30.35,31.4
40.66,38.7,38.7,40.8,71.68,112.84,106.3,114.96,127.92,132.04,169.62,122.94,111.89,105.09,98.0,138.0,696.02,148.6,101.0,74.59,86.72,57.62,47.53,44.33,38.43,36.09,37.26,40.05,71.93,99.0,100.91,104.7,99.0,99.0,89.98,88.91,87.06,87.96,96.41,132.72,243.24,112.71,85.01,67.07,60.96,49.81,48.27,36.7,33.4,33.45,33.05,40.61,62.35,74.01,74.8,69.32,66.4,65.07,62.6,63.1,62.45,65.55,72.56,82.55,93.82,77.78,66.85,63.43,57.06,43.27,52.69,46.96,45.91,33.34,32.43,41.67,59.5,67.04,67.91,66.22,65.56,66.32,61.77,61.86,60.97,59.05,59.79,73.47,75.35,56.43,64.01,43.62,43.62,40.34,42.72,32.46,29.75,30.35,31.4,31.5
38.7,38.7,40.8,71.68,112.84,106.3,114.96,127.92,132.04,169.62,122.94,111.89,105.09,98.0,138.0,696.02,148.6,101.0,74.59,86.72,57.62,47.53,44.33,38.43,36.09,37.26,40.05,71.93,99.0,100.91,104.7,99.0,99.0,89.98,88.91,87.06,87.96,96.41,132.72,243.24,112.71,85.01,67.07,60.96,49.81,48.27,36.7,33.4,33.45,33.05,40.61,62.35,74.01,74.8,69.32,66.4,65.07,62.6,63.1,62.45,65.55,72.56,82.55,93.82,77.78,66.85,63.43,57.06,43.27,52.69,46.96,45.91,33.34,32.43,41.67,59.5,67.04,67.91,66.22,65.56,66.32,61.77,61.86,60.97,59.05,59.79,73.47,75.35,56.43,64.01,43.62,43.62,40.34,42.72,32.46,29.75,30.35,31.4,31.5,40.82
38.7,40.8,71.68,112.84,106.3,114.96,127.92,132.04,169.62,122.94,111.89,105.09,98.0,138.0,696.02,148.6,101.0,74.59,86.72,57.62,47.53,44.33,38.43,36.09,37.26,40.05,71.93,99.0,100.91,104.7,99.0,99.0,89.98,88.91,87.06,87.96,96.41,132.72,243.24,112.71,85.01,67.07,60.96,49.81,48.27,36.7,33.4,33.45,33.05,40.61,62.35,74.01,74.8,69.32,66.4,65.07,62.6,63.1,62.45,65.55,72.56,82.55,93.82,77.78,66.85,63.43,57.06,43.27,52.69,46.96,45.91,33.34,32.43,41.67,59.5,67.04,67.91,66.22,65.56,66.32,61.77,61.86,60.97,59.05,59.79,73.47,75.35,56.43,64.01,43.62,43.62,40.34,42.72,32.46,29.75,30.35,31.4,31.5,40.82,51.48
40.8,71.68,112.84,106.3,114.96,127.92,132.04,169.62,122.94,111.89,105.09,98.0,138.0,696.02,148.6,101.0,74.59,86.72,57.62,47.53,44.33,38.43,36.09,37.26,40.05,71.93,99.0,100.91,104.7,99.0,99.0,89.98,88.91,87.06,87.96,96.41,132.72,243.24,112.71,85.01,67.07,60.96,49.81,48.27,36.7,33.4,33.45,33.05,40.61,62.35,74.01,74.8,69.32,66.4,65.07,62.6,63.1,62.45,65.55,72.56,82.55,93.82,77.78,66.85,63.43,57.06,43.27,52.69,46.96,45.91,33.34,32.43,41.67,59.5,67.04,67.91,66.22,65.56,66.32,61.77,61.86,60.97,59.05,59.79,73.47,75.35,56.43,64.01,43.62,43.62,40.34,42.72,32.46,29.75,30.35,31.4,31.5,40.82,51.48,51.42
71.68,112.84,106.3,114.96,127.92,132.04,169.62,122.94,111.89,105.09,98.0,138.0,696.02,148.6,101.0,74.59,86.72,57.62,47.53,44.33,38.43,36.09,37.26,40.05,71.93,99.0,100.91,104.7,99.0,99.0,89.98,88.91,87.06,87.96,96.41,132.72,243.24,112.71,85.01,67.07,60.96,49.81,48.27,36.7,33.4,33.45,33.05,40.61,62.35,74.01,74.8,69.32,66.4,65.07,62.6,63.1,62.45,65.55,72.56,82.55,93.82,77.78,66.85,63.43,57.06,43.27,52.69,46.96,45.91,33.34,32.43,41.67,59.5,67.04,67.91,66.22,65.56,66.32,61.77,61.86,60.97,59.05,59.79,73.47,75.35,56.43,64.01,43.62,43.62,40.34,42.72,32.46,29.75,30.35,31.4,31.5,40.82,51.48,51.42,53.77
112.84,106.3,114.96,127.92,132.04,169.62,122.94,111.89,105.09,98.0,138.0,696.02,148.6,101.0,74.59,86.72,57.62,47.53,44.33,38.43,36.09,37.26,40.05,71.93,99.0,100.91,104.7,99.0,99.0,89.98,88.91,87.06,87.96,96.41,132.72,243.24,112.71,85.01,67.07,60.96,49.81,48.27,36.7,33.4,33.45,33.05,40.61,62.35,74.01,74.8,69.32,66.4,65.07,62.6,63.1,62.45,65.55,72.56,82.55,93.82,77.78,66.85,63.43,57.06,43.27,52.69,46.96,45.91,33.34,32.43,41.67,59.5,67.04,67.91,66.22,65.56,66.32,61.77,61.86,60.97,59.05,59.79,73.47,75.35,56.43,64.01,43.62,43.62,40.34,42.72,32.46,29.75,30.35,31.4,31.5,40.82,51.48,51.42,53.77,53.27
106.3,114.96,127.92,132.04,169.62,122.94,111.89,105.09,98.0,138.0,696.02,148.6,101.0,74.59,86.72,57.62,47.53,44.33,38.43,36.09,37.26,40.05,71.93,99.0,100.91,104.7,99.0,99.0,89.98,88.91,87.06,87.96,96.41,132.72,243.24,112.71,85.01,67.07,60.96,49.81,48.27,36.7,33.4,33.45,33.05,40.61,62.35,74.01,74.8,69.32,66.4,65.07,62.6,63.1,62.45,65.55,72.56,82.55,93.82,77.78,66.85,63.43,57.06,43.27,52.69,46.96,45.91,33.34,32.43,41.67,59.5,67.04,67.91,66.22,65.56,66.32,61.77,61.86,60.97,59.05,59.79,73.47,75.35,56.43,64.01,43.62,43.62,40.34,42.72,32.46,29.75,30.35,31.4,31.5,40.82,51.48,51.42,53.77,53.27,50.59
114.96,127.92,132.04,169.62,122.94,111.89,105.09,98.0,138.0,696.02,148.6,101.0,74.59,86.72,57.62,47.53,44.33,38.43,36.09,37.26,40.05,71.93,99.0,100.91,104.7,99.0,99.0,89.98,88.91,87.06,87.96,96.41,132.72,243.24,112.71,85.01,67.07,60.96,49.81,48.27,36.7,33.4,33.45,33.05,40.61,62.35,74.01,74.8,69.32,66.4,65.07,62.6,63.1,62.45,65.55,72.56,82.55,93.82,77.78,66.85,63.43,57.06,43.27,52.69,46.96,45.91,33.34,32.43,41.67,59.5,67.04,67.91,66.22,65.56,66.32,61.77,61.86,60.97,59.05,59.79,73.47,75.35,56.43,64.01,43.62,43.62,40.34,42.72,32.46,29.75,30.35,31.4,31.5,40.82,51.48,51.42,53.77,53.27,50.59,49.32
127.92,132.04,169.62,122.94,111.89,105.09,98.0,138.0,696.02,148.6,101.0,74.59,86.72,57.62,47.53,44.33,38.43,36.09,37.26,40.05,71.93,99.0,100.91,104.7,99.0,99.0,89.98,88.91,87.06,87.96,96.41,132.72,243.24,112.71,85.01,67.07,60.96,49.81,48.27,36.7,33.4,33.45,33.05,40.61,62.35,74.01,74.8,69.32,66.4,65.07,62.6,63.1,62.45,65.55,72.56,82.55,93.82,77.78,66.85,63.43,57.06,43.27,52.69,46.96,45.91,33.34,32.43,41.67,59.5,67.04,67.91,66.22,65.56,66.32,61.77,61.86,60.97,59.05,59.79,73.47,75.35,56.43,64.01,43.62,43.62,40.34,42.72,32.46,29.75,30.35,31.4,31.5,40.82,51.48,51.42,53.77,53.27,50.59,49.32,50.48
132.04,169.62,122.94,111.89,105.09,98.0,138.0,696.02,148.6,101.0,74.59,86.72,57.62,47.53,44.33,38.43,36.09,37.26,40.05,71.93,99.0,100.91,104.7,99.0,99.0,89.98,88.91,87.06,87.96,96.41,132.72,243.24,112.71,85.01,67.07,60.96,49.81,48.27,36.7,33.4,33.45,33.05,40.61,62.35,74.01,74.8,69.32,66.4,65.07,62.6,63.1,62.45,65.55,72.56,82.55,93.82,77.78,66.85,63.43,57.06,43.27,52.69,46.96,45.91,33.34,32.43,41.67,59.5,67.04,67.91,66.22,65.56,66.32,61.77,61.86,60.97,59.05,59.79,73.47,75.35,56.43,64.01,43.62,43.62,40.34,42.72,32.46,29.75,30.35,31.4,31.5,40.82,51.48,51.42,53.77,53.27,50.59,49.32,50.48,50.59
169.62,122.94,111.89,105.09,98.0,138.0,696.02,148.6,101.0,74.59,86.72,57.62,47.53,44.33,38.43,36.09,37.26,40.05,71.93,99.0,100.91,104.7,99.0,99.0,89.98,88.91,87.06,87.96,96.41,132.72,243.24,112.71,85.01,67.07,60.96,49.81,48.27,36.7,33.4,33.45,33.05,40.61,62.35,74.01,74.8,69.32,66.4,65.07,62.6,63.1,62.45,65.55,72.56,82.55,93.82,77.78,66.85,63.43,57.06,43.27,52.69,46.96,45.91,33.34,32.43,41.67,59.5,67.04,67.91,66.22,65.56,66.32,61.77,61.86,60.97,59.05,59.79,73.47,75.35,56.43,64.01,43.62,43.62,40.34,42.72,32.46,29.75,30.35,31.4,31.5,40.82,51.48,51.42,53.77,53.27,50.59,49.32,50.48,50.59,55.43
122.94,111.89,105.09,98.0,138.0,696.02,148.6,101.0,74.59,86.72,57.62,47.53,44.33,38.43,36.09,37.26,40.05,71.93,99.0,100.91,104.7,99.0,99.0,89.98,88.91,87.06,87.96,96.41,132.72,243.24,112.71,85.01,67.07,60.96,49.81,48.27,36.7,33.4,33.45,33.05,40.61,62.35,74.01,74.8,69.32,66.4,65.07,62.6,63.1,62.45,65.55,72.56,82.55,93.82,77.78,66.85,63.43,57.06,43.27,52.69,46.96,45.91,33.34,32.43,41.67,59.5,67.04,67.91,66.22,65.56,66.32,61.77,61.86,60.97,59.05,59.79,73.47,75.35,56.43,64.01,43.62,43.62,40.34,42.72,32.46,29.75,30.35,31.4,31.5,40.82,51.48,51.42,53.77,53.27,50.59,49.32,50.48,50.59,55.43,51.32
111.89,105.09,98.0,138.0,696.02,148.6,101.0,74.59,86.72,57.62,47.53,44.33,38.43,36.09,37.26,40.05,71.93,99.0,100.91,104.7,99.0,99.0,89.98,88.91,87.06,87.96,96.41,132.72,243.24,112.71,85.01,67.07,60.96,49.81,48.27,36.7,33.4,33.45,33.05,40.61,62.35,74.01,74.8,69.32,66.4,65.07,62.6,63.1,62.45,65.55,72.56,82.55,93.82,77.78,66.85,63.43,57.06,43.27,52.69,46.96,45.91,33.34,32.43,41.67,59.5,67.04,67.91,66.22,65.56,66.32,61.77,61.86,60.97,59.05,59.79,73.47,75.35,56.43,64.01,43.62,43.62,40.34,42.72,32.46,29.75,30.35,31.4,31.5,40.82,51.48,51.42,53.77,53.27,50.59,49.32,50.48,50.59,55.43,51.32,60.34
105.09,98.0,138.0,696.02,148.6,101.0,74.59,86.72,57.62,47.53,44.33,38.43,36.09,37.26,40.05,71.93,99.0,100.91,104.7,99.0,99.0,89.98,88.91,87.06,87.96,96.41,132.72,243.24,112.71,85.01,67.07,60.96,49.81,48.27,36.7,33.4,33.45,33.05,40.61,62.35,74.01,74.8,69.32,66.4,65.07,62.6,63.1,62.45,65.55,72.56,82.55,93.82,77.78,66.85,63.43,57.06,43.27,52.69,46.96,45.91,33.34,32.43,41.67,59.5,67.04,67.91,66.22,65.56,66.32,61.77,61.86,60.97,59.05,59.79,73.47,75.35,56.43,64.01,43.62,43.62,40.34,42.72,32.46,29.75,30.35,31.4,31.5,40.82,51.48,51.42,53.77,53.27,50.59,49.32,50.48,50.59,55.43,51.32,60.34,71.89
98.0,138.0,696.02,148.6,101.0,74.59,86.72,57.62,47.53,44.33,38.43,36.09,37.26,40.05,71.93,99.0,100.91,104.7,99.0,99.0,89.98,88.91,87.06,87.96,96.41,132.72,243.24,112.71,85.01,67.07,60.96,49.81,48.27,36.7,33.4,33.45,33.05,40.61,62.35,74.01,74.8,69.32,66.4,65.07,62.6,63.1,62.45,65.55,72.56,82.55,93.82,77.78,66.85,63.43,57.06,43.27,52.69,46.96,45.91,33.34,32.43,41.67,59.5,67.04,67.91,66.22,65.56,66.32,61.77,61.86,60.97,59.05,59.79,73.47,75.35,56.43,64.01,43.62,43.62,40.34,42.72,32.46,29.75,30.35,31.4,31.5,40.82,51.48,51.42,53.77,53.27,50.59,49.32,50.48,50.59,55.43,51.32,60.34,71.89,64.34
138.0,696.02,148.6,101.0,74.59,86.72,57.62,47.53,44.33,38.43,36.09,37.26,40.05,71.93,99.0,100.91,104.7,99.0,99.0,89.98,88.91,87.06,87.96,96.41,132.72,243.24,112.71,85.01,67.07,60.96,49.81,48.27,36.7,33.4,33.45,33.05,40.61,62.35,74.01,74.8,69.32,66.4,65.07,62.6,63.1,62.45,65.55,72.56,82.55,93.82,77.78,66.85,63.43,57.06,43.27,52.69,46.96,45.91,33.34,32.43,41.67,59.5,67.04,67.91,66.22,65.56,66.32,61.77,61.86,60.97,59.05,59.79,73.47,75.35,56.43,64.01,43.62,43.62,40.34,42.72,32.46,29.75,30.35,31.4,31.5,40.82,51.48,51.42,53.77,53.27,50.59,49.32,50.48,50.59,55.43,51.32,60.34,71.89,64.34,53.4
696.02,148.6,101.0,74.59,86.72,57.62,47.53,44.33,38.43,36.09,37.26,40.05,71.93,99.0,100.91,104.7,99.0,99.0,89.98,88.91,87.06,87.96,96.41,132.72,243.24,112.71,85.01,67.07,60.96,49.81,48.27,36.7,33.4,33.45,33.05,40.61,62.35,74.01,74.8,69.32,66.4,65.07,62.6,63.1,62.45,65.55,72.56,82.55,93.82,77.78,66.85,63.43,57.06,43.27,52.69,46.96,45.91,33.34,32.43,41.67,59.5,67.04,67.91,66.22,65.56,66.32,61.77,61.86,60.97,59.05,59.79,73.47,75.35,56.43,64.01,43.62,43.62,40.34,42.72,32.46,29.75,30.35,31.4,31.5,40.82,51.48,51.42,53.77,53.27,50.59,49.32,50.48,50.59,55.43,51.32,60.34,71.89,64.34,53.4,45.63
148.6,101.0,74.59,86.72,57.62,47.53,44.33,38.43,36.09,37.26,40.05,71.93,99.0,100.91,104.7,99.0,99.0,89.98,88.91,87.06,87.96,96.41,132.72,243.24,112.71,85.01,67.07,60.96,49.81,48.27,36.7,33.4,33.45,33.05,40.61,62.35,74.01,74.8,69.32,66.4,65.07,62.6,63.1,62.45,65.55,72.56,82.55,93.82,77.78,66.85,63.43,57.06,43.27,52.69,46.96,45.91,33.34,32.43,41.67,59.5,67.04,67.91,66.22,65.56,66.32,61.77,61.86,60.97,59.05,59.79,73.47,75.35,56.43,64.01,43.62,43.62,40.34,42.72,32.46,29.75,30.35,31.4,31.5,40.82,51.48,51.42,53.77,53.27,50.59,49.32,50.48,50.59,55.43,51.32,60.34,71.89,64.34,53.4,45.63,39.45
101.0,74.59,86.72,57.62,47.53,44.33,38.43,36.09,37.26,40.05,71.93,99.0,100.91,104.7,99.0,99.0,89.98,88.91,87.06,87.96,96.41,132.72,243.24,112.71,85.01,67.07,60.96,49.81,48.27,36.7,33.4,33.45,33.05,40.61,62.35,74.01,74.8,69.32,66.4,65.07,62.6,63.1,62.45,65.55,72.56,82.55,93.82,77.78,66.85,63.43,57.06,43.27,52.69,46.96,45.91,33.34,32.43,41.67,59.5,67.04,67.91,66.22,65.56,66.32,61.77,61.86,60.97,59.05,59.79,73.47,75.35,56.43,64.01,43.62,43.62,40.34,42.72,32.46,29.75,30.35,31.4,31.5,40.82,51.48,51.42,53.77,53.27,50.59,49.32,50.48,50.59,55.43,51.32,60.34,71.89,64.34,53.4,45.63,39.45,46.92
74.59,86.72,57.62,47.53,44.33,38.43,36.09,37.26,40.05,71.93,99.0,100.91,104.7,99.0,99.0,89.98,88.91,87.06,87.96,96.41,132.72,243.24,112.71,85.01,67.07,60.96,49.81,48.27,36.7,33.4,33.45,33.05,40.61,62.35,74.01,74.8,69.32,66.4,65.07,62.6,63.1,62.45,65.55,72.56,82.55,93.82,77.78,66.85,63.43,57.06,43.27,52.69,46.96,45.91,33.34,32.43,41.67,59.5,67.04,67.91,66.22,65.56,66.32,61.77,61.86,60.97,59.05,59.79,73.47,75.35,56.43,64.01,43.62,43.62,40.34,42.72,32.46,29.75,30.35,31.4,31.5,40.82,51.48,51.42,53.77,53.27,50.59,49.32,50.48,50.59,55.43,51.32,60.34,71.89,64.34,53.4,45.63,39.45,46.92,41.11
86.72,57.62,47.53,44.33,38.43,36.09,37.26,40.05,71.93,99.0,100.91,104.7,99.0,99.0,89.98,88.91,87.06,87.96,96.41,132.72,243.24,112.71,85.01,67.07,60.96,49.81,48.27,36.7,33.4,33.45,33.05,40.61,62.35,74.01,74.8,69.32,66.4,65.07,62.6,63.1,62.45,65.55,72.56,82.55,93.82,77.78,66.85,63.43,57.06,43.27,52.69,46.96,45.91,33.34,32.43,41.67,59.5,67.04,67.91,66.22,65.56,66.32,61.77,61.86,60.97,59.05,59.79,73.47,75.35,56.43,64.01,43.62,43.62,40.34,42.72,32.46,29.75,30.35,31.4,31.5,40.82,51.48,51.42,53.77,53.27,50.59,49.32,50.48,50.59,55.43,51.32,60.34,71.89,64.34,53.4,45.63,39.45,46.92,41.11,37.64
57.62,47.53,44.33,38.43,36.09,37.26,40.05,71.93,99.0,100.91,104.7,99.0,99.0,89.98,88.91,87.06,87.96,96.41,132.72,243.24,112.71,85.01,67.07,60.96,49.81,48.27,36.7,33.4,33.45,33.05,40.61,62.35,74.01,74.8,69.32,66.4,65.07,62.6,63.1,62.45,65.55,72.56,82.55,93.82,77.78,66.85,63.43,57.06,43.27,52.69,46.96,45.91,33.34,32.43,41.67,59.5,67.04,67.91,66.22,65.56,66.32,61.77,61.86,60.97,59.05,59.79,73.47,75.35,56.43,64.01,43.62,43.62,40.34,42.72,32.46,29.75,30.35,31.4,31.5,40.82,51.48,51.42,53.77,53.27,50.59,49.32,50.48,50.59,55.43,51.32,60.34,71.89,64.34,53.4,45.63,39.45,46.92,41.11,37.64,36.53
47.53,44.33,38.43,36.09,37.26,40.05,71.93,99.0,100.91,104.7,99.0,99.0,89.98,88.91,87.06,87.96,96.41,132.72,243.24,112.71,85.01,67.07,60.96,49.81,48.27,36.7,33.4,33.45,33.05,40.61,62.35,74.01,74.8,69.32,66.4,65.07,62.6,63.1,62.45,65.55,72.56,82.55,93.82,77.78,66.85,63.43,57.06,43.27,52.69,46.96,45.91,33.34,32.43,41.67,59.5,67.04,67.91,66.22,65.56,66.32,61.77,61.86,60.97,59.05,59.79,73.47,75.35,56.43,64.01,43.62,43.62,40.34,42.72,32.46,29.75,30.35,31.4,31.5,40.82,51.48,51.42,53.77,53.27,50.59,49.32,50.48,50.59,55.43,51.32,60.34,71.89,64.34,53.4,45.63,39.45,46.92,41.11,37.64,36.53,35.5
44.33,38.43,36.09,37.26,40.05,71.93,99.0,100.91,104.7,99.0,99.0,89.98,88.91,87.06,87.96,96.41,132.72,243.24,112.71,85.01,67.07,60.96,49.81,48.27,36.7,33.4,33.45,33.05,40.61,62.35,74.01,74.8,69.32,66.4,65.07,62.6,63.1,62.45,65.55,72.56,82.55,93.82,77.78,66.85,63.43,57.06,43.27,52.69,46.96,45.91,33.34,32.43,41.67,59.5,67.04,67.91,66.22,65.56,66.32,61.77,61.86,60.97,59.05,59.79,73.47,75.35,56.43,64.01,43.62,43.62,40.34,42.72,32.46,29.75,30.35,31.4,31.5,40.82,51.48,51.42,53.77,53.27,50.59,49.32,50.48,50.59,55.43,51.32,60.34,71.89,64.34,53.4,45.63,39.45,46.92,41.11,37.64,36.53,35.5,32.1
38.43,36.09,37.26,40.05,71.93,99.0,100.91,104.7,99.0,99.0,89.98,88.91,87.06,87.96,96.41,132.72,243.24,112.71,85.01,67.07,60.96,49.81,48.27,36.7,33.4,33.45,33.05,40.61,62.35,74.01,74.8,69.32,66.4,65.07,62.6,63.1,62.45,65.55,72.56,82.55,93.82,77.78,66.85,63.43,57.06,43.27,52.69,46.96,45.91,33.34,32.43,41.67,59.5,67.04,67.91,66.22,65.56,66.32,61.77,61.86,60.97,59.05,59.79,73.47,75.35,56.43,64.01,43.62,43.62,40.34,42.72,32.46,29.75,30.35,31.4,31.5,40.82,51.48,51.42,53.77,53.27,50.59,49.32,50.48,50.59,55.43,51.32,60.34,71.89,64.34,53.4,45.63,39.45,46.92,41.11,37.64,36.53,35.5,32.1,33.23
36.09,37.26,40.05,71.93,99.0,100.91,104.7,99.0,99.0,89.98,88.91,87.06,87.96,96.41,132.72,243.24,112.71,85.01,67.07,60.96,49.81,48.27,36.7,33.4,33.45,33.05,40.61,62.35,74.01,74.8,69.32,66.4,65.07,62.6,63.1,62.45,65.55,72.56,82.55,93.82,77.78,66.85,63.43,57.06,43.27,52.69,46.96,45.91,33.34,32.43,41.67,59.5,67.04,67.91,66.22,65.56,66.32,61.77,61.86,60.97,59.05,59.79,73.47,75.35,56.43,64.01,43.62,43.62,40.34,42.72,32.46,29.75,30.35,31.4,31.5,40.82,51.48,51.42,53.77,53.27,50.59,49.32,50.48,50.59,55.43,51.32,60.34,71.89,64.34,53.4,45.63,39.45,46.92,41.11,37.64,36.53,35.5,32.1,33.23,34.37
37.26,40.05,71.93,99.0,100.91,104.7,99.0,99.0,89.98,88.91,87.06,87.96,96.41,132.72,243.24,112.71,85.01,67.07,60.96,49.81,48.27,36.7,33.4,33.45,33.05,40.61,62.35,74.01,74.8,69.32,66.4,65.07,62.6,63.1,62.45,65.55,72.56,82.55,93.82,77.78,66.85,63.43,57.06,43.27,52.69,46.96,45.91,33.34,32.43,41.67,59.5,67.04,67.91,66.22,65.56,66.32,61.77,61.86,60.97,59.05,59.79,73.47,75.35,56.43,64.01,43.62,43.62,40.34,42.72,32.46,29.75,30.35,31.4,31.5,40.82,51.48,51.42,53.77,53.27,50.59,49.32,50.48,50.59,55.43,51.32,60.34,71.89,64.34,53.4,45.63,39.45,46.92,41.11,37.64,36.53,35.5,32.1,33.23,34.37,46.53
40.05,71.93,99.0,100.91,104.7,99.0,99.0,89.98,88.91,87.06,87.96,96.41,132.72,243.24,112.71,85.01,67.07,60.96,49.81,48.27,36.7,33.4,33.45,33.05,40.61,62.35,74.01,74.8,69.32,66.4,65.07,62.6,63.1,62.45,65.55,72.56,82.55,93.82,77.78,66.85,63.43,57.06,43.27,52.69,46.96,45.91,33.34,32.43,41.67,59.5,67.04,67.91,66.22,65.56,66.32,61.77,61.86,60.97,59.05,59.79,73.47,75.35,56.43,64.01,43.62,43.62,40.34,42.72,32.46,29.75,30.35,31.4,31.5,40.82,51.48,51.42,53.77,53.27,50.59,49.32,50.48,50.59,55.43,51.32,60.34,71.89,64.34,53.4,45.63,39.45,46.92,41.11,37.64,36.53,35.5,32.1,33.23,34.37,46.53,52.26
71.93,99.0,100.91,104.7,99.0,99.0,89.98,88.91,87.06,87.96,96.41,132.72,243.24,112.71,85.01,67.07,60.96,49.81,48.27,36.7,33.4,33.45,33.05,40.61,62.35,74.01,74.8,69.32,66.4,65.07,62.6,63.1,62.45,65.55,72.56,82.55,93.82,77.78,66.85,63.43,57.06,43.27,52.69,46.96,45.91,33.34,32.43,41.67,59.5,67.04,67.91,66.22,65.56,66.32,61.77,61.86,60.97,59.05,59.79,73.47,75.35,56.43,64.01,43.62,43.62,40.34,42.72,32.46,29.75,30.35,31.4,31.5,40.82,51.48,51.42,53.77,53.27,50.59,49.32,50.48,50.59,55.43,51.32,60.34,71.89,64.34,53.4,45.63,39.45,46.92,41.11,37.64,36.53,35.5,32.1,33.23,34.37,46.53,52.26,49.72
99.0,100.91,104.7,99.0,99.0,89.98,88.91,87.06,87.96,96.41,132.72,243.24,112.71,85.01,67.07,60.96,49.81,48.27,36.7,33.4,33.45,33.05,40.61,62.35,74.01,74.8,69.32,66.4,65.07,62.6,63.1,62.45,65.55,72.56,82.55,93.82,77.78,66.85,63.43,57.06,43.27,52.69,46.96,45.91,33.34,32.43,41.67,59.5,67.04,67.91,66.22,65.56,66.32,61.77,61.86,60.97,59.05,59.79,73.47,75.35,56.43,64.01,43.62,43.62,40.34,42.72,32.46,29.75,30.35,31.4,31.5,40.82,51.48,51.42,53.77,53.27,50.59,49.32,50.48,50.59,55.43,51.32,60.34,71.89,64.34,53.4,45.63,39.45,46.92,41.11,37.64,36.53,35.5,32.1,33.23,34.37,46.53,52.26,49.72,43.3
100.91,104.7,99.0,99.0,89.98,88.91,87.06,87.96,96.41,132.72,243.24,112.71,85.01,67.07,60.96,49.81,48.27,36.7,33.4,33.45,33.05,40.61,62.35,74.01,74.8,69.32,66.4,65.07,62.6,63.1,62.45,65.55,72.56,82.55,93.82,77.78,66.85,63.43,57.06,43.27,52.69,46.96,45.91,33.34,32.43,41.67,59.5,67.04,67.91,66.22,65.56,66.32,61.77,61.86,60.97,59.05,59.79,73.47,75.35,56.43,64.01,43.62,43.62,40.34,42.72,32.46,29.75,30.35,31.4,31.5,40.82,51.48,51.42,53.77,53.27,50.59,49.32,50.48,50.59,55.43,51.32,60.34,71.89,64.34,53.4,45.63,39.45,46.92,41.11,37.64,36.53,35.5,32.1,33.23,34.37,46.53,52.26,49.72,43.3,53.91
104.7,99.0,99.0,89.98,88.91,87.06,87.96,96.41,132.72,243.24,112.71,85.01,67.07,60.96,49.81,48.27,36.7,33.4,33.45,33.05,40.61,62.35,74.01,74.8,69.32,66.4,65.07,62.6,63.1,62.45,65.55,72.56,82.55,93.82,77.78,66.85,63.43,57.06,43.27,52.69,46.96,45.91,33.34,32.43,41.67,59.5,67.04,67.91,66.22,65.56,66.32,61.77,61.86,60.97,59.05,59.79,73.47,75.35,56.43,64.01,43.62,43.62,40.34,42.72,32.46,29.75,30.35,31.4,31.5,40.82,51.48,51.42,53.77,53.27,50.59,49.32,50.48,50.59,55.43,51.32,60.34,71.89,64.34,53.4,45.63,39.45,46.92,41.11,37.64,36.53,35.5,32.1,33.23,34.37,46.53,52.26,49.72,43.3,53.91,56.07
99.0,99.0,89.98,88.91,87.06,87.96,96.41,132.72,243.24,112.71,85.01,67.07,60.96,49.81,48.27,36.7,33.4,33.45,33.05,40.61,62.35,74.01,74.8,69.32,66.4,65.07,62.6,63.1,62.45,65.55,72.56,82.55,93.82,77.78,66.85,63.43,57.06,43.27,52.69,46.96,45.91,33.34,32.43,41.67,59.5,67.04,67.91,66.22,65.56,66.32,61.77,61.86,60.97,59.05,59.79,73.47,75.35,56.43,64.01,43.62,43.62,40.34,42.72,32.46,29.75,30.35,31.4,31.5,40.82,51.48,51.42,53.77,53.27,50.59,49.32,50.48,50.59,55.43,51.32,60.34,71.89,64.34,53.4,45.63,39.45,46.92,41.11,37.64,36.53,35.5,32.1,33.23,34.37,46.53,52.26,49.72,43.3,53.91,56.07,49.98
99.0,89.98,88.91,87.06,87.96,96.41,132.72,243.24,112.71,85.01,67.07,60.96,49.81,48.27,36.7,33.4,33.45,33.05,40.61,62.35,74.01,74.8,69.32,66.4,65.07,62.6,63.1,62.45,65.55,72.56,82.55,93.82,77.78,66.85,63.43,57.06,43.27,52.69,46.96,45.91,33.34,32.43,41.67,59.5,67.04,67.91,66.22,65.56,66.32,61.77,61.86,60.97,59.05,59.79,73.47,75.35,56.43,64.01,43.62,43.62,40.34,42.72,32.46,29.75,30.35,31.4,31.5,40.82,51.48,51.42,53.77,53.27,50.59,49.32,50.48,50.59,55.43,51.32,60.34,71.89,64.34,53.4,45.63,39.45,46.92,41.11,37.64,36.53,35.5,32.1,33.23,34.37,46.53,52.26,49.72,43.3,53.91,56.07,49.98,42.61
89.98,88.91,87.06,87.96,96.41,132.72,243.24,112.71,85.01,67.07,60.96,49.81,48.27,36.7,33.4,33.45,33.05,40.61,62.35,74.01,74.8,69.32,66.4,65.07,62.6,63.1,62.45,65.55,72.56,82.55,93.82,77.78,66.85,63.43,57.06,43.27,52.69,46.96,45.91,33.34,32.43,41.67,59.5,67.04,67.91,66.22,65.56,66.32,61.77,61.86,60.97,59.05,59.79,73.47,75.35,56.43,64.01,43.62,43.62,40.34,42.72,32.46,29.75,30.35,31.4,31.5,40.82,51.48,51.42,53.77,53.27,50.59,49.32,50.48,50.59,55.43,51.32,60.34,71.89,64.34,53.4,45.63,39.45,46.92,41.11,37.64,36.53,35.5,32.1,33.23,34.37,46.53,52.26,49.72,43.3,53.91,56.07,49.98,42.61,46.28
88.91,87.06,87.96,96.41,132.72,243.24,112.71,85.01,67.07,60.96,49.81,48.27,36.7,33.4,33.45,33.05,40.61,62.35,74.01,74.8,69.32,66.4,65.07,62.6,63.1,62.45,65.55,72.56,82.55,93.82,77.78,66.85,63.43,57.06,43.27,52.69,46.96,45.91,33.34,32.43,41.67,59.5,67.04,67.91,66.22,65.56,66.32,61.77,61.86,60.97,59.05,59.79,73.47,75.35,56.43,64.01,43.62,43.62,40.34,42.72,32.46,29.75,30.35,31.4,31.5,40.82,51.48,51.42,53.77,53.27,50.59,49.32,50.48,50.59,55.43,51.32,60.34,71.89,64.34,53.4,45.63,39.45,46.92,41.11,37.64,36.53,35.5,32.1,33.23,34.37,46.53,52.26,49.72,43.3,53.91,56.07,49.98,42.61,46.28,47.04
87.06,87.96,96.41,132.72,243.24,112.71,85.01,67.07,60.96,49.81,48.27,36.7,33.4,33.45,33.05,40.61,62.35,74.01,74.8,69.32,66.4,65.07,62.6,63.1,62.45,65.55,72.56,82.55,93.82,77.78,66.85,63.43,57.06,43.27,52.69,46.96,45.91,33.34,32.43,41.67,59.5,67.04,67.91,66.22,65.56,66.32,61.77,61.86,60.97,59.05,59.79,73.47,75.35,56.43,64.01,43.62,43.62,40.34,42.72,32.46,29.75,30.35,31.4,31.5,40.82,51.48,51.42,53.77,53.27,50.59,49.32,50.48,50.59,55.43,51.32,60.34,71.89,64.34,53.4,45.63,39.45,46.92,41.11,37.64,36.53,35.5,32.1,33.23,34.37,46.53,52.26,49.72,43.3,53.91,56.07,49.98,42.61,46.28,47.04,63.27
87.96,96.41,132.72,243.24,112.71,85.01,67.07,60.96,49.81,48.27,36.7,33.4,33.45,33.05,40.61,62.35,74.01,74.8,69.32,66.4,65.07,62.6,63.1,62.45,65.55,72.56,82.55,93.82,77.78,66.85,63.43,57.06,43.27,52.69,46.96,45.91,33.34,32.43,41.67,59.5,67.04,67.91,66.22,65.56,66.32,61.77,61.86,60.97,59.05,59.79,73.47,75.35,56.43,64.01,43.62,43.62,40.34,42.72,32.46,29.75,30.35,31.4,31.5,40.82,51.48,51.42,53.77,53.27,50.59,49.32,50.48,50.59,55.43,51.32,60.34,71.89,64.34,53.4,45.63,39.45,46.92,41.11,37.64,36.53,35.5,32.1,33.23,34.37,46.53,52.26,49.72,43.3,53.91,56.07,49.98,42.61,46.28,47.04,63.27,60.0
96.41,132.72,243.24,112.71,85.01,67.07,60.96,49.81,48.27,36.7,33.4,33.45,33.05,40.61,62.35,74.01,74.8,69.32,66.4,65.07,62.6,63.1,62.45,65.55,72.56,82.55,93.82,77.78,66.85,63.43,57.06,43.27,52.69,46.96,45.91,33.34,32.43,41.67,59.5,67.04,67.91,66.22,65.56,66.32,61.77,61.86,60.97,59.05,59.79,73.47,75.35,56.43,64.01,43.62,43.62,40.34,42.72,32.46,29.75,30.35,31.4,31.5,40.82,51.48,51.42,53.77,53.27,50.59,49.32,50.48,50.59,55.43,51.32,60.34,71.89,64.34,53.4,45.63,39.45,46.92,41.11,37.64,36.53,35.5,32.1,33.23,34.37,46.53,52.26,49.72,43.3,53.91,56.07,49.98,42.61,46.28,47.04,63.27,60.0,43.3
132.72,243.24,112.71,85.01,67.07,60.96,49.81,48.27,36.7,33.4,33.45,33.05,40.61,62.35,74.01,74.8,69.32,66.4,65.07,62.6,63.1,62.45,65.55,72.56,82.55,93.82,77.78,66.85,63.43,57.06,43.27,52.69,46.96,45.91,33.34,32.43,41.67,59.5,67.04,67.91,66.22,65.56,66.32,61.77,61.86,60.97,59.05,59.79,73.47,75.35,56.43,64.01,43.62,43.62,40.34,42.72,32.46,29.75,30.35,31.4,31.5,40.82,51.48,51.42,53.77,53.27,50.59,49.32,50.48,50.59,55.43,51.32,60.34,71.89,64.34,53.4,45.63,39.45,46.92,41.11,37.64,36.53,35.5,32.1,33.23,34.37,46.53,52.26,49.72,43.3,53.91,56.07,49.98,42.61,46.28,47.04,63.27,60.0,43.3,45.72
243.24,112.71,85.01,67.07,60.96,49.81,48.27,36.7,33.4,33.45,33.05,40.61,62.35,74.01,74.8,69.32,66.4,65.07,62.6,63.1,62.45,65.55,72.56,82.55,93.82,77.78,66.85,63.43,57.06,43.27,52.69,46.96,45.91,33.34,32.43,41.67,59.5,67.04,67.91,66.22,65.56,66.32,61.77,61.86,60.97,59.05,59.79,73.47,75.35,56.43,64.01,43.62,43.62,40.34,42.72,32.46,29.75,30.35,31.4,31.5,40.82,51.48,51.42,53.77,53.27,50.59,49.32,50.48,50.59,55.43,51.32,60.34,71.89,64.34,53.4,45.63,39.45,46.92,41.11,37.64,36.53,35.5,32.1,33.23,34.37,46.53,52.26,49.72,43.3,53.91,56.07,49.98,42.61,46.28,47.04,63.27,60.0,43.3,45.72,40.73
112.71,85.01,67.07,60.96,49.81,48.27,36.7,33.4,33.45,33.05,40.61,62.35,74.01,74.8,69.32,66.4,65.07,62.6,63.1,62.45,65.55,72.56,82.55,93.82,77.78,66.85,63.43,57.06,43.27,52.69,46.96,45.91,33.34,32.43,41.67,59.5,67.04,67.91,66.22,65.56,66.32,61.77,61.86,60.97,59.05,59.79,73.47,75.35,56.43,64.01,43.62,43.62,40.34,42.72,32.46,29.75,30.35,31.4,31.5,40.82,51.48,51.42,53.77,53.27,50.59,49.32,50.48,50.59,55.43,51.32,60.34,71.89,64.34,53.4,45.63,39.45,46.92,41.11,37.64,36.53,35.5,32.1,33.23,34.37,46.53,52.26,49.72,43.3,53.91,56.07,49.98,42.61,46.28,47.04,63.27,60.0,43.3,45.72,40.73,42.2
85.01,67.07,60.96,49.81,48.27,36.7,33.4,33.45,33.05,40.61,62.35,74.01,74.8,69.32,66.4,65.07,62.6,63.1,62.45,65.55,72.56,82.55,93.82,77.78,66.85,63.43,57.06,43.27,52.69,46.96,45.91,33.34,32.43,41.67,59.5,67.04,67.91,66.22,65.56,66.32,61.77,61.86,60.97,59.05,59.79,73.47,75.35,56.43,64.01,43.62,43.62,40.34,42.72,32.46,29.75,30.35,31.4,31.5,40.82,51.48,51.42,53.77,53.27,50.59,49.32,50.48,50.59,55.43,51.32,60.34,71.89,64.34,53.4,45.63,39.45,46.92,41.11,37.64,36.53,35.5,32.1,33.23,34.37,46.53,52.26,49.72,43.3,53.91,56.07,49.98,42.61,46.28,47.04,63.27,60.0,43.3,45.72,40.73,42.2,39.48
67.07,60.96,49.81,48.27,36.7,33.4,33.45,33.05,40.61,62.35,74.01,74.8,69.32,66.4,65.07,62.6,63.1,62.45,65.55,72.56,82.55,93.82,77.78,66.85,63.43,57.06,43.27,52.69,46.96,45.91,33.34,32.43,41.67,59.5,67.04,67.91,66.22,65.56,66.32,61.77,61.86,60.97,59.05,59.79,73.47,75.35,56.43,64.01,43.62,43.62,40.34,42.72,32.46,29.75,30.35,31.4,31.5,40.82,51.48,51.42,53.77,53.27,50.59,49.32,50.48,50.59,55.43,51.32,60.34,71.89,64.34,53.4,45.63,39.45,46.92,41.11,37.64,36.53,35.5,32.1,33.23,34.37,46.53,52.26,49.72,43.3,53.91,56.07,49.98,42.61,46.28,47.04,63.27,60.0,43.3,45.72,40.73,42.2,39.48,37.17
60.96,49.81,48.27,36.7,33.4,33.45,33.05,40.61,62.35,74.01,74.8,69.32,66.4,65.07,62.6,63.1,62.45,65.55,72.56,82.55,93.82,77.78,66.85,63.43,57.06,43.27,52.69,46.96,45.91,33.34,32.43,41.67,59.5,67.04,67.91,66.22,65.56,66.32,61.77,61.86,60.97,59.05,59.79,73.47,75.35,56.43,64.01,43.62,43.62,40.34,42.72,32.46,29.75,30.35,31.4,31.5,40.82,51.48,51.42,53.77,53.27,50.59,49.32,50.48,50.59,55.43,51.32,60.34,71.89,64.34,53.4,45.63,39.45,46.92,41.11,37.64,36.53,35.5,32.1,33.23,34.37,46.53,52.26,49.72,43.3,53.91,56.07,49.98,42.61,46.28,47.04,63.27,60.0,43.3,45.72,40.73,42.2,39.48,37.17,35.1
49.81,48.27,36.7,33.4,33.45,33.05,40.61,62.35,74.01,74.8,69.32,66.4,65.07,62.6,63.1,62.45,65.55,72.56,82.55,93.82,77.78,66.85,63.43,57.06,43.27,52.69,46.96,45.91,33.34,32.43,41.67,59.5,67.04,67.91,66.22,65.56,66.32,61.77,61.86,60.97,59.05,59.79,73.47,75.35,56.43,64.01,43.62,43.62,40.34,42.72,32.46,29.75,30.35,31.4,31.5,40.82,51.48,51.42,53.77,53.27,50.59,49.32,50.48,50.59,55.43,51.32,60.34,71.89,64.34,53.4,45.63,39.45,46.92,41.11,37.64,36.53,35.5,32.1,33.23,34.37,46.53,52.26,49.72,43.3,53.91,56.07,49.98,42.61,46.28,47.04,63.27,60.0,43.3,45.72,40.73,42.2,39.48,37.17,35.1,34.6
48.27,36.7,33.4,33.45,33.05,40.61,62.35,74.01,74.8,69.32,66.4,65.07,62.6,63.1,62.45,65.55,72.56,82.55,93.82,77.78,66.85,63.43,57.06,43.27,52.69,46.96,45.91,33.34,32.43,41.67,59.5,67.04,67.91,66.22,65.56,66.32,61.77,61.86,60.97,59.05,59.79,73.47,75.35,56.43,64.01,43.62,43.62,40.34,42.72,32.46,29.75,30.35,31.4,31.5,40.82,51.48,51.42,53.77,53.27,50.59,49.32,50.48,50.59,55.43,51.32,60.34,71.89,64.34,53.4,45.63,39.45,46.92,41.11,37.64,36.53,35.5,32.1,33.23,34.37,46.53,52.26,49.72,43.3,53.91,56.07,49.98,42.61,46.28,47.04,63.27,60.0,43.3,45.72,40.73,42.2,39.48,37.17,35.1,34.6,31.34
36.7,33.4,33.45,33.05,40.61,62.35,74.01,74.8,69.32,66.4,65.07,62.6,63.1,62.45,65.55,72.56,82.55,93.82,77.78,66.85,63.43,57.06,43.27,52.69,46.96,45.91,33.34,32.43,41.67,59.5,67.04,67.91,66.22,65.56,66.32,61.77,61.86,60.97,59.05,59.79,73.47,75.35,56.43,64.01,43.62,43.62,40.34,42.72,32.46,29.75,30.35,31.4,31.5,40.82,51.48,51.42,53.77,53.27,50.59,49.32,50.48,50.59,55.43,51.32,60.34,71.89,64.34,53.4,45.63,39.45,46.92,41.11,37.64,36.53,35.5,32.1,33.23,34.37,46.53,52.26,49.72,43.3,53.91,56.07,49.98,42.61,46.28,47.04,63.27,60.0,43.3,45.72,40.73,42.2,39.48,37.17,35.1,34.6,31.34,13.64
33.4,33.45,33.05,40.61,62.35,74.01,74.8,69.32,66.4,65.07,62.6,63.1,62.45,65.55,72.56,82.55,93.82,77.78,66.85,63.43,57.06,43.27,52.69,46.96,45.91,33.34,32.43,41.67,59.5,67.04,67.91,66.22,65.56,66.32,61.77,61.86,60.97,59.05,59.79,73.47,75.35,56.43,64.01,43.62,43.62,40.34,42.72,32.46,29.75,30.35,31.4,31.5,40.82,51.48,51.42,53.77,53.27,50.59,49.32,50.48,50.59,55.43,51.32,60.34,71.89,64.34,53.4,45.63,39.45,46.92,41.11,37.64,36.53,35.5,32.1,33.23,34.37,46.53,52.26,49.72,43.3,53.91,56.07,49.98,42.61,46.28,47.04,63.27,60.0,43.3,45.72,40.73,42.2,39.48,37.17,35.1,34.6,31.34,13.64,16.51
33.45,33.05,40.61,62.35,74.01,74.8,69.32,66.4,65.07,62.6,63.1,62.45,65.55,72.56,82.55,93.82,77.78,66.85,63.43,57.06,43.27,52.69,46.96,45.91,33.34,32.43,41.67,59.5,67.04,67.91,66.22,65.56,66.32,61.77,61.86,60.97,59.05,59.79,73.47,75.35,56.43,64.01,43.62,43.62,40.34,42.72,32.46,29.75,30.35,31.4,31.5,40.82,51.48,51.42,53.77,53.27,50.59,49.32,50.48,50.59,55.43,51.32,60.34,71.89,64.34,53.4,45.63,39.45,46.92,41.11,37.64,36.53,35.5,32.1,33.23,34.37,46.53,52.26,49.72,43.3,53.91,56.07,49.98,42.61,46.28,47.04,63.27,60.0,43.3,45.72,40.73,42.2,39.48,37.17,35.1,34.6,31.34,13.64,16.51,26.37
33.05,40.61,62.35,74.01,74.8,69.32,66.4,65.07,62.6,63.1,62.45,65.55,72.56,82.55,93.82,77.78,66.85,63.43,57.06,43.27,52.69,46.96,45.91,33.34,32.43,41.67,59.5,67.04,67.91,66.22,65.56,66.32,61.77,61.86,60.97,59.05,59.79,73.47,75.35,56.43,64.01,43.62,43.62,40.34,42.72,32.46,29.75,30.35,31.4,31.5,40.82,51.48,51.42,53.77,53.27,50.59,49.32,50.48,50.59,55.43,51.32,60.34,71.89,64.34,53.4,45.63,39.45,46.92,41.11,37.64,36.53,35.5,32.1,33.23,34.37,46.53,52.26,49.72,43.3,53.91,56.07,49.98,42.61,46.28,47.04,63.27,60.0,43.3,45.72,40.73,42.2,39.48,37.17,35.1,34.6,31.34,13.64,16.51,26.37,25.9
40.61,62.35,74.01,74.8,69.32,66.4,65.07,62.6,63.1,62.45,65.55,72.56,82.55,93.82,77.78,66.85,63.43,57.06,43.27,52.69,46.96,45.91,33.34,32.43,41.67,59.5,67.04,67.91,66.22,65.56,66.32,61.77,61.86,60.97,59.05,59.79,73.47,75.35,56.43,64.01,43.62,43.62,40.34,42.72,32.46,29.75,30.35,31.4,31.5,40.82,51.48,51.42,53.77,53.27,50.59,49.32,50.48,50.59,55.43,51.32,60.34,71.89,64.34,53.4,45.63,39.45,46.92,41.11,37.64,36.53,35.5,32.1,33.23,34.37,46.53,52.26,49.72,43.3,53.91,56.07,49.98,42.61,46.28,47.04,63.27,60.0,43.3,45.72,40.73,42.2,39.48,37.17,35.1,34.6,31.34,13.64,16.51,26.37,25.9,23.55
62.35,74.01,74.8,69.32,66.4,65.07,62.6,63.1,62.45,65.55,72.56,82.55,93.82,77.78,66.85,63.43,57.06,43.27,52.69,46.96,45.91,33.34,32.43,41.67,59.5,67.04,67.91,66.22,65.56,66.32,61.77,61.86,60.97,59.05,59.79,73.47,75.35,56.43,64.01,43.62,43.62,40.34,42.72,32.46,29.75,30.35,31.4,31.5,40.82,51.48,51.42,53.77,53.27,50.59,49.32,50.48,50.59,55.43,51.32,60.34,71.89,64.34,53.4,45.63,39.45,46.92,41.11,37.64,36.53,35.5,32.1,33.23,34.37,46.53,52.26,49.72,43.3,53.91,56.07,49.98,42.61,46.28,47.04,63.27,60.0,43.3,45.72,40.73,42.2,39.48,37.17,35.1,34.6,31.34,13.64,16.51,26.37,25.9,23.55,32.31
74.01,74.8,69.32,66.4,65.07,62.6,63.1,62.45,65.55,72.56,82.55,93.82,77.78,66.85,63.43,57.06,43.27,52.69,46.96,45.91,33.34,32.43,41.67,59.5,67.04,67.91,66.22,65.56,66.32,61.77,61.86,60.97,59.05,59.79,73.47,75.35,56.43,64.01,43.62,43.62,40.34,42.72,32.46,29.75,30.35,31.4,31.5,40.82,51.48,51.42,53.77,53.27,50.59,49.32,50.48,50.59,55.43,51.32,60.34,71.89,64.34,53.4,45.63,39.45,46.92,41.11,37.64,36.53,35.5,32.1,33.23,34.37,46.53,52.26,49.72,43.3,53.91,56.07,49.98,42.61,46.28,47.04,63.27,60.0,43.3,45.72,40.73,42.2,39.48,37.17,35.1,34.6,31.34,13.64,16.51,26.37,25.9,23.55,32.31,33.59
74.8,69.32,66.4,65.07,62.6,63.1,62.45,65.55,72.56,82.55,93.82,77.78,66.85,63.43,57.06,43.27,52.69,46.96,45.91,33.34,32.43,41.67,59.5,67.04,67.91,66.22,65.56,66.32,61.77,61.86,60.97,59.05,59.79,73.47,75.35,56.43,64.01,43.62,43.62,40.34,42.72,32.46,29.75,30.35,31.4,31.5,40.82,51.48,51.42,53.77,53.27,50.59,49.32,50.48,50.59,55.43,51.32,60.34,71.89,64.34,53.4,45.63,39.45,46.92,41.11,37.64,36.53,35.5,32.1,33.23,34.37,46.53,52.26,49.72,43.3,53.91,56.07,49.98,42.61,46.28,47.04,63.27,60.0,43.3,45.72,40.73,42.2,39.48,37.17,35.1,34.6,31.34,13.64,16.51,26.37,25.9,23.55,32.31,33.59,33.55
69.32,66.4,65.07,62.6,63.1,62.45,65.55,72.56,82.55,93.82,77.78,66.85,63.43,57.06,43.27,52.69,46.96,45.91,33.34,32.43,41.67,59.5,67.04,67.91,66.22,65.56,66.32,61.77,61.86,60.97,59.05,59.79,73.47,75.35,56.43,64.01,43.62,43.62,40.34,42.72,32.46,29.75,30.35,31.4,31.5,40.82,51.48,51.42,53.77,53.27,50.59,49.32,50.48,50.59,55.43,51.32,60.34,71.89,64.34,53.4,45.63,39.45,46.92,41.11,37.64,36.53,35.5,32.1,33.23,34.37,46.53,52.26,49.72,43.3,53.91,56.07,49.98,42.61,46.28,47.04,63.27,60.0,43.3,45.72,40.73,42.2,39.48,37.17,35.1,34.6,31.34,13.64,16.51,26.37,25.9,23.55,32.31,33.59,33.55,43.53
66.4,65.07,62.6,63.1,62.45,65.55,72.56,82.55,93.82,77.78,66.85,63.43,57.06,43.27,52.69,46.96,45.91,33.34,32.43,41.67,59.5,67.04,67.91,66.22,65.56,66.32,61.77,61.86,60.97,59.05,59.79,73.47,75.35,56.43,64.01,43.62,43.62,40.34,42.72,32.46,29.75,30.35,31.4,31.5,40.82,51.48,51.42,53.77,53.27,50.59,49.32,50.48,50.59,55.43,51.32,60.34,71.89,64.34,53.4,45.63,39.45,46.92,41.11,37.64,36.53,35.5,32.1,33.23,34.37,46.53,52.26,49.72,43.3,53.91,56.07,49.98,42.61,46.28,47.04,63.27,60.0,43.3,45.72,40.73,42.2,39.48,37.17,35.1,34.6,31.34,13.64,16.51,26.37,25.9,23.55,32.31,33.59,33.55,43.53,44.09
65.07,62.6,63.1,62.45,65.55,72.56,82.55,93.82,77.78,66.85,63.43,57.06,43.27,52.69,46.96,45.91,33.34,32.43,41.67,59.5,67.04,67.91,66.22,65.56,66.32,61.77,61.86,60.97,59.05,59.79,73.47,75.35,56.43,64.01,43.62,43.62,40.34,42.72,32.46,29.75,30.35,31.4,31.5,40.82,51.48,51.42,53.77,53.27,50.59,49.32,50.48,50.59,55.43,51.32,60.34,71.89,64.34,53.4,45.63,39.45,46.92,41.11,37.64,36.53,35.5,32.1,33.23,34.37,46.53,52.26,49.72,43.3,53.91,56.07,49.98,42.61,46.28,47.04,63.27,60.0,43.3,45.72,40.73,42.2,39.48,37.17,35.1,34.6,31.34,13.64,16.51,26.37,25.9,23.55,32.31,33.59,33.55,43.53,44.09,35.32
62.6,63.1,62.45,65.55,72.56,82.55,93.82,77.78,66.85,63.43,57.06,43.27,52.69,46.96,45.91,33.34,32.43,41.67,59.5,67.04,67.91,66.22,65.56,66.32,61.77,61.86,60.97,59.05,59.79,73.47,75.35,56.43,64.01,43.62,43.62,40.34,42.72,32.46,29.75,30.35,31.4,31.5,40.82,51.48,51.42,53.77,53.27,50.59,49.32,50.48,50.59,55.43,51.32,60.34,71.89,64.34,53.4,45.63,39.45,46.92,41.11,37.64,36.53,35.5,32.1,33.23,34.37,46.53,52.26,49.72,43.3,53.91,56.07,49.98,42.61,46.28,47.04,63.27,60.0,43.3,45.72,40.73,42.2,39.48,37.17,35.1,34.6,31.34,13.64,16.51,26.37,25.9,23.55,32.31,33.59,33.55,43.53,44.09,35.32,32.7
63.1,62.45,65.55,72.56,82.55,93.82,77.78,66.85,63.43,57.06,43.27,52.69,46.96,45.91,33.34,32.43,41.67,59.5,67.04,67.91,66.22,65.56,66.32,61.77,61.86,60.97,59.05,59.79,73.47,75.35,56.43,64.01,43.62,43.62,40.34,42.72,32.46,29.75,30.35,31.4,31.5,40.82,51.48,51.42,53.77,53.27,50.59,49.32,50.48,50.59,55.43,51.32,60.34,71.89,64.34,53.4,45.63,39.45,46.92,41.11,37.64,36.53,35.5,32.1,33.23,34.37,46.53,52.26,49.72,43.3,53.91,56.07,49.98,42.61,46.28,47.04,63.27,60.0,43.3,45.72,40.73,42.2,39.48,37.17,35.1,34.6,31.34,13.64,16.51,26.37,25.9,23.55,32.31,33.59,33.55,43.53,44.09,35.32,32.7,34.99
62.45,65.55,72.56,82.55,93.82,77.78,66.85,63.43,57.06,43.27,52.69,46.96,45.91,33.34,32.43,41.67,59.5,67.04,67.91,66.22,65.56,66.32,61.77,61.86,60.97,59.05,59.79,73.47,75.35,56.43,64.01,43.62,43.62,40.34,42.72,32.46,29.75,30.35,31.4,31.5,40.82,51.48,51.42,53.77,53.27,50.59,49.32,50.48,50.59,55.43,51.32,60.34,71.89,64.34,53.4,45.63,39.45,46.92,41.11,37.64,36.53,35.5,32.1,33.23,34.37,46.53,52.26,49.72,43.3,53.91,56.07,49.98,42.61,46.28,47.04,63.27,60.0,43.3,45.72,40.73,42.2,39.48,37.17,35.1,34.6,31.34,13.64,16.51,26.37,25.9,23.55,32.31,33.59,33.55,43.53,44.09,35.32,32.7,34.99,44.09
65.55,72.56,82.55,93.82,77.78,66.85,63.43,57.06,43.27,52.69,46.96,45.91,33.34,32.43,41.67,59.5,67.04,67.91,66.22,65.56,66.32,61.77,61.86,60.97,59.05,59.79,73.47,75.35,56.43,64.01,43.62,43.62,40.34,42.72,32.46,29.75,30.35,31.4,31.5,40.82,51.48,51.42,53.77,53.27,50.59,49.32,50.48,50.59,55.43,51.32,60.34,71.89,64.34,53.4,45.63,39.45,46.92,41.11,37.64,36.53,35.5,32.1,33.23,34.37,46.53,52.26,49.72,43.3,53.91,56.07,49.98,42.61,46.28,47.04,63.27,60.0,43.3,45.72,40.73,42.2,39.48,37.17,35.1,34.6,31.34,13.64,16.51,26.37,25.9,23.55,32.31,33.59,33.55,43.53,44.09,35.32,32.7,34.99,44.09,50.0
72.56,82.55,93.82,77.78,66.85,63.43,57.06,43.27,52.69,46.96,45.91,33.34,32.43,41.67,59.5,67.04,67.91,66.22,65.56,66.32,61.77,61.86,60.97,59.05,59.79,73.47,75.35,56.43,64.01,43.62,43.62,40.34,42.72,32.46,29.75,30.35,31.4,31.5,40.82,51.48,51.42,53.77,53.27,50.59,49.32,50.48,50.59,55.43,51.32,60.34,71.89,64.34,53.4,45.63,39.45,46.92,41.11,37.64,36.53,35.5,32.1,33.23,34.37,46.53,52.26,49.72,43.3,53.91,56.07,49.98,42.61,46.28,47.04,63.27,60.0,43.3,45.72,40.73,42.2,39.48,37.17,35.1,34.6,31.34,13.64,16.51,26.37,25.9,23.55,32.31,33.59,33.55,43.53,44.09,35.32,32.7,34.99,44.09,50.0,55.0
82.55,93.82,77.78,66.85,63.43,57.06,43.27,52.69,46.96,45.91,33.34,32.43,41.67,59.5,67.04,67.91,66.22,65.56,66.32,61.77,61.86,60.97,59.05,59.79,73.47,75.35,56.43,64.01,43.62,43.62,40.34,42.72,32.46,29.75,30.35,31.4,31.5,40.82,51.48,51.42,53.77,53.27,50.59,49.32,50.48,50.59,55.43,51.32,60.34,71.89,64.34,53.4,45.63,39.45,46.92,41.11,37.64,36.53,35.5,32.1,33.23,34.37,46.53,52.26,49.72,43.3,53.91,56.07,49.98,42.61,46.28,47.04,63.27,60.0,43.3,45.72,40.73,42.2,39.48,37.17,35.1,34.6,31.34,13.64,16.51,26.37,25.9,23.55,32.31,33.59,33.55,43.53,44.09,35.32,32.7,34.99,44.09,50.0,55.0,51.67
93.82,77.78,66.85,63.43,57.06,43.27,52.69,46.96,45.91,33.34,32.43,41.67,59.5,67.04,67.91,66.22,65.56,66.32,61.77,61.86,60.97,59.05,59.79,73.47,75.35,56.43,64.01,43.62,43.62,40.34,42.72,32.46,29.75,30.35,31.4,31.5,40.82,51.48,51.42,53.77,53.27,50.59,49.32,50.48,50.59,55.43,51.32,60.34,71.89,64.34,53.4,45.63,39.45,46.92,41.11,37.64,36.53,35.5,32.1,33.23,34.37,46.53,52.26,49.72,43.3,53.91,56.07,49.98,42.61,46.28,47.04,63.27,60.0,43.3,45.72,40.73,42.2,39.48,37.17,35.1,34.6,31.34,13.64,16.51,26.37,25.9,23.55,32.31,33.59,33.55,43.53,44.09,35.32,32.7,34.99,44.09,50.0,55.0,51.67,51.0
77.78,66.85,63.43,57.06,43.27,52.69,46.96,45.91,33.34,32.43,41.67,59.5,67.04,67.91,66.22,65.56,66.32,61.77,61.86,60.97,59.05,59.79,73.47,75.35,56.43,64.01,43.62,43.62,40.34,42.72,32.46,29.75,30.35,31.4,31.5,40.82,51.48,51.42,53.77,53.27,50.59,49.32,50.48,50.59,55.43,51.32,60.34,71.89,64.34,53.4,45.63,39.45,46.92,41.11,37.64,36.53,35.5,32.1,33.23,34.37,46.53,52.26,49.72,43.3,53.91,56.07,49.98,42.61,46.28,47.04,63.27,60.0,43.3,45.72,40.73,42.2,39.48,37.17,35.1,34.6,31.34,13.64,16.51,26.37,25.9,23.55,32.31,33.59,33.55,43.53,44.09,35.32,32.7,34.99,44.09,50.0,55.0,51.67,51.0,49.84
66.85,63.43,57.06,43.27,52.69,46.96,45.91,33.34,32.43,41.67,59.5,67.04,67.91,66.22,65.56,66.32,61.77,61.86,60.97,59.05,59.79,73.47,75.35,56.43,64.01,43.62,43.62,40.34,42.72,32.46,29.75,30.35,31.4,31.5,40.82,51.48,51.42,53.77,53.27,50.59,49.32,50.48,50.59,55.43,51.32,60.34,71.89,64.34,53.4,45.63,39.45,46.92,41.11,37.64,36.53,35.5,32.1,33.23,34.37,46.53,52.26,49.72,43.3,53.91,56.07,49.98,42.61,46.28,47.04,63.27,60.0,43.3,45.72,40.73,42.2,39.48,37.17,35.1,34.6,31.34,13.64,16.51,26.37,25.9,23.55,32.31,33.59,33.55,43.53,44.09,35.32,32.7,34.99,44.09,50.0,55.0,51.67,51.0,49.84,44.9
63.43,57.06,43.27,52.69,46.96,45.91,33.34,32.43,41.67,59.5,67.04,67.91,66.22,65.56,66.32,61.77,61.86,60.97,59.05,59.79,73.47,75.35,56.43,64.01,43.62,43.62,40.34,42.72,32.46,29.75,30.35,31.4,31.5,40.82,51.48,51.42,53.77,53.27,50.59,49.32,50.48,50.59,55.43,51.32,60.34,71.89,64.34,53.4,45.63,39.45,46.92,41.11,37.64,36.53,35.5,32.1,33.23,34.37,46.53,52.26,49.72,43.3,53.91,56.07,49.98,42.61,46.28,47.04,63.27,60.0,43.3,45.72,40.73,42.2,39.48,37.17,35.1,34.6,31.34,13.64,16.51,26.37,25.9,23.55,32.31,33.59,33.55,43.53,44.09,35.32,32.7,34.99,44.09,50.0,55.0,51.67,51.0,49.84,44.9,20.44
57.06,43.27,52.69,46.96,45.91,33.34,32.43,41.67,59.5,67.04,67.91,66.22,65.56,66.32,61.77,61.86,60.97,59.05,59.79,73.47,75.35,56.43,64.01,43.62,43.62,40.34,42.72,32.46,29.75,30.35,31.4,31.5,40.82,51.48,51.42,53.77,53.27,50.59,49.32,50.48,50.59,55.43,51.32,60.34,71.89,64.34,53.4,45.63,39.45,46.92,41.11,37.64,36.53,35.5,32.1,33.23,34.37,46.53,52.26,49.72,43.3,53.91,56.07,49.98,42.61,46.28,47.04,63.27,60.0,43.3,45.72,40.73,42.2,39.48,37.17,35.1,34.6,31.34,13.64,16.51,26.37,25.9,23.55,32.31,33.59,33.55,43.53,44.09,35.32,32.7,34.99,44.09,50.0,55.0,51.67,51.0,49.84,44.9,20.44,15.84
43.27,52.69,46.96,45.91,33.34,32.43,41.67,59.5,67.04,67.91,66.22,65.56,66.32,61.77,61.86,60.97,59.05,59.79,73.47,75.35,56.43,64.01,43.62,43.62,40.34,42.72,32.46,29.75,30.35,31.4,31.5,40.82,51.48,51.42,53.77,53.27,50.59,49.32,50.48,50.59,55.43,51.32,60.34,71.89,64.34,53.4,45.63,39.45,46.92,41.11,37.64,36.53,35.5,32.1,33.23,34.37,46.53,52.26,49.72,43.3,53.91,56.07,49.98,42.61,46.28,47.04,63.27,60.0,43.3,45.72,40.73,42.2,39.48,37.17,35.1,34.6,31.34,13.64,16.51,26.37,25.9,23.55,32.31,33.59,33.55,43.53,44.09,35.32,32.7,34.99,44.09,50.0,55.0,51.67,51.0,49.84,44.9,20.44,15.84,16.32
52.69,46.96,45.91,33.34,32.43,41.67,59.5,67.04,67.91,66.22,65.56,66.32,61.77,61.86,60.97,59.05,59.79,73.47,75.35,56.43,64.01,43.62,43.62,40.34,42.72,32.46,29.75,30.35,31.4,31.5,40.82,51.48,51.42,53.77,53.27,50.59,49.32,50.48,50.59,55.43,51.32,60.34,71.89,64.34,53.4,45.63,39.45,46.92,41.11,37.64,36.53,35.5,32.1,33.23,34.37,46.53,52.26,49.72,43.3,53.91,56.07,49.98,42.61,46.28,47.04,63.27,60.0,43.3,45.72,40.73,42.2,39.48,37.17,35.1,34.6,31.34,13.64,16.51,26.37,25.9,23.55,32.31,33.59,33.55,43.53,44.09,35.32,32.7,34.99,44.09,50.0,55.0,51.67,51.0,49.84,44.9,20.44,15.84,16.32,16.99
46.96,45.91,33.34,32.43,41.67,59.5,67.04,67.91,66.22,65.56,66.32,61.77,61.86,60.97,59.05,59.79,73.47,75.35,56.43,64.01,43.62,43.62,40.34,42.72,32.46,29.75,30.35,31.4,31.5,40.82,51.48,51.42,53.77,53.27,50.59,49.32,50.48,50.59,55.43,51.32,60.34,71.89,64.34,53.4,45.63,39.45,46.92,41.11,37.64,36.53,35.5,32.1,33.23,34.37,46.53,52.26,49.72,43.3,53.91,56.07,49.98,42.61,46.28,47.04,63.27,60.0,43.3,45.72,40.73,42.2,39.48,37.17,35.1,34.6,31.34,13.64,16.51,26.37,25.9,23.55,32.31,33.59,33.55,43.53,44.09,35.32,32.7,34.99,44.09,50.0,55.0,51.67,51.0,49.84,44.9,20.44,15.84,16.32,16.99,10.88
45.91,33.34,32.43,41.67,59.5,67.04,67.91,66.22,65.56,66.32,61.77,61.86,60.97,59.05,59.79,73.47,75.35,56.43,64.01,43.62,43.62,40.34,42.72,32.46,29.75,30.35,31.4,31.5,40.82,51.48,51.42,53.77,53.27,50.59,49.32,50.48,50.59,55.43,51.32,60.34,71.89,64.34,53.4,45.63,39.45,46.92,41.11,37.64,36.53,35.5,32.1,33.23,34.37,46.53,52.26,49.72,43.3,53.91,56.07,49.98,42.61,46.28,47.04,63.27,60.0,43.3,45.72,40.73,42.2,39.48,37.17,35.1,34.6,31.34,13.64,16.51,26.37,25.9,23.55,32.31,33.59,33.55,43.53,44.09,35.32,32.7,34.99,44.09,50.0,55.0,51.67,51.0,49.84,44.9,20.44,15.84,16.32,16.99,10.88,20.0
33.34,32.43,41.67,59.5,67.04,67.91,66.22,65.56,66.32,61.77,61.86,60.97,59.05,59.79,73.47,75.35,56.43,64.01,43.62,43.62,40.34,42.72,32.46,29.75,30.35,31.4,31.5,40.82,51.48,51.42,53.77,53.27,50.59,49.32,50.48,50.59,55.43,51.32,60.34,71.89,64.34,53.4,45.63,39.45,46.92,41.11,37.64,36.53,35.5,32.1,33.23,34.37,46.53,52.26,49.72,43.3,53.91,56.07,49.98,42.61,46.28,47.04,63.27,60.0,43.3,45.72,40.73,42.2,39.48,37.17,35.1,34.6,31.34,13.64,16.51,26.37,25.9,23.55,32.31,33.59,33.55,43.53,44.09,35.32,32.7,34.99,44.09,50.0,55.0,51.67,51.0,49.84,44.9,20.44,15.84,16.32,16.99,10.88,20.0,38.71
32.43,41.67,59.5,67.04,67.91,66.22,65.56,66.32,61.77,61.86,60.97,59.05,59.79,73.47,75.35,56.43,64.01,43.62,43.62,40.34,42.72,32.46,29.75,30.35,31.4,31.5,40.82,51.48,51.42,53.77,53.27,50.59,49.32,50.48,50.59,55.43,51.32,60.34,71.89,64.34,53.4,45.63,39.45,46.92,41.11,37.64,36.53,35.5,32.1,33.23,34.37,46.53,52.26,49.72,43.3,53.91,56.07,49.98,42.61,46.28,47.04,63.27,60.0,43.3,45.72,40.73,42.2,39.48,37.17,35.1,34.6,31.34,13.64,16.51,26.37,25.9,23.55,32.31,33.59,33.55,43.53,44.09,35.32,32.7,34.99,44.09,50.0,55.0,51.67,51.0,49.84,44.9,20.44,15.84,16.32,16.99,10.88,20.0,38.71,49.86
41.67,59.5,67.04,67.91,66.22,65.56,66.32,61.77,61.86,60.97,59.05,59.79,73.47,75.35,56.43,64.01,43.62,43.62,40.34,42.72,32.46,29.75,30.35,31.4,31.5,40.82,51.48,51.42,53.77,53.27,50.59,49.32,50.48,50.59,55.43,51.32,60.34,71.89,64.34,53.4,45.63,39.45,46.92,41.11,37.64,36.53,35.5,32.1,33.23,34.37,46.53,52.26,49.72,43.3,53.91,56.07,49.98,42.61,46.28,47.04,63.27,60.0,43.3,45.72,40.73,42.2,39.48,37.17,35.1,34.6,31.34,13.64,16.51,26.37,25.9,23.55,32.31,33.59,33.55,43.53,44.09,35.32,32.7,34.99,44.09,50.0,55.0,51.67,51.0,49.84,44.9,20.44,15.84,16.32,16.99,10.88,20.0,38.71,49.86,49.4
59.5,67.04,67.91,66.22,65.56,66.32,61.77,61.86,60.97,59.05,59.79,73.47,75.35,56.43,64.01,43.62,43.62,40.34,42.72,32.46,29.75,30.35,31.4,31.5,40.82,51.48,51.42,53.77,53.27,50.59,49.32,50.48,50.59,55.43,51.32,60.34,71.89,64.34,53.4,45.63,39.45,46.92,41.11,37.64,36.53,35.5,32.1,33.23,34.37,46.53,52.26,49.72,43.3,53.91,56.07,49.98,42.61,46.28,47.04,63.27,60.0,43.3,45.72,40.73,42.2,39.48,37.17,35.1,34.6,31.34,13.64,16.51,26.37,25.9,23.55,32.31,33.59,33.55,43.53,44.09,35.32,32.7,34.99,44.09,50.0,55.0,51.67,51.0,49.84,44.9,20.44,15.84,16.32,16.99,10.88,20.0,38.71,49.86,49.4,48.04
67.04,67.91,66.22,65.56,66.32,61.77,61.86,60.97,59.05,59.79,73.47,75.35,56.43,64.01,43.62,43.62,40.34,42.72,32.46,29.75,30.35,31.4,31.5,40.82,51.48,51.42,53.77,53.27,50.59,49.32,50.48,50.59,55.43,51.32,60.34,71.89,64.34,53.4,45.63,39.45,46.92,41.11,37.64,36.53,35.5,32.1,33.23,34.37,46.53,52.26,49.72,43.3,53.91,56.07,49.98,42.61,46.28,47.04,63.27,60.0,43.3,45.72,40.73,42.2,39.48,37.17,35.1,34.6,31.34,13.64,16.51,26.37,25.9,23.55,32.31,33.59,33.55,43.53,44.09,35.32,32.7,34.99,44.09,50.0,55.0,51.67,51.0,49.84,44.9,20.44,15.84,16.32,16.99,10.88,20.0,38.71,49.86,49.4,48.04,48.7
67.91,66.22,65.56,66.32,61.77,61.86,60.97,59.05,59.79,73.47,75.35,56.43,64.01,43.62,43.62,40.34,42.72,32.46,29.75,30.35,31.4,31.5,40.82,51.48,51.42,53.77,53.27,50.59,49.32,50.48,50.59,55.43,51.32,60.34,71.89,64.34,53.4,45.63,39.45,46.92,41.11,37.64,36.53,35.5,32.1,33.23,34.37,46.53,52.26,49.72,43.3,53.91,56.07,49.98,42.61,46.28,47.04,63.27,60.0,43.3,45.72,40.73,42.2,39.48,37.17,35.1,34.6,31.34,13.64,16.51,26.37,25.9,23.55,32.31,33.59,33.55,43.53,44.09,35.32,32.7,34.99,44.09,50.0,55.0,51.67,51.0,49.84,44.9,20.44,15.84,16.32,16.99,10.88,20.0,38.71,49.86,49.4,48.04,48.7,48.7
66.22,65.56,66.32,61.77,61.86,60.97,59.05,59.79,73.47,75.35,56.43,64.01,43.62,43.62,40.34,42.72,32.46,29.75,30.35,31.4,31.5,40.82,51.48,51.42,53.77,53.27,50.59,49.32,50.48,50.59,55.43,51.32,60.34,71.89,64.34,53.4,45.63,39.45,46.92,41.11,37.64,36.53,35.5,32.1,33.23,34.37,46.53,52.26,49.72,43.3,53.91,56.07,49.98,42.61,46.28,47.04,63.27,60.0,43.3,45.72,40.73,42.2,39.48,37.17,35.1,34.6,31.34,13.64,16.51,26.37,25.9,23.55,32.31,33.59,33.55,43.53,44.09,35.32,32.7,34.99,44.09,50.0,55.0,51.67,51.0,49.84,44.9,20.44,15.84,16.32,16.99,10.88,20.0,38.71,49.86,49.4,48.04,48.7,48.7,48.29
65.56,66.32,61.77,61.86,60.97,59.05,59.79,73.47,75.35,56.43,64.01,43.62,43.62,40.34,42.72,32.46,29.75,30.35,31.4,31.5,40.82,51.48,51.42,53.77,53.27,50.59,49.32,50.48,50.59,55.43,51.32,60.34,71.89,64.34,53.4,45.63,39.45,46.92,41.11,37.64,36.53,35.5,32.1,33.23,34.37,46.53,52.26,49.72,43.3,53.91,56.07,49.98,42.61,46.28,47.04,63.27,60.0,43.3,45.72,40.73,42.2,39.48,37.17,35.1,34.6,31.34,13.64,16.51,26.37,25.9,23.55,32.31,33.59,33.55,43.53,44.09,35.32,32.7,34.99,44.09,50.0,55.0,51.67,51.0,49.84,44.9,20.44,15.84,16.32,16.99,10.88,20.0,38.71,49.86,49.4,48.04,48.7,48.7,48.29,48.5
66.32,61.77,61.86,60.97,59.05,59.79,73.47,75.35,56.43,64.01,43.62,43.62,40.34,42.72,32.46,29.75,30.35,31.4,31.5,40.82,51.48,51.42,53.77,53.27,50.59,49.32,50.48,50.59,55.43,51.32,60.34,71.89,64.34,53.4,45.63,39.45,46.92,41.11,37.64,36.53,35.5,32.1,33.23,34.37,46.53,52.26,49.72,43.3,53.91,56.07,49.98,42.61,46.28,47.04,63.27,60.0,43.3,45.72,40.73,42.2,39.48,37.17,35.1,34.6,31.34,13.64,16.51,26.37,25.9,23.55,32.31,33.59,33.55,43.53,44.09,35.32,32.7,34.99,44.09,50.0,55.0,51.67,51.0,49.84,44.9,20.44,15.84,16.32,16.99,10.88,20.0,38.71,49.86,49.4,48.04,48.7,48.7,48.29,48.5,48.7
61.77,61.86,60.97,59.05,59.79,73.47,75.35,56.43,64.01,43.62,43.62,40.34,42.72,32.46,29.75,30.35,31.4,31.5,40.82,51.48,51.42,53.77,53.27,50.59,49.32,50.48,50.59,55.43,51.32,60.34,71.89,64.34,53.4,45.63,39.45,46.92,41.11,37.64,36.53,35.5,32.1,33.23,34.37,46.53,52.26,49.72,43.3,53.91,56.07,49.98,42.61,46.28,47.04,63.27,60.0,43.3,45.72,40.73,42.2,39.48,37.17,35.1,34.6,31.34,13.64,16.51,26.37,25.9,23.55,32.31,33.59,33.55,43.53,44.09,35.32,32.7,34.99,44.09,50.0,55.0,51.67,51.0,49.84,44.9,20.44,15.84,16.32,16.99,10.88,20.0,38.71,49.86,49.4,48.04,48.7,48.7,48.29,48.5,48.7,48.1
61.86,60.97,59.05,59.79,73.47,75.35,56.43,64.01,43.62,43.62,40.34,42.72,32.46,29.75,30.35,31.4,31.5,40.82,51.48,51.42,53.77,53.27,50.59,49.32,50.48,50.59,55.43,51.32,60.34,71.89,64.34,53.4,45.63,39.45,46.92,41.11,37.64,36.53,35.5,32.1,33.23,34.37,46.53,52.26,49.72,43.3,53.91,56.07,49.98,42.61,46.28,47.04,63.27,60.0,43.3,45.72,40.73,42.2,39.48,37.17,35.1,34.6,31.34,13.64,16.51,26.37,25.9,23.55,32.31,33.59,33.55,43.53,44.09,35.32,32.7,34.99,44.09,50.0,55.0,51.67,51.0,49.84,44.9,20.44,15.84,16.32,16.99,10.88,20.0,38.71,49.86,49.4,48.04,48.7,48.7,48.29,48.5,48.7,48.1,50.05
60.97,59.05,59.79,73.47,75.35,56.43,64.01,43.62,43.62,40.34,42.72,32.46,29.75,30.35,31.4,31.5,40.82,51.48,51.42,53.77,53.27,50.59,49.32,50.48,50.59,55.43,51.32,60.34,71.89,64.34,53.4,45.63,39.45,46.92,41.11,37.64,36.53,35.5,32.1,33.23,34.37,46.53,52.26,49.72,43.3,53.91,56.07,49.98,42.61,46.28,47.04,63.27,60.0,43.3,45.72,40.73,42.2,39.48,37.17,35.1,34.6,31.34,13.64,16.51,26.37,25.9,23.55,32.31,33.59,33.55,43.53,44.09,35.32,32.7,34.99,44.09,50.0,55.0,51.67,51.0,49.84,44.9,20.44,15.84,16.32,16.99,10.88,20.0,38.71,49.86,49.4,48.04,48.7,48.7,48.29,48.5,48.7,48.1,50.05,59.94
59.05,59.79,73.47,75.35,56.43,64.01,43.62,43.62,40.34,42.72,32.46,29.75,30.35,31.4,31.5,40.82,51.48,51.42,53.77,53.27,50.59,49.32,50.48,50.59,55.43,51.32,60.34,71.89,64.34,53.4,45.63,39.45,46.92,41.11,37.64,36.53,35.5,32.1,33.23,34.37,46.53,52.26,49.72,43.3,53.91,56.07,49.98,42.61,46.28,47.04,63.27,60.0,43.3,45.72,40.73,42.2,39.48,37.17,35.1,34.6,31.34,13.64,16.51,26.37,25.9,23.55,32.31,33.59,33.55,43.53,44.09,35.32,32.7,34.99,44.09,50.0,55.0,51.67,51.0,49.84,44.9,20.44,15.84,16.32,16.99,10.88,20.0,38.71,49.86,49.4,48.04,48.7,48.7,48.29,48.5,48.7,48.1,50.05,59.94,86.35
59.79,73.47,75.35,56.43,64.01,43.62,43.62,40.34,42.72,32.46,29.75,30.35,31.4,31.5,40.82,51.48,51.42,53.77,53.27,50.59,49.32,50.48,50.59,55.43,51.32,60.34,71.89,64.34,53.4,45.63,39.45,46.92,41.11,37.64,36.53,35.5,32.1,33.23,34.37,46.53,52.26,49.72,43.3,53.91,56.07,49.98,42.61,46.28,47.04,63.27,60.0,43.3,45.72,40.73,42.2,39.48,37.17,35.1,34.6,31.34,13.64,16.51,26.37,25.9,23.55,32.31,33.59,33.55,43.53,44.09,35.32,32.7,34.99,44.09,50.0,55.0,51.67,51.0,49.84,44.9,20.44,15.84,16.32,16.99,10.88,20.0,38.71,49.86,49.4,48.04,48.7,48.7,48.29,48.5,48.7,48.1,50.05,59.94,86.35,56.21
73.47,75.35,56.43,64.01,43.62,43.62,40.34,42.72,32.46,29.75,30.35,31.4,31.5,40.82,51.48,51.42,53.77,53.27,50.59,49.32,50.48,50.59,55.43,51.32,60.34,71.89,64.34,53.4,45.63,39.45,46.92,41.11,37.64,36.53,35.5,32.1,33.23,34.37,46.53,52.26,49.72,43.3,53.91,56.07,49.98,42.61,46.28,47.04,63.27,60.0,43.3,45.72,40.73,42.2,39.48,37.17,35.1,34.6,31.34,13.64,16.51,26.37,25.9,23.55,32.31,33.59,33.55,43.53,44.09,35.32,32.7,34.99,44.09,50.0,55.0,51.67,51.0,49.84,44.9,20.44,15.84,16.32,16.99,10.88,20.0,38.71,49.86,49.4,48.04,48.7,48.7,48.29,48.5,48.7,48.1,50.05,59.94,86.35,56.21,58.8
75.35,56.43,64.01,43.62,43.62,40.34,42.72,32.46,29.75,30.35,31.4,31.5,40.82,51.48,51.42,53.77,53.27,50.59,49.32,50.48,50.59,55.43,51.32,60.34,71.89,64.34,53.4,45.63,39.45,46.92,41.11,37.64,36.53,35.5,32.1,33.23,34.37,46.53,52.26,49.72,43.3,53.91,56.07,49.98,42.61,46.28,47.04,63.27,60.0,43.3,45.72,40.73,42.2,39.48,37.17,35.1,34.6,31.34,13.64,16.51,26.37,25.9,23.55,32.31,33.59,33.55,43.53,44.09,35.32,32.7,34.99,44.09,50.0,55.0,51.67,51.0,49.84,44.9,20.44,15.84,16.32,16.99,10.88,20.0,38.71,49.86,49.4,48.04,48.7,48.7,48.29,48.5,48.7,48.1,50.05,59.94,86.35,56.21,58.8,35.1
56.43,64.01,43.62,43.62,40.34,42.72,32.46,29.75,30.35,31.4,31.5,40.82,51.48,51.42,53.77,53.27,50.59,49.32,50.48,50.59,55.43,51.32,60.34,71.89,64.34,53.4,45.63,39.45,46.92,41.11,37.64,36.53,35.5,32.1,33.23,34.37,46.53,52.26,49.72,43.3,53.91,56.07,49.98,42.61,46.28,47.04,63.27,60.0,43.3,45.72,40.73,42.2,39.48,37.17,35.1,34.6,31.34,13.64,16.51,26.37,25.9,23.55,32.31,33.59,33.55,43.53,44.09,35.32,32.7,34.99,44.09,50.0,55.0,51.67,51.0,49.84,44.9,20.44,15.84,16.32,16.99,10.88,20.0,38.71,49.86,49.4,48.04,48.7,48.7,48.29,48.5,48.7,48.1,50.05,59.94,86.35,56.21,58.8,35.1,32.53
64.01,43.62,43.62,40.34,42.72,32.46,29.75,30.35,31.4,31.5,40.82,51.48,51.42,53.77,53.27,50.59,49.32,50.48,50.59,55.43,51.32,60.34,71.89,64.34,53.4,45.63,39.45,46.92,41.11,37.64,36.53,35.5,32.1,33.23,34.37,46.53,52.26,49.72,43.3,53.91,56.07,49.98,42.61,46.28,47.04,63.27,60.0,43.3,45.72,40.73,42.2,39.48,37.17,35.1,34.6,31.34,13.64,16.51,26.37,25.9,23.55,32.31,33.59,33.55,43.53,44.09,35.32,32.7,34.99,44.09,50.0,55.0,51.67,51.0,49.84,44.9,20.44,15.84,16.32,16.99,10.88,20.0,38.71,49.86,49.4,48.04,48.7,48.7,48.29,48.5,48.7,48.1,50.05,59.94,86.35,56.21,58.8,35.1,32.53,35.04
43.62,43.62,40.34,42.72,32.46,29.75,30.35,31.4,31.5,40.82,51.48,51.42,53.77,53.27,50.59,49.32,50.48,50.59,55.43,51.32,60.34,71.89,64.34,53.4,45.63,39.45,46.92,41.11,37.64,36.53,35.5,32.1,33.23,34.37,46.53,52.26,49.72,43.3,53.91,56.07,49.98,42.61,46.28,47.04,63.27,60.0,43.3,45.72,40.73,42.2,39.48,37.17,35.1,34.6,31.34,13.64,16.51,26.37,25.9,23.55,32.31,33.59,33.55,43.53,44.09,35.32,32.7,34.99,44.09,50.0,55.0,51.67,51.0,49.84,44.9,20.44,15.84,16.32,16.99,10.88,20.0,38.71,49.86,49.4,48.04,48.7,48.7,48.29,48.5,48.7,48.1,50.05,59.94,86.35,56.21,58.8,35.1,32.53,35.04,31.89
43.62,40.34,42.72,32.46,29.75,30.35,31.4,31.5,40.82,51.48,51.42,53.77,53.27,50.59,49.32,50.48,50.59,55.43,51.32,60.34,71.89,64.34,53.4,45.63,39.45,46.92,41.11,37.64,36.53,35.5,32.1,33.23,34.37,46.53,52.26,49.72,43.3,53.91,56.07,49.98,42.61,46.28,47.04,63.27,60.0,43.3,45.72,40.73,42.2,39.48,37.17,35.1,34.6,31.34,13.64,16.51,26.37,25.9,23.55,32.31,33.59,33.55,43.53,44.09,35.32,32.7,34.99,44.09,50.0,55.0,51.67,51.0,49.84,44.9,20.44,15.84,16.32,16.99,10.88,20.0,38.71,49.86,49.4,48.04,48.7,48.7,48.29,48.5,48.7,48.1,50.05,59.94,86.35,56.21,58.8,35.1,32.53,35.04,31.89,31.21
40.34,42.72,32.46,29.75,30.35,31.4,31.5,40.82,51.48,51.42,53.77,53.27,50.59,49.32,50.48,50.59,55.43,51.32,60.34,71.89,64.34,53.4,45.63,39.45,46.92,41.11,37.64,36.53,35.5,32.1,33.23,34.37,46.53,52.26,49.72,43.3,53.91,56.07,49.98,42.61,46.28,47.04,63.27,60.0,43.3,45.72,40.73,42.2,39.48,37.17,35.1,34.6,31.34,13.64,16.51,26.37,25.9,23.55,32.31,33.59,33.55,43.53,44.09,35.32,32.7,34.99,44.09,50.0,55.0,51.67,51.0,49.84,44.9,20.44,15.84,16.32,16.99,10.88,20.0,38.71,49.86,49.4,48.04,48.7,48.7,48.29,48.5,48.7,48.1,50.05,59.94,86.35,56.21,58.8,35.1,32.53,35.04,31.89,31.21,29.28
42.72,32.46,29.75,30.35,31.4,31.5,40.82,51.48,51.42,53.77,53.27,50.59,49.32,50.48,50.59,55.43,51.32,60.34,71.89,64.34,53.4,45.63,39.45,46.92,41.11,37.64,36.53,35.5,32.1,33.23,34.37,46.53,52.26,49.72,43.3,53.91,56.07,49.98,42.61,46.28,47.04,63.27,60.0,43.3,45.72,40.73,42.2,39.48,37.17,35.1,34.6,31.34,13.64,16.51,26.37,25.9,23.55,32.31,33.59,33.55,43.53,44.09,35.32,32.7,34.99,44.09,50.0,55.0,51.67,51.0,49.84,44.9,20.44,15.84,16.32,16.99,10.88,20.0,38.71,49.86,49.4,48.04,48.7,48.7,48.29,48.5,48.7,48.1,50.05,59.94,86.35,56.21,58.8,35.1,32.53,35.04,31.89,31.21,29.28,22.94
32.46,29.75,30.35,31.4,31.5,40.82,51.48,51.42,53.77,53.27,50.59,49.32,50.48,50.59,55.43,51.32,60.34,71.89,64.34,53.4,45.63,39.45,46.92,41.11,37.64,36.53,35.5,32.1,33.23,34.37,46.53,52.26,49.72,43.3,53.91,56.07,49.98,42.61,46.28,47.04,63.27,60.0,43.3,45.72,40.73,42.2,39.48,37.17,35.1,34.6,31.34,13.64,16.51,26.37,25.9,23.55,32.31,33.59,33.55,43.53,44.09,35.32,32.7,34.99,44.09,50.0,55.0,51.67,51.0,49.84,44.9,20.44,15.84,16.32,16.99,10.88,20.0,38.71,49.86,49.4,48.04,48.7,48.7,48.29,48.5,48.7,48.1,50.05,59.94,86.35,56.21,58.8,35.1,32.53,35.04,31.89,31.21,29.28,22.94,19.99
29.75,30.35,31.4,31.5,40.82,51.48,51.42,53.77,53.27,50.59,49.32,50.48,50.59,55.43,51.32,60.34,71.89,64.34,53.4,45.63,39.45,46.92,41.11,37.64,36.53,35.5,32.1,33.23,34.37,46.53,52.26,49.72,43.3,53.91,56.07,49.98,42.61,46.28,47.04,63.27,60.0,43.3,45.72,40.73,42.2,39.48,37.17,35.1,34.6,31.34,13.64,16.51,26.37,25.9,23.55,32.31,33.59,33.55,43.53,44.09,35.32,32.7,34.99,44.09,50.0,55.0,51.67,51.0,49.84,44.9,20.44,15.84,16.32,16.99,10.88,20.0,38.71,49.86,49.4,48.04,48.7,48.7,48.29,48.5,48.7,48.1,50.05,59.94,86.35,56.21,58.8,35.1,32.53,35.04,31.89,31.21,29.28,22.94,19.99,29.38
30.35,31.4,31.5,40.82,51.48,51.42,53.77,53.27,50.59,49.32,50.48,50.59,55.43,51.32,60.34,71.89,64.34,53.4,45.63,39.45,46.92,41.11,37.64,36.53,35.5,32.1,33.23,34.37,46.53,52.26,49.72,43.3,53.91,56.07,49.98,42.61,46.28,47.04,63.27,60.0,43.3,45.72,40.73,42.2,39.48,37.17,35.1,34.6,31.34,13.64,16.51,26.37,25.9,23.55,32.31,33.59,33.55,43.53,44.09,35.32,32.7,34.99,44.09,50.0,55.0,51.67,51.0,49.84,44.9,20.44,15.84,16.32,16.99,10.88,20.0,38.71,49.86,49.4,48.04,48.7,48.7,48.29,48.5,48.7,48.1,50.05,59.94,86.35,56.21,58.8,35.1,32.53,35.04,31.89,31.21,29.28,22.94,19.99,29.38,37.92
31.4,31.5,40.82,51.48,51.42,53.77,53.27,50.59,49.32,50.48,50.59,55.43,51.32,60.34,71.89,64.34,53.4,45.63,39.45,46.92,41.11,37.64,36.53,35.5,32.1,33.23,34.37,46.53,52.26,49.72,43.3,53.91,56.07,49.98,42.61,46.28,47.04,63.27,60.0,43.3,45.72,40.73,42.2,39.48,37.17,35.1,34.6,31.34,13.64,16.51,26.37,25.9,23.55,32.31,33.59,33.55,43.53,44.09,35.32,32.7,34.99,44.09,50.0,55.0,51.67,51.0,49.84,44.9,20.44,15.84,16.32,16.99,10.88,20.0,38.71,49.86,49.4,48.04,48.7,48.7,48.29,48.5,48.7,48.1,50.05,59.94,86.35,56.21,58.8,35.1,32.53,35.04,31.89,31.21,29.28,22.94,19.99,29.38,37.92,53.04
31.5,40.82,51.48,51.42,53.77,53.27,50.59,49.32,50.48,50.59,55.43,51.32,60.34,71.89,64.34,53.4,45.63,39.45,46.92,41.11,37.64,36.53,35.5,32.1,33.23,34.37,46.53,52.26,49.72,43.3,53.91,56.07,49.98,42.61,46.28,47.04,63.27,60.0,43.3,45.72,40.73,42.2,39.48,37.17,35.1,34.6,31.34,13.64,16.51,26.37,25.9,23.55,32.31,33.59,33.55,43.53,44.09,35.32,32.7,34.99,44.09,50.0,55.0,51.67,51.0,49.84,44.9,20.44,15.84,16.32,16.99,10.88,20.0,38.71,49.86,49.4,48.04,48.7,48.7,48.29,48.5,48.7,48.1,50.05,59.94,86.35,56.21,58.8,35.1,32.53,35.04,31.89,31.21,29.28,22.94,19.99,29.38,37.92,53.04,53.17
40.82,51.48,51.42,53.77,53.27,50.59,49.32,50.48,50.59,55.43,51.32,60.34,71.89,64.34,53.4,45.63,39.45,46.92,41.11,37.64,36.53,35.5,32.1,33.23,34.37,46.53,52.26,49.72,43.3,53.91,56.07,49.98,42.61,46.28,47.04,63.27,60.0,43.3,45.72,40.73,42.2,39.48,37.17,35.1,34.6,31.34,13.64,16.51,26.37,25.9,23.55,32.31,33.59,33.55,43.53,44.09,35.32,32.7,34.99,44.09,50.0,55.0,51.67,51.0,49.84,44.9,20.44,15.84,16.32,16.99,10.88,20.0,38.71,49.86,49.4,48.04,48.7,48.7,48.29,48.5,48.7,48.1,50.05,59.94,86.35,56.21,58.8,35.1,32.53,35.04,31.89,31.21,29.28,22.94,19.99,29.38,37.92,53.04,53.17,51.42
51.48,51.42,53.77,53.27,50.59,49.32,50.48,50.59,55.43,51.32,60.34,71.89,64.34,53.4,45.63,39.45,46.92,41.11,37.64,36.53,35.5,32.1,33.23,34.37,46.53,52.26,49.72,43.3,53.91,56.07,49.98,42.61,46.28,47.04,63.27,60.0,43.3,45.72,40.73,42.2,39.48,37.17,35.1,34.6,31.34,13.64,16.51,26.37,25.9,23.55,32.31,33.59,33.55,43.53,44.09,35.32,32.7,34.99,44.09,50.0,55.0,51.67,51.0,49.84,44.9,20.44,15.84,16.32,16.99,10.88,20.0,38.71,49.86,49.4,48.04,48.7,48.7,48.29,48.5,48.7,48.1,50.05,59.94,86.35,56.21,58.8,35.1,32.53,35.04,31.89,31.21,29.28,22.94,19.99,29.38,37.92,53.04,53.17,51.42,50.41
51.42,53.77,53.27,50.59,49.32,50.48,50.59,55.43,51.32,60.34,71.89,64.34,53.4,45.63,39.45,46.92,41.11,37.64,36.53,35.5,32.1,33.23,34.37,46.53,52.26,49.72,43.3,53.91,56.07,49.98,42.61,46.28,47.04,63.27,60.0,43.3,45.72,40.73,42.2,39.48,37.17,35.1,34.6,31.34,13.64,16.51,26.37,25.9,23.55,32.31,33.59,33.55,43.53,44.09,35.32,32.7,34.99,44.09,50.0,55.0,51.67,51.0,49.84,44.9,20.44,15.84,16.32,16.99,10.88,20.0,38.71,49.86,49.4,48.04,48.7,48.7,48.29,48.5,48.7,48.1,50.05,59.94,86.35,56.21,58.8,35.1,32.53,35.04,31.89,31.21,29.28,22.94,19.99,29.38,37.92,53.04,53.17,51.42,50.41,50.75
53.77,53.27,50.59,49.32,50.48,50.59,55.43,51.32,60.34,71.89,64.34,53.4,45.63,39.45,46.92,41.11,37.64,36.53,35.5,32.1,33.23,34.37,46.53,52.26,49.72,43.3,53.91,56.07,49.98,42.61,46.28,47.04,63.27,60.0,43.3,45.72,40.73,42.2,39.48,37.17,35.1,34.6,31.34,13.64,16.51,26.37,25.9,23.55,32.31,33.59,33.55,43.53,44.09,35.32,32.7,34.99,44.09,50.0,55.0,51.67,51.0,49.84,44.9,20.44,15.84,16.32,16.99,10.88,20.0,38.71,49.86,49.4,48.04,48.7,48.7,48.29,48.5,48.7,48.1,50.05,59.94,86.35,56.21,58.8,35.1,32.53,35.04,31.89,31.21,29.28,22.94,19.99,29.38,37.92,53.04,53.17,51.42,50.41,50.75,51.65
53.27,50.59,49.32,50.48,50.59,55.43,51.32,60.34,71.89,64.34,53.4,45.63,39.45,46.92,41.11,37.64,36.53,35.5,32.1,33.23,34.37,46.53,52.26,49.72,43.3,53.91,56.07,49.98,42.61,46.28,47.04,63.27,60.0,43.3,45.72,40.73,42.2,39.48,37.17,35.1,34.6,31.34,13.64,16.51,26.37,25.9,23.55,32.31,33.59,33.55,43.53,44.09,35.32,32.7,34.99,44.09,50.0,55.0,51.67,51.0,49.84,44.9,20.44,15.84,16.32,16.99,10.88,20.0,38.71,49.86,49.4,48.04,48.7,48.7,48.29,48.5,48.7,48.1,50.05,59.94,86.35,56.21,58.8,35.1,32.53,35.04,31.89,31.21,29.28,22.94,19.99,29.38,37.92,53.04,53.17,51.42,50.41,50.75,51.65,50.43
50.59,49.32,50.48,50.59,55.43,51.32,60.34,71.89,64.34,53.4,45.63,39.45,46.92,41.11,37.64,36.53,35.5,32.1,33.23,34.37,46.53,52.26,49.72,43.3,53.91,56.07,49.98,42.61,46.28,47.04,63.27,60.0,43.3,45.72,40.73,42.2,39.48,37.17,35.1,34.6,31.34,13.64,16.51,26.37,25.9,23.55,32.31,33.59,33.55,43.53,44.09,35.32,32.7,34.99,44.09,50.0,55.0,51.67,51.0,49.84,44.9,20.44,15.84,16.32,16.99,10.88,20.0,38.71,49.86,49.4,48.04,48.7,48.7,48.29,48.5,48.7,48.1,50.05,59.94,86.35,56.21,58.8,35.1,32.53,35.04,31.89,31.21,29.28,22.94,19.99,29.38,37.92,53.04,53.17,51.42,50.41,50.75,51.65,50.43,58.15
49.32,50.48,50.59,55.43,51.32,60.34,71.89,64.34,53.4,45.63,39.45,46.92,41.11,37.64,36.53,35.5,32.1,33.23,34.37,46.53,52.26,49.72,43.3,53.91,56.07,49.98,42.61,46.28,47.04,63.27,60.0,43.3,45.72,40.73,42.2,39.48,37.17,35.1,34.6,31.34,13.64,16.51,26.37,25.9,23.55,32.31,33.59,33.55,43.53,44.09,35.32,32.7,34.99,44.09,50.0,55.0,51.67,51.0,49.84,44.9,20.44,15.84,16.32,16.99,10.88,20.0,38.71,49.86,49.4,48.04,48.7,48.7,48.29,48.5,48.7,48.1,50.05,59.94,86.35,56.21,58.8,35.1,32.53,35.04,31.89,31.21,29.28,22.94,19.99,29.38,37.92,53.04,53.17,51.42,50.41,50.75,51.65,50.43,58.15,64.46
50.48,50.59,55.43,51.32,60.34,71.89,64.34,53.4,45.63,39.45,46.92,41.11,37.64,36.53,35.5,32.1,33.23,34.37,46.53,52.26,49.72,43.3,53.91,56.07,49.98,42.61,46.28,47.04,63.27,60.0,43.3,45.72,40.73,42.2,39.48,37.17,35.1,34.6,31.34,13.64,16.51,26.37,25.9,23.55,32.31,33.59,33.55,43.53,44.09,35.32,32.7,34.99,44.09,50.0,55.0,51.67,51.0,49.84,44.9,20.44,15.84,16.32,16.99,10.88,20.0,38.71,49.86,49.4,48.04,48.7,48.7,48.29,48.5,48.7,48.1,50.05,59.94,86.35,56.21,58.8,35.1,32.53,35.04,31.89,31.21,29.28,22.94,19.99,29.38,37.92,53.04,53.17,51.42,50.41,50.75,51.65,50.43,58.15,64.46,64.98
50.59,55.43,51.32,60.34,71.89,64.34,53.4,45.63,39.45,46.92,41.11,37.64,36.53,35.5,32.1,33.23,34.37,46.53,52.26,49.72,43.3,53.91,56.07,49.98,42.61,46.28,47.04,63.27,60.0,43.3,45.72,40.73,42.2,39.48,37.17,35.1,34.6,31.34,13.64,16.51,26.37,25.9,23.55,32.31,33.59,33.55,43.53,44.09,35.32,32.7,34.99,44.09,50.0,55.0,51.67,51.0,49.84,44.9,20.44,15.84,16.32,16.99,10.88,20.0,38.71,49.86,49.4,48.04,48.7,48.7,48.29,48.5,48.7,48.1,50.05,59.94,86.35,56.21,58.8,35.1,32.53,35.04,31.89,31.21,29.28,22.94,19.99,29.38,37.92,53.04,53.17,51.42,50.41,50.75,51.65,50.43,58.15,64.46,64.98,67.39
55.43,51.32,60.34,71.89,64.34,53.4,45.63,39.45,46.92,41.11,37.64,36.53,35.5,32.1,33.23,34.37,46.53,52.26,49.72,43.3,53.91,56.07,49.98,42.61,46.28,47.04,63.27,60.0,43.3,45.72,40.73,42.2,39.48,37.17,35.1,34.6,31.34,13.64,16.51,26.37,25.9,23.55,32.31,33.59,33.55,43.53,44.09,35.32,32.7,34.99,44.09,50.0,55.0,51.67,51.0,49.84,44.9,20.44,15.84,16.32,16.99,10.88,20.0,38.71,49.86,49.4,48.04,48.7,48.7,48.29,48.5,48.7,48.1,50.05,59.94,86.35,56.21,58.8,35.1,32.53,35.04,31.89,31.21,29.28,22.94,19.99,29.38,37.92,53.04,53.17,51.42,50.41,50.75,51.65,50.43,58.15,64.46,64.98,67.39,66.19
51.32,60.34,71.89,64.34,53.4,45.63,39.45,46.92,41.11,37.64,36.53,35.5,32.1,33.23,34.37,46.53,52.26,49.72,43.3,53.91,56.07,49.98,42.61,46.28,47.04,63.27,60.0,43.3,45.72,40.73,42.2,39.48,37.17,35.1,34.6,31.34,13.64,16.51,26.37,25.9,23.55,32.31,33.59,33.55,43.53,44.09,35.32,32.7,34.99,44.09,50.0,55.0,51.67,51.0,49.84,44.9,20.44,15.84,16.32,16.99,10.88,20.0,38.71,49.86,49.4,48.04,48.7,48.7,48.29,48.5,48.7,48.1,50.05,59.94,86.35,56.21,58.8,35.1,32.53,35.04,31.89,31.21,29.28,22.94,19.99,29.38,37.92,53.04,53.17,51.42,50.41,50.75,51.65,50.43,58.15,64.46,64.98,67.39,66.19,65.49
60.34,71.89,64.34,53.4,45.63,39.45,46.92,41.11,37.64,36.53,35.5,32.1,33.23,34.37,46.53,52.26,49.72,43.3,53.91,56.07,49.98,42.61,46.28,47.04,63.27,60.0,43.3,45.72,40.73,42.2,39.48,37.17,35.1,34.6,31.34,13.64,16.51,26.37,25.9,23.55,32.31,33.59,33.55,43.53,44.09,35.32,32.7,34.99,44.09,50.0,55.0,51.67,51.0,49.84,44.9,20.44,15.84,16.32,16.99,10.88,20.0,38.71,49.86,49.4,48.04,48.7,48.7,48.29,48.5,48.7,48.1,50.05,59.94,86.35,56.21,58.8,35.1,32.53,35.04,31.89,31.21,29.28,22.94,19.99,29.38,37.92,53.04,53.17,51.42,50.41,50.75,51.65,50.43,58.15,64.46,64.98,67.39,66.19,65.49,58.42
71.89,64.34,53.4,45.63,39.45,46.92,41.11,37.64,36.53,35.5,32.1,33.23,34.37,46.53,52.26,49.72,43.3,53.91,56.07,49.98,42.61,46.28,47.04,63.27,60.0,43.3,45.72,40.73,42.2,39.48,37.17,35.1,34.6,31.34,13.64,16.51,26.37,25.9,23.55,32.31,33.59,33.55,43.53,44.09,35.32,32.7,34.99,44.09,50.0,55.0,51.67,51.0,49.84,44.9,20.44,15.84,16.32,16.99,10.88,20.0,38.71,49.86,49.4,48.04,48.7,48.7,48.29,48.5,48.7,48.1,50.05,59.94,86.35,56.21,58.8,35.1,32.53,35.04,31.89,31.21,29.28,22.94,19.99,29.38,37.92,53.04,53.17,51.42,50.41,50.75,51.65,50.43,58.15,64.46,64.98,67.39,66.19,65.49,58.42,55.0
64.34,53.4,45.63,39.45,46.92,41.11,37.64,36.53,35.5,32.1,33.23,34.37,46.53,52.26,49.72,43.3,53.91,56.07,49.98,42.61,46.28,47.04,63.27,60.0,43.3,45.72,40.73,42.2,39.48,37.17,35.1,34.6,31.34,13.64,16.51,26.37,25.9,23.55,32.31,33.59,33.55,43.53,44.09,35.32,32.7,34.99,44.09,50.0,55.0,51.67,51.0,49.84,44.9,20.44,15.84,16.32,16.99,10.88,20.0,38.71,49.86,49.4,48.04,48.7,48.7,48.29,48.5,48.7,48.1,50.05,59.94,86.35,56.21,58.8,35.1,32.53,35.04,31.89,31.21,29.28,22.94,19.99,29.38,37.92,53.04,53.17,51.42,50.41,50.75,51.65,50.43,58.15,64.46,64.98,67.39,66.19,65.49,58.42,55.0,53.25
53.4,45.63,39.45,46.92,41.11,37.64,36.53,35.5,32.1,33.23,34.37,46.53,52.26,49.72,43.3,53.91,56.07,49.98,42.61,46.28,47.04,63.27,60.0,43.3,45.72,40.73,42.2,39.48,37.17,35.1,34.6,31.34,13.64,16.51,26.37,25.9,23.55,32.31,33.59,33.55,43.53,44.09,35.32,32.7,34.99,44.09,50.0,55.0,51.67,51.0,49.84,44.9,20.44,15.84,16.32,16.99,10.88,20.0,38.71,49.86,49.4,48.04,48.7,48.7,48.29,48.5,48.7,48.1,50.05,59.94,86.35,56.21,58.8,35.1,32.53,35.04,31.89,31.21,29.28,22.94,19.99,29.38,37.92,53.04,53.17,51.42,50.41,50.75,51.65,50.43,58.15,64.46,64.98,67.39,66.19,65.49,58.42,55.0,53.25,41.99
45.63,39.45,46.92,41.11,37.64,36.53,35.5,32.1,33.23,34.37,46.53,52.26,49.72,43.3,53.91,56.07,49.98,42.61,46.28,47.04,63.27,60.0,43.3,45.72,40.73,42.2,39.48,37.17,35.1,34.6,31.34,13.64,16.51,26.37,25.9,23.55,32.31,33.59,33.55,43.53,44.09,35.32,32.7,34.99,44.09,50.0,55.0,51.67,51.0,49.84,44.9,20.44,15.84,16.32,16.99,10.88,20.0,38.71,49.86,49.4,48.04,48.7,48.7,48.29,48.5,48.7,48.1,50.05,59.94,86.35,56.21,58.8,35.1,32.53,35.04,31.89,31.21,29.28,22.94,19.99,29.38,37.92,53.04,53.17,51.42,50.41,50.75,51.65,50.43,58.15,64.46,64.98,67.39,66.19,65.49,58.42,55.0,53.25,41.99,40.0
39.45,46.92,41.11,37.64,36.53,35.5,32.1,33.23,34.37,46.53,52.26,49.72,43.3,53.91,56.07,49.98,42.61,46.28,47.04,63.27,60.0,43.3,45.72,40.73,42.2,39.48,37.17,35.1,34.6,31.34,13.64,16.51,26.37,25.9,23.55,32.31,33.59,33.55,43.53,44.09,35.32,32.7,34.99,44.09,50.0,55.0,51.67,51.0,49.84,44.9,20.44,15.84,16.32,16.99,10.88,20.0,38.71,49.86,49.4,48.04,48.7,48.7,48.29,48.5,48.7,48.1,50.05,59.94,86.35,56.21,58.8,35.1,32.53,35.04,31.89,31.21,29.28,22.94,19.99,29.38,37.92,53.04,53.17,51.42,50.41,50.75,51.65,50.43,58.15,64.46,64.98,67.39,66.19,65.49,58.42,55.0,53.25,41.99,40.0,34.94
46.92,41.11,37.64,36.53,35.5,32.1,33.23,34.37,46.53,52.26,49.72,43.3,53.91,56.07,49.98,42.61,46.28,47.04,63.27,60.0,43.3,45.72,40.73,42.2,39.48,37.17,35.1,34.6,31.34,13.64,16.51,26.37,25.9,23.55,32.31,33.59,33.55,43.53,44.09,35.32,32.7,34.99,44.09,50.0,55.0,51.67,51.0,49.84,44.9,20.44,15.84,16.32,16.99,10.88,20.0,38.71,49.86,49.4,48.04,48.7,48.7,48.29,48.5,48.7,48.1,50.05,59.94,86.35,56.21,58.8,35.1,32.53,35.04,31.89,31.21,29.28,22.94,19.99,29.38,37.92,53.04,53.17,51.42,50.41,50.75,51.65,50.43,58.15,64.46,64.98,67.39,66.19,65.49,58.42,55.0,53.25,41.99,40.0,34.94,33.46
41.11,37.64,36.53,35.5,32.1,33.23,34.37,46.53,52.26,49.72,43.3,53.91,56.07,49.98,42.61,46.28,47.04,63.27,60.0,43.3,45.72,40.73,42.2,39.48,37.17,35.1,34.6,31.34,13.64,16.51,26.37,25.9,23.55,32.31,33.59,33.55,43.53,44.09,35.32,32.7,34.99,44.09,50.0,55.0,51.67,51.0,49.84,44.9,20.44,15.84,16.32,16.99,10.88,20.0,38.71,49.86,49.4,48.04,48.7,48.7,48.29,48.5,48.7,48.1,50.05,59.94,86.35,56.21,58.8,35.1,32.53,35.04,31.89,31.21,29.28,22.94,19.99,29.38,37.92,53.04,53.17,51.42,50.41,50.75,51.65,50.43,58.15,64.46,64.98,67.39,66.19,65.49,58.42,55.0,53.25,41.99,40.0,34.94,33.46,32.08
37.64,36.53,35.5,32.1,33.23,34.37,46.53,52.26,49.72,43.3,53.91,56.07,49.98,42.61,46.28,47.04,63.27,60.0,43.3,45.72,40.73,42.2,39.48,37.17,35.1,34.6,31.34,13.64,16.51,26.37,25.9,23.55,32.31,33.59,33.55,43.53,44.09,35.32,32.7,34.99,44.09,50.0,55.0,51.67,51.0,49.84,44.9,20.44,15.84,16.32,16.99,10.88,20.0,38.71,49.86,49.4,48.04,48.7,48.7,48.29,48.5,48.7,48.1,50.05,59.94,86.35,56.21,58.8,35.1,32.53,35.04,31.89,31.21,29.28,22.94,19.99,29.38,37.92,53.04,53.17,51.42,50.41,50.75,51.65,50.43,58.15,64.46,64.98,67.39,66.19,65.49,58.42,55.0,53.25,41.99,40.0,34.94,33.46,32.08,33.54
36.53,35.5,32.1,33.23,34.37,46.53,52.26,49.72,43.3,53.91,56.07,49.98,42.61,46.28,47.04,63.27,60.0,43.3,45.72,40.73,42.2,39.48,37.17,35.1,34.6,31.34,13.64,16.51,26.37,25.9,23.55,32.31,33.59,33.55,43.53,44.09,35.32,32.7,34.99,44.09,50.0,55.0,51.67,51.0,49.84,44.9,20.44,15.84,16.32,16.99,10.88,20.0,38.71,49.86,49.4,48.04,48.7,48.7,48.29,48.5,48.7,48.1,50.05,59.94,86.35,56.21,58.8,35.1,32.53,35.04,31.89,31.21,29.28,22.94,19.99,29.38,37.92,53.04,53.17,51.42,50.41,50.75,51.65,50.43,58.15,64.46,64.98,67.39,66.19,65.49,58.42,55.0,53.25,41.99,40.0,34.94,33.46,32.08,33.54,35.38
35.5,32.1,33.23,34.37,46.53,52.26,49.72,43.3,53.91,56.07,49.98,42.61,46.28,47.04,63.27,60.0,43.3,45.72,40.73,42.2,39.48,37.17,35.1,34.6,31.34,13.64,16.51,26.37,25.9,23.55,32.31,33.59,33.55,43.53,44.09,35.32,32.7,34.99,44.09,50.0,55.0,51.67,51.0,49.84,44.9,20.44,15.84,16.32,16.99,10.88,20.0,38.71,49.86,49.4,48.04,48.7,48.7,48.29,48.5,48.7,48.1,50.05,59.94,86.35,56.21,58.8,35.1,32.53,35.04,31.89,31.21,29.28,22.94,19.99,29.38,37.92,53.04,53.17,51.42,50.41,50.75,51.65,50.43,58.15,64.46,64.98,67.39,66.19,65.49,58.42,55.0,53.25,41.99,40.0,34.94,33.46,32.08,33.54,35.38,46.23
32.1,33.23,34.37,46.53,52.26,49.72,43.3,53.91,56.07,49.98,42.61,46.28,47.04,63.27,60.0,43.3,45.72,40.73,42.2,39.48,37.17,35.1,34.6,31.34,13.64,16.51,26.37,25.9,23.55,32.31,33.59,33.55,43.53,44.09,35.32,32.7,34.99,44.09,50.0,55.0,51.67,51.0,49.84,44.9,20.44,15.84,16.32,16.99,10.88,20.0,38.71,49.86,49.4,48.04,48.7,48.7,48.29,48.5,48.7,48.1,50.05,59.94,86.35,56.21,58.8,35.1,32.53,35.04,31.89,31.21,29.28,22.94,19.99,29.38,37.92,53.04,53.17,51.42,50.41,50.75,51.65,50.43,58.15,64.46,64.98,67.39,66.19,65.49,58.42,55.0,53.25,41.99,40.0,34.94,33.46,32.08,33.54,35.38,46.23,62.05
33.23,34.37,46.53,52.26,49.72,43.3,53.91,56.07,49.98,42.61,46.28,47.04,63.27,60.0,43.3,45.72,40.73,42.2,39.48,37.17,35.1,34.6,31.34,13.64,16.51,26.37,25.9,23.55,32.31,33.59,33.55,43.53,44.09,35.32,32.7,34.99,44.09,50.0,55.0,51.67,51.0,49.84,44.9,20.44,15.84,16.32,16.99,10.88,20.0,38.71,49.86,49.4,48.04,48.7,48.7,48.29,48.5,48.7,48.1,50.05,59.94,86.35,56.21,58.8,35.1,32.53,35.04,31.89,31.21,29.28,22.94,19.99,29.38,37.92,53.04,53.17,51.42,50.41,50.75,51.65,50.43,58.15,64.46,64.98,67.39,66.19,65.49,58.42,55.0,53.25,41.99,40.0,34.94,33.46,32.08,33.54,35.38,46.23,62.05,63.76
34.37,46.53,52.26,49.72,43.3,53.91,56.07,49.98,42.61,46.28,47.04,63.27,60.0,43.3,45.72,40.73,42.2,39.48,37.17,35.1,34.6,31.34,13.64,16.51,26.37,25.9,23.55,32.31,33.59,33.55,43.53,44.09,35.32,32.7,34.99,44.09,50.0,55.0,51.67,51.0,49.84,44.9,20.44,15.84,16.32,16.99,10.88,20.0,38.71,49.86,49.4,48.04,48.7,48.7,48.29,48.5,48.7,48.1,50.05,59.94,86.35,56.21,58.8,35.1,32.53,35.04,31.89,31.21,29.28,22.94,19.99,29.38,37.92,53.04,53.17,51.42,50.41,50.75,51.65,50.43,58.15,64.46,64.98,67.39,66.19,65.49,58.42,55.0,53.25,41.99,40.0,34.94,33.46,32.08,33.54,35.38,46.23,62.05,63.76,64.36
46.53,52.26,49.72,43.3,53.91,56.07,49.98,42.61,46.28,47.04,63.27,60.0,43.3,45.72,40.73,42.2,39.48,37.17,35.1,34.6,31.34,13.64,16.51,26.37,25.9,23.55,32.31,33.59,33.55,43.53,44.09,35.32,32.7,34.99,44.09,50.0,55.0,51.67,51.0,49.84,44.9,20.44,15.84,16.32,16.99,10.88,20.0,38.71,49.86,49.4,48.04,48.7,48.7,48.29,48.5,48.7,48.1,50.05,59.94,86.35,56.21,58.8,35.1,32.53,35.04,31.89,31.21,29.28,22.94,19.99,29.38,37.92,53.04,53.17,51.42,50.41,50.75,51.65,50.43,58.15,64.46,64.98,67.39,66.19,65.49,58.42,55.0,53.25,41.99,40.0,34.94,33.46,32.08,33.54,35.38,46.23,62.05,63.76,64.36,64.43
52.26,49.72,43.3,53.91,56.07,49.98,42.61,46.28,47.04,63.27,60.0,43.3,45.72,40.73,42.2,39.48,37.17,35.1,34.6,31.34,13.64,16.51,26.37,25.9,23.55,32.31,33.59,33.55,43.53,44.09,35.32,32.7,34.99,44.09,50.0,55.0,51.67,51.0,49.84,44.9,20.44,15.84,16.32,16.99,10.88,20.0,38.71,49.86,49.4,48.04,48.7,48.7,48.29,48.5,48.7,48.1,50.05,59.94,86.35,56.21,58.8,35.1,32.53,35.04,31.89,31.21,29.28,22.94,19.99,29.38,37.92,53.04,53.17,51.42,50.41,50.75,51.65,50.43,58.15,64.46,64.98,67.39,66.19,65.49,58.42,55.0,53.25,41.99,40.0,34.94,33.46,32.08,33.54,35.38,46.23,62.05,63.76,64.36,64.43,65.46
49.72,43.3,53.91,56.07,49.98,42.61,46.28,47.04,63.27,60.0,43.3,45.72,40.73,42.2,39.48,37.17,35.1,34.6,31.34,13.64,16.51,26.37,25.9,23.55,32.31,33.59,33.55,43.53,44.09,35.32,32.7,34.99,44.09,50.0,55.0,51.67,51.0,49.84,44.9,20.44,15.84,16.32,16.99,10.88,20.0,38.71,49.86,49.4,48.04,48.7,48.7,48.29,48.5,48.7,48.1,50.05,59.94,86.35,56.21,58.8,35.1,32.53,35.04,31.89,31.21,29.28,22.94,19.99,29.38,37.92,53.04,53.17,51.42,50.41,50.75,51.65,50.43,58.15,64.46,64.98,67.39,66.19,65.49,58.42,55.0,53.25,41.99,40.0,34.94,33.46,32.08,33.54,35.38,46.23,62.05,63.76,64.36,64.43,65.46,59.07
43.3,53.91,56.07,49.98,42.61,46.28,47.04,63.27,60.0,43.3,45.72,40.73,42.2,39.48,37.17,35.1,34.6,31.34,13.64,16.51,26.37,25.9,23.55,32.31,33.59,33.55,43.53,44.09,35.32,32.7,34.99,44.09,50.0,55.0,51.67,51.0,49.84,44.9,20.44,15.84,16.32,16.99,10.88,20.0,38.71,49.86,49.4,48.04,48.7,48.7,48.29,48.5,48.7,48.1,50.05,59.94,86.35,56.21,58.8,35.1,32.53,35.04,31.89,31.21,29.28,22.94,19.99,29.38,37.92,53.04,53.17,51.42,50.41,50.75,51.65,50.43,58.15,64.46,64.98,67.39,66.19,65.49,58.42,55.0,53.25,41.99,40.0,34.94,33.46,32.08,33.54,35.38,46.23,62.05,63.76,64.36,64.43,65.46,59.07,58.98
53.91,56.07,49.98,42.61,46.28,47.04,63.27,60.0,43.3,45.72,40.73,42.2,39.48,37.17,35.1,34.6,31.34,13.64,16.51,26.37,25.9,23.55,32.31,33.59,33.55,43.53,44.09,35.32,32.7,34.99,44.09,50.0,55.0,51.67,51.0,49.84,44.9,20.44,15.84,16.32,16.99,10.88,20.0,38.71,49.86,49.4,48.04,48.7,48.7,48.29,48.5,48.7,48.1,50.05,59.94,86.35,56.21,58.8,35.1,32.53,35.04,31.89,31.21,29.28,22.94,19.99,29.38,37.92,53.04,53.17,51.42,50.41,50.75,51.65,50.43,58.15,64.46,64.98,67.39,66.19,65.49,58.42,55.0,53.25,41.99,40.0,34.94,33.46,32.08,33.54,35.38,46.23,62.05,63.76,64.36,64.43,65.46,59.07,58.98,58.5
56.07,49.98,42.61,46.28,47.04,63.27,60.0,43.3,45.72,40.73,42.2,39.48,37.17,35.1,34.6,31.34,13.64,16.51,26.37,25.9,23.55,32.31,33.59,33.55,43.53,44.09,35.32,32.7,34.99,44.09,50.0,55.0,51.67,51.0,49.84,44.9,20.44,15.84,16.32,16.99,10.88,20.0,38.71,49.86,49.4,48.04,48.7,48.7,48.29,48.5,48.7,48.1,50.05,59.94,86.35,56.21,58.8,35.1,32.53,35.04,31.89,31.21,29.28,22.94,19.99,29.38,37.92,53.04,53.17,51.42,50.41,50.75,51.65,50.43,58.15,64.46,64.98,67.39,66.19,65.49,58.42,55.0,53.25,41.99,40.0,34.94,33.46,32.08,33.54,35.38,46.23,62.05,63.76,64.36,64.43,65.46,59.07,58.98,58.5,58.93
49.98,42.61,46.28,47.04,63.27,60.0,43.3,45.72,40.73,42.2,39.48,37.17,35.1,34.6,31.34,13.64,16.51,26.37,25.9,23.55,32.31,33.59,33.55,43.53,44.09,35.32,32.7,34.99,44.09,50.0,55.0,51.67,51.0,49.84,44.9,20.44,15.84,16.32,16.99,10.88,20.0,38.71,49.86,49.4,48.04,48.7,48.7,48.29,48.5,48.7,48.1,50.05,59.94,86.35,56.21,58.8,35.1,32.53,35.04,31.89,31.21,29.28,22.94,19.99,29.38,37.92,53.04,53.17,51.42,50.41,50.75,51.65,50.43,58.15,64.46,64.98,67.39,66.19,65.49,58.42,55.0,53.25,41.99,40.0,34.94,33.46,32.08,33.54,35.38,46.23,62.05,63.76,64.36,64.43,65.46,59.07,58.98,58.5,58.93,59.0
42.61,46.28,47.04,63.27,60.0,43.3,45.72,40.73,42.2,39.48,37.17,35.1,34.6,31.34,13.64,16.51,26.37,25.9,23.55,32.31,33.59,33.55,43.53,44.09,35.32,32.7,34.99,44.09,50.0,55.0,51.67,51.0,49.84,44.9,20.44,15.84,16.32,16.99,10.88,20.0,38.71,49.86,49.4,48.04,48.7,48.7,48.29,48.5,48.7,48.1,50.05,59.94,86.35,56.21,58.8,35.1,32.53,35.04,31.89,31.21,29.28,22.94,19.99,29.38,37.92,53.04,53.17,51.42,50.41,50.75,51.65,50.43,58.15,64.46,64.98,67.39,66.19,65.49,58.42,55.0,53.25,41.99,40.0,34.94,33.46,32.08,33.54,35.38,46.23,62.05,63.76,64.36,64.43,65.46,59.07,58.98,58.5,58.93,59.0,64.38
46.28,47.04,63.27,60.0,43.3,45.72,40.73,42.2,39.48,37.17,35.1,34.6,31.34,13.64,16.51,26.37,25.9,23.55,32.31,33.59,33.55,43.53,44.09,35.32,32.7,34.99,44.09,50.0,55.0,51.67,51.0,49.84,44.9,20.44,15.84,16.32,16.99,10.88,20.0,38.71,49.86,49.4,48.04,48.7,48.7,48.29,48.5,48.7,48.1,50.05,59.94,86.35,56.21,58.8,35.1,32.53,35.04,31.89,31.21,29.28,22.94,19.99,29.38,37.92,53.04,53.17,51.42,50.41,50.75,51.65,50.43,58.15,64.46,64.98,67.39,66.19,65.49,58.42,55.0,53.25,41.99,40.0,34.94,33.46,32.08,33.54,35.38,46.23,62.05,63.76,64.36,64.43,65.46,59.07,58.98,58.5,58.93,59.0,64.38,66.9
47.04,63.27,60.0,43.3,45.72,40.73,42.2,39.48,37.17,35.1,34.6,31.34,13.64,16.51,26.37,25.9,23.55,32.31,33.59,33.55,43.53,44.09,35.32,32.7,34.99,44.09,50.0,55.0,51.67,51.0,49.84,44.9,20.44,15.84,16.32,16.99,10.88,20.0,38.71,49.86,49.4,48.04,48.7,48.7,48.29,48.5,48.7,48.1,50.05,59.94,86.35,56.21,58.8,35.1,32.53,35.04,31.89,31.21,29.28,22.94,19.99,29.38,37.92,53.04,53.17,51.42,50.41,50.75,51.65,50.43,58.15,64.46,64.98,67.39,66.19,65.49,58.42,55.0,53.25,41.99,40.0,34.94,33.46,32.08,33.54,35.38,46.23,62.05,63.76,64.36,64.43,65.46,59.07,58.98,58.5,58.93,59.0,64.38,66.9,63.91
63.27,60.0,43.3,45.72,40.73,42.2,39.48,37.17,35.1,34.6,31.34,13.64,16.51,26.37,25.9,23.55,32.31,33.59,33.55,43.53,44.09,35.32,32.7,34.99,44.09,50.0,55.0,51.67,51.0,49.84,44.9,20.44,15.84,16.32,16.99,10.88,20.0,38.71,49.86,49.4,48.04,48.7,48.7,48.29,48.5,48.7,48.1,50.05,59.94,86.35,56.21,58.8,35.1,32.53,35.04,31.89,31.21,29.28,22.94,19.99,29.38,37.92,53.04,53.17,51.42,50.41,50.75,51.65,50.43,58.15,64.46,64.98,67.39,66.19,65.49,58.42,55.0,53.25,41.99,40.0,34.94,33.46,32.08,33.54,35.38,46.23,62.05,63.76,64.36,64.43,65.46,59.07,58.98,58.5,58.93,59.0,64.38,66.9,63.91,56.78
60.0,43.3,45.72,40.73,42.2,39.48,37.17,35.1,34.6,31.34,13.64,16.51,26.37,25.9,23.55,32.31,33.59,33.55,43.53,44.09,35.32,32.7,34.99,44.09,50.0,55.0,51.67,51.0,49.84,44.9,20.44,15.84,16.32,16.99,10.88,20.0,38.71,49.86,49.4,48.04,48.7,48.7,48.29,48.5,48.7,48.1,50.05,59.94,86.35,56.21,58.8,35.1,32.53,35.04,31.89,31.21,29.28,22.94,19.99,29.38,37.92,53.04,53.17,51.42,50.41,50.75,51.65,50.43,58.15,64.46,64.98,67.39,66.19,65.49,58.42,55.0,53.25,41.99,40.0,34.94,33.46,32.08,33.54,35.38,46.23,62.05,63.76,64.36,64.43,65.46,59.07,58.98,58.5,58.93,59.0,64.38,66.9,63.91,56.78,50.08
43.3,45.72,40.73,42.2,39.48,37.17,35.1,34.6,31.34,13.64,16.51,26.37,25.9,23.55,32.31,33.59,33.55,43.53,44.09,35.32,32.7,34.99,44.09,50.0,55.0,51.67,51.0,49.84,44.9,20.44,15.84,16.32,16.99,10.88,20.0,38.71,49.86,49.4,48.04,48.7,48.7,48.29,48.5,48.7,48.1,50.05,59.94,86.35,56.21,58.8,35.1,32.53,35.04,31.89,31.21,29.28,22.94,19.99,29.38,37.92,53.04,53.17,51.42,50.41,50.75,51.65,50.43,58.15,64.46,64.98,67.39,66.19,65.49,58.42,55.0,53.25,41.99,40.0,34.94,33.46,32.08,33.54,35.38,46.23,62.05,63.76,64.36,64.43,65.46,59.07,58.98,58.5,58.93,59.0,64.38,66.9,63.91,56.78,50.08,48.36
45.72,40.73,42.2,39.48,37.17,35.1,34.6,31.34,13.64,16.51,26.37,25.9,23.55,32.31,33.59,33.55,43.53,44.09,35.32,32.7,34.99,44.09,50.0,55.0,51.67,51.0,49.84,44.9,20.44,15.84,16.32,16.99,10.88,20.0,38.71,49.86,49.4,48.04,48.7,48.7,48.29,48.5,48.7,48.1,50.05,59.94,86.35,56.21,58.8,35.1,32.53,35.04,31.89,31.21,29.28,22.94,19.99,29.38,37.92,53.04,53.17,51.42,50.41,50.75,51.65,50.43,58.15,64.46,64.98,67.39,66.19,65.49,58.42,55.0,53.25,41.99,40.0,34.94,33.46,32.08,33.54,35.38,46.23,62.05,63.76,64.36,64.43,65.46,59.07,58.98,58.5,58.93,59.0,64.38,66.9,63.91,56.78,50.08,48.36,45.0
40.73,42.2,39.48,37.17,35.1,34.6,31.34,13.64,16.51,26.37,25.9,23.55,32.31,33.59,33.55,43.53,44.09,35.32,32.7,34.99,44.09,50.0,55.0,51.67,51.0,49.84,44.9,20.44,15.84,16.32,16.99,10.88,20.0,38.71,49.86,49.4,48.04,48.7,48.7,48.29,48.5,48.7,48.1,50.05,59.94,86.35,56.21,58.8,35.1,32.53,35.04,31.89,31.21,29.28,22.94,19.99,29.38,37.92,53.04,53.17,51.42,50.41,50.75,51.65,50.43,58.15,64.46,64.98,67.39,66.19,65.49,58.42,55.0,53.25,41.99,40.0,34.94,33.46,32.08,33.54,35.38,46.23,62.05,63.76,64.36,64.43,65.46,59.07,58.98,58.5,58.93,59.0,64.38,66.9,63.91,56.78,50.08,48.36,45.0,32.66
42.2,39.48,37.17,35.1,34.6,31.34,13.64,16.51,26.37,25.9,23.55,32.31,33.59,33.55,43.53,44.09,35.32,32.7,34.99,44.09,50.0,55.0,51.67,51.0,49.84,44.9,20.44,15.84,16.32,16.99,10.88,20.0,38.71,49.86,49.4,48.04,48.7,48.7,48.29,48.5,48.7,48.1,50.05,59.94,86.35,56.21,58.8,35.1,32.53,35.04,31.89,31.21,29.28,22.94,19.99,29.38,37.92,53.04,53.17,51.42,50.41,50.75,51.65,50.43,58.15,64.46,64.98,67.39,66.19,65.49,58.42,55.0,53.25,41.99,40.0,34.94,33.46,32.08,33.54,35.38,46.23,62.05,63.76,64.36,64.43,65.46,59.07,58.98,58.5,58.93,59.0,64.38,66.9,63.91,56.78,50.08,48.36,45.0,32.66,31.61
39.48,37.17,35.1,34.6,31.34,13.64,16.51,26.37,25.9,23.55,32.31,33.59,33.55,43.53,44.09,35.32,32.7,34.99,44.09,50.0,55.0,51.67,51.0,49.84,44.9,20.44,15.84,16.32,16.99,10.88,20.0,38.71,49.86,49.4,48.04,48.7,48.7,48.29,48.5,48.7,48.1,50.05,59.94,86.35,56.21,58.8,35.1,32.53,35.04,31.89,31.21,29.28,22.94,19.99,29.38,37.92,53.04,53.17,51.42,50.41,50.75,51.65,50.43,58.15,64.46,64.98,67.39,66.19,65.49,58.42,55.0,53.25,41.99,40.0,34.94,33.46,32.08,33.54,35.38,46.23,62.05,63.76,64.36,64.43,65.46,59.07,58.98,58.5,58.93,59.0,64.38,66.9,63.91,56.78,50.08,48.36,45.0,32.66,31.61,30.8
37.17,35.1,34.6,31.34,13.64,16.51,26.37,25.9,23.55,32.31,33.59,33.55,43.53,44.09,35.32,32.7,34.99,44.09,50.0,55.0,51.67,51.0,49.84,44.9,20.44,15.84,16.32,16.99,10.88,20.0,38.71,49.86,49.4,48.04,48.7,48.7,48.29,48.5,48.7,48.1,50.05,59.94,86.35,56.21,58.8,35.1,32.53,35.04,31.89,31.21,29.28,22.94,19.99,29.38,37.92,53.04,53.17,51.42,50.41,50.75,51.65,50.43,58.15,64.46,64.98,67.39,66.19,65.49,58.42,55.0,53.25,41.99,40.0,34.94,33.46,32.08,33.54,35.38,46.23,62.05,63.76,64.36,64.43,65.46,59.07,58.98,58.5,58.93,59.0,64.38,66.9,63.91,56.78,50.08,48.36,45.0,32.66,31.61,30.8,29.58
35.1,34.6,31.34,13.64,16.51,26.37,25.9,23.55,32.31,33.59,33.55,43.53,44.09,35.32,32.7,34.99,44.09,50.0,55.0,51.67,51.0,49.84,44.9,20.44,15.84,16.32,16.99,10.88,20.0,38.71,49.86,49.4,48.04,48.7,48.7,48.29,48.5,48.7,48.1,50.05,59.94,86.35,56.21,58.8,35.1,32.53,35.04,31.89,31.21,29.28,22.94,19.99,29.38,37.92,53.04,53.17,51.42,50.41,50.75,51.65,50.43,58.15,64.46,64.98,67.39,66.19,65.49,58.42,55.0,53.25,41.99,40.0,34.94,33.46,32.08,33.54,35.38,46.23,62.05,63.76,64.36,64.43,65.46,59.07,58.98,58.5,58.93,59.0,64.38,66.9,63.91,56.78,50.08,48.36,45.0,32.66,31.61,30.8,29.58,29.76
34.6,31.34,13.64,16.51,26.37,25.9,23.55,32.31,33.59,33.55,43.53,44.09,35.32,32.7,34.99,44.09,50.0,55.0,51.67,51.0,49.84,44.9,20.44,15.84,16.32,16.99,10.88,20.0,38.71,49.86,49.4,48.04,48.7,48.7,48.29,48.5,48.7,48.1,50.05,59.94,86.35,56.21,58.8,35.1,32.53,35.04,31.89,31.21,29.28,22.94,19.99,29.38,37.92,53.04,53.17,51.42,50.41,50.75,51.65,50.43,58.15,64.46,64.98,67.39,66.19,65.49,58.42,55.0,53.25,41.99,40.0,34.94,33.46,32.08,33.54,35.38,46.23,62.05,63.76,64.36,64.43,65.46,59.07,58.98,58.5,58.93,59.0,64.38,66.9,63.91,56.78,50.08,48.36,45.0,32.66,31.61,30.8,29.58,29.76,32.44
31.34,13.64,16.51,26.37,25.9,23.55,32.31,33.59,33.55,43.53,44.09,35.32,32.7,34.99,44.09,50.0,55.0,51.67,51.0,49.84,44.9,20.44,15.84,16.32,16.99,10.88,20.0,38.71,49.86,49.4,48.04,48.7,48.7,48.29,48.5,48.7,48.1,50.05,59.94,86.35,56.21,58.8,35.1,32.53,35.04,31.89,31.21,29.28,22.94,19.99,29.38,37.92,53.04,53.17,51.42,50.41,50.75,51.65,50.43,58.15,64.46,64.98,67.39,66.19,65.49,58.42,55.0,53.25,41.99,40.0,34.94,33.46,32.08,33.54,35.38,46.23,62.05,63.76,64.36,64.43,65.46,59.07,58.98,58.5,58.93,59.0,64.38,66.9,63.91,56.78,50.08,48.36,45.0,32.66,31.61,30.8,29.58,29.76,32.44,45.31
13.64,16.51,26.37,25.9,23.55,32.31,33.59,33.55,43.53,44.09,35.32,32.7,34.99,44.09,50.0,55.0,51.67,51.0,49.84,44.9,20.44,15.84,16.32,16.99,10.88,20.0,38.71,49.86,49.4,48.04,48.7,48.7,48.29,48.5,48.7,48.1,50.05,59.94,86.35,56.21,58.8,35.1,32.53,35.04,31.89,31.21,29.28,22.94,19.99,29.38,37.92,53.04,53.17,51.42,50.41,50.75,51.65,50.43,58.15,64.46,64.98,67.39,66.19,65.49,58.42,55.0,53.25,41.99,40.0,34.94,33.46,32.08,33.54,35.38,46.23,62.05,63.76,64.36,64.43,65.46,59.07,58.98,58.5,58.93,59.0,64.38,66.9,63.91,56.78,50.08,48.36,45.0,32.66,31.61,30.8,29.58,29.76,32.44,45.31,55.03
16.51,26.37,25.9,23.55,32.31,33.59,33.55,43.53,44.09,35.32,32.7,34.99,44.09,50.0,55.0,51.67,51.0,49.84,44.9,20.44,15.84,16.32,16.99,10.88,20.0,38.71,49.86,49.4,48.04,48.7,48.7,48.29,48.5,48.7,48.1,50.05,59.94,86.35,56.21,58.8,35.1,32.53,35.04,31.89,31.21,29.28,22.94,19.99,29.38,37.92,53.04,53.17,51.42,50.41,50.75,51.65,50.43,58.15,64.46,64.98,67.39,66.19,65.49,58.42,55.0,53.25,41.99,40.0,34.94,33.46,32.08,33.54,35.38,46.23,62.05,63.76,64.36,64.43,65.46,59.07,58.98,58.5,58.93,59.0,64.38,66.9,63.91,56.78,50.08,48.36,45.0,32.66,31.61,30.8,29.58,29.76,32.44,45.31,55.03,56.83
26.37,25.9,23.55,32.31,33.59,33.55,43.53,44.09,35.32,32.7,34.99,44.09,50.0,55.0,51.67,51.0,49.84,44.9,20.44,15.84,16.32,16.99,10.88,20.0,38.71,49.86,49.4,48.04,48.7,48.7,48.29,48.5,48.7,48.1,50.05,59.94,86.35,56.21,58.8,35.1,32.53,35.04,31.89,31.21,29.28,22.94,19.99,29.38,37.92,53.04,53.17,51.42,50.41,50.75,51.65,50.43,58.15,64.46,64.98,67.39,66.19,65.49,58.42,55.0,53.25,41.99,40.0,34.94,33.46,32.08,33.54,35.38,46.23,62.05,63.76,64.36,64.43,65.46,59.07,58.98,58.5,58.93,59.0,64.38,66.9,63.91,56.78,50.08,48.36,45.0,32.66,31.61,30.8,29.58,29.76,32.44,45.31,55.03,56.83,56.54
25.9,23.55,32.31,33.59,33.55,43.53,44.09,35.32,32.7,34.99,44.09,50.0,55.0,51.67,51.0,49.84,44.9,20.44,15.84,16.32,16.99,10.88,20.0,38.71,49.86,49.4,48.04,48.7,48.7,48.29,48.5,48.7,48.1,50.05,59.94,86.35,56.21,58.8,35.1,32.53,35.04,31.89,31.21,29.28,22.94,19.99,29.38,37.92,53.04,53.17,51.42,50.41,50.75,51.65,50.43,58.15,64.46,64.98,67.39,66.19,65.49,58.42,55.0,53.25,41.99,40.0,34.94,33.46,32.08,33.54,35.38,46.23,62.05,63.76,64.36,64.43,65.46,59.07,58.98,58.5,58.93,59.0,64.38,66.9,63.91,56.78,50.08,48.36,45.0,32.66,31.61,30.8,29.58,29.76,32.44,45.31,55.03,56.83,56.54,55.63
23.55,32.31,33.59,33.55,43.53,44.09,35.32,32.7,34.99,44.09,50.0,55.0,51.67,51.0,49.84,44.9,20.44,15.84,16.32,16.99,10.88,20.0,38.71,49.86,49.4,48.04,48.7,48.7,48.29,48.5,48.7,48.1,50.05,59.94,86.35,56.21,58.8,35.1,32.53,35.04,31.89,31.21,29.28,22.94,19.99,29.38,37.92,53.04,53.17,51.42,50.41,50.75,51.65,50.43,58.15,64.46,64.98,67.39,66.19,65.49,58.42,55.0,53.25,41.99,40.0,34.94,33.46,32.08,33.54,35.38,46.23,62.05,63.76,64.36,64.43,65.46,59.07,58.98,58.5,58.93,59.0,64.38,66.9,63.91,56.78,50.08,48.36,45.0,32.66,31.61,30.8,29.58,29.76,32.44,45.31,55.03,56.83,56.54,55.63,55.96
32.31,33.59,33.55,43.53,44.09,35.32,32.7,34.99,44.09,50.0,55.0,51.67,51.0,49.84,44.9,20.44,15.84,16.32,16.99,10.88,20.0,38.71,49.86,49.4,48.04,48.7,48.7,48.29,48.5,48.7,48.1,50.05,59.94,86.35,56.21,58.8,35.1,32.53,35.04,31.89,31.21,29.28,22.94,19.99,29.38,37.92,53.04,53.17,51.42,50.41,50.75,51.65,50.43,58.15,64.46,64.98,67.39,66.19,65.49,58.42,55.0,53.25,41.99,40.0,34.94,33.46,32.08,33.54,35.38,46.23,62.05,63.76,64.36,64.43,65.46,59.07,58.98,58.5,58.93,59.0,64.38,66.9,63.91,56.78,50.08,48.36,45.0,32.66,31.61,30.8,29.58,29.76,32.44,45.31,55.03,56.83,56.54,55.63,55.96,52.9
33.59,33.55,43.53,44.09,35.32,32.7,34.99,44.09,50.0,55.0,51.67,51.0,49.84,44.9,20.44,15.84,16.32,16.99,10.88,20.0,38.71,49.86,49.4,48.04,48.7,48.7,48.29,48.5,48.7,48.1,50.05,59.94,86.35,56.21,58.8,35.1,32.53,35.04,31.89,31.21,29.28,22.94,19.99,29.38,37.92,53.04,53.17,51.42,50.41,50.75,51.65,50.43,58.15,64.46,64.98,67.39,66.19,65.49,58.42,55.0,53.25,41.99,40.0,34.94,33.46,32.08,33.54,35.38,46.23,62.05,63.76,64.36,64.43,65.46,59.07,58.98,58.5,58.93,59.0,64.38,66.9,63.91,56.78,50.08,48.36,45.0,32.66,31.61,30.8,29.58,29.76,32.44,45.31,55.03,56.83,56.54,55.63,55.96,52.9,53.6
33.55,43.53,44.09,35.32,32.7,34.99,44.09,50.0,55.0,51.67,51.0,49.84,44.9,20.44,15.84,16.32,16.99,10.88,20.0,38.71,49.86,49.4,48.04,48.7,48.7,48.29,48.5,48.7,48.1,50.05,59.94,86.35,56.21,58.8,35.1,32.53,35.04,31.89,31.21,29.28,22.94,19.99,29.38,37.92,53.04,53.17,51.42,50.41,50.75,51.65,50.43,58.15,64.46,64.98,67.39,66.19,65.49,58.42,55.0,53.25,41.99,40.0,34.94,33.46,32.08,33.54,35.38,46.23,62.05,63.76,64.36,64.43,65.46,59.07,58.98,58.5,58.93,59.0,64.38,66.9,63.91,56.78,50.08,48.36,45.0,32.66,31.61,30.8,29.58,29.76,32.44,45.31,55.03,56.83,56.54,55.63,55.96,52.9,53.6,54.14
43.53,44.09,35.32,32.7,34.99,44.09,50.0,55.0,51.67,51.0,49.84,44.9,20.44,15.84,16.32,16.99,10.88,20.0,38.71,49.86,49.4,48.04,48.7,48.7,48.29,48.5,48.7,48.1,50.05,59.94,86.35,56.21,58.8,35.1,32.53,35.04,31.89,31.21,29.28,22.94,19.99,29.38,37.92,53.04,53.17,51.42,50.41,50.75,51.65,50.43,58.15,64.46,64.98,67.39,66.19,65.49,58.42,55.0,53.25,41.99,40.0,34.94,33.46,32.08,33.54,35.38,46.23,62.05,63.76,64.36,64.43,65.46,59.07,58.98,58.5,58.93,59.0,64.38,66.9,63.91,56.78,50.08,48.36,45.0,32.66,31.61,30.8,29.58,29.76,32.44,45.31,55.03,56.83,56.54,55.63,55.96,52.9,53.6,54.14,55.17
44.09,35.32,32.7,34.99,44.09,50.0,55.0,51.67,51.0,49.84,44.9,20.44,15.84,16.32,16.99,10.88,20.0,38.71,49.86,49.4,48.04,48.7,48.7,48.29,48.5,48.7,48.1,50.05,59.94,86.35,56.21,58.8,35.1,32.53,35.04,31.89,31.21,29.28,22.94,19.99,29.38,37.92,53.04,53.17,51.42,50.41,50.75,51.65,50.43,58.15,64.46,64.98,67.39,66.19,65.49,58.42,55.0,53.25,41.99,40.0,34.94,33.46,32.08,33.54,35.38,46.23,62.05,63.76,64.36,64.43,65.46,59.07,58.98,58.5,58.93,59.0,64.38,66.9,63.91,56.78,50.08,48.36,45.0,32.66,31.61,30.8,29.58,29.76,32.44,45.31,55.03,56.83,56.54,55.63,55.96,52.9,53.6,54.14,55.17,57.04
35.32,32.7,34.99,44.09,50.0,55.0,51.67,51.0,49.84,44.9,20.44,15.84,16.32,16.99,10.88,20.0,38.71,49.86,49.4,48.04,48.7,48.7,48.29,48.5,48.7,48.1,50.05,59.94,86.35,56.21,58.8,35.1,32.53,35.04,31.89,31.21,29.28,22.94,19.99,29.38,37.92,53.04,53.17,51.42,50.41,50.75,51.65,50.43,58.15,64.46,64.98,67.39,66.19,65.49,58.42,55.0,53.25,41.99,40.0,34.94,33.46,32.08,33.54,35.38,46.23,62.05,63.76,64.36,64.43,65.46,59.07,58.98,58.5,58.93,59.0,64.38,66.9,63.91,56.78,50.08,48.36,45.0,32.66,31.61,30.8,29.58,29.76,32.44,45.31,55.03,56.83,56.54,55.63,55.96,52.9,53.6,54.14,55.17,57.04,60.79
32.7,34.99,44.09,50.0,55.0,51.67,51.0,49.84,44.9,20.44,15.84,16.32,16.99,10.88,20.0,38.71,49.86,49.4,48.04,48.7,48.7,48.29,48.5,48.7,48.1,50.05,59.94,86.35,56.21,58.8,35.1,32.53,35.04,31.89,31.21,29.28,22.94,19.99,29.38,37.92,53.04,53.17,51.42,50.41,50.75,51.65,50.43,58.15,64.46,64.98,67.39,66.19,65.49,58.42,55.0,53.25,41.99,40.0,34.94,33.46,32.08,33.54,35.38,46.23,62.05,63.76,64.36,64.43,65.46,59.07,58.98,58.5,58.93,59.0,64.38,66.9,63.91,56.78,50.08,48.36,45.0,32.66,31.61,30.8,29.58,29.76,32.44,45.31,55.03,56.83,56.54,55.63,55.96,52.9,53.6,54.14,55.17,57.04,60.79,64.81
34.99,44.09,50.0,55.0,51.67,51.0,49.84,44.9,20.44,15.84,16.32,16.99,10.88,20.0,38.71,49.86,49.4,48.04,48.7,48.7,48.29,48.5,48.7,48.1,50.05,59.94,86.35,56.21,58.8,35.1,32.53,35.04,31.89,31.21,29.28,22.94,19.99,29.38,37.92,53.04,53.17,51.42,50.41,50.75,51.65,50.43,58.15,64.46,64.98,67.39,66.19,65.49,58.42,55.0,53.25,41.99,40.0,34.94,33.46,32.08,33.54,35.38,46.23,62.05,63.76,64.36,64.43,65.46,59.07,58.98,58.5,58.93,59.0,64.38,66.9,63.91,56.78,50.08,48.36,45.0,32.66,31.61,30.8,29.58,29.76,32.44,45.31,55.03,56.83,56.54,55.63,55.96,52.9,53.6,54.14,55.17,57.04,60.79,64.81,62.65
44.09,50.0,55.0,51.67,51.0,49.84,44.9,20.44,15.84,16.32,16.99,10.88,20.0,38.71,49.86,49.4,48.04,48.7,48.7,48.29,48.5,48.7,48.1,50.05,59.94,86.35,56.21,58.8,35.1,32.53,35.04,31.89,31.21,29.28,22.94,19.99,29.38,37.92,53.04,53.17,51.42,50.41,50.75,51.65,50.43,58.15,64.46,64.98,67.39,66.19,65.49,58.42,55.0,53.25,41.99,40.0,34.94,33.46,32.08,33.54,35.38,46.23,62.05,63.76,64.36,64.43,65.46,59.07,58.98,58.5,58.93,59.0,64.38,66.9,63.91,56.78,50.08,48.36,45.0,32.66,31.61,30.8,29.58,29.76,32.44,45.31,55.03,56.83,56.54,55.63,55.96,52.9,53.6,54.14,55.17,57.04,60.79,64.81,62.65,61.59
50.0,55.0,51.67,51.0,49.84,44.9,20.44,15.84,16.32,16.99,10.88,20.0,38.71,49.86,49.4,48.04,48.7,48.7,48.29,48.5,48.7,48.1,50.05,59.94,86.35,56.21,58.8,35.1,32.53,35.04,31.89,31.21,29.28,22.94,19.99,29.38,37.92,53.04,53.17,51.42,50.41,50.75,51.65,50.43,58.15,64.46,64.98,67.39,66.19,65.49,58.42,55.0,53.25,41.99,40.0,34.94,33.46,32.08,33.54,35.38,46.23,62.05,63.76,64.36,64.43,65.46,59.07,58.98,58.5,58.93,59.0,64.38,66.9,63.91,56.78,50.08,48.36,45.0,32.66,31.61,30.8,29.58,29.76,32.44,45.31,55.03,56.83,56.54,55.63,55.96,52.9,53.6,54.14,55.17,57.04,60.79,64.81,62.65,61.59,52.87
55.0,51.67,51.0,49.84,44.9,20.44,15.84,16.32,16.99,10.88,20.0,38.71,49.86,49.4,48.04,48.7,48.7,48.29,48.5,48.7,48.1,50.05,59.94,86.35,56.21,58.8,35.1,32.53,35.04,31.89,31.21,29.28,22.94,19.99,29.38,37.92,53.04,53.17,51.42,50.41,50.75,51.65,50.43,58.15,64.46,64.98,67.39,66.19,65.49,58.42,55.0,53.25,41.99,40.0,34.94,33.46,32.08,33.54,35.38,46.23,62.05,63.76,64.36,64.43,65.46,59.07,58.98,58.5,58.93,59.0,64.38,66.9,63.91,56.78,50.08,48.36,45.0,32.66,31.61,30.8,29.58,29.76,32.44,45.31,55.03,56.83,56.54,55.63,55.96,52.9,53.6,54.14,55.17,57.04,60.79,64.81,62.65,61.59,52.87,50.26
51.67,51.0,49.84,44.9,20.44,15.84,16.32,16.99,10.88,20.0,38.71,49.86,49.4,48.04,48.7,48.7,48.29,48.5,48.7,48.1,50.05,59.94,86.35,56.21,58.8,35.1,32.53,35.04,31.89,31.21,29.28,22.94,19.99,29.38,37.92,53.04,53.17,51.42,50.41,50.75,51.65,50.43,58.15,64.46,64.98,67.39,66.19,65.49,58.42,55.0,53.25,41.99,40.0,34.94,33.46,32.08,33.54,35.38,46.23,62.05,63.76,64.36,64.43,65.46,59.07,58.98,58.5,58.93,59.0,64.38,66.9,63.91,56.78,50.08,48.36,45.0,32.66,31.61,30.8,29.58,29.76,32.44,45.31,55.03,56.83,56.54,55.63,55.96,52.9,53.6,54.14,55.17,57.04,60.79,64.81,62.65,61.59,52.87,50.26,47.32
51.0,49.84,44.9,20.44,15.84,16.32,16.99,10.88,20.0,38.71,49.86,49.4,48.04,48.7,48.7,48.29,48.5,48.7,48.1,50.05,59.94,86.35,56.21,58.8,35.1,32.53,35.04,31.89,31.21,29.28,22.94,19.99,29.38,37.92,53.04,53.17,51.42,50.41,50.75,51.65,50.43,58.15,64.46,64.98,67.39,66.19,65.49,58.42,55.0,53.25,41.99,40.0,34.94,33.46,32.08,33.54,35.38,46.23,62.05,63.76,64.36,64.43,65.46,59.07,58.98,58.5,58.93,59.0,64.38,66.9,63.91,56.78,50.08,48.36,45.0,32.66,31.61,30.8,29.58,29.76,32.44,45.31,55.03,56.83,56.54,55.63,55.96,52.9,53.6,54.14,55.17,57.04,60.79,64.81,62.65,61.59,52.87,50.26,47.32,35.23
49.84,44.9,20.44,15.84,16.32,16.99,10.88,20.0,38.71,49.86,49.4,48.04,48.7,48.7,48.29,48.5,48.7,48.1,50.05,59.94,86.35,56.21,58.8,35.1,32.53,35.04,31.89,31.21,29.28,22.94,19.99,29.38,37.92,53.04,53.17,51.42,50.41,50.75,51.65,50.43,58.15,64.46,64.98,67.39,66.19,65.49,58.42,55.0,53.25,41.99,40.0,34.94,33.46,32.08,33.54,35.38,46.23,62.05,63.76,64.36,64.43,65.46,59.07,58.98,58.5,58.93,59.0,64.38,66.9,63.91,56.78,50.08,48.36,45.0,32.66,31.61,30.8,29.58,29.76,32.44,45.31,55.03,56.83,56.54,55.63,55.96,52.9,53.6,54.14,55.17,57.04,60.79,64.81,62.65,61.59,52.87,50.26,47.32,35.23,32.99
44.9,20.44,15.84,16.32,16.99,10.88,20.0,38.71,49.86,49.4,48.04,48.7,48.7,48.29,48.5,48.7,48.1,50.05,59.94,86.35,56.21,58.8,35.1,32.53,35.04,31.89,31.21,29.28,22.94,19.99,29.38,37.92,53.04,53.17,51.42,50.41,50.75,51.65,50.43,58.15,64.46,64.98,67.39,66.19,65.49,58.42,55.0,53.25,41.99,40.0,34.94,33.46,32.08,33.54,35.38,46.23,62.05,63.76,64.36,64.43,65.46,59.07,58.98,58.5,58.93,59.0,64.38,66.9,63.91,56.78,50.08,48.36,45.0,32.66,31.61,30.8,29.58,29.76,32.44,45.31,55.03,56.83,56.54,55.63,55.96,52.9,53.6,54.14,55.17,57.04,60.79,64.81,62.65,61.59,52.87,50.26,47.32,35.23,32.99,32.02
20.44,15.84,16.32,16.99,10.88,20.0,38.71,49.86,49.4,48.04,48.7,48.7,48.29,48.5,48.7,48.1,50.05,59.94,86.35,56.21,58.8,35.1,32.53,35.04,31.89,31.21,29.28,22.94,19.99,29.38,37.92,53.04,53.17,51.42,50.41,50.75,51.65,50.43,58.15,64.46,64.98,67.39,66.19,65.49,58.42,55.0,53.25,41.99,40.0,34.94,33.46,32.08,33.54,35.38,46.23,62.05,63.76,64.36,64.43,65.46,59.07,58.98,58.5,58.93,59.0,64.38,66.9,63.91,56.78,50.08,48.36,45.0,32.66,31.61,30.8,29.58,29.76,32.44,45.31,55.03,56.83,56.54,55.63,55.96,52.9,53.6,54.14,55.17,57.04,60.79,64.81,62.65,61.59,52.87,50.26,47.32,35.23,32.99,32.02,31.05
15.84,16.32,16.99,10.88,20.0,38.71,49.86,49.4,48.04,48.7,48.7,48.29,48.5,48.7,48.1,50.05,59.94,86.35,56.21,58.8,35.1,32.53,35.04,31.89,31.21,29.28,22.94,19.99,29.38,37.92,53.04,53.17,51.42,50.41,50.75,51.65,50.43,58.15,64.46,64.98,67.39,66.19,65.49,58.42,55.0,53.25,41.99,40.0,34.94,33.46,32.08,33.54,35.38,46.23,62.05,63.76,64.36,64.43,65.46,59.07,58.98,58.5,58.93,59.0,64.38,66.9,63.91,56.78,50.08,48.36,45.0,32.66,31.61,30.8,29.58,29.76,32.44,45.31,55.03,56.83,56.54,55.63,55.96,52.9,53.6,54.14,55.17,57.04,60.79,64.81,62.65,61.59,52.87,50.26,47.32,35.23,32.99,32.02,31.05,31.18
16.32,16.99,10.88,20.0,38.71,49.86,49.4,48.04,48.7,48.7,48.29,48.5,48.7,48.1,50.05,59.94,86.35,56.21,58.8,35.1,32.53,35.04,31.89,31.21,29.28,22.94,19.99,29.38,37.92,53.04,53.17,51.42,50.41,50.75,51.65,50.43,58.15,64.46,64.98,67.39,66.19,65.49,58.42,55.0,53.25,41.99,40.0,34.94,33.46,32.08,33.54,35.38,46.23,62.05,63.76,64.36,64.43,65.46,59.07,58.98,58.5,58.93,59.0,64.38,66.9,63.91,56.78,50.08,48.36,45.0,32.66,31.61,30.8,29.58,29.76,32.44,45.31,55.03,56.83,56.54,55.63,55.96,52.9,53.6,54.14,55.17,57.04,60.79,64.81,62.65,61.59,52.87,50.26,47.32,35.23,32.99,32.02,31.05,31.18,34.85
16.99,10.88,20.0,38.71,49.86,49.4,48.04,48.7,48.7,48.29,48.5,48.7,48.1,50.05,59.94,86.35,56.21,58.8,35.1,32.53,35.04,31.89,31.21,29.28,22.94,19.99,29.38,37.92,53.04,53.17,51.42,50.41,50.75,51.65,50.43,58.15,64.46,64.98,67.39,66.19,65.49,58.42,55.0,53.25,41.99,40.0,34.94,33.46,32.08,33.54,35.38,46.23,62.05,63.76,64.36,64.43,65.46,59.07,58.98,58.5,58.93,59.0,64.38,66.9,63.91,56.78,50.08,48.36,45.0,32.66,31.61,30.8,29.58,29.76,32.44,45.31,55.03,56.83,56.54,55.63,55.96,52.9,53.6,54.14,55.17,57.04,60.79,64.81,62.65,61.59,52.87,50.26,47.32,35.23,32.99,32.02,31.05,31.18,34.85,44.77
10.88,20.0,38.71,49.86,49.4,48.04,48.7,48.7,48.29,48.5,48.7,48.1,50.05,59.94,86.35,56.21,58.8,35.1,32.53,35.04,31.89,31.21,29.28,22.94,19.99,29.38,37.92,53.04,53.17,51.42,50.41,50.75,51.65,50.43,58.15,64.46,64.98,67.39,66.19,65.49,58.42,55.0,53.25,41.99,40.0,34.94,33.46,32.08,33.54,35.38,46.23,62.05,63.76,64.36,64.43,65.46,59.07,58.98,58.5,58.93,59.0,64.38,66.9,63.91,56.78,50.08,48.36,45.0,32.66,31.61,30.8,29.58,29.76,32.44,45.31,55.03,56.83,56.54,55.63,55.96,52.9,53.6,54.14,55.17,57.04,60.79,64.81,62.65,61.59,52.87,50.26,47.32,35.23,32.99,32.02,31.05,31.18,34.85,44.77,57.96
20.0,38.71,49.86,49.4,48.04,48.7,48.7,48.29,48.5,48.7,48.1,50.05,59.94,86.35,56.21,58.8,35.1,32.53,35.04,31.89,31.21,29.28,22.94,19.99,29.38,37.92,53.04,53.17,51.42,50.41,50.75,51.65,50.43,58.15,64.46,64.98,67.39,66.19,65.49,58.42,55.0,53.25,41.99,40.0,34.94,33.46,32.08,33.54,35.38,46.23,62.05,63.76,64.36,64.43,65.46,59.07,58.98,58.5,58.93,59.0,64.38,66.9,63.91,56.78,50.08,48.36,45.0,32.66,31.61,30.8,29.58,29.76,32.44,45.31,55.03,56.83,56.54,55.63,55.96,52.9,53.6,54.14,55.17,57.04,60.79,64.81,62.65,61.59,52.87,50.26,47.32,35.23,32.99,32.02,31.05,31.18,34.85,44.77,57.96,64.16
38.71,49.86,49.4,48.04,48.7,48.7,48.29,48.5,48.7,48.1,50.05,59.94,86.35,56.21,58.8,35.1,32.53,35.04,31.89,31.21,29.28,22.94,19.99,29.38,37.92,53.04,53.17,51.42,50.41,50.75,51.65,50.43,58.15,64.46,64.98,67.39,66.19,65.49,58.42,55.0,53.25,41.99,40.0,34.94,33.46,32.08,33.54,35.38,46.23,62.05,63.76,64.36,64.43,65.46,59.07,58.98,58.5,58.93,59.0,64.38,66.9,63.91,56.78,50.08,48.36,45.0,32.66,31.61,30.8,29.58,29.76,32.44,45.31,55.03,56.83,56.54,55.63,55.96,52.9,53.6,54.14,55.17,57.04,60.79,64.81,62.65,61.59,52.87,50.26,47.32,35.23,32.99,32.02,31.05,31.18,34.85,44.77,57.96,64.16,62.76
49.86,49.4,48.04,48.7,48.7,48.29,48.5,48.7,48.1,50.05,59.94,86.35,56.21,58.8,35.1,32.53,35.04,31.89,31.21,29.28,22.94,19.99,29.38,37.92,53.04,53.17,51.42,50.41,50.75,51.65,50.43,58.15,64.46,64.98,67.39,66.19,65.49,58.42,55.0,53.25,41.99,40.0,34.94,33.46,32.08,33.54,35.38,46.23,62.05,63.76,64.36,64.43,65.46,59.07,58.98,58.5,58.93,59.0,64.38,66.9,63.91,56.78,50.08,48.36,45.0,32.66,31.61,30.8,29.58,29.76,32.44,45.31,55.03,56.83,56.54,55.63,55.96,52.9,53.6,54.14,55.17,57.04,60.79,64.81,62.65,61.59,52.87,50.26,47.32,35.23,32.99,32.02,31.05,31.18,34.85,44.77,57.96,64.16,62.76,59.77
49.4,48.04,48.7,48.7,48.29,48.5,48.7,48.1,50.05,59.94,86.35,56.21,58.8,35.1,32.53,35.04,31.89,31.21,29.28,22.94,19.99,29.38,37.92,53.04,53.17,51.42,50.41,50.75,51.65,50.43,58.15,64.46,64.98,67.39,66.19,65.49,58.42,55.0,53.25,41.99,40.0,34.94,33.46,32.08,33.54,35.38,46.23,62.05,63.76,64.36,64.43,65.46,59.07,58.98,58.5,58.93,59.0,64.38,66.9,63.91,56.78,50.08,48.36,45.0,32.66,31.61,30.8,29.58,29.76,32.44,45.31,55.03,56.83,56.54,55.63,55.96,52.9,53.6,54.14,55.17,57.04,60.79,64.81,62.65,61.59,52.87,50.26,47.32,35.23,32.99,32.02,31.05,31.18,34.85,44.77,57.96,64.16,62.76,59.77,59.18
48.04,48.7,48.7,48.29,48.5,48.7,48.1,50.05,59.94,86.35,56.21,58.8,35.1,32.53,35.04,31.89,31.21,29.28,22.94,19.99,29.38,37.92,53.04,53.17,51.42,50.41,50.75,51.65,50.43,58.15,64.46,64.98,67.39,66.19,65.49,58.42,55.0,53.25,41.99,40.0,34.94,33.46,32.08,33.54,35.38,46.23,62.05,63.76,64.36,64.43,65.46,59.07,58.98,58.5,58.93,59.0,64.38,66.9,63.91,56.78,50.08,48.36,45.0,32.66,31.61,30.8,29.58,29.76,32.44,45.31,55.03,56.83,56.54,55.63,55.96,52.9,53.6,54.14,55.17,57.04,60.79,64.81,62.65,61.59,52.87,50.26,47.32,35.23,32.99,32.02,31.05,31.18,34.85,44.77,57.96,64.16,62.76,59.77,59.18,58.13
48.7,48.7,48.29,48.5,48.7,48.1,50.05,59.94,86.35,56.21,58.8,35.1,32.53,35.04,31.89,31.21,29.28,22.94,19.99,29.38,37.92,53.04,53.17,51.42,50.41,50.75,51.65,50.43,58.15,64.46,64.98,67.39,66.19,65.49,58.42,55.0,53.25,41.99,40.0,34.94,33.46,32.08,33.54,35.38,46.23,62.05,63.76,64.36,64.43,65.46,59.07,58.98,58.5,58.93,59.0,64.38,66.9,63.91,56.78,50.08,48.36,45.0,32.66,31.61,30.8,29.58,29.76,32.44,45.31,55.03,56.83,56.54,55.63,55.96,52.9,53.6,54.14,55.17,57.04,60.79,64.81,62.65,61.59,52.87,50.26,47.32,35.23,32.99,32.02,31.05,31.18,34.85,44.77,57.96,64.16,62.76,59.77,59.18,58.13,56.45
48.7,48.29,48.5,48.7,48.1,50.05,59.94,86.35,56.21,58.8,35.1,32.53,35.04,31.89,31.21,29.28,22.94,19.99,29.38,37.92,53.04,53.17,51.42,50.41,50.75,51.65,50.43,58.15,64.46,64.98,67.39,66.19,65.49,58.42,55.0,53.25,41.99,40.0,34.94,33.46,32.08,33.54,35.38,46.23,62.05,63.76,64.36,64.43,65.46,59.07,58.98,58.5,58.93,59.0,64.38,66.9,63.91,56.78,50.08,48.36,45.0,32.66,31.61,30.8,29.58,29.76,32.44,45.31,55.03,56.83,56.54,55.63,55.96,52.9,53.6,54.14,55.17,57.04,60.79,64.81,62.65,61.59,52.87,50.26,47.32,35.23,32.99,32.02,31.05,31.18,34.85,44.77,57.96,64.16,62.76,59.77,59.18,58.13,56.45,57.22
48.29,48.5,48.7,48.1,50.05,59.94,86.35,56.21,58.8,35.1,32.53,35.04,31.89,31.21,29.28,22.94,19.99,29.38,37.92,53.04,53.17,51.42,50.41,50.75,51.65,50.43,58.15,64.46,64.98,67.39,66.19,65.49,58.42,55.0,53.25,41.99,40.0,34.94,33.46,32.08,33.54,35.38,46.23,62.05,63.76,64.36,64.43,65.46,59.07,58.98,58.5,58.93,59.0,64.38,66.9,63.91,56.78,50.08,48.36,45.0,32.66,31.61,30.8,29.58,29.76,32.44,45.31,55.03,56.83,56.54,55.63,55.96,52.9,53.6,54.14,55.17,57.04,60.79,64.81,62.65,61.59,52.87,50.26,47.32,35.23,32.99,32.02,31.05,31.18,34.85,44.77,57.96,64.16,62.76,59.77,59.18,58.13,56.45,57.22,57.36
48.5,48.7,48.1,50.05,59.94,86.35,56.21,58.8,35.1,32.53,35.04,31.89,31.21,29.28,22.94,19.99,29.38,37.92,53.04,53.17,51.42,50.41,50.75,51.65,50.43,58.15,64.46,64.98,67.39,66.19,65.49,58.42,55.0,53.25,41.99,40.0,34.94,33.46,32.08,33.54,35.38,46.23,62.05,63.76,64.36,64.43,65.46,59.07,58.98,58.5,58.93,59.0,64.38,66.9,63.91,56.78,50.08,48.36,45.0,32.66,31.61,30.8,29.58,29.76,32.44,45.31,55.03,56.83,56.54,55.63,55.96,52.9,53.6,54.14,55.17,57.04,60.79,64.81,62.65,61.59,52.87,50.26,47.32,35.23,32.99,32.02,31.05,31.18,34.85,44.77,57.96,64.16,62.76,59.77,59.18,58.13,56.45,57.22,57.36,58.43
48.7,48.1,50.05,59.94,86.35,56.21,58.8,35.1,32.53,35.04,31.89,31.21,29.28,22.94,19.99,29.38,37.92,53.04,53.17,51.42,50.41,50.75,51.65,50.43,58.15,64.46,64.98,67.39,66.19,65.49,58.42,55.0,53.25,41.99,40.0,34.94,33.46,32.08,33.54,35.38,46.23,62.05,63.76,64.36,64.43,65.46,59.07,58.98,58.5,58.93,59.0,64.38,66.9,63.91,56.78,50.08,48.36,45.0,32.66,31.61,30.8,29.58,29.76,32.44,45.31,55.03,56.83,56.54,55.63,55.96,52.9,53.6,54.14,55.17,57.04,60.79,64.81,62.65,61.59,52.87,50.26,47.32,35.23,32.99,32.02,31.05,31.18,34.85,44.77,57.96,64.16,62.76,59.77,59.18,58.13,56.45,57.22,57.36,58.43,63.02
48.1,50.05,59.94,86.35,56.21,58.8,35.1,32.53,35.04,31.89,31.21,29.28,22.94,19.99,29.38,37.92,53.04,53.17,51.42,50.41,50.75,51.65,50.43,58.15,64.46,64.98,67.39,66.19,65.49,58.42,55.0,53.25,41.99,40.0,34.94,33.46,32.08,33.54,35.38,46.23,62.05,63.76,64.36,64.43,65.46,59.07,58.98,58.5,58.93,59.0,64.38,66.9,63.91,56.78,50.08,48.36,45.0,32.66,31.61,30.8,29.58,29.76,32.44,45.31,55.03,56.83,56.54,55.63,55.96,52.9,53.6,54.14,55.17,57.04,60.79,64.81,62.65,61.59,52.87,50.26,47.32,35.23,32.99,32.02,31.05,31.18,34.85,44.77,57.96,64.16,62.76,59.77,59.18,58.13,56.45,57.22,57.36,58.43,63.02,64.17
50.05,59.94,86.35,56.21,58.8,35.1,32.53,35.04,31.89,31.21,29.28,22.94,19.99,29.38,37.92,53.04,53.17,51.42,50.41,50.75,51.65,50.43,58.15,64.46,64.98,67.39,66.19,65.49,58.42,55.0,53.25,41.99,40.0,34.94,33.46,32.08,33.54,35.38,46.23,62.05,63.76,64.36,64.43,65.46,59.07,58.98,58.5,58.93,59.0,64.38,66.9,63.91,56.78,50.08,48.36,45.0,32.66,31.61,30.8,29.58,29.76,32.44,45.31,55.03,56.83,56.54,55.63,55.96,52.9,53.6,54.14,55.17,57.04,60.79,64.81,62.65,61.59,52.87,50.26,47.32,35.23,32.99,32.02,31.05,31.18,34.85,44.77,57.96,64.16,62.76,59.77,59.18,58.13,56.45,57.22,57.36,58.43,63.02,64.17,62.58
59.94,86.35,56.21,58.8,35.1,32.53,35.04,31.89,31.21,29.28,22.94,19.99,29.38,37.92,53.04,53.17,51.42,50.41,50.75,51.65,50.43,58.15,64.46,64.98,67.39,66.19,65.49,58.42,55.0,53.25,41.99,40.0,34.94,33.46,32.08,33.54,35.38,46.23,62.05,63.76,64.36,64.43,65.46,59.07,58.98,58.5,58.93,59.0,64.38,66.9,63.91,56.78,50.08,48.36,45.0,32.66,31.61,30.8,29.58,29.76,32.44,45.31,55.03,56.83,56.54,55.63,55.96,52.9,53.6,54.14,55.17,57.04,60.79,64.81,62.65,61.59,52.87,50.26,47.32,35.23,32.99,32.02,31.05,31.18,34.85,44.77,57.96,64.16,62.76,59.77,59.18,58.13,56.45,57.22,57.36,58.43,63.02,64.17,62.58,55.49
86.35,56.21,58.8,35.1,32.53,35.04,31.89,31.21,29.28,22.94,19.99,29.38,37.92,53.04,53.17,51.42,50.41,50.75,51.65,50.43,58.15,64.46,64.98,67.39,66.19,65.49,58.42,55.0,53.25,41.99,40.0,34.94,33.46,32.08,33.54,35.38,46.23,62.05,63.76,64.36,64.43,65.46,59.07,58.98,58.5,58.93,59.0,64.38,66.9,63.91,56.78,50.08,48.36,45.0,32.66,31.61,30.8,29.58,29.76,32.44,45.31,55.03,56.83,56.54,55.63,55.96,52.9,53.6,54.14,55.17,57.04,60.79,64.81,62.65,61.59,52.87,50.26,47.32,35.23,32.99,32.02,31.05,31.18,34.85,44.77,57.96,64.16,62.76,59.77,59.18,58.13,56.45,57.22,57.36,58.43,63.02,64.17,62.58,55.49,51.8
56.21,58.8,35.1,32.53,35.04,31.89,31.21,29.28,22.94,19.99,29.38,37.92,53.04,53.17,51.42,50.41,50.75,51.65,50.43,58.15,64.46,64.98,67.39,66.19,65.49,58.42,55.0,53.25,41.99,40.0,34.94,33.46,32.08,33.54,35.38,46.23,62.05,63.76,64.36,64.43,65.46,59.07,58.98,58.5,58.93,59.0,64.38,66.9,63.91,56.78,50.08,48.36,45.0,32.66,31.61,30.8,29.58,29.76,32.44,45.31,55.03,56.83,56.54,55.63,55.96,52.9,53.6,54.14,55.17,57.04,60.79,64.81,62.65,61.59,52.87,50.26,47.32,35.23,32.99,32.02,31.05,31.18,34.85,44.77,57.96,64.16,62.76,59.77,59.18,58.13,56.45,57.22,57.36,58.43,63.02,64.17,62.58,55.49,51.8,49.99
58.8,35.1,32.53,35.04,31.89,31.21,29.28,22.94,19.99,29.38,37.92,53.04,53.17,51.42,50.41,50.75,51.65,50.43,58.15,64.46,64.98,67.39,66.19,65.49,58.42,55.0,53.25,41.99,40.0,34.94,33.46,32.08,33.54,35.38,46.23,62.05,63.76,64.36,64.43,65.46,59.07,58.98,58.5,58.93,59.0,64.38,66.9,63.91,56.78,50.08,48.36,45.0,32.66,31.61,30.8,29.58,29.76,32.44,45.31,55.03,56.83,56.54,55.63,55.96,52.9,53.6,54.14,55.17,57.04,60.79,64.81,62.65,61.59,52.87,50.26,47.32,35.23,32.99,32.02,31.05,31.18,34.85,44.77,57.96,64.16,62.76,59.77,59.18,58.13,56.45,57.22,57.36,58.43,63.02,64.17,62.58,55.49,51.8,49.99,46.68
35.1,32.53,35.04,31.89,31.21,29.28,22.94,19.99,29.38,37.92,53.04,53.17,51.42,50.41,50.75,51.65,50.43,58.15,64.46,64.98,67.39,66.19,65.49,58.42,55.0,53.25,41.99,40.0,34.94,33.46,32.08,33.54,35.38,46.23,62.05,63.76,64.36,64.43,65.46,59.07,58.98,58.5,58.93,59.0,64.38,66.9,63.91,56.78,50.08,48.36,45.0,32.66,31.61,30.8,29.58,29.76,32.44,45.31,55.03,56.83,56.54,55.63,55.96,52.9,53.6,54.14,55.17,57.04,60.79,64.81,62.65,61.59,52.87,50.26,47.32,35.23,32.99,32.02,31.05,31.18,34.85,44.77,57.96,64.16,62.76,59.77,59.18,58.13,56.45,57.22,57.36,58.43,63.02,64.17,62.58,55.49,51.8,49.99,46.68,42.44
32.53,35.04,31.89,31.21,29.28,22.94,19.99,29.38,37.92,53.04,53.17,51.42,50.41,50.75,51.65,50.43,58.15,64.46,64.98,67.39,66.19,65.49,58.42,55.0,53.25,41.99,40.0,34.94,33.46,32.08,33.54,35.38,46.23,62.05,63.76,64.36,64.43,65.46,59.07,58.98,58.5,58.93,59.0,64.38,66.9,63.91,56.78,50.08,48.36,45.0,32.66,31.61,30.8,29.58,29.76,32.44,45.31,55.03,56.83,56.54,55.63,55.96,52.9,53.6,54.14,55.17,57.04,60.79,64.81,62.65,61.59,52.87,50.26,47.32,35.23,32.99,32.02,31.05,31.18,34.85,44.77,57.96,64.16,62.76,59.77,59.18,58.13,56.45,57.22,57.36,58.43,63.02,64.17,62.58,55.49,51.8,49.99,46.68,42.44,32.79
35.04,31.89,31.21,29.28,22.94,19.99,29.38,37.92,53.04,53.17,51.42,50.41,50.75,51.65,50.43,58.15,64.46,64.98,67.39,66.19,65.49,58.42,55.0,53.25,41.99,40.0,34.94,33.46,32.08,33.54,35.38,46.23,62.05,63.76,64.36,64.43,65.46,59.07,58.98,58.5,58.93,59.0,64.38,66.9,63.91,56.78,50.08,48.36,45.0,32.66,31.61,30.8,29.58,29.76,32.44,45.31,55.03,56.83,56.54,55.63,55.96,52.9,53.6,54.14,55.17,57.04,60.79,64.81,62.65,61.59,52.87,50.26,47.32,35.23,32.99,32.02,31.05,31.18,34.85,44.77,57.96,64.16,62.76,59.77,59.18,58.13,56.45,57.22,57.36,58.43,63.02,64.17,62.58,55.49,51.8,49.99,46.68,42.44,32.79,34.56
31.89,31.21,29.28,22.94,19.99,29.38,37.92,53.04,53.17,51.42,50.41,50.75,51.65,50.43,58.15,64.46,64.98,67.39,66.19,65.49,58.42,55.0,53.25,41.99,40.0,34.94,33.46,32.08,33.54,35.38,46.23,62.05,63.76,64.36,64.43,65.46,59.07,58.98,58.5,58.93,59.0,64.38,66.9,63.91,56.78,50.08,48.36,45.0,32.66,31.61,30.8,29.58,29.76,32.44,45.31,55.03,56.83,56.54,55.63,55.96,52.9,53.6,54.14,55.17,57.04,60.79,64.81,62.65,61.59,52.87,50.26,47.32,35.23,32.99,32.02,31.05,31.18,34.85,44.77,57.96,64.16,62.76,59.77,59.18,58.13,56.45,57.22,57.36,58.43,63.02,64.17,62.58,55.49,51.8,49.99,46.68,42.44,32.79,34.56,34.7
31.21,29.28,22.94,19.99,29.38,37.92,53.04,53.17,51.42,50.41,50.75,51.65,50.43,58.15,64.46,64.98,67.39,66.19,65.49,58.42,55.0,53.25,41.99,40.0,34.94,33.46,32.08,33.54,35.38,46.23,62.05,63.76,64.36,64.43,65.46,59.07,58.98,58.5,58.93,59.0,64.38,66.9,63.91,56.78,50.08,48.36,45.0,32.66,31.61,30.8,29.58,29.76,32.44,45.31,55.03,56.83,56.54,55.63,55.96,52.9,53.6,54.14,55.17,57.04,60.79,64.81,62.65,61.59,52.87,50.26,47.32,35.23,32.99,32.02,31.05,31.18,34.85,44.77,57.96,64.16,62.76,59.77,59.18,58.13,56.45,57.22,57.36,58.43,63.02,64.17,62.58,55.49,51.8,49.99,46.68,42.44,32.79,34.56,34.7,33.0
29.28,22.94,19.99,29.38,37.92,53.04,53.17,51.42,50.41,50.75,51.65,50.43,58.15,64.46,64.98,67.39,66.19,65.49,58.42,55.0,53.25,41.99,40.0,34.94,33.46,32.08,33.54,35.38,46.23,62.05,63.76,64.36,64.43,65.46,59.07,58.98,58.5,58.93,59.0,64.38,66.9,63.91,56.78,50.08,48.36,45.0,32.66,31.61,30.8,29.58,29.76,32.44,45.31,55.03,56.83,56.54,55.63,55.96,52.9,53.6,54.14,55.17,57.04,60.79,64.81,62.65,61.59,52.87,50.26,47.32,35.23,32.99,32.02,31.05,31.18,34.85,44.77,57.96,64.16,62.76,59.77,59.18,58.13,56.45,57.22,57.36,58.43,63.02,64.17,62.58,55.49,51.8,49.99,46.68,42.44,32.79,34.56,34.7,33.0,33.25
22.94,19.99,29.38,37.92,53.04,53.17,51.42,50.41,50.75,51.65,50.43,58.15,64.46,64.98,67.39,66.19,65.49,58.42,55.0,53.25,41.99,40.0,34.94,33.46,32.08,33.54,35.38,46.23,62.05,63.76,64.36,64.43,65.46,59.07,58.98,58.5,58.93,59.0,64.38,66.9,63.91,56.78,50.08,48.36,45.0,32.66,31.61,30.8,29.58,29.76,32.44,45.31,55.03,56.83,56.54,55.63,55.96,52.9,53.6,54.14,55.17,57.04,60.79,64.81,62.65,61.59,52.87,50.26,47.32,35.23,32.99,32.02,31.05,31.18,34.85,44.77,57.96,64.16,62.76,59.77,59.18,58.13,56.45,57.22,57.36,58.43,63.02,64.17,62.58,55.49,51.8,49.99,46.68,42.44,32.79,34.56,34.7,33.0,33.25,38.29
19.99,29.38,37.92,53.04,53.17,51.42,50.41,50.75,51.65,50.43,58.15,64.46,64.98,67.39,66.19,65.49,58.42,55.0,53.25,41.99,40.0,34.94,33.46,32.08,33.54,35.38,46.23,62.05,63.76,64.36,64.43,65.46,59.07,58.98,58.5,58.93,59.0,64.38,66.9,63.91,56.78,50.08,48.36,45.0,32.66,31.61,30.8,29.58,29.76,32.44,45.31,55.03,56.83,56.54,55.63,55.96,52.9,53.6,54.14,55.17,57.04,60.79,64.81,62.65,61.59,52.87,50.26,47.32,35.23,32.99,32.02,31.05,31.18,34.85,44.77,57.96,64.16,62.76,59.77,59.18,58.13,56.45,57.22,57.36,58.43,63.02,64.17,62.58,55.49,51.8,49.99,46.68,42.44,32.79,34.56,34.7,33.0,33.25,38.29,42.22
29.38,37.92,53.04,53.17,51.42,50.41,50.75,51.65,50.43,58.15,64.46,64.98,67.39,66.19,65.49,58.42,55.0,53.25,41.99,40.0,34.94,33.46,32.08,33.54,35.38,46.23,62.05,63.76,64.36,64.43,65.46,59.07,58.98,58.5,58.93,59.0,64.38,66.9,63.91,56.78,50.08,48.36,45.0,32.66,31.61,30.8,29.58,29.76,32.44,45.31,55.03,56.83,56.54,55.63,55.96,52.9,53.6,54.14,55.17,57.04,60.79,64.81,62.65,61.59,52.87,50.26,47.32,35.23,32.99,32.02,31.05,31.18,34.85,44.77,57.96,64.16,62.76,59.77,59.18,58.13,56.45,57.22,57.36,58.43,63.02,64.17,62.58,55.49,51.8,49.99,46.68,42.44,32.79,34.56,34.7,33.0,33.25,38.29,42.22,44.1
37.92,53.04,53.17,51.42,50.41,50.75,51.65,50.43,58.15,64.46,64.98,67.39,66.19,65.49,58.42,55.0,53.25,41.99,40.0,34.94,33.46,32.08,33.54,35.38,46.23,62.05,63.76,64.36,64.43,65.46,59.07,58.98,58.5,58.93,59.0,64.38,66.9,63.91,56.78,50.08,48.36,45.0,32.66,31.61,30.8,29.58,29.76,32.44,45.31,55.03,56.83,56.54,55.63,55.96,52.9,53.6,54.14,55.17,57.04,60.79,64.81,62.65,61.59,52.87,50.26,47.32,35.23,32.99,32.02,31.05,31.18,34.85,44.77,57.96,64.16,62.76,59.77,59.18,58.13,56.45,57.22,57.36,58.43,63.02,64.17,62.58,55.49,51.8,49.99,46.68,42.44,32.79,34.56,34.7,33.0,33.25,38.29,42.22,44.1,46.76
53.04,53.17,51.42,50.41,50.75,51.65,50.43,58.15,64.46,64.98,67.39,66.19,65.49,58.42,55.0,53.25,41.99,40.0,34.94,33.46,32.08,33.54,35.38,46.23,62.05,63.76,64.36,64.43,65.46,59.07,58.98,58.5,58.93,59.0,64.38,66.9,63.91,56.78,50.08,48.36,45.0,32.66,31.61,30.8,29.58,29.76,32.44,45.31,55.03,56.83,56.54,55.63,55.96,52.9,53.6,54.14,55.17,57.04,60.79,64.81,62.65,61.59,52.87,50.26,47.32,35.23,32.99,32.02,31.05,31.18,34.85,44.77,57.96,64.16,62.76,59.77,59.18,58.13,56.45,57.22,57.36,58.43,63.02,64.17,62.58,55.49,51.8,49.99,46.68,42.44,32.79,34.56,34.7,33.0,33.25,38.29,42.22,44.1,46.76,48.92
53.17,51.42,50.41,50.75,51.65,50.43,58.15,64.46,64.98,67.39,66.19,65.49,58.42,55.0,53.25,41.99,40.0,34.94,33.46,32.08,33.54,35.38,46.23,62.05,63.76,64.36,64.43,65.46,59.07,58.98,58.5,58.93,59.0,64.38,66.9,63.91,56.78,50.08,48.36,45.0,32.66,31.61,30.8,29.58,29.76,32.44,45.31,55.03,56.83,56.54,55.63,55.96,52.9,53.6,54.14,55.17,57.04,60.79,64.81,62.65,61.59,52.87,50.26,47.32,35.23,32.99,32.02,31.05,31.18,34.85,44.77,57.96,64.16,62.76,59.77,59.18,58.13,56.45,57.22,57.36,58.43,63.02,64.17,62.58,55.49,51.8,49.99,46.68,42.44,32.79,34.56,34.7,33.0,33.25,38.29,42.22,44.1,46.76,48.92,48.56
51.42,50.41,50.75,51.65,50.43,58.15,64.46,64.98,67.39,66.19,65.49,58.42,55.0,53.25,41.99,40.0,34.94,33.46,32.08,33.54,35.38,46.23,62.05,63.76,64.36,64.43,65.46,59.07,58.98,58.5,58.93,59.0,64.38,66.9,63.91,56.78,50.08,48.36,45.0,32.66,31.61,30.8,29.58,29.76,32.44,45.31,55.03,56.83,56.54,55.63,55.96,52.9,53.6,54.14,55.17,57.04,60.79,64.81,62.65,61.59,52.87,50.26,47.32,35.23,32.99,32.02,31.05,31.18,34.85,44.77,57.96,64.16,62.76,59.77,59.18,58.13,56.45,57.22,57.36,58.43,63.02,64.17,62.58,55.49,51.8,49.99,46.68,42.44,32.79,34.56,34.7,33.0,33.25,38.29,42.22,44.1,46.76,48.92,48.56,47.98
50.41,50.75,51.65,50.43,58.15,64.46,64.98,67.39,66.19,65.49,58.42,55.0,53.25,41.99,40.0,34.94,33.46,32.08,33.54,35.38,46.23,62.05,63.76,64.36,64.43,65.46,59.07,58.98,58.5,58.93,59.0,64.38,66.9,63.91,56.78,50.08,48.36,45.0,32.66,31.61,30.8,29.58,29.76,32.44,45.31,55.03,56.83,56.54,55.63,55.96,52.9,53.6,54.14,55.17,57.04,60.79,64.81,62.65,61.59,52.87,50.26,47.32,35.23,32.99,32.02,31.05,31.18,34.85,44.77,57.96,64.16,62.76,59.77,59.18,58.13,56.45,57.22,57.36,58.43,63.02,64.17,62.58,55.49,51.8,49.99,46.68,42.44,32.79,34.56,34.7,33.0,33.25,38.29,42.22,44.1,46.76,48.92,48.56,47.98,43.97
50.75,51.65,50.43,58.15,64.46,64.98,67.39,66.19,65.49,58.42,55.0,53.25,41.99,40.0,34.94,33.46,32.08,33.54,35.38,46.23,62.05,63.76,64.36,64.43,65.46,59.07,58.98,58.5,58.93,59.0,64.38,66.9,63.91,56.78,50.08,48.36,45.0,32.66,31.61,30.8,29.58,29.76,32.44,45.31,55.03,56.83,56.54,55.63,55.96,52.9,53.6,54.14,55.17,57.04,60.79,64.81,62.65,61.59,52.87,50.26,47.32,35.23,32.99,32.02,31.05,31.18,34.85,44.77,57.96,64.16,62.76,59.77,59.18,58.13,56.45,57.22,57.36,58.43,63.02,64.17,62.58,55.49,51.8,49.99,46.68,42.44,32.79,34.56,34.7,33.0,33.25,38.29,42.22,44.1,46.76,48.92,48.56,47.98,43.97,42.89
51.65,50.43,58.15,64.46,64.98,67.39,66.19,65.49,58.42,55.0,53.25,41.99,40.0,34.94,33.46,32.08,33.54,35.38,46.23,62.05,63.76,64.36,64.43,65.46,59.07,58.98,58.5,58.93,59.0,64.38,66.9,63.91,56.78,50.08,48.36,45.0,32.66,31.61,30.8,29.58,29.76,32.44,45.31,55.03,56.83,56.54,55.63,55.96,52.9,53.6,54.14,55.17,57.04,60.79,64.81,62.65,61.59,52.87,50.26,47.32,35.23,32.99,32.02,31.05,31.18,34.85,44.77,57.96,64.16,62.76,59.77,59.18,58.13,56.45,57.22,57.36,58.43,63.02,64.17,62.58,55.49,51.8,49.99,46.68,42.44,32.79,34.56,34.7,33.0,33.25,38.29,42.22,44.1,46.76,48.92,48.56,47.98,43.97,42.89,40.44
50.43,58.15,64.46,64.98,67.39,66.19,65.49,58.42,55.0,53.25,41.99,40.0,34.94,33.46,32.08,33.54,35.38,46.23,62.05,63.76,64.36,64.43,65.46,59.07,58.98,58.5,58.93,59.0,64.38,66.9,63.91,56.78,50.08,48.36,45.0,32.66,31.61,30.8,29.58,29.76,32.44,45.31,55.03,56.83,56.54,55.63,55.96,52.9,53.6,54.14,55.17,57.04,60.79,64.81,62.65,61.59,52.87,50.26,47.32,35.23,32.99,32.02,31.05,31.18,34.85,44.77,57.96,64.16,62.76,59.77,59.18,58.13,56.45,57.22,57.36,58.43,63.02,64.17,62.58,55.49,51.8,49.99,46.68,42.44,32.79,34.56,34.7,33.0,33.25,38.29,42.22,44.1,46.76,48.92,48.56,47.98,43.97,42.89,40.44,45.3
58.15,64.46,64.98,67.39,66.19,65.49,58.42,55.0,53.25,41.99,40.0,34.94,33.46,32.08,33.54,35.38,46.23,62.05,63.76,64.36,64.43,65.46,59.07,58.98,58.5,58.93,59.0,64.38,66.9,63.91,56.78,50.08,48.36,45.0,32.66,31.61,30.8,29.58,29.76,32.44,45.31,55.03,56.83,56.54,55.63,55.96,52.9,53.6,54.14,55.17,57.04,60.79,64.81,62.65,61.59,52.87,50.26,47.32,35.23,32.99,32.02,31.05,31.18,34.85,44.77,57.96,64.16,62.76,59.77,59.18,58.13,56.45,57.22,57.36,58.43,63.02,64.17,62.58,55.49,51.8,49.99,46.68,42.44,32.79,34.56,34.7,33.0,33.25,38.29,42.22,44.1,46.76,48.92,48.56,47.98,43.97,42.89,40.44,45.3,53.69
64.46,64.98,67.39,66.19,65.49,58.42,55.0,53.25,41.99,40.0,34.94,33.46,32.08,33.54,35.38,46.23,62.05,63.76,64.36,64.43,65.46,59.07,58.98,58.5,58.93,59.0,64.38,66.9,63.91,56.78,50.08,48.36,45.0,32.66,31.61,30.8,29.58,29.76,32.44,45.31,55.03,56.83,56.54,55.63,55.96,52.9,53.6,54.14,55.17,57.04,60.79,64.81,62.65,61.59,52.87,50.26,47.32,35.23,32.99,32.02,31.05,31.18,34.85,44.77,57.96,64.16,62.76,59.77,59.18,58.13,56.45,57.22,57.36,58.43,63.02,64.17,62.58,55.49,51.8,49.99,46.68,42.44,32.79,34.56,34.7,33.0,33.25,38.29,42.22,44.1,46.76,48.92,48.56,47.98,43.97,42.89,40.44,45.3,53.69,59.02
64.98,67.39,66.19,65.49,58.42,55.0,53.25,41.99,40.0,34.94,33.46,32.08,33.54,35.38,46.23,62.05,63.76,64.36,64.43,65.46,59.07,58.98,58.5,58.93,59.0,64.38,66.9,63.91,56.78,50.08,48.36,45.0,32.66,31.61,30.8,29.58,29.76,32.44,45.31,55.03,56.83,56.54,55.63,55.96,52.9,53.6,54.14,55.17,57.04,60.79,64.81,62.65,61.59,52.87,50.26,47.32,35.23,32.99,32.02,31.05,31.18,34.85,44.77,57.96,64.16,62.76,59.77,59.18,58.13,56.45,57.22,57.36,58.43,63.02,64.17,62.58,55.49,51.8,49.99,46.68,42.44,32.79,34.56,34.7,33.0,33.25,38.29,42.22,44.1,46.76,48.92,48.56,47.98,43.97,42.89,40.44,45.3,53.69,59.02,70.04
67.39,66.19,65.49,58.42,55.0,53.25,41.99,40.0,34.94,33.46,32.08,33.54,35.38,46.23,62.05,63.76,64.36,64.43,65.46,59.07,58.98,58.5,58.93,59.0,64.38,66.9,63.91,56.78,50.08,48.36,45.0,32.66,31.61,30.8,29.58,29.76,32.44,45.31,55.03,56.83,56.54,55.63,55.96,52.9,53.6,54.14,55.17,57.04,60.79,64.81,62.65,61.59,52.87,50.26,47.32,35.23,32.99,32.02,31.05,31.18,34.85,44.77,57.96,64.16,62.76,59.77,59.18,58.13,56.45,57.22,57.36,58.43,63.02,64.17,62.58,55.49,51.8,49.99,46.68,42.44,32.79,34.56,34.7,33.0,33.25,38.29,42.22,44.1,46.76,48.92,48.56,47.98,43.97,42.89,40.44,45.3,53.69,59.02,70.04,51.22
66.19,65.49,58.42,55.0,53.25,41.99,40.0,34.94,33.46,32.08,33.54,35.38,46.23,62.05,63.76,64.36,64.43,65.46,59.07,58.98,58.5,58.93,59.0,64.38,66.9,63.91,56.78,50.08,48.36,45.0,32.66,31.61,30.8,29.58,29.76,32.44,45.31,55.03,56.83,56.54,55.63,55.96,52.9,53.6,54.14,55.17,57.04,60.79,64.81,62.65,61.59,52.87,50.26,47.32,35.23,32.99,32.02,31.05,31.18,34.85,44.77,57.96,64.16,62.76,59.77,59.18,58.13,56.45,57.22,57.36,58.43,63.02,64.17,62.58,55.49,51.8,49.99,46.68,42.44,32.79,34.56,34.7,33.0,33.25,38.29,42.22,44.1,46.76,48.92,48.56,47.98,43.97,42.89,40.44,45.3,53.69,59.02,70.04,51.22,42.9
65.49,58.42,55.0,53.25,41.99,40.0,34.94,33.46,32.08,33.54,35.38,46.23,62.05,63.76,64.36,64.43,65.46,59.07,58.98,58.5,58.93,59.0,64.38,66.9,63.91,56.78,50.08,48.36,45.0,32.66,31.61,30.8,29.58,29.76,32.44,45.31,55.03,56.83,56.54,55.63,55.96,52.9,53.6,54.14,55.17,57.04,60.79,64.81,62.65,61.59,52.87,50.26,47.32,35.23,32.99,32.02,31.05,31.18,34.85,44.77,57.96,64.16,62.76,59.77,59.18,58.13,56.45,57.22,57.36,58.43,63.02,64.17,62.58,55.49,51.8,49.99,46.68,42.44,32.79,34.56,34.7,33.0,33.25,38.29,42.22,44.1,46.76,48.92,48.56,47.98,43.97,42.89,40.44,45.3,53.69,59.02,70.04,51.22,42.9,42.89
58.42,55.0,53.25,41.99,40.0,34.94,33.46,32.08,33.54,35.38,46.23,62.05,63.76,64.36,64.43,65.46,59.07,58.98,58.5,58.93,59.0,64.38,66.9,63.91,56.78,50.08,48.36,45.0,32.66,31.61,30.8,29.58,29.76,32.44,45.31,55.03,56.83,56.54,55.63,55.96,52.9,53.6,54.14,55.17,57.04,60.79,64.81,62.65,61.59,52.87,50.26,47.32,35.23,32.99,32.02,31.05,31.18,34.85,44.77,57.96,64.16,62.76,59.77,59.18,58.13,56.45,57.22,57.36,58.43,63.02,64.17,62.58,55.49,51.8,49.99,46.68,42.44,32.79,34.56,34.7,33.0,33.25,38.29,42.22,44.1,46.76,48.92,48.56,47.98,43.97,42.89,40.44,45.3,53.69,59.02,70.04,51.22,42.9,42.89,42.7
55.0,53.25,41.99,40.0,34.94,33.46,32.08,33.54,35.38,46.23,62.05,63.76,64.36,64.43,65.46,59.07,58.98,58.5,58.93,59.0,64.38,66.9,63.91,56.78,50.08,48.36,45.0,32.66,31.61,30.8,29.58,29.76,32.44,45.31,55.03,56.83,56.54,55.63,55.96,52.9,53.6,54.14,55.17,57.04,60.79,64.81,62.65,61.59,52.87,50.26,47.32,35.23,32.99,32.02,31.05,31.18,34.85,44.77,57.96,64.16,62.76,59.77,59.18,58.13,56.45,57.22,57.36,58.43,63.02,64.17,62.58,55.49,51.8,49.99,46.68,42.44,32.79,34.56,34.7,33.0,33.25,38.29,42.22,44.1,46.76,48.92,48.56,47.98,43.97,42.89,40.44,45.3,53.69,59.02,70.04,51.22,42.9,42.89,42.7,33.47
53.25,41.99,40.0,34.94,33.46,32.08,33.54,35.38,46.23,62.05,63.76,64.36,64.43,65.46,59.07,58.98,58.5,58.93,59.0,64.38,66.9,63.91,56.78,50.08,48.36,45.0,32.66,31.61,30.8,29.58,29.76,32.44,45.31,55.03,56.83,56.54,55.63,55.96,52.9,53.6,54.14,55.17,57.04,60.79,64.81,62.65,61.59,52.87,50.26,47.32,35.23,32.99,32.02,31.05,31.18,34.85,44.77,57.96,64.16,62.76,59.77,59.18,58.13,56.45,57.22,57.36,58.43,63.02,64.17,62.58,55.49,51.8,49.99,46.68,42.44,32.79,34.56,34.7,33.0,33.25,38.29,42.22,44.1,46.76,48.92,48.56,47.98,43.97,42.89,40.44,45.3,53.69,59.02,70.04,51.22,42.9,42.89,42.7,33.47,35.0
41.99,40.0,34.94,33.46,32.08,33.54,35.38,46.23,62.05,63.76,64.36,64.43,65.46,59.07,58.98,58.5,58.93,59.0,64.38,66.9,63.91,56.78,50.08,48.36,45.0,32.66,31.61,30.8,29.58,29.76,32.44,45.31,55.03,56.83,56.54,55.63,55.96,52.9,53.6,54.14,55.17,57.04,60.79,64.81,62.65,61.59,52.87,50.26,47.32,35.23,32.99,32.02,31.05,31.18,34.85,44.77,57.96,64.16,62.76,59.77,59.18,58.13,56.45,57.22,57.36,58.43,63.02,64.17,62.58,55.49,51.8,49.99,46.68,42.44,32.79,34.56,34.7,33.0,33.25,38.29,42.22,44.1,46.76,48.92,48.56,47.98,43.97,42.89,40.44,45.3,53.69,59.02,70.04,51.22,42.9,42.89,42.7,33.47,35.0,32.3
40.0,34.94,33.46,32.08,33.54,35.38,46.23,62.05,63.76,64.36,64.43,65.46,59.07,58.98,58.5,58.93,59.0,64.38,66.9,63.91,56.78,50.08,48.36,45.0,32.66,31.61,30.8,29.58,29.76,32.44,45.31,55.03,56.83,56.54,55.63,55.96,52.9,53.6,54.14,55.17,57.04,60.79,64.81,62.65,61.59,52.87,50.26,47.32,35.23,32.99,32.02,31.05,31.18,34.85,44.77,57.96,64.16,62.76,59.77,59.18,58.13,56.45,57.22,57.36,58.43,63.02,64.17,62.58,55.49,51.8,49.99,46.68,42.44,32.79,34.56,34.7,33.0,33.25,38.29,42.22,44.1,46.76,48.92,48.56,47.98,43.97,42.89,40.44,45.3,53.69,59.02,70.04,51.22,42.9,42.89,42.7,33.47,35.0,32.3,29.59
34.94,33.46,32.08,33.54,35.38,46.23,62.05,63.76,64.36,64.43,65.46,59.07,58.98,58.5,58.93,59.0,64.38,66.9,63.91,56.78,50.08,48.36,45.0,32.66,31.61,30.8,29.58,29.76,32.44,45.31,55.03,56.83,56.54,55.63,55.96,52.9,53.6,54.14,55.17,57.04,60.79,64.81,62.65,61.59,52.87,50.26,47.32,35.23,32.99,32.02,31.05,31.18,34.85,44.77,57.96,64.16,62.76,59.77,59.18,58.13,56.45,57.22,57.36,58.43,63.02,64.17,62.58,55.49,51.8,49.99,46.68,42.44,32.79,34.56,34.7,33.0,33.25,38.29,42.22,44.1,46.76,48.92,48.56,47.98,43.97,42.89,40.44,45.3,53.69,59.02,70.04,51.22,42.9,42.89,42.7,33.47,35.0,32.3,29.59,23.74
33.46,32.08,33.54,35.38,46.23,62.05,63.76,64.36,64.43,65.46,59.07,58.98,58.5,58.93,59.0,64.38,66.9,63.91,56.78,50.08,48.36,45.0,32.66,31.61,30.8,29.58,29.76,32.44,45.31,55.03,56.83,56.54,55.63,55.96,52.9,53.6,54.14,55.17,57.04,60.79,64.81,62.65,61.59,52.87,50.26,47.32,35.23,32.99,32.02,31.05,31.18,34.85,44.77,57.96,64.16,62.76,59.77,59.18,58.13,56.45,57.22,57.36,58.43,63.02,64.17,62.58,55.49,51.8,49.99,46.68,42.44,32.79,34.56,34.7,33.0,33.25,38.29,42.22,44.1,46.76,48.92,48.56,47.98,43.97,42.89,40.44,45.3,53.69,59.02,70.04,51.22,42.9,42.89,42.7,33.47,35.0,32.3,29.59,23.74,27.82
32.08,33.54,35.38,46.23,62.05,63.76,64.36,64.43,65.46,59.07,58.98,58.5,58.93,59.0,64.38,66.9,63.91,56.78,50.08,48.36,45.0,32.66,31.61,30.8,29.58,29.76,32.44,45.31,55.03,56.83,56.54,55.63,55.96,52.9,53.6,54.14,55.17,57.04,60.79,64.81,62.65,61.59,52.87,50.26,47.32,35.23,32.99,32.02,31.05,31.18,34.85,44.77,57.96,64.16,62.76,59.77,59.18,58.13,56.45,57.22,57.36,58.43,63.02,64.17,62.58,55.49,51.8,49.99,46.68,42.44,32.79,34.56,34.7,33.0,33.25,38.29,42.22,44.1,46.76,48.92,48.56,47.98,43.97,42.89,40.44,45.3,53.69,59.02,70.04,51.22,42.9,42.89,42.7,33.47,35.0,32.3,29.59,23.74,27.82,30.41
33.54,35.38,46.23,62.05,63.76,64.36,64.43,65.46,59.07,58.98,58.5,58.93,59.0,64.38,66.9,63.91,56.78,50.08,48.36,45.0,32.66,31.61,30.8,29.58,29.76,32.44,45.31,55.03,56.83,56.54,55.63,55.96,52.9,53.6,54.14,55.17,57.04,60.79,64.81,62.65,61.59,52.87,50.26,47.32,35.23,32.99,32.02,31.05,31.18,34.85,44.77,57.96,64.16,62.76,59.77,59.18,58.13,56.45,57.22,57.36,58.43,63.02,64.17,62.58,55.49,51.8,49.99,46.68,42.44,32.79,34.56,34.7,33.0,33.25,38.29,42.22,44.1,46.76,48.92,48.56,47.98,43.97,42.89,40.44,45.3,53.69,59.02,70.04,51.22,42.9,42.89,42.7,33.47,35.0,32.3,29.59,23.74,27.82,30.41,32.99
35.38,46.23,62.05,63.76,64.36,64.43,65.46,59.07,58.98,58.5,58.93,59.0,64.38,66.9,63.91,56.78,50.08,48.36,45.0,32.66,31.61,30.8,29.58,29.76,32.44,45.31,55.03,56.83,56.54,55.63,55.96,52.9,53.6,54.14,55.17,57.04,60.79,64.81,62.65,61.59,52.87,50.26,47.32,35.23,32.99,32.02,31.05,31.18,34.85,44.77,57.96,64.16,62.76,59.77,59.18,58.13,56.45,57.22,57.36,58.43,63.02,64.17,62.58,55.49,51.8,49.99,46.68,42.44,32.79,34.56,34.7,33.0,33.25,38.29,42.22,44.1,46.76,48.92,48.56,47.98,43.97,42.89,40.44,45.3,53.69,59.02,70.04,51.22,42.9,42.89,42.7,33.47,35.0,32.3,29.59,23.74,27.82,30.41,32.99,39.41
46.23,62.05,63.76,64.36,64.43,65.46,59.07,58.98,58.5,58.93,59.0,64.38,66.9,63.91,56.78,50.08,48.36,45.0,32.66,31.61,30.8,29.58,29.76,32.44,45.31,55.03,56.83,56.54,55.63,55.96,52.9,53.6,54.14,55.17,57.04,60.79,64.81,62.65,61.59,52.87,50.26,47.32,35.23,32.99,32.02,31.05,31.18,34.85,44.77,57.96,64.16,62.76,59.77,59.18,58.13,56.45,57.22,57.36,58.43,63.02,64.17,62.58,55.49,51.8,49.99,46.68,42.44,32.79,34.56,34.7,33.0,33.25,38.29,42.22,44.1,46.76,48.92,48.56,47.98,43.97,42.89,40.44,45.3,53.69,59.02,70.04,51.22,42.9,42.89,42.7,33.47,35.0,32.3,29.59,23.74,27.82,30.41,32.99,39.41,37.48
62.05,63.76,64.36,64.43,65.46,59.07,58.98,58.5,58.93,59.0,64.38,66.9,63.91,56.78,50.08,48.36,45.0,32.66,31.61,30.8,29.58,29.76,32.44,45.31,55.03,56.83,56.54,55.63,55.96,52.9,53.6,54.14,55.17,57.04,60.79,64.81,62.65,61.59,52.87,50.26,47.32,35.23,32.99,32.02,31.05,31.18,34.85,44.77,57.96,64.16,62.76,59.77,59.18,58.13,56.45,57.22,57.36,58.43,63.02,64.17,62.58,55.49,51.8,49.99,46.68,42.44,32.79,34.56,34.7,33.0,33.25,38.29,42.22,44.1,46.76,48.92,48.56,47.98,43.97,42.89,40.44,45.3,53.69,59.02,70.04,51.22,42.9,42.89,42.7,33.47,35.0,32.3,29.59,23.74,27.82,30.41,32.99,39.41,37.48,35.37
63.76,64.36,64.43,65.46,59.07,58.98,58.5,58.93,59.0,64.38,66.9,63.91,56.78,50.08,48.36,45.0,32.66,31.61,30.8,29.58,29.76,32.44,45.31,55.03,56.83,56.54,55.63,55.96,52.9,53.6,54.14,55.17,57.04,60.79,64.81,62.65,61.59,52.87,50.26,47.32,35.23,32.99,32.02,31.05,31.18,34.85,44.77,57.96,64.16,62.76,59.77,59.18,58.13,56.45,57.22,57.36,58.43,63.02,64.17,62.58,55.49,51.8,49.99,46.68,42.44,32.79,34.56,34.7,33.0,33.25,38.29,42.22,44.1,46.76,48.92,48.56,47.98,43.97,42.89,40.44,45.3,53.69,59.02,70.04,51.22,42.9,42.89,42.7,33.47,35.0,32.3,29.59,23.74,27.82,30.41,32.99,39.41,37.48,35.37,38.13
64.36,64.43,65.46,59.07,58.98,58.5,58.93,59.0,64.38,66.9,63.91,56.78,50.08,48.36,45.0,32.66,31.61,30.8,29.58,29.76,32.44,45.31,55.03,56.83,56.54,55.63,55.96,52.9,53.6,54.14,55.17,57.04,60.79,64.81,62.65,61.59,52.87,50.26,47.32,35.23,32.99,32.02,31.05,31.18,34.85,44.77,57.96,64.16,62.76,59.77,59.18,58.13,56.45,57.22,57.36,58.43,63.02,64.17,62.58,55.49,51.8,49.99,46.68,42.44,32.79,34.56,34.7,33.0,33.25,38.29,42.22,44.1,46.76,48.92,48.56,47.98,43.97,42.89,40.44,45.3,53.69,59.02,70.04,51.22,42.9,42.89,42.7,33.47,35.0,32.3,29.59,23.74,27.82,30.41,32.99,39.41,37.48,35.37,38.13,39.75
64.43,65.46,59.07,58.98,58.5,58.93,59.0,64.38,66.9,63.91,56.78,50.08,48.36,45.0,32.66,31.61,30.8,29.58,29.76,32.44,45.31,55.03,56.83,56.54,55.63,55.96,52.9,53.6,54.14,55.17,57.04,60.79,64.81,62.65,61.59,52.87,50.26,47.32,35.23,32.99,32.02,31.05,31.18,34.85,44.77,57.96,64.16,62.76,59.77,59.18,58.13,56.45,57.22,57.36,58.43,63.02,64.17,62.58,55.49,51.8,49.99,46.68,42.44,32.79,34.56,34.7,33.0,33.25,38.29,42.22,44.1,46.76,48.92,48.56,47.98,43.97,42.89,40.44,45.3,53.69,59.02,70.04,51.22,42.9,42.89,42.7,33.47,35.0,32.3,29.59,23.74,27.82,30.41,32.99,39.41,37.48,35.37,38.13,39.75,40.77
65.46,59.07,58.98,58.5,58.93,59.0,64.38,66.9,63.91,56.78,50.08,48.36,45.0,32.66,31.61,30.8,29.58,29.76,32.44,45.31,55.03,56.83,56.54,55.63,55.96,52.9,53.6,54.14,55.17,57.04,60.79,64.81,62.65,61.59,52.87,50.26,47.32,35.23,32.99,32.02,31.05,31.18,34.85,44.77,57.96,64.16,62.76,59.77,59.18,58.13,56.45,57.22,57.36,58.43,63.02,64.17,62.58,55.49,51.8,49.99,46.68,42.44,32.79,34.56,34.7,33.0,33.25,38.29,42.22,44.1,46.76,48.92,48.56,47.98,43.97,42.89,40.44,45.3,53.69,59.02,70.04,51.22,42.9,42.89,42.7,33.47,35.0,32.3,29.59,23.74,27.82,30.41,32.99,39.41,37.48,35.37,38.13,39.75,40.77,34.21
59.07,58.98,58.5,58.93,59.0,64.38,66.9,63.91,56.78,50.08,48.36,45.0,32.66,31.61,30.8,29.58,29.76,32.44,45.31,55.03,56.83,56.54,55.63,55.96,52.9,53.6,54.14,55.17,57.04,60.79,64.81,62.65,61.59,52.87,50.26,47.32,35.23,32.99,32.02,31.05,31.18,34.85,44.77,57.96,64.16,62.76,59.77,59.18,58.13,56.45,57.22,57.36,58.43,63.02,64.17,62.58,55.49,51.8,49.99,46.68,42.44,32.79,34.56,34.7,33.0,33.25,38.29,42.22,44.1,46.76,48.92,48.56,47.98,43.97,42.89,40.44,45.3,53.69,59.02,70.04,51.22,42.9,42.89,42.7,33.47,35.0,32.3,29.59,23.74,27.82,30.41,32.99,39.41,37.48,35.37,38.13,39.75,40.77,34.21,34.2
58.98,58.5,58.93,59.0,64.38,66.9,63.91,56.78,50.08,48.36,45.0,32.66,31.61,30.8,29.58,29.76,32.44,45.31,55.03,56.83,56.54,55.63,55.96,52.9,53.6,54.14,55.17,57.04,60.79,64.81,62.65,61.59,52.87,50.26,47.32,35.23,32.99,32.02,31.05,31.18,34.85,44.77,57.96,64.16,62.76,59.77,59.18,58.13,56.45,57.22,57.36,58.43,63.02,64.17,62.58,55.49,51.8,49.99,46.68,42.44,32.79,34.56,34.7,33.0,33.25,38.29,42.22,44.1,46.76,48.92,48.56,47.98,43.97,42.89,40.44,45.3,53.69,59.02,70.04,51.22,42.9,42.89,42.7,33.47,35.0,32.3,29.59,23.74,27.82,30.41,32.99,39.41,37.48,35.37,38.13,39.75,40.77,34.21,34.2,37.48
58.5,58.93,59.0,64.38,66.9,63.91,56.78,50.08,48.36,45.0,32.66,31.61,30.8,29.58,29.76,32.44,45.31,55.03,56.83,56.54,55.63,55.96,52.9,53.6,54.14,55.17,57.04,60.79,64.81,62.65,61.59,52.87,50.26,47.32,35.23,32.99,32.02,31.05,31.18,34.85,44.77,57.96,64.16,62.76,59.77,59.18,58.13,56.45,57.22,57.36,58.43,63.02,64.17,62.58,55.49,51.8,49.99,46.68,42.44,32.79,34.56,34.7,33.0,33.25,38.29,42.22,44.1,46.76,48.92,48.56,47.98,43.97,42.89,40.44,45.3,53.69,59.02,70.04,51.22,42.9,42.89,42.7,33.47,35.0,32.3,29.59,23.74,27.82,30.41,32.99,39.41,37.48,35.37,38.13,39.75,40.77,34.21,34.2,37.48,49.93
58.93,59.0,64.38,66.9,63.91,56.78,50.08,48.36,45.0,32.66,31.61,30.8,29.58,29.76,32.44,45.31,55.03,56.83,56.54,55.63,55.96,52.9,53.6,54.14,55.17,57.04,60.79,64.81,62.65,61.59,52.87,50.26,47.32,35.23,32.99,32.02,31.05,31.18,34.85,44.77,57.96,64.16,62.76,59.77,59.18,58.13,56.45,57.22,57.36,58.43,63.02,64.17,62.58,55.49,51.8,49.99,46.68,42.44,32.79,34.56,34.7,33.0,33.25,38.29,42.22,44.1,46.76,48.92,48.56,47.98,43.97,42.89,40.44,45.3,53.69,59.02,70.04,51.22,42.9,42.89,42.7,33.47,35.0,32.3,29.59,23.74,27.82,30.41,32.99,39.41,37.48,35.37,38.13,39.75,40.77,34.21,34.2,37.48,49.93,51.0
59.0,64.38,66.9,63.91,56.78,50.08,48.36,45.0,32.66,31.61,30.8,29.58,29.76,32.44,45.31,55.03,56.83,56.54,55.63,55.96,52.9,53.6,54.14,55.17,57.04,60.79,64.81,62.65,61.59,52.87,50.26,47.32,35.23,32.99,32.02,31.05,31.18,34.85,44.77,57.96,64.16,62.76,59.77,59.18,58.13,56.45,57.22,57.36,58.43,63.02,64.17,62.58,55.49,51.8,49.99,46.68,42.44,32.79,34.56,34.7,33.0,33.25,38.29,42.22,44.1,46.76,48.92,48.56,47.98,43.97,42.89,40.44,45.3,53.69,59.02,70.04,51.22,42.9,42.89,42.7,33.47,35.0,32.3,29.59,23.74,27.82,30.41,32.99,39.41,37.48,35.37,38.13,39.75,40.77,34.21,34.2,37.48,49.93,51.0,51.3
64.38,66.9,63.91,56.78,50.08,48.36,45.0,32.66,31.61,30.8,29.58,29.76,32.44,45.31,55.03,56.83,56.54,55.63,55.96,52.9,53.6,54.14,55.17,57.04,60.79,64.81,62.65,61.59,52.87,50.26,47.32,35.23,32.99,32.02,31.05,31.18,34.85,44.77,57.96,64.16,62.76,59.77,59.18,58.13,56.45,57.22,57.36,58.43,63.02,64.17,62.58,55.49,51.8,49.99,46.68,42.44,32.79,34.56,34.7,33.0,33.25,38.29,42.22,44.1,46.76,48.92,48.56,47.98,43.97,42.89,40.44,45.3,53.69,59.02,70.04,51.22,42.9,42.89,42.7,33.47,35.0,32.3,29.59,23.74,27.82,30.41,32.99,39.41,37.48,35.37,38.13,39.75,40.77,34.21,34.2,37.48,49.93,51.0,51.3,47.0
66.9,63.91,56.78,50.08,48.36,45.0,32.66,31.61,30.8,29.58,29.76,32.44,45.31,55.03,56.83,56.54,55.63,55.96,52.9,53.6,54.14,55.17,57.04,60.79,64.81,62.65,61.59,52.87,50.26,47.32,35.23,32.99,32.02,31.05,31.18,34.85,44.77,57.96,64.16,62.76,59.77,59.18,58.13,56.45,57.22,57.36,58.43,63.02,64.17,62.58,55.49,51.8,49.99,46.68,42.44,32.79,34.56,34.7,33.0,33.25,38.29,42.22,44.1,46.76,48.92,48.56,47.98,43.97,42.89,40.44,45.3,53.69,59.02,70.04,51.22,42.9,42.89,42.7,33.47,35.0,32.3,29.59,23.74,27.82,30.41,32.99,39.41,37.48,35.37,38.13,39.75,40.77,34.21,34.2,37.48,49.93,51.0,51.3,47.0,42.77
63.91,56.78,50.08,48.36,45.0,32.66,31.61,30.8,29.58,29.76,32.44,45.31,55.03,56.83,56.54,55.63,55.96,52.9,53.6,54.14,55.17,57.04,60.79,64.81,62.65,61.59,52.87,50.26,47.32,35.23,32.99,32.02,31.05,31.18,34.85,44.77,57.96,64.16,62.76,59.77,59.18,58.13,56.45,57.22,57.36,58.43,63.02,64.17,62.58,55.49,51.8,49.99,46.68,42.44,32.79,34.56,34.7,33.0,33.25,38.29,42.22,44.1,46.76,48.92,48.56,47.98,43.97,42.89,40.44,45.3,53.69,59.02,70.04,51.22,42.9,42.89,42.7,33.47,35.0,32.3,29.59,23.74,27.82,30.41,32.99,39.41,37.48,35.37,38.13,39.75,40.77,34.21,34.2,37.48,49.93,51.0,51.3,47.0,42.77,43.32
56.78,50.08,48.36,45.0,32.66,31.61,30.8,29.58,29.76,32.44,45.31,55.03,56.83,56.54,55.63,55.96,52.9,53.6,54.14,55.17,57.04,60.79,64.81,62.65,61.59,52.87,50.26,47.32,35.23,32.99,32.02,31.05,31.18,34.85,44.77,57.96,64.16,62.76,59.77,59.18,58.13,56.45,57.22,57.36,58.43,63.02,64.17,62.58,55.49,51.8,49.99,46.68,42.44,32.79,34.56,34.7,33.0,33.25,38.29,42.22,44.1,46.76,48.92,48.56,47.98,43.97,42.89,40.44,45.3,53.69,59.02,70.04,51.22,42.9,42.89,42.7,33.47,35.0,32.3,29.59,23.74,27.82,30.41,32.99,39.41,37.48,35.37,38.13,39.75,40.77,34.21,34.2,37.48,49.93,51.0,51.3,47.0,42.77,43.32,34.0
50.08,48.36,45.0,32.66,31.61,30.8,29.58,29.76,32.44,45.31,55.03,56.83,56.54,55.63,55.96,52.9,53.6,54.14,55.17,57.04,60.79,64.81,62.65,61.59,52.87,50.26,47.32,35.23,32.99,32.02,31.05,31.18,34.85,44.77,57.96,64.16,62.76,59.77,59.18,58.13,56.45,57.22,57.36,58.43,63.02,64.17,62.58,55.49,51.8,49.99,46.68,42.44,32.79,34.56,34.7,33.0,33.25,38.29,42.22,44.1,46.76,48.92,48.56,47.98,43.97,42.89,40.44,45.3,53.69,59.02,70.04,51.22,42.9,42.89,42.7,33.47,35.0,32.3,29.59,23.74,27.82,30.41,32.99,39.41,37.48,35.37,38.13,39.75,40.77,34.21,34.2,37.48,49.93,51.0,51.3,47.0,42.77,43.32,34.0,38.19
48.36,45.0,32.66,31.61,30.8,29.58,29.76,32.44,45.31,55.03,56.83,56.54,55.63,55.96,52.9,53.6,54.14,55.17,57.04,60.79,64.81,62.65,61.59,52.87,50.26,47.32,35.23,32.99,32.02,31.05,31.18,34.85,44.77,57.96,64.16,62.76,59.77,59.18,58.13,56.45,57.22,57.36,58.43,63.02,64.17,62.58,55.49,51.8,49.99,46.68,42.44,32.79,34.56,34.7,33.0,33.25,38.29,42.22,44.1,46.76,48.92,48.56,47.98,43.97,42.89,40.44,45.3,53.69,59.02,70.04,51.22,42.9,42.89,42.7,33.47,35.0,32.3,29.59,23.74,27.82,30.41,32.99,39.41,37.48,35.37,38.13,39.75,40.77,34.21,34.2,37.48,49.93,51.0,51.3,47.0,42.77,43.32,34.0,38.19,30.42
45.0,32.66,31.61,30.8,29.58,29.76,32.44,45.31,55.03,56.83,56.54,55.63,55.96,52.9,53.6,54.14,55.17,57.04,60.79,64.81,62.65,61.59,52.87,50.26,47.32,35.23,32.99,32.02,31.05,31.18,34.85,44.77,57.96,64.16,62.76,59.77,59.18,58.13,56.45,57.22,57.36,58.43,63.02,64.17,62.58,55.49,51.8,49.99,46.68,42.44,32.79,34.56,34.7,33.0,33.25,38.29,42.22,44.1,46.76,48.92,48.56,47.98,43.97,42.89,40.44,45.3,53.69,59.02,70.04,51.22,42.9,42.89,42.7,33.47,35.0,32.3,29.59,23.74,27.82,30.41,32.99,39.41,37.48,35.37,38.13,39.75,40.77,34.21,34.2,37.48,49.93,51.0,51.3,47.0,42.77,43.32,34.0,38.19,30.42,35.56
32.66,31.61,30.8,29.58,29.76,32.44,45.31,55.03,56.83,56.54,55.63,55.96,52.9,53.6,54.14,55.17,57.04,60.79,64.81,62.65,61.59,52.87,50.26,47.32,35.23,32.99,32.02,31.05,31.18,34.85,44.77,57.96,64.16,62.76,59.77,59.18,58.13,56.45,57.22,57.36,58.43,63.02,64.17,62.58,55.49,51.8,49.99,46.68,42.44,32.79,34.56,34.7,33.0,33.25,38.29,42.22,44.1,46.76,48.92,48.56,47.98,43.97,42.89,40.44,45.3,53.69,59.02,70.04,51.22,42.9,42.89,42.7,33.47,35.0,32.3,29.59,23.74,27.82,30.41,32.99,39.41,37.48,35.37,38.13,39.75,40.77,34.21,34.2,37.48,49.93,51.0,51.3,47.0,42.77,43.32,34.0,38.19,30.42,35.56,25.95
31.61,30.8,29.58,29.76,32.44,45.31,55.03,56.83,56.54,55.63,55.96,52.9,53.6,54.14,55.17,57.04,60.79,64.81,62.65,61.59,52.87,50.26,47.32,35.23,32.99,32.02,31.05,31.18,34.85,44.77,57.96,64.16,62.76,59.77,59.18,58.13,56.45,57.22,57.36,58.43,63.02,64.17,62.58,55.49,51.8,49.99,46.68,42.44,32.79,34.56,34.7,33.0,33.25,38.29,42.22,44.1,46.76,48.92,48.56,47.98,43.97,42.89,40.44,45.3,53.69,59.02,70.04,51.22,42.9,42.89,42.7,33.47,35.0,32.3,29.59,23.74,27.82,30.41,32.99,39.41,37.48,35.37,38.13,39.75,40.77,34.21,34.2,37.48,49.93,51.0,51.3,47.0,42.77,43.32,34.0,38.19,30.42,35.56,25.95,26.81
30.8,29.58,29.76,32.44,45.31,55.03,56.83,56.54,55.63,55.96,52.9,53.6,54.14,55.17,57.04,60.79,64.81,62.65,61.59,52.87,50.26,47.32,35.23,32.99,32.02,31.05,31.18,34.85,44.77,57.96,64.16,62.76,59.77,59.18,58.13,56.45,57.22,57.36,58.43,63.02,64.17,62.58,55.49,51.8,49.99,46.68,42.44,32.79,34.56,34.7,33.0,33.25,38.29,42.22,44.1,46.76,48.92,48.56,47.98,43.97,42.89,40.44,45.3,53.69,59.02,70.04,51.22,42.9,42.89,42.7,33.47,35.0,32.3,29.59,23.74,27.82,30.41,32.99,39.41,37.48,35.37,38.13,39.75,40.77,34.21,34.2,37.48,49.93,51.0,51.3,47.0,42.77,43.32,34.0,38.19,30.42,35.56,25.95,26.81,31.96
29.58,29.76,32.44,45.31,55.03,56.83,56.54,55.63,55.96,52.9,53.6,54.14,55.17,57.04,60.79,64.81,62.65,61.59,52.87,50.26,47.32,35.23,32.99,32.02,31.05,31.18,34.85,44.77,57.96,64.16,62.76,59.77,59.18,58.13,56.45,57.22,57.36,58.43,63.02,64.17,62.58,55.49,51.8,49.99,46.68,42.44,32.79,34.56,34.7,33.0,33.25,38.29,42.22,44.1,46.76,48.92,48.56,47.98,43.97,42.89,40.44,45.3,53.69,59.02,70.04,51.22,42.9,42.89,42.7,33.47,35.0,32.3,29.59,23.74,27.82,30.41,32.99,39.41,37.48,35.37,38.13,39.75,40.77,34.21,34.2,37.48,49.93,51.0,51.3,47.0,42.77,43.32,34.0,38.19,30.42,35.56,25.95,26.81,31.96,47.4
29.76,32.44,45.31,55.03,56.83,56.54,55.63,55.96,52.9,53.6,54.14,55.17,57.04,60.79,64.81,62.65,61.59,52.87,50.26,47.32,35.23,32.99,32.02,31.05,31.18,34.85,44.77,57.96,64.16,62.76,59.77,59.18,58.13,56.45,57.22,57.36,58.43,63.02,64.17,62.58,55.49,51.8,49.99,46.68,42.44,32.79,34.56,34.7,33.0,33.25,38.29,42.22,44.1,46.76,48.92,48.56,47.98,43.97,42.89,40.44,45.3,53.69,59.02,70.04,51.22,42.9,42.89,42.7,33.47,35.0,32.3,29.59,23.74,27.82,30.41,32.99,39.41,37.48,35.37,38.13,39.75,40.77,34.21,34.2,37.48,49.93,51.0,51.3,47.0,42.77,43.32,34.0,38.19,30.42,35.56,25.95,26.81,31.96,47.4,67.85
32.44,45.31,55.03,56.83,56.54,55.63,55.96,52.9,53.6,54.14,55.17,57.04,60.79,64.81,62.65,61.59,52.87,50.26,47.32,35.23,32.99,32.02,31.05,31.18,34.85,44.77,57.96,64.16,62.76,59.77,59.18,58.13,56.45,57.22,57.36,58.43,63.02,64.17,62.58,55.49,51.8,49.99,46.68,42.44,32.79,34.56,34.7,33.0,33.25,38.29,42.22,44.1,46.76,48.92,48.56,47.98,43.97,42.89,40.44,45.3,53.69,59.02,70.04,51.22,42.9,42.89,42.7,33.47,35.0,32.3,29.59,23.74,27.82,30.41,32.99,39.41,37.48,35.37,38.13,39.75,40.77,34.21,34.2,37.48,49.93,51.0,51.3,47.0,42.77,43.32,34.0,38.19,30.42,35.56,25.95,26.81,31.96,47.4,67.85,69.95
45.31,55.03,56.83,56.54,55.63,55.96,52.9,53.6,54.14,55.17,57.04,60.79,64.81,62.65,61.59,52.87,50.26,47.32,35.23,32.99,32.02,31.05,31.18,34.85,44.77,57.96,64.16,62.76,59.77,59.18,58.13,56.45,57.22,57.36,58.43,63.02,64.17,62.58,55.49,51.8,49.99,46.68,42.44,32.79,34.56,34.7,33.0,33.25,38.29,42.22,44.1,46.76,48.92,48.56,47.98,43.97,42.89,40.44,45.3,53.69,59.02,70.04,51.22,42.9,42.89,42.7,33.47,35.0,32.3,29.59,23.74,27.82,30.41,32.99,39.41,37.48,35.37,38.13,39.75,40.77,34.21,34.2,37.48,49.93,51.0,51.3,47.0,42.77,43.32,34.0,38.19,30.42,35.56,25.95,26.81,31.96,47.4,67.85,69.95,64.35
55.03,56.83,56.54,55.63,55.96,52.9,53.6,54.14,55.17,57.04,60.79,64.81,62.65,61.59,52.87,50.26,47.32,35.23,32.99,32.02,31.05,31.18,34.85,44.77,57.96,64.16,62.76,59.77,59.18,58.13,56.45,57.22,57.36,58.43,63.02,64.17,62.58,55.49,51.8,49.99,46.68,42.44,32.79,34.56,34.7,33.0,33.25,38.29,42.22,44.1,46.76,48.92,48.56,47.98,43.97,42.89,40.44,45.3,53.69,59.02,70.04,51.22,42.9,42.89,42.7,33.47,35.0,32.3,29.59,23.74,27.82,30.41,32.99,39.41,37.48,35.37,38.13,39.75,40.77,34.21,34.2,37.48,49.93,51.0,51.3,47.0,42.77,43.32,34.0,38.19,30.42,35.56,25.95,26.81,31.96,47.4,67.85,69.95,64.35,62.91
56.83,56.54,55.63,55.96,52.9,53.6,54.14,55.17,57.04,60.79,64.81,62.65,61.59,52.87,50.26,47.32,35.23,32.99,32.02,31.05,31.18,34.85,44.77,57.96,64.16,62.76,59.77,59.18,58.13,56.45,57.22,57.36,58.43,63.02,64.17,62.58,55.49,51.8,49.99,46.68,42.44,32.79,34.56,34.7,33.0,33.25,38.29,42.22,44.1,46.76,48.92,48.56,47.98,43.97,42.89,40.44,45.3,53.69,59.02,70.04,51.22,42.9,42.89,42.7,33.47,35.0,32.3,29.59,23.74,27.82,30.41,32.99,39.41,37.48,35.37,38.13,39.75,40.77,34.21,34.2,37.48,49.93,51.0,51.3,47.0,42.77,43.32,34.0,38.19,30.42,35.56,25.95,26.81,31.96,47.4,67.85,69.95,64.35,62.91,60.54
56.54,55.63,55.96,52.9,53.6,54.14,55.17,57.04,60.79,64.81,62.65,61.59,52.87,50.26,47.32,35.23,32.99,32.02,31.05,31.18,34.85,44.77,57.96,64.16,62.76,59.77,59.18,58.13,56.45,57.22,57.36,58.43,63.02,64.17,62.58,55.49,51.8,49.99,46.68,42.44,32.79,34.56,34.7,33.0,33.25,38.29,42.22,44.1,46.76,48.92,48.56,47.98,43.97,42.89,40.44,45.3,53.69,59.02,70.04,51.22,42.9,42.89,42.7,33.47,35.0,32.3,29.59,23.74,27.82,30.41,32.99,39.41,37.48,35.37,38.13,39.75,40.77,34.21,34.2,37.48,49.93,51.0,51.3,47.0,42.77,43.32,34.0,38.19,30.42,35.56,25.95,26.81,31.96,47.4,67.85,69.95,64.35,62.91,60.54,60.0
55.63,55.96,52.9,53.6,54.14,55.17,57.04,60.79,64.81,62.65,61.59,52.87,50.26,47.32,35.23,32.99,32.02,31.05,31.18,34.85,44.77,57.96,64.16,62.76,59.77,59.18,58.13,56.45,57.22,57.36,58.43,63.02,64.17,62.58,55.49,51.8,49.99,46.68,42.44,32.79,34.56,34.7,33.0,33.25,38.29,42.22,44.1,46.76,48.92,48.56,47.98,43.97,42.89,40.44,45.3,53.69,59.02,70.04,51.22,42.9,42.89,42.7,33.47,35.0,32.3,29.59,23.74,27.82,30.41,32.99,39.41,37.48,35.37,38.13,39.75,40.77,34.21,34.2,37.48,49.93,51.0,51.3,47.0,42.77,43.32,34.0,38.19,30.42,35.56,25.95,26.81,31.96,47.4,67.85,69.95,64.35,62.91,60.54,60.0,57.31
55.96,52.9,53.6,54.14,55.17,57.04,60.79,64.81,62.65,61.59,52.87,50.26,47.32,35.23,32.99,32.02,31.05,31.18,34.85,44.77,57.96,64.16,62.76,59.77,59.18,58.13,56.45,57.22,57.36,58.43,63.02,64.17,62.58,55.49,51.8,49.99,46.68,42.44,32.79,34.56,34.7,33.0,33.25,38.29,42.22,44.1,46.76,48.92,48.56,47.98,43.97,42.89,40.44,45.3,53.69,59.02,70.04,51.22,42.9,42.89,42.7,33.47,35.0,32.3,29.59,23.74,27.82,30.41,32.99,39.41,37.48,35.37,38.13,39.75,40.77,34.21,34.2,37.48,49.93,51.0,51.3,47.0,42.77,43.32,34.0,38.19,30.42,35.56,25.95,26.81,31.96,47.4,67.85,69.95,64.35,62.91,60.54,60.0,57.31,65.67
52.9,53.6,54.14,55.17,57.04,60.79,64.81,62.65,61.59,52.87,50.26,47.32,35.23,32.99,32.02,31.05,31.18,34.85,44.77,57.96,64.16,62.76,59.77,59.18,58.13,56.45,57.22,57.36,58.43,63.02,64.17,62.58,55.49,51.8,49.99,46.68,42.44,32.79,34.56,34.7,33.0,33.25,38.29,42.22,44.1,46.76,48.92,48.56,47.98,43.97,42.89,40.44,45.3,53.69,59.02,70.04,51.22,42.9,42.89,42.7,33.47,35.0,32.3,29.59,23.74,27.82,30.41,32.99,39.41,37.48,35.37,38.13,39.75,40.77,34.21,34.2,37.48,49.93,51.0,51.3,47.0,42.77,43.32,34.0,38.19,30.42,35.56,25.95,26.81,31.96,47.4,67.85,69.95,64.35,62.91,60.54,60.0,57.31,65.67,64.99
53.6,54.14,55.17,57.04,60.79,64.81,62.65,61.59,52.87,50.26,47.32,35.23,32.99,32.02,31.05,31.18,34.85,44.77,57.96,64.16,62.76,59.77,59.18,58.13,56.45,57.22,57.36,58.43,63.02,64.17,62.58,55.49,51.8,49.99,46.68,42.44,32.79,34.56,34.7,33.0,33.25,38.29,42.22,44.1,46.76,48.92,48.56,47.98,43.97,42.89,40.44,45.3,53.69,59.02,70.04,51.22,42.9,42.89,42.7,33.47,35.0,32.3,29.59,23.74,27.82,30.41,32.99,39.41,37.48,35.37,38.13,39.75,40.77,34.21,34.2,37.48,49.93,51.0,51.3,47.0,42.77,43.32,34.0,38.19,30.42,35.56,25.95,26.81,31.96,47.4,67.85,69.95,64.35,62.91,60.54,60.0,57.31,65.67,64.99,66.65
54.14,55.17,57.04,60.79,64.81,62.65,61.59,52.87,50.26,47.32,35.23,32.99,32.02,31.05,31.18,34.85,44.77,57.96,64.16,62.76,59.77,59.18,58.13,56.45,57.22,57.36,58.43,63.02,64.17,62.58,55.49,51.8,49.99,46.68,42.44,32.79,34.56,34.7,33.0,33.25,38.29,42.22,44.1,46.76,48.92,48.56,47.98,43.97,42.89,40.44,45.3,53.69,59.02,70.04,51.22,42.9,42.89,42.7,33.47,35.0,32.3,29.59,23.74,27.82,30.41,32.99,39.41,37.48,35.37,38.13,39.75,40.77,34.21,34.2,37.48,49.93,51.0,51.3,47.0,42.77,43.32,34.0,38.19,30.42,35.56,25.95,26.81,31.96,47.4,67.85,69.95,64.35,62.91,60.54,60.0,57.31,65.67,64.99,66.65,70.78
55.17,57.04,60.79,64.81,62.65,61.59,52.87,50.26,47.32,35.23,32.99,32.02,31.05,31.18,34.85,44.77,57.96,64.16,62.76,59.77,59.18,58.13,56.45,57.22,57.36,58.43,63.02,64.17,62.58,55.49,51.8,49.99,46.68,42.44,32.79,34.56,34.7,33.0,33.25,38.29,42.22,44.1,46.76,48.92,48.56,47.98,43.97,42.89,40.44,45.3,53.69,59.02,70.04,51.22,42.9,42.89,42.7,33.47,35.0,32.3,29.59,23.74,27.82,30.41,32.99,39.41,37.48,35.37,38.13,39.75,40.77,34.21,34.2,37.48,49.93,51.0,51.3,47.0,42.77,43.32,34.0,38.19,30.42,35.56,25.95,26.81,31.96,47.4,67.85,69.95,64.35,62.91,60.54,60.0,57.31,65.67,64.99,66.65,70.78,76.02
57.04,60.79,64.81,62.65,61.59,52.87,50.26,47.32,35.23,32.99,32.02,31.05,31.18,34.85,44.77,57.96,64.16,62.76,59.77,59.18,58.13,56.45,57.22,57.36,58.43,63.02,64.17,62.58,55.49,51.8,49.99,46.68,42.44,32.79,34.56,34.7,33.0,33.25,38.29,42.22,44.1,46.76,48.92,48.56,47.98,43.97,42.89,40.44,45.3,53.69,59.02,70.04,51.22,42.9,42.89,42.7,33.47,35.0,32.3,29.59,23.74,27.82,30.41,32.99,39.41,37.48,35.37,38.13,39.75,40.77,34.21,34.2,37.48,49.93,51.0,51.3,47.0,42.77,43.32,34.0,38.19,30.42,35.56,25.95,26.81,31.96,47.4,67.85,69.95,64.35,62.91,60.54,60.0,57.31,65.67,64.99,66.65,70.78,76.02,73.17
60.79,64.81,62.65,61.59,52.87,50.26,47.32,35.23,32.99,32.02,31.05,31.18,34.85,44.77,57.96,64.16,62.76,59.77,59.18,58.13,56.45,57.22,57.36,58.43,63.02,64.17,62.58,55.49,51.8,49.99,46.68,42.44,32.79,34.56,34.7,33.0,33.25,38.29,42.22,44.1,46.76,48.92,48.56,47.98,43.97,42.89,40.44,45.3,53.69,59.02,70.04,51.22,42.9,42.89,42.7,33.47,35.0,32.3,29.59,23.74,27.82,30.41,32.99,39.41,37.48,35.37,38.13,39.75,40.77,34.21,34.2,37.48,49.93,51.0,51.3,47.0,42.77,43.32,34.0,38.19,30.42,35.56,25.95,26.81,31.96,47.4,67.85,69.95,64.35,62.91,60.54,60.0,57.31,65.67,64.99,66.65,70.78,76.02,73.17,70.5
64.81,62.65,61.59,52.87,50.26,47.32,35.23,32.99,32.02,31.05,31.18,34.85,44.77,57.96,64.16,62.76,59.77,59.18,58.13,56.45,57.22,57.36,58.43,63.02,64.17,62.58,55.49,51.8,49.99,46.68,42.44,32.79,34.56,34.7,33.0,33.25,38.29,42.22,44.1,46.76,48.92,48.56,47.98,43.97,42.89,40.44,45.3,53.69,59.02,70.04,51.22,42.9,42.89,42.7,33.47,35.0,32.3,29.59,23.74,27.82,30.41,32.99,39.41,37.48,35.37,38.13,39.75,40.77,34.21,34.2,37.48,49.93,51.0,51.3,47.0,42.77,43.32,34.0,38.19,30.42,35.56,25.95,26.81,31.96,47.4,67.85,69.95,64.35,62.91,60.54,60.0,57.31,65.67,64.99,66.65,70.78,76.02,73.17,70.5,52.68
62.65,61.59,52.87,50.26,47.32,35.23,32.99,32.02,31.05,31.18,34.85,44.77,57.96,64.16,62.76,59.77,59.18,58.13,56.45,57.22,57.36,58.43,63.02,64.17,62.58,55.49,51.8,49.99,46.68,42.44,32.79,34.56,34.7,33.0,33.25,38.29,42.22,44.1,46.76,48.92,48.56,47.98,43.97,42.89,40.44,45.3,53.69,59.02,70.04,51.22,42.9,42.89,42.7,33.47,35.0,32.3,29.59,23.74,27.82,30.41,32.99,39.41,37.48,35.37,38.13,39.75,40.77,34.21,34.2,37.48,49.93,51.0,51.3,47.0,42.77,43.32,34.0,38.19,30.42,35.56,25.95,26.81,31.96,47.4,67.85,69.95,64.35,62.91,60.54,60.0,57.31,65.67,64.99,66.65,70.78,76.02,73.17,70.5,52.68,57.7
61.59,52.87,50.26,47.32,35.23,32.99,32.02,31.05,31.18,34.85,44.77,57.96,64.16,62.76,59.77,59.18,58.13,56.45,57.22,57.36,58.43,63.02,64.17,62.58,55.49,51.8,49.99,46.68,42.44,32.79,34.56,34.7,33.0,33.25,38.29,42.22,44.1,46.76,48.92,48.56,47.98,43.97,42.89,40.44,45.3,53.69,59.02,70.04,51.22,42.9,42.89,42.7,33.47,35.0,32.3,29.59,23.74,27.82,30.41,32.99,39.41,37.48,35.37,38.13,39.75,40.77,34.21,34.2,37.48,49.93,51.0,51.3,47.0,42.77,43.32,34.0,38.19,30.42,35.56,25.95,26.81,31.96,47.4,67.85,69.95,64.35,62.91,60.54,60.0,57.31,65.67,64.99,66.65,70.78,76.02,73.17,70.5,52.68,57.7,48.29
52.87,50.26,47.32,35.23,32.99,32.02,31.05,31.18,34.85,44.77,57.96,64.16,62.76,59.77,59.18,58.13,56.45,57.22,57.36,58.43,63.02,64.17,62.58,55.49,51.8,49.99,46.68,42.44,32.79,34.56,34.7,33.0,33.25,38.29,42.22,44.1,46.76,48.92,48.56,47.98,43.97,42.89,40.44,45.3,53.69,59.02,70.04,51.22,42.9,42.89,42.7,33.47,35.0,32.3,29.59,23.74,27.82,30.41,32.99,39.41,37.48,35.37,38.13,39.75,40.77,34.21,34.2,37.48,49.93,51.0,51.3,47.0,42.77,43.32,34.0,38.19,30.42,35.56,25.95,26.81,31.96,47.4,67.85,69.95,64.35,62.91,60.54,60.0,57.31,65.67,64.99,66.65,70.78,76.02,73.17,70.5,52.68,57.7,48.29,36.92
50.26,47.32,35.23,32.99,32.02,31.05,31.18,34.85,44.77,57.96,64.16,62.76,59.77,59.18,58.13,56.45,57.22,57.36,58.43,63.02,64.17,62.58,55.49,51.8,49.99,46.68,42.44,32.79,34.56,34.7,33.0,33.25,38.29,42.22,44.1,46.76,48.92,48.56,47.98,43.97,42.89,40.44,45.3,53.69,59.02,70.04,51.22,42.9,42.89,42.7,33.47,35.0,32.3,29.59,23.74,27.82,30.41,32.99,39.41,37.48,35.37,38.13,39.75,40.77,34.21,34.2,37.48,49.93,51.0,51.3,47.0,42.77,43.32,34.0,38.19,30.42,35.56,25.95,26.81,31.96,47.4,67.85,69.95,64.35,62.91,60.54,60.0,57.31,65.67,64.99,66.65,70.78,76.02,73.17,70.5,52.68,57.7,48.29,36.92,42.2
47.32,35.23,32.99,32.02,31.05,31.18,34.85,44.77,57.96,64.16,62.76,59.77,59.18,58.13,56.45,57.22,57.36,58.43,63.02,64.17,62.58,55.49,51.8,49.99,46.68,42.44,32.79,34.56,34.7,33.0,33.25,38.29,42.22,44.1,46.76,48.92,48.56,47.98,43.97,42.89,40.44,45.3,53.69,59.02,70.04,51.22,42.9,42.89,42.7,33.47,35.0,32.3,29.59,23.74,27.82,30.41,32.99,39.41,37.48,35.37,38.13,39.75,40.77,34.21,34.2,37.48,49.93,51.0,51.3,47.0,42.77,43.32,34.0,38.19,30.42,35.56,25.95,26.81,31.96,47.4,67.85,69.95,64.35,62.91,60.54,60.0,57.31,65.67,64.99,66.65,70.78,76.02,73.17,70.5,52.68,57.7,48.29,36.92,42.2,34.81
35.23,32.99,32.02,31.05,31.18,34.85,44.77,57.96,64.16,62.76,59.77,59.18,58.13,56.45,57.22,57.36,58.43,63.02,64.17,62.58,55.49,51.8,49.99,46.68,42.44,32.79,34.56,34.7,33.0,33.25,38.29,42.22,44.1,46.76,48.92,48.56,47.98,43.97,42.89,40.44,45.3,53.69,59.02,70.04,51.22,42.9,42.89,42.7,33.47,35.0,32.3,29.59,23.74,27.82,30.41,32.99,39.41,37.48,35.37,38.13,39.75,40.77,34.21,34.2,37.48,49.93,51.0,51.3,47.0,42.77,43.32,34.0,38.19,30.42,35.56,25.95,26.81,31.96,47.4,67.85,69.95,64.35,62.91,60.54,60.0,57.31,65.67,64.99,66.65,70.78,76.02,73.17,70.5,52.68,57.7,48.29,36.92,42.2,34.81,34.43
32.99,32.02,31.05,31.18,34.85,44.77,57.96,64.16,62.76,59.77,59.18,58.13,56.45,57.22,57.36,58.43,63.02,64.17,62.58,55.49,51.8,49.99,46.68,42.44,32.79,34.56,34.7,33.0,33.25,38.29,42.22,44.1,46.76,48.92,48.56,47.98,43.97,42.89,40.44,45.3,53.69,59.02,70.04,51.22,42.9,42.89,42.7,33.47,35.0,32.3,29.59,23.74,27.82,30.41,32.99,39.41,37.48,35.37,38.13,39.75,40.77,34.21,34.2,37.48,49.93,51.0,51.3,47.0,42.77,43.32,34.0,38.19,30.42,35.56,25.95,26.81,31.96,47.4,67.85,69.95,64.35,62.91,60.54,60.0,57.31,65.67,64.99,66.65,70.78,76.02,73.17,70.5,52.68,57.7,48.29,36.92,42.2,34.81,34.43,34.89
32.02,31.05,31.18,34.85,44.77,57.96,64.16,62.76,59.77,59.18,58.13,56.45,57.22,57.36,58.43,63.02,64.17,62.58,55.49,51.8,49.99,46.68,42.44,32.79,34.56,34.7,33.0,33.25,38.29,42.22,44.1,46.76,48.92,48.56,47.98,43.97,42.89,40.44,45.3,53.69,59.02,70.04,51.22,42.9,42.89,42.7,33.47,35.0,32.3,29.59,23.74,27.82,30.41,32.99,39.41,37.48,35.37,38.13,39.75,40.77,34.21,34.2,37.48,49.93,51.0,51.3,47.0,42.77,43.32,34.0,38.19,30.42,35.56,25.95,26.81,31.96,47.4,67.85,69.95,64.35,62.91,60.54,60.0,57.31,65.67,64.99,66.65,70.78,76.02,73.17,70.5,52.68,57.7,48.29,36.92,42.2,34.81,34.43,34.89,37.7
31.05,31.18,34.85,44.77,57.96,64.16,62.76,59.77,59.18,58.13,56.45,57.22,57.36,58.43,63.02,64.17,62.58,55.49,51.8,49.99,46.68,42.44,32.79,34.56,34.7,33.0,33.25,38.29,42.22,44.1,46.76,48.92,48.56,47.98,43.97,42.89,40.44,45.3,53.69,59.02,70.04,51.22,42.9,42.89,42.7,33.47,35.0,32.3,29.59,23.74,27.82,30.41,32.99,39.41,37.48,35.37,38.13,39.75,40.77,34.21,34.2,37.48,49.93,51.0,51.3,47.0,42.77,43.32,34.0,38.19,30.42,35.56,25.95,26.81,31.96,47.4,67.85,69.95,64.35,62.91,60.54,60.0,57.31,65.67,64.99,66.65,70.78,76.02,73.17,70.5,52.68,57.7,48.29,36.92,42.2,34.81,34.43,34.89,37.7,67.33
31.18,34.85,44.77,57.96,64.16,62.76,59.77,59.18,58.13,56.45,57.22,57.36,58.43,63.02,64.17,62.58,55.49,51.8,49.99,46.68,42.44,32.79,34.56,34.7,33.0,33.25,38.29,42.22,44.1,46.76,48.92,48.56,47.98,43.97,42.89,40.44,45.3,53.69,59.02,70.04,51.22,42.9,42.89,42.7,33.47,35.0,32.3,29.59,23.74,27.82,30.41,32.99,39.41,37.48,35.37,38.13,39.75,40.77,34.21,34.2,37.48,49.93,51.0,51.3,47.0,42.77,43.32,34.0,38.19,30.42,35.56,25.95,26.81,31.96,47.4,67.85,69.95,64.35,62.91,60.54,60.0,57.31,65.67,64.99,66.65,70.78,76.02,73.17,70.5,52.68,57.7,48.29,36.92,42.2,34.81,34.43,34.89,37.7,67.33,74.64
34.85,44.77,57.96,64.16,62.76,59.77,59.18,58.13,56.45,57.22,57.36,58.43,63.02,64.17,62.58,55.49,51.8,49.99,46.68,42.44,32.79,34.56,34.7,33.0,33.25,38.29,42.22,44.1,46.76,48.92,48.56,47.98,43.97,42.89,40.44,45.3,53.69,59.02,70.04,51.22,42.9,42.89,42.7,33.47,35.0,32.3,29.59,23.74,27.82,30.41,32.99,39.41,37.48,35.37,38.13,39.75,40.77,34.21,34.2,37.48,49.93,51.0,51.3,47.0,42.77,43.32,34.0,38.19,30.42,35.56,25.95,26.81,31.96,47.4,67.85,69.95,64.35,62.91,60.54,60.0,57.31,65.67,64.99,66.65,70.78,76.02,73.17,70.5,52.68,57.7,48.29,36.92,42.2,34.81,34.43,34.89,37.7,67.33,74.64,69.35
44.77,57.96,64.16,62.76,59.77,59.18,58.13,56.45,57.22,57.36,58.43,63.02,64.17,62.58,55.49,51.8,49.99,46.68,42.44,32.79,34.56,34.7,33.0,33.25,38.29,42.22,44.1,46.76,48.92,48.56,47.98,43.97,42.89,40.44,45.3,53.69,59.02,70.04,51.22,42.9,42.89,42.7,33.47,35.0,32.3,29.59,23.74,27.82,30.41,32.99,39.41,37.48,35.37,38.13,39.75,40.77,34.21,34.2,37.48,49.93,51.0,51.3,47.0,42.77,43.32,34.0,38.19,30.42,35.56,25.95,26.81,31.96,47.4,67.85,69.95,64.35,62.91,60.54,60.0,57.31,65.67,64.99,66.65,70.78,76.02,73.17,70.5,52.68,57.7,48.29,36.92,42.2,34.81,34.43,34.89,37.7,67.33,74.64,69.35,67.9
57.96,64.16,62.76,59.77,59.18,58.13,56.45,57.22,57.36,58.43,63.02,64.17,62.58,55.49,51.8,49.99,46.68,42.44,32.79,34.56,34.7,33.0,33.25,38.29,42.22,44.1,46.76,48.92,48.56,47.98,43.97,42.89,40.44,45.3,53.69,59.02,70.04,51.22,42.9,42.89,42.7,33.47,35.0,32.3,29.59,23.74,27.82,30.41,32.99,39.41,37.48,35.37,38.13,39.75,40.77,34.21,34.2,37.48,49.93,51.0,51.3,47.0,42.77,43.32,34.0,38.19,30.42,35.56,25.95,26.81,31.96,47.4,67.85,69.95,64.35,62.91,60.54,60.0,57.31,65.67,64.99,66.65,70.78,76.02,73.17,70.5,52.68,57.7,48.29,36.92,42.2,34.81,34.43,34.89,37.7,67.33,74.64,69.35,67.9,66.75
64.16,62.76,59.77,59.18,58.13,56.45,57.22,57.36,58.43,63.02,64.17,62.58,55.49,51.8,49.99,46.68,42.44,32.79,34.56,34.7,33.0,33.25,38.29,42.22,44.1,46.76,48.92,48.56,47.98,43.97,42.89,40.44,45.3,53.69,59.02,70.04,51.22,42.9,42.89,42.7,33.47,35.0,32.3,29.59,23.74,27.82,30.41,32.99,39.41,37.48,35.37,38.13,39.75,40.77,34.21,34.2,37.48,49.93,51.0,51.3,47.0,42.77,43.32,34.0,38.19,30.42,35.56,25.95,26.81,31.96,47.4,67.85,69.95,64.35,62.91,60.54,60.0,57.31,65.67,64.99,66.65,70.78,76.02,73.17,70.5,52.68,57.7,48.29,36.92,42.2,34.81,34.43,34.89,37.7,67.33,74.64,69.35,67.9,66.75,66.54
62.76,59.77,59.18,58.13,56.45,57.22,57.36,58.43,63.02,64.17,62.58,55.49,51.8,49.99,46.68,42.44,32.79,34.56,34.7,33.0,33.25,38.29,42.22,44.1,46.76,48.92,48.56,47.98,43.97,42.89,40.44,45.3,53.69,59.02,70.04,51.22,42.9,42.89,42.7,33.47,35.0,32.3,29.59,23.74,27.82,30.41,32.99,39.41,37.48,35.37,38.13,39.75,40.77,34.21,34.2,37.48,49.93,51.0,51.3,47.0,42.77,43.32,34.0,38.19,30.42,35.56,25.95,26.81,31.96,47.4,67.85,69.95,64.35,62.91,60.54,60.0,57.31,65.67,64.99,66.65,70.78,76.02,73.17,70.5,52.68,57.7,48.29,36.92,42.2,34.81,34.43,34.89,37.7,67.33,74.64,69.35,67.9,66.75,66.54,64.31
59.77,59.18,58.13,56.45,57.22,57.36,58.43,63.02,64.17,62.58,55.49,51.8,49.99,46.68,42.44,32.79,34.56,34.7,33.0,33.25,38.29,42.22,44.1,46.76,48.92,48.56,47.98,43.97,42.89,40.44,45.3,53.69,59.02,70.04,51.22,42.9,42.89,42.7,33.47,35.0,32.3,29.59,23.74,27.82,30.41,32.99,39.41,37.48,35.37,38.13,39.75,40.77,34.21,34.2,37.48,49.93,51.0,51.3,47.0,42.77,43.32,34.0,38.19,30.42,35.56,25.95,26.81,31.96,47.4,67.85,69.95,64.35,62.91,60.54,60.0,57.31,65.67,64.99,66.65,70.78,76.02,73.17,70.5,52.68,57.7,48.29,36.92,42.2,34.81,34.43,34.89,37.7,67.33,74.64,69.35,67.9,66.75,66.54,64.31,64.33
59.18,58.13,56.45,57.22,57.36,58.43,63.02,64.17,62.58,55.49,51.8,49.99,46.68,42.44,32.79,34.56,34.7,33.0,33.25,38.29,42.22,44.1,46.76,48.92,48.56,47.98,43.97,42.89,40.44,45.3,53.69,59.02,70.04,51.22,42.9,42.89,42.7,33.47,35.0,32.3,29.59,23.74,27.82,30.41,32.99,39.41,37.48,35.37,38.13,39.75,40.77,34.21,34.2,37.48,49.93,51.0,51.3,47.0,42.77,43.32,34.0,38.19,30.42,35.56,25.95,26.81,31.96,47.4,67.85,69.95,64.35,62.91,60.54,60.0,57.31,65.67,64.99,66.65,70.78,76.02,73.17,70.5,52.68,57.7,48.29,36.92,42.2,34.81,34.43,34.89,37.7,67.33,74.64,69.35,67.9,66.75,66.54,64.31,64.33,68.55
58.13,56.45,57.22,57.36,58.43,63.02,64.17,62.58,55.49,51.8,49.99,46.68,42.44,32.79,34.56,34.7,33.0,33.25,38.29,42.22,44.1,46.76,48.92,48.56,47.98,43.97,42.89,40.44,45.3,53.69,59.02,70.04,51.22,42.9,42.89,42.7,33.47,35.0,32.3,29.59,23.74,27.82,30.41,32.99,39.41,37.48,35.37,38.13,39.75,40.77,34.21,34.2,37.48,49.93,51.0,51.3,47.0,42.77,43.32,34.0,38.19,30.42,35.56,25.95,26.81,31.96,47.4,67.85,69.95,64.35,62.91,60.54,60.0,57.31,65.67,64.99,66.65,70.78,76.02,73.17,70.5,52.68,57.7,48.29,36.92,42.2,34.81,34.43,34.89,37.7,67.33,74.64,69.35,67.9,66.75,66.54,64.31,64.33,68.55,70.06
56.45,57.22,57.36,58.43,63.02,64.17,62.58,55.49,51.8,49.99,46.68,42.44,32.79,34.56,34.7,33.0,33.25,38.29,42.22,44.1,46.76,48.92,48.56,47.98,43.97,42.89,40.44,45.3,53.69,59.02,70.04,51.22,42.9,42.89,42.7,33.47,35.0,32.3,29.59,23.74,27.82,30.41,32.99,39.41,37.48,35.37,38.13,39.75,40.77,34.21,34.2,37.48,49.93,51.0,51.3,47.0,42.77,43.32,34.0,38.19,30.42,35.56,25.95,26.81,31.96,47.4,67.85,69.95,64.35,62.91,60.54,60.0,57.31,65.67,64.99,66.65,70.78,76.02,73.17,70.5,52.68,57.7,48.29,36.92,42.2,34.81,34.43,34.89,37.7,67.33,74.64,69.35,67.9,66.75,66.54,64.31,64.33,68.55,70.06,72.0
57.22,57.36,58.43,63.02,64.17,62.58,55.49,51.8,49.99,46.68,42.44,32.79,34.56,34.7,33.0,33.25,38.29,42.22,44.1,46.76,48.92,48.56,47.98,43.97,42.89,40.44,45.3,53.69,59.02,70.04,51.22,42.9,42.89,42.7,33.47,35.0,32.3,29.59,23.74,27.82,30.41,32.99,39.41,37.48,35.37,38.13,39.75,40.77,34.21,34.2,37.48,49.93,51.0,51.3,47.0,42.77,43.32,34.0,38.19,30.42,35.56,25.95,26.81,31.96,47.4,67.85,69.95,64.35,62.91,60.54,60.0,57.31,65.67,64.99,66.65,70.78,76.02,73.17,70.5,52.68,57.7,48.29,36.92,42.2,34.81,34.43,34.89,37.7,67.33,74.64,69.35,67.9,66.75,66.54,64.31,64.33,68.55,70.06,72.0,87.2
57.36,58.43,63.02,64.17,62.58,55.49,51.8,49.99,46.68,42.44,32.79,34.56,34.7,33.0,33.25,38.29,42.22,44.1,46.76,48.92,48.56,47.98,43.97,42.89,40.44,45.3,53.69,59.02,70.04,51.22,42.9,42.89,42.7,33.47,35.0,32.3,29.59,23.74,27.82,30.41,32.99,39.41,37.48,35.37,38.13,39.75,40.77,34.21,34.2,37.48,49.93,51.0,51.3,47.0,42.77,43.32,34.0,38.19,30.42,35.56,25.95,26.81,31.96,47.4,67.85,69.95,64.35,62.91,60.54,60.0,57.31,65.67,64.99,66.65,70.78,76.02,73.17,70.5,52.68,57.7,48.29,36.92,42.2,34.81,34.43,34.89,37.7,67.33,74.64,69.35,67.9,66.75,66.54,64.31,64.33,68.55,70.06,72.0,87.2,200.07
58.43,63.02,64.17,62.58,55.49,51.8,49.99,46.68,42.44,32.79,34.56,34.7,33.0,33.25,38.29,42.22,44.1,46.76,48.92,48.56,47.98,43.97,42.89,40.44,45.3,53.69,59.02,70.04,51.22,42.9,42.89,42.7,33.47,35.0,32.3,29.59,23.74,27.82,30.41,32.99,39.41,37.48,35.37,38.13,39.75,40.77,34.21,34.2,37.48,49.93,51.0,51.3,47.0,42.77,43.32,34.0,38.19,30.42,35.56,25.95,26.81,31.96,47.4,67.85,69.95,64.35,62.91,60.54,60.0,57.31,65.67,64.99,66.65,70.78,76.02,73.17,70.5,52.68,57.7,48.29,36.92,42.2,34.81,34.43,34.89,37.7,67.33,74.64,69.35,67.9,66.75,66.54,64.31,64.33,68.55,70.06,72.0,87.2,200.07,122.56
63.02,64.17,62.58,55.49,51.8,49.99,46.68,42.44,32.79,34.56,34.7,33.0,33.25,38.29,42.22,44.1,46.76,48.92,48.56,47.98,43.97,42.89,40.44,45.3,53.69,59.02,70.04,51.22,42.9,42.89,42.7,33.47,35.0,32.3,29.59,23.74,27.82,30.41,32.99,39.41,37.48,35.37,38.13,39.75,40.77,34.21,34.2,37.48,49.93,51.0,51.3,47.0,42.77,43.32,34.0,38.19,30.42,35.56,25.95,26.81,31.96,47.4,67.85,69.95,64.35,62.91,60.54,60.0,57.31,65.67,64.99,66.65,70.78,76.02,73.17,70.5,52.68,57.7,48.29,36.92,42.2,34.81,34.43,34.89,37.7,67.33,74.64,69.35,67.9,66.75,66.54,64.31,64.33,68.55,70.06,72.0,87.2,200.07,122.56,81.14
64.17,62.58,55.49,51.8,49.99,46.68,42.44,32.79,34.56,34.7,33.0,33.25,38.29,42.22,44.1,46.76,48.92,48.56,47.98,43.97,42.89,40.44,45.3,53.69,59.02,70.04,51.22,42.9,42.89,42.7,33.47,35.0,32.3,29.59,23.74,27.82,30.41,32.99,39.41,37.48,35.37,38.13,39.75,40.77,34.21,34.2,37.48,49.93,51.0,51.3,47.0,42.77,43.32,34.0,38.19,30.42,35.56,25.95,26.81,31.96,47.4,67.85,69.95,64.35,62.91,60.54,60.0,57.31,65.67,64.99,66.65,70.78,76.02,73.17,70.5,52.68,57.7,48.29,36.92,42.2,34.81,34.43,34.89,37.7,67.33,74.64,69.35,67.9,66.75,66.54,64.31,64.33,68.55,70.06,72.0,87.2,200.07,122.56,81.14,52.31
62.58,55.49,51.8,49.99,46.68,42.44,32.79,34.56,34.7,33.0,33.25,38.29,42.22,44.1,46.76,48.92,48.56,47.98,43.97,42.89,40.44,45.3,53.69,59.02,70.04,51.22,42.9,42.89,42.7,33.47,35.0,32.3,29.59,23.74,27.82,30.41,32.99,39.41,37.48,35.37,38.13,39.75,40.77,34.21,34.2,37.48,49.93,51.0,51.3,47.0,42.77,43.32,34.0,38.19,30.42,35.56,25.95,26.81,31.96,47.4,67.85,69.95,64.35,62.91,60.54,60.0,57.31,65.67,64.99,66.65,70.78,76.02,73.17,70.5,52.68,57.7,48.29,36.92,42.2,34.81,34.43,34.89,37.7,67.33,74.64,69.35,67.9,66.75,66.54,64.31,64.33,68.55,70.06,72.0,87.2,200.07,122.56,81.14,52.31,64.08
55.49,51.8,49.99,46.68,42.44,32.79,34.56,34.7,33.0,33.25,38.29,42.22,44.1,46.76,48.92,48.56,47.98,43.97,42.89,40.44,45.3,53.69,59.02,70.04,51.22,42.9,42.89,42.7,33.47,35.0,32.3,29.59,23.74,27.82,30.41,32.99,39.41,37.48,35.37,38.13,39.75,40.77,34.21,34.2,37.48,49.93,51.0,51.3,47.0,42.77,43.32,34.0,38.19,30.42,35.56,25.95,26.81,31.96,47.4,67.85,69.95,64.35,62.91,60.54,60.0,57.31,65.67,64.99,66.65,70.78,76.02,73.17,70.5,52.68,57.7,48.29,36.92,42.2,34.81,34.43,34.89,37.7,67.33,74.64,69.35,67.9,66.75,66.54,64.31,64.33,68.55,70.06,72.0,87.2,200.07,122.56,81.14,52.31,64.08,53.18
51.8,49.99,46.68,42.44,32.79,34.56,34.7,33.0,33.25,38.29,42.22,44.1,46.76,48.92,48.56,47.98,43.97,42.89,40.44,45.3,53.69,59.02,70.04,51.22,42.9,42.89,42.7,33.47,35.0,32.3,29.59,23.74,27.82,30.41,32.99,39.41,37.48,35.37,38.13,39.75,40.77,34.21,34.2,37.48,49.93,51.0,51.3,47.0,42.77,43.32,34.0,38.19,30.42,35.56,25.95,26.81,31.96,47.4,67.85,69.95,64.35,62.91,60.54,60.0,57.31,65.67,64.99,66.65,70.78,76.02,73.17,70.5,52.68,57.7,48.29,36.92,42.2,34.81,34.43,34.89,37.7,67.33,74.64,69.35,67.9,66.75,66.54,64.31,64.33,68.55,70.06,72.0,87.2,200.07,122.56,81.14,52.31,64.08,53.18,73.78
49.99,46.68,42.44,32.79,34.56,34.7,33.0,33.25,38.29,42.22,44.1,46.76,48.92,48.56,47.98,43.97,42.89,40.44,45.3,53.69,59.02,70.04,51.22,42.9,42.89,42.7,33.47,35.0,32.3,29.59,23.74,27.82,30.41,32.99,39.41,37.48,35.37,38.13,39.75,40.77,34.21,34.2,37.48,49.93,51.0,51.3,47.0,42.77,43.32,34.0,38.19,30.42,35.56,25.95,26.81,31.96,47.4,67.85,69.95,64.35,62.91,60.54,60.0,57.31,65.67,64.99,66.65,70.78,76.02,73.17,70.5,52.68,57.7,48.29,36.92,42.2,34.81,34.43,34.89,37.7,67.33,74.64,69.35,67.9,66.75,66.54,64.31,64.33,68.55,70.06,72.0,87.2,200.07,122.56,81.14,52.31,64.08,53.18,73.78,65.3
46.68,42.44,32.79,34.56,34.7,33.0,33.25,38.29,42.22,44.1,46.76,48.92,48.56,47.98,43.97,42.89,40.44,45.3,53.69,59.02,70.04,51.22,42.9,42.89,42.7,33.47,35.0,32.3,29.59,23.74,27.82,30.41,32.99,39.41,37.48,35.37,38.13,39.75,40.77,34.21,34.2,37.48,49.93,51.0,51.3,47.0,42.77,43.32,34.0,38.19,30.42,35.56,25.95,26.81,31.96,47.4,67.85,69.95,64.35,62.91,60.54,60.0,57.31,65.67,64.99,66.65,70.78,76.02,73.17,70.5,52.68,57.7,48.29,36.92,42.2,34.81,34.43,34.89,37.7,67.33,74.64,69.35,67.9,66.75,66.54,64.31,64.33,68.55,70.06,72.0,87.2,200.07,122.56,81.14,52.31,64.08,53.18,73.78,65.3,44.17
42.44,32.79,34.56,34.7,33.0,33.25,38.29,42.22,44.1,46.76,48.92,48.56,47.98,43.97,42.89,40.44,45.3,53.69,59.02,70.04,51.22,42.9,42.89,42.7,33.47,35.0,32.3,29.59,23.74,27.82,30.41,32.99,39.41,37.48,35.37,38.13,39.75,40.77,34.21,34.2,37.48,49.93,51.0,51.3,47.0,42.77,43.32,34.0,38.19,30.42,35.56,25.95,26.81,31.96,47.4,67.85,69.95,64.35,62.91,60.54,60.0,57.31,65.67,64.99,66.65,70.78,76.02,73.17,70.5,52.68,57.7,48.29,36.92,42.2,34.81,34.43,34.89,37.7,67.33,74.64,69.35,67.9,66.75,66.54,64.31,64.33,68.55,70.06,72.0,87.2,200.07,122.56,81.14,52.31,64.08,53.18,73.78,65.3,44.17,42.44
32.79,34.56,34.7,33.0,33.25,38.29,42.22,44.1,46.76,48.92,48.56,47.98,43.97,42.89,40.44,45.3,53.69,59.02,70.04,51.22,42.9,42.89,42.7,33.47,35.0,32.3,29.59,23.74,27.82,30.41,32.99,39.41,37.48,35.37,38.13,39.75,40.77,34.21,34.2,37.48,49.93,51.0,51.3,47.0,42.77,43.32,34.0,38.19,30.42,35.56,25.95,26.81,31.96,47.4,67.85,69.95,64.35,62.91,60.54,60.0,57.31,65.67,64.99,66.65,70.78,76.02,73.17,70.5,52.68,57.7,48.29,36.92,42.2,34.81,34.43,34.89,37.7,67.33,74.64,69.35,67.9,66.75,66.54,64.31,64.33,68.55,70.06,72.0,87.2,200.07,122.56,81.14,52.31,64.08,53.18,73.78,65.3,44.17,42.44,44.17
34.56,34.7,33.0,33.25,38.29,42.22,44.1,46.76,48.92,48.56,47.98,43.97,42.89,40.44,45.3,53.69,59.02,70.04,51.22,42.9,42.89,42.7,33.47,35.0,32.3,29.59,23.74,27.82,30.41,32.99,39.41,37.48,35.37,38.13,39.75,40.77,34.21,34.2,37.48,49.93,51.0,51.3,47.0,42.77,43.32,34.0,38.19,30.42,35.56,25.95,26.81,31.96,47.4,67.85,69.95,64.35,62.91,60.54,60.0,57.31,65.67,64.99,66.65,70.78,76.02,73.17,70.5,52.68,57.7,48.29,36.92,42.2,34.81,34.43,34.89,37.7,67.33,74.64,69.35,67.9,66.75,66.54,64.31,64.33,68.55,70.06,72.0,87.2,200.07,122.56,81.14,52.31,64.08,53.18,73.78,65.3,44.17,42.44,44.17,65.87
34.7,33.0,33.25,38.29,42.22,44.1,46.76,48.92,48.56,47.98,43.97,42.89,40.44,45.3,53.69,59.02,70.04,51.22,42.9,42.89,42.7,33.47,35.0,32.3,29.59,23.74,27.82,30.41,32.99,39.41,37.48,35.37,38.13,39.75,40.77,34.21,34.2,37.48,49.93,51.0,51.3,47.0,42.77,43.32,34.0,38.19,30.42,35.56,25.95,26.81,31.96,47.4,67.85,69.95,64.35,62.91,60.54,60.0,57.31,65.67,64.99,66.65,70.78,76.02,73.17,70.5,52.68,57.7,48.29,36.92,42.2,34.81,34.43,34.89,37.7,67.33,74.64,69.35,67.9,66.75,66.54,64.31,64.33,68.55,70.06,72.0,87.2,200.07,122.56,81.14,52.31,64.08,53.18,73.78,65.3,44.17,42.44,44.17,65.87,93.36
33.0,33.25,38.29,42.22,44.1,46.76,48.92,48.56,47.98,43.97,42.89,40.44,45.3,53.69,59.02,70.04,51.22,42.9,42.89,42.7,33.47,35.0,32.3,29.59,23.74,27.82,30.41,32.99,39.41,37.48,35.37,38.13,39.75,40.77,34.21,34.2,37.48,49.93,51.0,51.3,47.0,42.77,43.32,34.0,38.19,30.42,35.56,25.95,26.81,31.96,47.4,67.85,69.95,64.35,62.91,60.54,60.0,57.31,65.67,64.99,66.65,70.78,76.02,73.17,70.5,52.68,57.7,48.29,36.92,42.2,34.81,34.43,34.89,37.7,67.33,74.64,69.35,67.9,66.75,66.54,64.31,64.33,68.55,70.06,72.0,87.2,200.07,122.56,81.14,52.31,64.08,53.18,73.78,65.3,44.17,42.44,44.17,65.87,93.36,180.0
33.25,38.29,42.22,44.1,46.76,48.92,48.56,47.98,43.97,42.89,40.44,45.3,53.69,59.02,70.04,51.22,42.9,42.89,42.7,33.47,35.0,32.3,29.59,23.74,27.82,30.41,32.99,39.41,37.48,35.37,38.13,39.75,40.77,34.21,34.2,37.48,49.93,51.0,51.3,47.0,42.77,43.32,34.0,38.19,30.42,35.56,25.95,26.81,31.96,47.4,67.85,69.95,64.35,62.91,60.54,60.0,57.31,65.67,64.99,66.65,70.78,76.02,73.17,70.5,52.68,57.7,48.29,36.92,42.2,34.81,34.43,34.89,37.7,67.33,74.64,69.35,67.9,66.75,66.54,64.31,64.33,68.55,70.06,72.0,87.2,200.07,122.56,81.14,52.31,64.08,53.18,73.78,65.3,44.17,42.44,44.17,65.87,93.36,180.0,212.49
38.29,42.22,44.1,46.76,48.92,48.56,47.98,43.97,42.89,40.44,45.3,53.69,59.02,70.04,51.22,42.9,42.89,42.7,33.47,35.0,32.3,29.59,23.74,27.82,30.41,32.99,39.41,37.48,35.37,38.13,39.75,40.77,34.21,34.2,37.48,49.93,51.0,51.3,47.0,42.77,43.32,34.0,38.19,30.42,35.56,25.95,26.81,31.96,47.4,67.85,69.95,64.35,62.91,60.54,60.0,57.31,65.67,64.99,66.65,70.78,76.02,73.17,70.5,52.68,57.7,48.29,36.92,42.2,34.81,34.43,34.89,37.7,67.33,74.64,69.35,67.9,66.75,66.54,64.31,64.33,68.55,70.06,72.0,87.2,200.07,122.56,81.14,52.31,64.08,53.18,73.78,65.3,44.17,42.44,44.17,65.87,93.36,180.0,212.49,205.76
42.22,44.1,46.76,48.92,48.56,47.98,43.97,42.89,40.44,45.3,53.69,59.02,70.04,51.22,42.9,42.89,42.7,33.47,35.0,32.3,29.59,23.74,27.82,30.41,32.99,39.41,37.48,35.37,38.13,39.75,40.77,34.21,34.2,37.48,49.93,51.0,51.3,47.0,42.77,43.32,34.0,38.19,30.42,35.56,25.95,26.81,31.96,47.4,67.85,69.95,64.35,62.91,60.54,60.0,57.31,65.67,64.99,66.65,70.78,76.02,73.17,70.5,52.68,57.7,48.29,36.92,42.2,34.81,34.43,34.89,37.7,67.33,74.64,69.35,67.9,66.75,66.54,64.31,64.33,68.55,70.06,72.0,87.2,200.07,122.56,81.14,52.31,64.08,53.18,73.78,65.3,44.17,42.44,44.17,65.87,93.36,180.0,212.49,205.76,188.14
44.1,46.76,48.92,48.56,47.98,43.97,42.89,40.44,45.3,53.69,59.02,70.04,51.22,42.9,42.89,42.7,33.47,35.0,32.3,29.59,23.74,27.82,30.41,32.99,39.41,37.48,35.37,38.13,39.75,40.77,34.21,34.2,37.48,49.93,51.0,51.3,47.0,42.77,43.32,34.0,38.19,30.42,35.56,25.95,26.81,31.96,47.4,67.85,69.95,64.35,62.91,60.54,60.0,57.31,65.67,64.99,66.65,70.78,76.02,73.17,70.5,52.68,57.7,48.29,36.92,42.2,34.81,34.43,34.89,37.7,67.33,74.64,69.35,67.9,66.75,66.54,64.31,64.33,68.55,70.06,72.0,87.2,200.07,122.56,81.14,52.31,64.08,53.18,73.78,65.3,44.17,42.44,44.17,65.87,93.36,180.0,212.49,205.76,188.14,139.56
46.76,48.92,48.56,47.98,43.97,42.89,40.44,45.3,53.69,59.02,70.04,51.22,42.9,42.89,42.7,33.47,35.0,32.3,29.59,23.74,27.82,30.41,32.99,39.41,37.48,35.37,38.13,39.75,40.77,34.21,34.2,37.48,49.93,51.0,51.3,47.0,42.77,43.32,34.0,38.19,30.42,35.56,25.95,26.81,31.96,47.4,67.85,69.95,64.35,62.91,60.54,60.0,57.31,65.67,64.99,66.65,70.78,76.02,73.17,70.5,52.68,57.7,48.29,36.92,42.2,34.81,34.43,34.89,37.7,67.33,74.64,69.35,67.9,66.75,66.54,64.31,64.33,68.55,70.06,72.0,87.2,200.07,122.56,81.14,52.31,64.08,53.18,73.78,65.3,44.17,42.44,44.17,65.87,93.36,180.0,212.49,205.76,188.14,139.56,104.16
48.92,48.56,47.98,43.97,42.89,40.44,45.3,53.69,59.02,70.04,51.22,42.9,42.89,42.7,33.47,35.0,32.3,29.59,23.74,27.82,30.41,32.99,39.41,37.48,35.37,38.13,39.75,40.77,34.21,34.2,37.48,49.93,51.0,51.3,47.0,42.77,43.32,34.0,38.19,30.42,35.56,25.95,26.81,31.96,47.4,67.85,69.95,64.35,62.91,60.54,60.0,57.31,65.67,64.99,66.65,70.78,76.02,73.17,70.5,52.68,57.7,48.29,36.92,42.2,34.81,34.43,34.89,37.7,67.33,74.64,69.35,67.9,66.75,66.54,64.31,64.33,68.55,70.06,72.0,87.2,200.07,122.56,81.14,52.31,64.08,53.18,73.78,65.3,44.17,42.44,44.17,65.87,93.36,180.0,212.49,205.76,188.14,139.56,104.16,94.16
48.56,47.98,43.97,42.89,40.44,45.3,53.69,59.02,70.04,51.22,42.9,42.89,42.7,33.47,35.0,32.3,29.59,23.74,27.82,30.41,32.99,39.41,37.48,35.37,38.13,39.75,40.77,34.21,34.2,37.48,49.93,51.0,51.3,47.0,42.77,43.32,34.0,38.19,30.42,35.56,25.95,26.81,31.96,47.4,67.85,69.95,64.35,62.91,60.54,60.0,57.31,65.67,64.99,66.65,70.78,76.02,73.17,70.5,52.68,57.7,48.29,36.92,42.2,34.81,34.43,34.89,37.7,67.33,74.64,69.35,67.9,66.75,66.54,64.31,64.33,68.55,70.06,72.0,87.2,200.07,122.56,81.14,52.31,64.08,53.18,73.78,65.3,44.17,42.44,44.17,65.87,93.36,180.0,212.49,205.76,188.14,139.56,104.16,94.16,93.94
47.98,43.97,42.89,40.44,45.3,53.69,59.02,70.04,51.22,42.9,42.89,42.7,33.47,35.0,32.3,29.59,23.74,27.82,30.41,32.99,39.41,37.48,35.37,38.13,39.75,40.77,34.21,34.2,37.48,49.93,51.0,51.3,47.0,42.77,43.32,34.0,38.19,30.42,35.56,25.95,26.81,31.96,47.4,67.85,69.95,64.35,62.91,60.54,60.0,57.31,65.67,64.99,66.65,70.78,76.02,73.17,70.5,52.68,57.7,48.29,36.92,42.2,34.81,34.43,34.89,37.7,67.33,74.64,69.35,67.9,66.75,66.54,64.31,64.33,68.55,70.06,72.0,87.2,200.07,122.56,81.14,52.31,64.08,53.18,73.78,65.3,44.17,42.44,44.17,65.87,93.36,180.0,212.49,205.76,188.14,139.56,104.16,94.16,93.94,96.63
43.97,42.89,40.44,45.3,53.69,59.02,70.04,51.22,42.9,42.89,42.7,33.47,35.0,32.3,29.59,23.74,27.82,30.41,32.99,39.41,37.48,35.37,38.13,39.75,40.77,34.21,34.2,37.48,49.93,51.0,51.3,47.0,42.77,43.32,34.0,38.19,30.42,35.56,25.95,26.81,31.96,47.4,67.85,69.95,64.35,62.91,60.54,60.0,57.31,65.67,64.99,66.65,70.78,76.02,73.17,70.5,52.68,57.7,48.29,36.92,42.2,34.81,34.43,34.89,37.7,67.33,74.64,69.35,67.9,66.75,66.54,64.31,64.33,68.55,70.06,72.0,87.2,200.07,122.56,81.14,52.31,64.08,53.18,73.78,65.3,44.17,42.44,44.17,65.87,93.36,180.0,212.49,205.76,188.14,139.56,104.16,94.16,93.94,96.63,101.06
42.89,40.44,45.3,53.69,59.02,70.04,51.22,42.9,42.89,42.7,33.47,35.0,32.3,29.59,23.74,27.82,30.41,32.99,39.41,37.48,35.37,38.13,39.75,40.77,34.21,34.2,37.48,49.93,51.0,51.3,47.0,42.77,43.32,34.0,38.19,30.42,35.56,25.95,26.81,31.96,47.4,67.85,69.95,64.35,62.91,60.54,60.0,57.31,65.67,64.99,66.65,70.78,76.02,73.17,70.5,52.68,57.7,48.29,36.92,42.2,34.81,34.43,34.89,37.7,67.33,74.64,69.35,67.9,66.75,66.54,64.31,64.33,68.55,70.06,72.0,87.2,200.07,122.56,81.14,52.31,64.08,53.18,73.78,65.3,44.17,42.44,44.17,65.87,93.36,180.0,212.49,205.76,188.14,139.56,104.16,94.16,93.94,96.63,101.06,125.6
40.44,45.3,53.69,59.02,70.04,51.22,42.9,42.89,42.7,33.47,35.0,32.3,29.59,23.74,27.82,30.41,32.99,39.41,37.48,35.37,38.13,39.75,40.77,34.21,34.2,37.48,49.93,51.0,51.3,47.0,42.77,43.32,34.0,38.19,30.42,35.56,25.95,26.81,31.96,47.4,67.85,69.95,64.35,62.91,60.54,60.0,57.31,65.67,64.99,66.65,70.78,76.02,73.17,70.5,52.68,57.7,48.29,36.92,42.2,34.81,34.43,34.89,37.7,67.33,74.64,69.35,67.9,66.75,66.54,64.31,64.33,68.55,70.06,72.0,87.2,200.07,122.56,81.14,52.31,64.08,53.18,73.78,65.3,44.17,42.44,44.17,65.87,93.36,180.0,212.49,205.76,188.14,139.56,104.16,94.16,93.94,96.63,101.06,125.6,360.77
45.3,53.69,59.02,70.04,51.22,42.9,42.89,42.7,33.47,35.0,32.3,29.59,23.74,27.82,30.41,32.99,39.41,37.48,35.37,38.13,39.75,40.77,34.21,34.2,37.48,49.93,51.0,51.3,47.0,42.77,43.32,34.0,38.19,30.42,35.56,25.95,26.81,31.96,47.4,67.85,69.95,64.35,62.91,60.54,60.0,57.31,65.67,64.99,66.65,70.78,76.02,73.17,70.5,52.68,57.7,48.29,36.92,42.2,34.81,34.43,34.89,37.7,67.33,74.64,69.35,67.9,66.75,66.54,64.31,64.33,68.55,70.06,72.0,87.2,200.07,122.56,81.14,52.31,64.08,53.18,73.78,65.3,44.17,42.44,44.17,65.87,93.36,180.0,212.49,205.76,188.14,139.56,104.16,94.16,93.94,96.63,101.06,125.6,360.77,114.93
53.69,59.02,70.04,51.22,42.9,42.89,42.7,33.47,35.0,32.3,29.59,23.74,27.82,30.41,32.99,39.41,37.48,35.37,38.13,39.75,40.77,34.21,34.2,37.48,49.93,51.0,51.3,47.0,42.77,43.32,34.0,38.19,30.42,35.56,25.95,26.81,31.96,47.4,67.85,69.95,64.35,62.91,60.54,60.0,57.31,65.67,64.99,66.65,70.78,76.02,73.17,70.5,52.68,57.7,48.29,36.92,42.2,34.81,34.43,34.89,37.7,67.33,74.64,69.35,67.9,66.75,66.54,64.31,64.33,68.55,70.06,72.0,87.2,200.07,122.56,81.14,52.31,64.08,53.18,73.78,65.3,44.17,42.44,44.17,65.87,93.36,180.0,212.49,205.76,188.14,139.56,104.16,94.16,93.94,96.63,101.06,125.6,360.77,114.93,112.46
59.02,70.04,51.22,42.9,42.89,42.7,33.47,35.0,32.3,29.59,23.74,27.82,30.41,32.99,39.41,37.48,35.37,38.13,39.75,40.77,34.21,34.2,37.48,49.93,51.0,51.3,47.0,42.77,43.32,34.0,38.19,30.42,35.56,25.95,26.81,31.96,47.4,67.85,69.95,64.35,62.91,60.54,60.0,57.31,65.67,64.99,66.65,70.78,76.02,73.17,70.5,52.68,57.7,48.29,36.92,42.2,34.81,34.43,34.89,37.7,67.33,74.64,69.35,67.9,66.75,66.54,64.31,64.33,68.55,70.06,72.0,87.2,200.07,122.56,81.14,52.31,64.08,53.18,73.78,65.3,44.17,42.44,44.17,65.87,93.36,180.0,212.49,205.76,188.14,139.56,104.16,94.16,93.94,96.63,101.06,125.6,360.77,114.93,112.46,89.15
70.04,51.22,42.9,42.89,42.7,33.47,35.0,32.3,29.59,23.74,27.82,30.41,32.99,39.41,37.48,35.37,38.13,39.75,40.77,34.21,34.2,37.48,49.93,51.0,51.3,47.0,42.77,43.32,34.0,38.19,30.42,35.56,25.95,26.81,31.96,47.4,67.85,69.95,64.35,62.91,60.54,60.0,57.31,65.67,64.99,66.65,70.78,76.02,73.17,70.5,52.68,57.7,48.29,36.92,42.2,34.81,34.43,34.89,37.7,67.33,74.64,69.35,67.9,66.75,66.54,64.31,64.33,68.55,70.06,72.0,87.2,200.07,122.56,81.14,52.31,64.08,53.18,73.78,65.3,44.17,42.44,44.17,65.87,93.36,180.0,212.49,205.76,188.14,139.56,104.16,94.16,93.94,96.63,101.06,125.6,360.77,114.93,112.46,89.15,53.66
51.22,42.9,42.89,42.7,33.47,35.0,32.3,29.59,23.74,27.82,30.41,32.99,39.41,37.48,35.37,38.13,39.75,40.77,34.21,34.2,37.48,49.93,51.0,51.3,47.0,42.77,43.32,34.0,38.19,30.42,35.56,25.95,26.81,31.96,47.4,67.85,69.95,64.35,62.91,60.54,60.0,57.31,65.67,64.99,66.65,70.78,76.02,73.17,70.5,52.68,57.7,48.29,36.92,42.2,34.81,34.43,34.89,37.7,67.33,74.64,69.35,67.9,66.75,66.54,64.31,64.33,68.55,70.06,72.0,87.2,200.07,122.56,81.14,52.31,64.08,53.18,73.78,65.3,44.17,42.44,44.17,65.87,93.36,180.0,212.49,205.76,188.14,139.56,104.16,94.16,93.94,96.63,101.06,125.6,360.77,114.93,112.46,89.15,53.66,54.92
42.9,42.89,42.7,33.47,35.0,32.3,29.59,23.74,27.82,30.41,32.99,39.41,37.48,35.37,38.13,39.75,40.77,34.21,34.2,37.48,49.93,51.0,51.3,47.0,42.77,43.32,34.0,38.19,30.42,35.56,25.95,26.81,31.96,47.4,67.85,69.95,64.35,62.91,60.54,60.0,57.31,65.67,64.99,66.65,70.78,76.02,73.17,70.5,52.68,57.7,48.29,36.92,42.2,34.81,34.43,34.89,37.7,67.33,74.64,69.35,67.9,66.75,66.54,64.31,64.33,68.55,70.06,72.0,87.2,200.07,122.56,81.14,52.31,64.08,53.18,73.78,65.3,44.17,42.44,44.17,65.87,93.36,180.0,212.49,205.76,188.14,139.56,104.16,94.16,93.94,96.63,101.06,125.6,360.77,114.93,112.46,89.15,53.66,54.92,72.0
42.89,42.7,33.47,35.0,32.3,29.59,23.74,27.82,30.41,32.99,39.41,37.48,35.37,38.13,39.75,40.77,34.21,34.2,37.48,49.93,51.0,51.3,47.0,42.77,43.32,34.0,38.19,30.42,35.56,25.95,26.81,31.96,47.4,67.85,69.95,64.35,62.91,60.54,60.0,57.31,65.67,64.99,66.65,70.78,76.02,73.17,70.5,52.68,57.7,48.29,36.92,42.2,34.81,34.43,34.89,37.7,67.33,74.64,69.35,67.9,66.75,66.54,64.31,64.33,68.55,70.06,72.0,87.2,200.07,122.56,81.14,52.31,64.08,53.18,73.78,65.3,44.17,42.44,44.17,65.87,93.36,180.0,212.49,205.76,188.14,139.56,104.16,94.16,93.94,96.63,101.06,125.6,360.77,114.93,112.46,89.15,53.66,54.92,72.0,65.8
42.7,33.47,35.0,32.3,29.59,23.74,27.82,30.41,32.99,39.41,37.48,35.37,38.13,39.75,40.77,34.21,34.2,37.48,49.93,51.0,51.3,47.0,42.77,43.32,34.0,38.19,30.42,35.56,25.95,26.81,31.96,47.4,67.85,69.95,64.35,62.91,60.54,60.0,57.31,65.67,64.99,66.65,70.78,76.02,73.17,70.5,52.68,57.7,48.29,36.92,42.2,34.81,34.43,34.89,37.7,67.33,74.64,69.35,67.9,66.75,66.54,64.31,64.33,68.55,70.06,72.0,87.2,200.07,122.56,81.14,52.31,64.08,53.18,73.78,65.3,44.17,42.44,44.17,65.87,93.36,180.0,212.49,205.76,188.14,139.56,104.16,94.16,93.94,96.63,101.06,125.6,360.77,114.93,112.46,89.15,53.66,54.92,72.0,65.8,59.99
33.47,35.0,32.3,29.59,23.74,27.82,30.41,32.99,39.41,37.48,35.37,38.13,39.75,40.77,34.21,34.2,37.48,49.93,51.0,51.3,47.0,42.77,43.32,34.0,38.19,30.42,35.56,25.95,26.81,31.96,47.4,67.85,69.95,64.35,62.91,60.54,60.0,57.31,65.67,64.99,66.65,70.78,76.02,73.17,70.5,52.68,57.7,48.29,36.92,42.2,34.81,34.43,34.89,37.7,67.33,74.64,69.35,67.9,66.75,66.54,64.31,64.33,68.55,70.06,72.0,87.2,200.07,122.56,81.14,52.31,64.08,53.18,73.78,65.3,44.17,42.44,44.17,65.87,93.36,180.0,212.49,205.76,188.14,139.56,104.16,94.16,93.94,96.63,101.06,125.6,360.77,114.93,112.46,89.15,53.66,54.92,72.0,65.8,59.99,50.69
35.0,32.3,29.59,23.74,27.82,30.41,32.99,39.41,37.48,35.37,38.13,39.75,40.77,34.21,34.2,37.48,49.93,51.0,51.3,47.0,42.77,43.32,34.0,38.19,30.42,35.56,25.95,26.81,31.96,47.4,67.85,69.95,64.35,62.91,60.54,60.0,57.31,65.67,64.99,66.65,70.78,76.02,73.17,70.5,52.68,57.7,48.29,36.92,42.2,34.81,34.43,34.89,37.7,67.33,74.64,69.35,67.9,66.75,66.54,64.31,64.33,68.55,70.06,72.0,87.2,200.07,122.56,81.14,52.31,64.08,53.18,73.78,65.3,44.17,42.44,44.17,65.87,93.36,180.0,212.49,205.76,188.14,139.56,104.16,94.16,93.94,96.63,101.06,125.6,360.77,114.93,112.46,89.15,53.66,54.92,72.0,65.8,59.99,50.69,52.58
32.3,29.59,23.74,27.82,30.41,32.99,39.41,37.48,35.37,38.13,39.75,40.77,34.21,34.2,37.48,49.93,51.0,51.3,47.0,42.77,43.32,34.0,38.19,30.42,35.56,25.95,26.81,31.96,47.4,67.85,69.95,64.35,62.91,60.54,60.0,57.31,65.67,64.99,66.65,70.78,76.02,73.17,70.5,52.68,57.7,48.29,36.92,42.2,34.81,34.43,34.89,37.7,67.33,74.64,69.35,67.9,66.75,66.54,64.31,64.33,68.55,70.06,72.0,87.2,200.07,122.56,81.14,52.31,64.08,53.18,73.78,65.3,44.17,42.44,44.17,65.87,93.36,180.0,212.49,205.76,188.14,139.56,104.16,94.16,93.94,96.63,101.06,125.6,360.77,114.93,112.46,89.15,53.66,54.92,72.0,65.8,59.99,50.69,52.58,65.05
29.59,23.74,27.82,30.41,32.99,39.41,37.48,35.37,38.13,39.75,40.77,34.21,34.2,37.48,49.93,51.0,51.3,47.0,42.77,43.32,34.0,38.19,30.42,35.56,25.95,26.81,31.96,47.4,67.85,69.95,64.35,62.91,60.54,60.0,57.31,65.67,64.99,66.65,70.78,76.02,73.17,70.5,52.68,57.7,48.29,36.92,42.2,34.81,34.43,34.89,37.7,67.33,74.64,69.35,67.9,66.75,66.54,64.31,64.33,68.55,70.06,72.0,87.2,200.07,122.56,81.14,52.31,64.08,53.18,73.78,65.3,44.17,42.44,44.17,65.87,93.36,180.0,212.49,205.76,188.14,139.56,104.16,94.16,93.94,96.63,101.06,125.6,360.77,114.93,112.46,89.15,53.66,54.92,72.0,65.8,59.99,50.69,52.58,65.05,80.4
23.74,27.82,30.41,32.99,39.41,37.48,35.37,38.13,39.75,40.77,34.21,34.2,37.48,49.93,51.0,51.3,47.0,42.77,43.32,34.0,38.19,30.42,35.56,25.95,26.81,31.96,47.4,67.85,69.95,64.35,62.91,60.54,60.0,57.31,65.67,64.99,66.65,70.78,76.02,73.17,70.5,52.68,57.7,48.29,36.92,42.2,34.81,34.43,34.89,37.7,67.33,74.64,69.35,67.9,66.75,66.54,64.31,64.33,68.55,70.06,72.0,87.2,200.07,122.56,81.14,52.31,64.08,53.18,73.78,65.3,44.17,42.44,44.17,65.87,93.36,180.0,212.49,205.76,188.14,139.56,104.16,94.16,93.94,96.63,101.06,125.6,360.77,114.93,112.46,89.15,53.66,54.92,72.0,65.8,59.99,50.69,52.58,65.05,80.4,200.0
27.82,30.41,32.99,39.41,37.48,35.37,38.13,39.75,40.77,34.21,34.2,37.48,49.93,51.0,51.3,47.0,42.77,43.32,34.0,38.19,30.42,35.56,25.95,26.81,31.96,47.4,67.85,69.95,64.35,62.91,60.54,60.0,57.31,65.67,64.99,66.65,70.78,76.02,73.17,70.5,52.68,57.7,48.29,36.92,42.2,34.81,34.43,34.89,37.7,67.33,74.64,69.35,67.9,66.75,66.54,64.31,64.33,68.55,70.06,72.0,87.2,200.07,122.56,81.14,52.31,64.08,53.18,73.78,65.3,44.17,42.44,44.17,65.87,93.36,180.0,212.49,205.76,188.14,139.56,104.16,94.16,93.94,96.63,101.06,125.6,360.77,114.93,112.46,89.15,53.66,54.92,72.0,65.8,59.99,50.69,52.58,65.05,80.4,200.0,200.63
30.41,32.99,39.41,37.48,35.37,38.13,39.75,40.77,34.21,34.2,37.48,49.93,51.0,51.3,47.0,42.77,43.32,34.0,38.19,30.42,35.56,25.95,26.81,31.96,47.4,67.85,69.95,64.35,62.91,60.54,60.0,57.31,65.67,64.99,66.65,70.78,76.02,73.17,70.5,52.68,57.7,48.29,36.92,42.2,34.81,34.43,34.89,37.7,67.33,74.64,69.35,67.9,66.75,66.54,64.31,64.33,68.55,70.06,72.0,87.2,200.07,122.56,81.14,52.31,64.08,53.18,73.78,65.3,44.17,42.44,44.17,65.87,93.36,180.0,212.49,205.76,188.14,139.56,104.16,94.16,93.94,96.63,101.06,125.6,360.77,114.93,112.46,89.15,53.66,54.92,72.0,65.8,59.99,50.69,52.58,65.05,80.4,200.0,200.63,155.47
32.99,39.41,37.48,35.37,38.13,39.75,40.77,34.21,34.2,37.48,49.93,51.0,51.3,47.0,42.77,43.32,34.0,38.19,30.42,35.56,25.95,26.81,31.96,47.4,67.85,69.95,64.35,62.91,60.54,60.0,57.31,65.67,64.99,66.65,70.78,76.02,73.17,70.5,52.68,57.7,48.29,36.92,42.2,34.81,34.43,34.89,37.7,67.33,74.64,69.35,67.9,66.75,66.54,64.31,64.33,68.55,70.06,72.0,87.2,200.07,122.56,81.14,52.31,64.08,53.18,73.78,65.3,44.17,42.44,44.17,65.87,93.36,180.0,212.49,205.76,188.14,139.56,104.16,94.16,93.94,96.63,101.06,125.6,360.77,114.93,112.46,89.15,53.66,54.92,72.0,65.8,59.99,50.69,52.58,65.05,80.4,200.0,200.63,155.47,150.91
39.41,37.48,35.37,38.13,39.75,40.77,34.21,34.2,37.48,49.93,51.0,51.3,47.0,42.77,43.32,34.0,38.19,30.42,35.56,25.95,26.81,31.96,47.4,67.85,69.95,64.35,62.91,60.54,60.0,57.31,65.67,64.99,66.65,70.78,76.02,73.17,70.5,52.68,57.7,48.29,36.92,42.2,34.81,34.43,34.89,37.7,67.33,74.64,69.35,67.9,66.75,66.54,64.31,64.33,68.55,70.06,72.0,87.2,200.07,122.56,81.14,52.31,64.08,53.18,73.78,65.3,44.17,42.44,44.17,65.87,93.36,180.0,212.49,205.76,188.14,139.56,104.16,94.16,93.94,96.63,101.06,125.6,360.77,114.93,112.46,89.15,53.66,54.92,72.0,65.8,59.99,50.69,52.58,65.05,80.4,200.0,200.63,155.47,150.91,154.31
37.48,35.37,38.13,39.75,40.77,34.21,34.2,37.48,49.93,51.0,51.3,47.0,42.77,43.32,34.0,38.19,30.42,35.56,25.95,26.81,31.96,47.4,67.85,69.95,64.35,62.91,60.54,60.0,57.31,65.67,64.99,66.65,70.78,76.02,73.17,70.5,52.68,57.7,48.29,36.92,42.2,34.81,34.43,34.89,37.7,67.33,74.64,69.35,67.9,66.75,66.54,64.31,64.33,68.55,70.06,72.0,87.2,200.07,122.56,81.14,52.31,64.08,53.18,73.78,65.3,44.17,42.44,44.17,65.87,93.36,180.0,212.49,205.76,188.14,139.56,104.16,94.16,93.94,96.63,101.06,125.6,360.77,114.93,112.46,89.15,53.66,54.92,72.0,65.8,59.99,50.69,52.58,65.05,80.4,200.0,200.63,155.47,150.91,154.31,121.26
35.37,38.13,39.75,40.77,34.21,34.2,37.48,49.93,51.0,51.3,47.0,42.77,43.32,34.0,38.19,30.42,35.56,25.95,26.81,31.96,47.4,67.85,69.95,64.35,62.91,60.54,60.0,57.31,65.67,64.99,66.65,70.78,76.02,73.17,70.5,52.68,57.7,48.29,36.92,42.2,34.81,34.43,34.89,37.7,67.33,74.64,69.35,67.9,66.75,66.54,64.31,64.33,68.55,70.06,72.0,87.2,200.07,122.56,81.14,52.31,64.08,53.18,73.78,65.3,44.17,42.44,44.17,65.87,93.36,180.0,212.49,205.76,188.14,139.56,104.16,94.16,93.94,96.63,101.06,125.6,360.77,114.93,112.46,89.15,53.66,54.92,72.0,65.8,59.99,50.69,52.58,65.05,80.4,200.0,200.63,155.47,150.91,154.31,121.26,114.68
38.13,39.75,40.77,34.21,34.2,37.48,49.93,51.0,51.3,47.0,42.77,43.32,34.0,38.19,30.42,35.56,25.95,26.81,31.96,47.4,67.85,69.95,64.35,62.91,60.54,60.0,57.31,65.67,64.99,66.65,70.78,76.02,73.17,70.5,52.68,57.7,48.29,36.92,42.2,34.81,34.43,34.89,37.7,67.33,74.64,69.35,67.9,66.75,66.54,64.31,64.33,68.55,70.06,72.0,87.2,200.07,122.56,81.14,52.31,64.08,53.18,73.78,65.3,44.17,42.44,44.17,65.87,93.36,180.0,212.49,205.76,188.14,139.56,104.16,94.16,93.94,96.63,101.06,125.6,360.77,114.93,112.46,89.15,53.66,54.92,72.0,65.8,59.99,50.69,52.58,65.05,80.4,200.0,200.63,155.47,150.91,154.31,121.26,114.68,133.14
39.75,40.77,34.21,34.2,37.48,49.93,51.0,51.3,47.0,42.77,43.32,34.0,38.19,30.42,35.56,25.95,26.81,31.96,47.4,67.85,69.95,64.35,62.91,60.54,60.0,57.31,65.67,64.99,66.65,70.78,76.02,73.17,70.5,52.68,57.7,48.29,36.92,42.2,34.81,34.43,34.89,37.7,67.33,74.64,69.35,67.9,66.75,66.54,64.31,64.33,68.55,70.06,72.0,87.2,200.07,122.56,81.14,52.31,64.08,53.18,73.78,65.3,44.17,42.44,44.17,65.87,93.36,180.0,212.49,205.76,188.14,139.56,104.16,94.16,93.94,96.63,101.06,125.6,360.77,114.93,112.46,89.15,53.66,54.92,72.0,65.8,59.99,50.69,52.58,65.05,80.4,200.0,200.63,155.47,150.91,154.31,121.26,114.68,133.14,137.63
40.77,34.21,34.2,37.48,49.93,51.0,51.3,47.0,42.77,43.32,34.0,38.19,30.42,35.56,25.95,26.81,31.96,47.4,67.85,69.95,64.35,62.91,60.54,60.0,57.31,65.67,64.99,66.65,70.78,76.02,73.17,70.5,52.68,57.7,48.29,36.92,42.2,34.81,34.43,34.89,37.7,67.33,74.64,69.35,67.9,66.75,66.54,64.31,64.33,68.55,70.06,72.0,87.2,200.07,122.56,81.14,52.31,64.08,53.18,73.78,65.3,44.17,42.44,44.17,65.87,93.36,180.0,212.49,205.76,188.14,139.56,104.16,94.16,93.94,96.63,101.06,125.6,360.77,114.93,112.46,89.15,53.66,54.92,72.0,65.8,59.99,50.69,52.58,65.05,80.4,200.0,200.63,155.47,150.91,154.31,121.26,114.68,133.14,137.63,125.8
34.21,34.2,37.48,49.93,51.0,51.3,47.0,42.77,43.32,34.0,38.19,30.42,35.56,25.95,26.81,31.96,47.4,67.85,69.95,64.35,62.91,60.54,60.0,57.31,65.67,64.99,66.65,70.78,76.02,73.17,70.5,52.68,57.7,48.29,36.92,42.2,34.81,34.43,34.89,37.7,67.33,74.64,69.35,67.9,66.75,66.54,64.31,64.33,68.55,70.06,72.0,87.2,200.07,122.56,81.14,52.31,64.08,53.18,73.78,65.3,44.17,42.44,44.17,65.87,93.36,180.0,212.49,205.76,188.14,139.56,104.16,94.16,93.94,96.63,101.06,125.6,360.77,114.93,112.46,89.15,53.66,54.92,72.0,65.8,59.99,50.69,52.58,65.05,80.4,200.0,200.63,155.47,150.91,154.31,121.26,114.68,133.14,137.63,125.8,145.0
34.2,37.48,49.93,51.0,51.3,47.0,42.77,43.32,34.0,38.19,30.42,35.56,25.95,26.81,31.96,47.4,67.85,69.95,64.35,62.91,60.54,60.0,57.31,65.67,64.99,66.65,70.78,76.02,73.17,70.5,52.68,57.7,48.29,36.92,42.2,34.81,34.43,34.89,37.7,67.33,74.64,69.35,67.9,66.75,66.54,64.31,64.33,68.55,70.06,72.0,87.2,200.07,122.56,81.14,52.31,64.08,53.18,73.78,65.3,44.17,42.44,44.17,65.87,93.36,180.0,212.49,205.76,188.14,139.56,104.16,94.16,93.94,96.63,101.06,125.6,360.77,114.93,112.46,89.15,53.66,54.92,72.0,65.8,59.99,50.69,52.58,65.05,80.4,200.0,200.63,155.47,150.91,154.31,121.26,114.68,133.14,137.63,125.8,145.0,266.9
37.48,49.93,51.0,51.3,47.0,42.77,43.32,34.0,38.19,30.42,35.56,25.95,26.81,31.96,47.4,67.85,69.95,64.35,62.91,60.54,60.0,57.31,65.67,64.99,66.65,70.78,76.02,73.17,70.5,52.68,57.7,48.29,36.92,42.2,34.81,34.43,34.89,37.7,67.33,74.64,69.35,67.9,66.75,66.54,64.31,64.33,68.55,70.06,72.0,87.2,200.07,122.56,81.14,52.31,64.08,53.18,73.78,65.3,44.17,42.44,44.17,65.87,93.36,180.0,212.49,205.76,188.14,139.56,104.16,94.16,93.94,96.63,101.06,125.6,360.77,114.93,112.46,89.15,53.66,54.92,72.0,65.8,59.99,50.69,52.58,65.05,80.4,200.0,200.63,155.47,150.91,154.31,121.26,114.68,133.14,137.63,125.8,145.0,266.9,124.41
49.93,51.0,51.3,47.0,42.77,43.32,34.0,38.19,30.42,35.56,25.95,26.81,31.96,47.4,67.85,69.95,64.35,62.91,60.54,60.0,57.31,65.67,64.99,66.65,70.78,76.02,73.17,70.5,52.68,57.7,48.29,36.92,42.2,34.81,34.43,34.89,37.7,67.33,74.64,69.35,67.9,66.75,66.54,64.31,64.33,68.55,70.06,72.0,87.2,200.07,122.56,81.14,52.31,64.08,53.18,73.78,65.3,44.17,42.44,44.17,65.87,93.36,180.0,212.49,205.76,188.14,139.56,104.16,94.16,93.94,96.63,101.06,125.6,360.77,114.93,112.46,89.15,53.66,54.92,72.0,65.8,59.99,50.69,52.58,65.05,80.4,200.0,200.63,155.47,150.91,154.31,121.26,114.68,133.14,137.63,125.8,145.0,266.9,124.41,103.72
51.0,51.3,47.0,42.77,43.32,34.0,38.19,30.42,35.56,25.95,26.81,31.96,47.4,67.85,69.95,64.35,62.91,60.54,60.0,57.31,65.67,64.99,66.65,70.78,76.02,73.17,70.5,52.68,57.7,48.29,36.92,42.2,34.81,34.43,34.89,37.7,67.33,74.64,69.35,67.9,66.75,66.54,64.31,64.33,68.55,70.06,72.0,87.2,200.07,122.56,81.14,52.31,64.08,53.18,73.78,65.3,44.17,42.44,44.17,65.87,93.36,180.0,212.49,205.76,188.14,139.56,104.16,94.16,93.94,96.63,101.06,125.6,360.77,114.93,112.46,89.15,53.66,54.92,72.0,65.8,59.99,50.69,52.58,65.05,80.4,200.0,200.63,155.47,150.91,154.31,121.26,114.68,133.14,137.63,125.8,145.0,266.9,124.41,103.72,72.9
51.3,47.0,42.77,43.32,34.0,38.19,30.42,35.56,25.95,26.81,31.96,47.4,67.85,69.95,64.35,62.91,60.54,60.0,57.31,65.67,64.99,66.65,70.78,76.02,73.17,70.5,52.68,57.7,48.29,36.92,42.2,34.81,34.43,34.89,37.7,67.33,74.64,69.35,67.9,66.75,66.54,64.31,64.33,68.55,70.06,72.0,87.2,200.07,122.56,81.14,52.31,64.08,53.18,73.78,65.3,44.17,42.44,44.17,65.87,93.36,180.0,212.49,205.76,188.14,139.56,104.16,94.16,93.94,96.63,101.06,125.6,360.77,114.93,112.46,89.15,53.66,54.92,72.0,65.8,59.99,50.69,52.58,65.05,80.4,200.0,200.63,155.47,150.91,154.31,121.26,114.68,133.14,137.63,125.8,145.0,266.9,124.41,103.72,72.9,73.1
47.0,42.77,43.32,34.0,38.19,30.42,35.56,25.95,26.81,31.96,47.4,67.85,69.95,64.35,62.91,60.54,60.0,57.31,65.67,64.99,66.65,70.78,76.02,73.17,70.5,52.68,57.7,48.29,36.92,42.2,34.81,34.43,34.89,37.7,67.33,74.64,69.35,67.9,66.75,66.54,64.31,64.33,68.55,70.06,72.0,87.2,200.07,122.56,81.14,52.31,64.08,53.18,73.78,65.3,44.17,42.44,44.17,65.87,93.36,180.0,212.49,205.76,188.14,139.56,104.16,94.16,93.94,96.63,101.06,125.6,360.77,114.93,112.46,89.15,53.66,54.92,72.0,65.8,59.99,50.69,52.58,65.05,80.4,200.0,200.63,155.47,150.91,154.31,121.26,114.68,133.14,137.63,125.8,145.0,266.9,124.41,103.72,72.9,73.1,73.0
42.77,43.32,34.0,38.19,30.42,35.56,25.95,26.81,31.96,47.4,67.85,69.95,64.35,62.91,60.54,60.0,57.31,65.67,64.99,66.65,70.78,76.02,73.17,70.5,52.68,57.7,48.29,36.92,42.2,34.81,34.43,34.89,37.7,67.33,74.64,69.35,67.9,66.75,66.54,64.31,64.33,68.55,70.06,72.0,87.2,200.07,122.56,81.14,52.31,64.08,53.18,73.78,65.3,44.17,42.44,44.17,65.87,93.36,180.0,212.49,205.76,188.14,139.56,104.16,94.16,93.94,96.63,101.06,125.6,360.77,114.93,112.46,89.15,53.66,54.92,72.0,65.8,59.99,50.69,52.58,65.05,80.4,200.0,200.63,155.47,150.91,154.31,121.26,114.68,133.14,137.63,125.8,145.0,266.9,124.41,103.72,72.9,73.1,73.0,47.25
43.32,34.0,38.19,30.42,35.56,25.95,26.81,31.96,47.4,67.85,69.95,64.35,62.91,60.54,60.0,57.31,65.67,64.99,66.65,70.78,76.02,73.17,70.5,52.68,57.7,48.29,36.92,42.2,34.81,34.43,34.89,37.7,67.33,74.64,69.35,67.9,66.75,66.54,64.31,64.33,68.55,70.06,72.0,87.2,200.07,122.56,81.14,52.31,64.08,53.18,73.78,65.3,44.17,42.44,44.17,65.87,93.36,180.0,212.49,205.76,188.14,139.56,104.16,94.16,93.94,96.63,101.06,125.6,360.77,114.93,112.46,89.15,53.66,54.92,72.0,65.8,59.99,50.69,52.58,65.05,80.4,200.0,200.63,155.47,150.91,154.31,121.26,114.68,133.14,137.63,125.8,145.0,266.9,124.41,103.72,72.9,73.1,73.0,47.25,45.27
34.0,38.19,30.42,35.56,25.95,26.81,31.96,47.4,67.85,69.95,64.35,62.91,60.54,60.0,57.31,65.67,64.99,66.65,70.78,76.02,73.17,70.5,52.68,57.7,48.29,36.92,42.2,34.81,34.43,34.89,37.7,67.33,74.64,69.35,67.9,66.75,66.54,64.31,64.33,68.55,70.06,72.0,87.2,200.07,122.56,81.14,52.31,64.08,53.18,73.78,65.3,44.17,42.44,44.17,65.87,93.36,180.0,212.49,205.76,188.14,139.56,104.16,94.16,93.94,96.63,101.06,125.6,360.77,114.93,112.46,89.15,53.66,54.92,72.0,65.8,59.99,50.69,52.58,65.05,80.4,200.0,200.63,155.47,150.91,154.31,121.26,114.68,133.14,137.63,125.8,145.0,266.9,124.41,103.72,72.9,73.1,73.0,47.25,45.27,42.68
38.19,30.42,35.56,25.95,26.81,31.96,47.4,67.85,69.95,64.35,62.91,60.54,60.0,57.31,65.67,64.99,66.65,70.78,76.02,73.17,70.5,52.68,57.7,48.29,36.92,42.2,34.81,34.43,34.89,37.7,67.33,74.64,69.35,67.9,66.75,66.54,64.31,64.33,68.55,70.06,72.0,87.2,200.07,122.56,81.14,52.31,64.08,53.18,73.78,65.3,44.17,42.44,44.17,65.87,93.36,180.0,212.49,205.76,188.14,139.56,104.16,94.16,93.94,96.63,101.06,125.6,360.77,114.93,112.46,89.15,53.66,54.92,72.0,65.8,59.99,50.69,52.58,65.05,80.4,200.0,200.63,155.47,150.91,154.31,121.26,114.68,133.14,137.63,125.8,145.0,266.9,124.41,103.72,72.9,73.1,73.0,47.25,45.27,42.68,39.4
30.42,35.56,25.95,26.81,31.96,47.4,67.85,69.95,64.35,62.91,60.54,60.0,57.31,65.67,64.99,66.65,70.78,76.02,73.17,70.5,52.68,57.7,48.29,36.92,42.2,34.81,34.43,34.89,37.7,67.33,74.64,69.35,67.9,66.75,66.54,64.31,64.33,68.55,70.06,72.0,87.2,200.07,122.56,81.14,52.31,64.08,53.18,73.78,65.3,44.17,42.44,44.17,65.87,93.36,180.0,212.49,205.76,188.14,139.56,104.16,94.16,93.94,96.63,101.06,125.6,360.77,114.93,112.46,89.15,53.66,54.92,72.0,65.8,59.99,50.69,52.58,65.05,80.4,200.0,200.63,155.47,150.91,154.31,121.26,114.68,133.14,137.63,125.8,145.0,266.9,124.41,103.72,72.9,73.1,73.0,47.25,45.27,42.68,39.4,40.86
35.56,25.95,26.81,31.96,47.4,67.85,69.95,64.35,62.91,60.54,60.0,57.31,65.67,64.99,66.65,70.78,76.02,73.17,70.5,52.68,57.7,48.29,36.92,42.2,34.81,34.43,34.89,37.7,67.33,74.64,69.35,67.9,66.75,66.54,64.31,64.33,68.55,70.06,72.0,87.2,200.07,122.56,81.14,52.31,64.08,53.18,73.78,65.3,44.17,42.44,44.17,65.87,93.36,180.0,212.49,205.76,188.14,139.56,104.16,94.16,93.94,96.63,101.06,125.6,360.77,114.93,112.46,89.15,53.66,54.92,72.0,65.8,59.99,50.69,52.58,65.05,80.4,200.0,200.63,155.47,150.91,154.31,121.26,114.68,133.14,137.63,125.8,145.0,266.9,124.41,103.72,72.9,73.1,73.0,47.25,45.27,42.68,39.4,40.86,45.65
25.95,26.81,31.96,47.4,67.85,69.95,64.35,62.91,60.54,60.0,57.31,65.67,64.99,66.65,70.78,76.02,73.17,70.5,52.68,57.7,48.29,36.92,42.2,34.81,34.43,34.89,37.7,67.33,74.64,69.35,67.9,66.75,66.54,64.31,64.33,68.55,70.06,72.0,87.2,200.07,122.56,81.14,52.31,64.08,53.18,73.78,65.3,44.17,42.44,44.17,65.87,93.36,180.0,212.49,205.76,188.14,139.56,104.16,94.16,93.94,96.63,101.06,125.6,360.77,114.93,112.46,89.15,53.66,54.92,72.0,65.8,59.99,50.69,52.58,65.05,80.4,200.0,200.63,155.47,150.91,154.31,121.26,114.68,133.14,137.63,125.8,145.0,266.9,124.41,103.72,72.9,73.1,73.0,47.25,45.27,42.68,39.4,40.86,45.65,54.16
26.81,31.96,47.4,67.85,69.95,64.35,62.91,60.54,60.0,57.31,65.67,64.99,66.65,70.78,76.02,73.17,70.5,52.68,57.7,48.29,36.92,42.2,34.81,34.43,34.89,37.7,67.33,74.64,69.35,67.9,66.75,66.54,64.31,64.33,68.55,70.06,72.0,87.2,200.07,122.56,81.14,52.31,64.08,53.18,73.78,65.3,44.17,42.44,44.17,65.87,93.36,180.0,212.49,205.76,188.14,139.56,104.16,94.16,93.94,96.63,101.06,125.6,360.77,114.93,112.46,89.15,53.66,54.92,72.0,65.8,59.99,50.69,52.58,65.05,80.4,200.0,200.63,155.47,150.91,154.31,121.26,114.68,133.14,137.63,125.8,145.0,266.9,124.41,103.72,72.9,73.1,73.0,47.25,45.27,42.68,39.4,40.86,45.65,54.16,68.77
31.96,47.4,67.85,69.95,64.35,62.91,60.54,60.0,57.31,65.67,64.99,66.65,70.78,76.02,73.17,70.5,52.68,57.7,48.29,36.92,42.2,34.81,34.43,34.89,37.7,67.33,74.64,69.35,67.9,66.75,66.54,64.31,64.33,68.55,70.06,72.0,87.2,200.07,122.56,81.14,52.31,64.08,53.18,73.78,65.3,44.17,42.44,44.17,65.87,93.36,180.0,212.49,205.76,188.14,139.56,104.16,94.16,93.94,96.63,101.06,125.6,360.77,114.93,112.46,89.15,53.66,54.92,72.0,65.8,59.99,50.69,52.58,65.05,80.4,200.0,200.63,155.47,150.91,154.31,121.26,114.68,133.14,137.63,125.8,145.0,266.9,124.41,103.72,72.9,73.1,73.0,47.25,45.27,42.68,39.4,40.86,45.65,54.16,68.77,78.06
47.4,67.85,69.95,64.35,62.91,60.54,60.0,57.31,65.67,64.99,66.65,70.78,76.02,73.17,70.5,52.68,57.7,48.29,36.92,42.2,34.81,34.43,34.89,37.7,67.33,74.64,69.35,67.9,66.75,66.54,64.31,64.33,68.55,70.06,72.0,87.2,200.07,122.56,81.14,52.31,64.08,53.18,73.78,65.3,44.17,42.44,44.17,65.87,93.36,180.0,212.49,205.76,188.14,139.56,104.16,94.16,93.94,96.63,101.06,125.6,360.77,114.93,112.46,89.15,53.66,54.92,72.0,65.8,59.99,50.69,52.58,65.05,80.4,200.0,200.63,155.47,150.91,154.31,121.26,114.68,133.14,137.63,125.8,145.0,266.9,124.41,103.72,72.9,73.1,73.0,47.25,45.27,42.68,39.4,40.86,45.65,54.16,68.77,78.06,110.35
67.85,69.95,64.35,62.91,60.54,60.0,57.31,65.67,64.99,66.65,70.78,76.02,73.17,70.5,52.68,57.7,48.29,36.92,42.2,34.81,34.43,34.89,37.7,67.33,74.64,69.35,67.9,66.75,66.54,64.31,64.33,68.55,70.06,72.0,87.2,200.07,122.56,81.14,52.31,64.08,53.18,73.78,65.3,44.17,42.44,44.17,65.87,93.36,180.0,212.49,205.76,188.14,139.56,104.16,94.16,93.94,96.63,101.06,125.6,360.77,114.93,112.46,89.15,53.66,54.92,72.0,65.8,59.99,50.69,52.58,65.05,80.4,200.0,200.63,155.47,150.91,154.31,121.26,114.68,133.14,137.63,125.8,145.0,266.9,124.41,103.72,72.9,73.1,73.0,47.25,45.27,42.68,39.4,40.86,45.65,54.16,68.77,78.06,110.35,101.96
69.95,64.35,62.91,60.54,60.0,57.31,65.67,64.99,66.65,70.78,76.02,73.17,70.5,52.68,57.7,48.29,36.92,42.2,34.81,34.43,34.89,37.7,67.33,74.64,69.35,67.9,66.75,66.54,64.31,64.33,68.55,70.06,72.0,87.2,200.07,122.56,81.14,52.31,64.08,53.18,73.78,65.3,44.17,42.44,44.17,65.87,93.36,180.0,212.49,205.76,188.14,139.56,104.16,94.16,93.94,96.63,101.06,125.6,360.77,114.93,112.46,89.15,53.66,54.92,72.0,65.8,59.99,50.69,52.58,65.05,80.4,200.0,200.63,155.47,150.91,154.31,121.26,114.68,133.14,137.63,125.8,145.0,266.9,124.41,103.72,72.9,73.1,73.0,47.25,45.27,42.68,39.4,40.86,45.65,54.16,68.77,78.06,110.35,101.96,78.06
64.35,62.91,60.54,60.0,57.31,65.67,64.99,66.65,70.78,76.02,73.17,70.5,52.68,57.7,48.29,36.92,42.2,34.81,34.43,34.89,37.7,67.33,74.64,69.35,67.9,66.75,66.54,64.31,64.33,68.55,70.06,72.0,87.2,200.07,122.56,81.14,52.31,64.08,53.18,73.78,65.3,44.17,42.44,44.17,65.87,93.36,180.0,212.49,205.76,188.14,139.56,104.16,94.16,93.94,96.63,101.06,125.6,360.77,114.93,112.46,89.15,53.66,54.92,72.0,65.8,59.99,50.69,52.58,65.05,80.4,200.0,200.63,155.47,150.91,154.31,121.26,114.68,133.14,137.63,125.8,145.0,266.9,124.41,103.72,72.9,73.1,73.0,47.25,45.27,42.68,39.4,40.86,45.65,54.16,68.77,78.06,110.35,101.96,78.06,72.0
62.91,60.54,60.0,57.31,65.67,64.99,66.65,70.78,76.02,73.17,70.5,52.68,57.7,48.29,36.92,42.2,34.81,34.43,34.89,37.7,67.33,74.64,69.35,67.9,66.75,66.54,64.31,64.33,68.55,70.06,72.0,87.2,200.07,122.56,81.14,52.31,64.08,53.18,73.78,65.3,44.17,42.44,44.17,65.87,93.36,180.0,212.49,205.76,188.14,139.56,104.16,94.16,93.94,96.63,101.06,125.6,360.77,114.93,112.46,89.15,53.66,54.92,72.0,65.8,59.99,50.69,52.58,65.05,80.4,200.0,200.63,155.47,150.91,154.31,121.26,114.68,133.14,137.63,125.8,145.0,266.9,124.41,103.72,72.9,73.1,73.0,47.25,45.27,42.68,39.4,40.86,45.65,54.16,68.77,78.06,110.35,101.96,78.06,72.0,68.31
60.54,60.0,57.31,65.67,64.99,66.65,70.78,76.02,73.17,70.5,52.68,57.7,48.29,36.92,42.2,34.81,34.43,34.89,37.7,67.33,74.64,69.35,67.9,66.75,66.54,64.31,64.33,68.55,70.06,72.0,87.2,200.07,122.56,81.14,52.31,64.08,53.18,73.78,65.3,44.17,42.44,44.17,65.87,93.36,180.0,212.49,205.76,188.14,139.56,104.16,94.16,93.94,96.63,101.06,125.6,360.77,114.93,112.46,89.15,53.66,54.92,72.0,65.8,59.99,50.69,52.58,65.05,80.4,200.0,200.63,155.47,150.91,154.31,121.26,114.68,133.14,137.63,125.8,145.0,266.9,124.41,103.72,72.9,73.1,73.0,47.25,45.27,42.68,39.4,40.86,45.65,54.16,68.77,78.06,110.35,101.96,78.06,72.0,68.31,67.2
60.0,57.31,65.67,64.99,66.65,70.78,76.02,73.17,70.5,52.68,57.7,48.29,36.92,42.2,34.81,34.43,34.89,37.7,67.33,74.64,69.35,67.9,66.75,66.54,64.31,64.33,68.55,70.06,72.0,87.2,200.07,122.56,81.14,52.31,64.08,53.18,73.78,65.3,44.17,42.44,44.17,65.87,93.36,180.0,212.49,205.76,188.14,139.56,104.16,94.16,93.94,96.63,101.06,125.6,360.77,114.93,112.46,89.15,53.66,54.92,72.0,65.8,59.99,50.69,52.58,65.05,80.4,200.0,200.63,155.47,150.91,154.31,121.26,114.68,133.14,137.63,125.8,145.0,266.9,124.41,103.72,72.9,73.1,73.0,47.25,45.27,42.68,39.4,40.86,45.65,54.16,68.77,78.06,110.35,101.96,78.06,72.0,68.31,67.2,64.64
57.31,65.67,64.99,66.65,70.78,76.02,73.17,70.5,52.68,57.7,48.29,36.92,42.2,34.81,34.43,34.89,37.7,67.33,74.64,69.35,67.9,66.75,66.54,64.31,64.33,68.55,70.06,72.0,87.2,200.07,122.56,81.14,52.31,64.08,53.18,73.78,65.3,44.17,42.44,44.17,65.87,93.36,180.0,212.49,205.76,188.14,139.56,104.16,94.16,93.94,96.63,101.06,125.6,360.77,114.93,112.46,89.15,53.66,54.92,72.0,65.8,59.99,50.69,52.58,65.05,80.4,200.0,200.63,155.47,150.91,154.31,121.26,114.68,133.14,137.63,125.8,145.0,266.9,124.41,103.72,72.9,73.1,73.0,47.25,45.27,42.68,39.4,40.86,45.65,54.16,68.77,78.06,110.35,101.96,78.06,72.0,68.31,67.2,64.64,75.87
65.67,64.99,66.65,70.78,76.02,73.17,70.5,52.68,57.7,48.29,36.92,42.2,34.81,34.43,34.89,37.7,67.33,74.64,69.35,67.9,66.75,66.54,64.31,64.33,68.55,70.06,72.0,87.2,200.07,122.56,81.14,52.31,64.08,53.18,73.78,65.3,44.17,42.44,44.17,65.87,93.36,180.0,212.49,205.76,188.14,139.56,104.16,94.16,93.94,96.63,101.06,125.6,360.77,114.93,112.46,89.15,53.66,54.92,72.0,65.8,59.99,50.69,52.58,65.05,80.4,200.0,200.63,155.47,150.91,154.31,121.26,114.68,133.14,137.63,125.8,145.0,266.9,124.41,103.72,72.9,73.1,73.0,47.25,45.27,42.68,39.4,40.86,45.65,54.16,68.77,78.06,110.35,101.96,78.06,72.0,68.31,67.2,64.64,75.87,111.8
64.99,66.65,70.78,76.02,73.17,70.5,52.68,57.7,48.29,36.92,42.2,34.81,34.43,34.89,37.7,67.33,74.64,69.35,67.9,66.75,66.54,64.31,64.33,68.55,70.06,72.0,87.2,200.07,122.56,81.14,52.31,64.08,53.18,73.78,65.3,44.17,42.44,44.17,65.87,93.36,180.0,212.49,205.76,188.14,139.56,104.16,94.16,93.94,96.63,101.06,125.6,360.77,114.93,112.46,89.15,53.66,54.92,72.0,65.8,59.99,50.69,52.58,65.05,80.4,200.0,200.63,155.47,150.91,154.31,121.26,114.68,133.14,137.63,125.8,145.0,266.9,124.41,103.72,72.9,73.1,73.0,47.25,45.27,42.68,39.4,40.86,45.65,54.16,68.77,78.06,110.35,101.96,78.06,72.0,68.31,67.2,64.64,75.87,111.8,113.55
66.65,70.78,76.02,73.17,70.5,52.68,57.7,48.29,36.92,42.2,34.81,34.43,34.89,37.7,67.33,74.64,69.35,67.9,66.75,66.54,64.31,64.33,68.55,70.06,72.0,87.2,200.07,122.56,81.14,52.31,64.08,53.18,73.78,65.3,44.17,42.44,44.17,65.87,93.36,180.0,212.49,205.76,188.14,139.56,104.16,94.16,93.94,96.63,101.06,125.6,360.77,114.93,112.46,89.15,53.66,54.92,72.0,65.8,59.99,50.69,52.58,65.05,80.4,200.0,200.63,155.47,150.91,154.31,121.26,114.68,133.14,137.63,125.8,145.0,266.9,124.41,103.72,72.9,73.1,73.0,47.25,45.27,42.68,39.4,40.86,45.65,54.16,68.77,78.06,110.35,101.96,78.06,72.0,68.31,67.2,64.64,75.87,111.8,113.55,89.95
70.78,76.02,73.17,70.5,52.68,57.7,48.29,36.92,42.2,34.81,34.43,34.89,37.7,67.33,74.64,69.35,67.9,66.75,66.54,64.31,64.33,68.55,70.06,72.0,87.2,200.07,122.56,81.14,52.31,64.08,53.18,73.78,65.3,44.17,42.44,44.17,65.87,93.36,180.0,212.49,205.76,188.14,139.56,104.16,94.16,93.94,96.63,101.06,125.6,360.77,114.93,112.46,89.15,53.66,54.92,72.0,65.8,59.99,50.69,52.58,65.05,80.4,200.0,200.63,155.47,150.91,154.31,121.26,114.68,133.14,137.63,125.8,145.0,266.9,124.41,103.72,72.9,73.1,73.0,47.25,45.27,42.68,39.4,40.86,45.65,54.16,68.77,78.06,110.35,101.96,78.06,72.0,68.31,67.2,64.64,75.87,111.8,113.55,89.95,85.62
76.02,73.17,70.5,52.68,57.7,48.29,36.92,42.2,34.81,34.43,34.89,37.7,67.33,74.64,69.35,67.9,66.75,66.54,64.31,64.33,68.55,70.06,72.0,87.2,200.07,122.56,81.14,52.31,64.08,53.18,73.78,65.3,44.17,42.44,44.17,65.87,93.36,180.0,212.49,205.76,188.14,139.56,104.16,94.16,93.94,96.63,101.06,125.6,360.77,114.93,112.46,89.15,53.66,54.92,72.0,65.8,59.99,50.69,52.58,65.05,80.4,200.0,200.63,155.47,150.91,154.31,121.26,114.68,133.14,137.63,125.8,145.0,266.9,124.41,103.72,72.9,73.1,73.0,47.25,45.27,42.68,39.4,40.86,45.65,54.16,68.77,78.06,110.35,101.96,78.06,72.0,68.31,67.2,64.64,75.87,111.8,113.55,89.95,85.62,47.91
73.17,70.5,52.68,57.7,48.29,36.92,42.2,34.81,34.43,34.89,37.7,67.33,74.64,69.35,67.9,66.75,66.54,64.31,64.33,68.55,70.06,72.0,87.2,200.07,122.56,81.14,52.31,64.08,53.18,73.78,65.3,44.17,42.44,44.17,65.87,93.36,180.0,212.49,205.76,188.14,139.56,104.16,94.16,93.94,96.63,101.06,125.6,360.77,114.93,112.46,89.15,53.66,54.92,72.0,65.8,59.99,50.69,52.58,65.05,80.4,200.0,200.63,155.47,150.91,154.31,121.26,114.68,133.14,137.63,125.8,145.0,266.9,124.41,103.72,72.9,73.1,73.0,47.25,45.27,42.68,39.4,40.86,45.65,54.16,68.77,78.06,110.35,101.96,78.06,72.0,68.31,67.2,64.64,75.87,111.8,113.55,89.95,85.62,47.91,72.67
70.5,52.68,57.7,48.29,36.92,42.2,34.81,34.43,34.89,37.7,67.33,74.64,69.35,67.9,66.75,66.54,64.31,64.33,68.55,70.06,72.0,87.2,200.07,122.56,81.14,52.31,64.08,53.18,73.78,65.3,44.17,42.44,44.17,65.87,93.36,180.0,212.49,205.76,188.14,139.56,104.16,94.16,93.94,96.63,101.06,125.6,360.77,114.93,112.46,89.15,53.66,54.92,72.0,65.8,59.99,50.69,52.58,65.05,80.4,200.0,200.63,155.47,150.91,154.31,121.26,114.68,133.14,137.63,125.8,145.0,266.9,124.41,103.72,72.9,73.1,73.0,47.25,45.27,42.68,39.4,40.86,45.65,54.16,68.77,78.06,110.35,101.96,78.06,72.0,68.31,67.2,64.64,75.87,111.8,113.55,89.95,85.62,47.91,72.67,61.35
52.68,57.7,48.29,36.92,42.2,34.81,34.43,34.89,37.7,67.33,74.64,69.35,67.9,66.75,66.54,64.31,64.33,68.55,70.06,72.0,87.2,200.07,122.56,81.14,52.31,64.08,53.18,73.78,65.3,44.17,42.44,44.17,65.87,93.36,180.0,212.49,205.76,188.14,139.56,104.16,94.16,93.94,96.63,101.06,125.6,360.77,114.93,112.46,89.15,53.66,54.92,72.0,65.8,59.99,50.69,52.58,65.05,80.4,200.0,200.63,155.47,150.91,154.31,121.26,114.68,133.14,137.63,125.8,145.0,266.9,124.41,103.72,72.9,73.1,73.0,47.25,45.27,42.68,39.4,40.86,45.65,54.16,68.77,78.06,110.35,101.96,78.06,72.0,68.31,67.2,64.64,75.87,111.8,113.55,89.95,85.62,47.91,72.67,61.35,65.19
57.7,48.29,36.92,42.2,34.81,34.43,34.89,37.7,67.33,74.64,69.35,67.9,66.75,66.54,64.31,64.33,68.55,70.06,72.0,87.2,200.07,122.56,81.14,52.31,64.08,53.18,73.78,65.3,44.17,42.44,44.17,65.87,93.36,180.0,212.49,205.76,188.14,139.56,104.16,94.16,93.94,96.63,101.06,125.6,360.77,114.93,112.46,89.15,53.66,54.92,72.0,65.8,59.99,50.69,52.58,65.05,80.4,200.0,200.63,155.47,150.91,154.31,121.26,114.68,133.14,137.63,125.8,145.0,266.9,124.41,103.72,72.9,73.1,73.0,47.25,45.27,42.68,39.4,40.86,45.65,54.16,68.77,78.06,110.35,101.96,78.06,72.0,68.31,67.2,64.64,75.87,111.8,113.55,89.95,85.62,47.91,72.67,61.35,65.19,55.89
48.29,36.92,42.2,34.81,34.43,34.89,37.7,67.33,74.64,69.35,67.9,66.75,66.54,64.31,64.33,68.55,70.06,72.0,87.2,200.07,122.56,81.14,52.31,64.08,53.18,73.78,65.3,44.17,42.44,44.17,65.87,93.36,180.0,212.49,205.76,188.14,139.56,104.16,94.16,93.94,96.63,101.06,125.6,360.77,114.93,112.46,89.15,53.66,54.92,72.0,65.8,59.99,50.69,52.58,65.05,80.4,200.0,200.63,155.47,150.91,154.31,121.26,114.68,133.14,137.63,125.8,145.0,266.9,124.41,103.72,72.9,73.1,73.0,47.25,45.27,42.68,39.4,40.86,45.65,54.16,68.77,78.06,110.35,101.96,78.06,72.0,68.31,67.2,64.64,75.87,111.8,113.55,89.95,85.62,47.91,72.67,61.35,65.19,55.89,48.22
36.92,42.2,34.81,34.43,34.89,37.7,67.33,74.64,69.35,67.9,66.75,66.54,64.31,64.33,68.55,70.06,72.0,87.2,200.07,122.56,81.14,52.31,64.08,53.18,73.78,65.3,44.17,42.44,44.17,65.87,93.36,180.0,212.49,205.76,188.14,139.56,104.16,94.16,93.94,96.63,101.06,125.6,360.77,114.93,112.46,89.15,53.66,54.92,72.0,65.8,59.99,50.69,52.58,65.05,80.4,200.0,200.63,155.47,150.91,154.31,121.26,114.68,133.14,137.63,125.8,145.0,266.9,124.41,103.72,72.9,73.1,73.0,47.25,45.27,42.68,39.4,40.86,45.65,54.16,68.77,78.06,110.35,101.96,78.06,72.0,68.31,67.2,64.64,75.87,111.8,113.55,89.95,85.62,47.91,72.67,61.35,65.19,55.89,48.22,46.59
42.2,34.81,34.43,34.89,37.7,67.33,74.64,69.35,67.9,66.75,66.54,64.31,64.33,68.55,70.06,72.0,87.2,200.07,122.56,81.14,52.31,64.08,53.18,73.78,65.3,44.17,42.44,44.17,65.87,93.36,180.0,212.49,205.76,188.14,139.56,104.16,94.16,93.94,96.63,101.06,125.6,360.77,114.93,112.46,89.15,53.66,54.92,72.0,65.8,59.99,50.69,52.58,65.05,80.4,200.0,200.63,155.47,150.91,154.31,121.26,114.68,133.14,137.63,125.8,145.0,266.9,124.41,103.72,72.9,73.1,73.0,47.25,45.27,42.68,39.4,40.86,45.65,54.16,68.77,78.06,110.35,101.96,78.06,72.0,68.31,67.2,64.64,75.87,111.8,113.55,89.95,85.62,47.91,72.67,61.35,65.19,55.89,48.22,46.59,46.31
34.81,34.43,34.89,37.7,67.33,74.64,69.35,67.9,66.75,66.54,64.31,64.33,68.55,70.06,72.0,87.2,200.07,122.56,81.14,52.31,64.08,53.18,73.78,65.3,44.17,42.44,44.17,65.87,93.36,180.0,212.49,205.76,188.14,139.56,104.16,94.16,93.94,96.63,101.06,125.6,360.77,114.93,112.46,89.15,53.66,54.92,72.0,65.8,59.99,50.69,52.58,65.05,80.4,200.0,200.63,155.47,150.91,154.31,121.26,114.68,133.14,137.63,125.8,145.0,266.9,124.41,103.72,72.9,73.1,73.0,47.25,45.27,42.68,39.4,40.86,45.65,54.16,68.77,78.06,110.35,101.96,78.06,72.0,68.31,67.2,64.64,75.87,111.8,113.55,89.95,85.62,47.91,72.67,61.35,65.19,55.89,48.22,46.59,46.31,46.54
34.43,34.89,37.7,67.33,74.64,69.35,67.9,66.75,66.54,64.31,64.33,68.55,70.06,72.0,87.2,200.07,122.56,81.14,52.31,64.08,53.18,73.78,65.3,44.17,42.44,44.17,65.87,93.36,180.0,212.49,205.76,188.14,139.56,104.16,94.16,93.94,96.63,101.06,125.6,360.77,114.93,112.46,89.15,53.66,54.92,72.0,65.8,59.99,50.69,52.58,65.05,80.4,200.0,200.63,155.47,150.91,154.31,121.26,114.68,133.14,137.63,125.8,145.0,266.9,124.41,103.72,72.9,73.1,73.0,47.25,45.27,42.68,39.4,40.86,45.65,54.16,68.77,78.06,110.35,101.96,78.06,72.0,68.31,67.2,64.64,75.87,111.8,113.55,89.95,85.62,47.91,72.67,61.35,65.19,55.89,48.22,46.59,46.31,46.54,43.31
34.89,37.7,67.33,74.64,69.35,67.9,66.75,66.54,64.31,64.33,68.55,70.06,72.0,87.2,200.07,122.56,81.14,52.31,64.08,53.18,73.78,65.3,44.17,42.44,44.17,65.87,93.36,180.0,212.49,205.76,188.14,139.56,104.16,94.16,93.94,96.63,101.06,125.6,360.77,114.93,112.46,89.15,53.66,54.92,72.0,65.8,59.99,50.69,52.58,65.05,80.4,200.0,200.63,155.47,150.91,154.31,121.26,114.68,133.14,137.63,125.8,145.0,266.9,124.41,103.72,72.9,73.1,73.0,47.25,45.27,42.68,39.4,40.86,45.65,54.16,68.77,78.06,110.35,101.96,78.06,72.0,68.31,67.2,64.64,75.87,111.8,113.55,89.95,85.62,47.91,72.67,61.35,65.19,55.89,48.22,46.59,46.31,46.54,43.31,50.63
37.7,67.33,74.64,69.35,67.9,66.75,66.54,64.31,64.33,68.55,70.06,72.0,87.2,200.07,122.56,81.14,52.31,64.08,53.18,73.78,65.3,44.17,42.44,44.17,65.87,93.36,180.0,212.49,205.76,188.14,139.56,104.16,94.16,93.94,96.63,101.06,125.6,360.77,114.93,112.46,89.15,53.66,54.92,72.0,65.8,59.99,50.69,52.58,65.05,80.4,200.0,200.63,155.47,150.91,154.31,121.26,114.68,133.14,137.63,125.8,145.0,266.9,124.41,103.72,72.9,73.1,73.0,47.25,45.27,42.68,39.4,40.86,45.65,54.16,68.77,78.06,110.35,101.96,78.06,72.0,68.31,67.2,64.64,75.87,111.8,113.55,89.95,85.62,47.91,72.67,61.35,65.19,55.89,48.22,46.59,46.31,46.54,43.31,50.63,56.1
67.33,74.64,69.35,67.9,66.75,66.54,64.31,64.33,68.55,70.06,72.0,87.2,200.07,122.56,81.14,52.31,64.08,53.18,73.78,65.3,44.17,42.44,44.17,65.87,93.36,180.0,212.49,205.76,188.14,139.56,104.16,94.16,93.94,96.63,101.06,125.6,360.77,114.93,112.46,89.15,53.66,54.92,72.0,65.8,59.99,50.69,52.58,65.05,80.4,200.0,200.63,155.47,150.91,154.31,121.26,114.68,133.14,137.63,125.8,145.0,266.9,124.41,103.72,72.9,73.1,73.0,47.25,45.27,42.68,39.4,40.86,45.65,54.16,68.77,78.06,110.35,101.96,78.06,72.0,68.31,67.2,64.64,75.87,111.8,113.55,89.95,85.62,47.91,72.67,61.35,65.19,55.89,48.22,46.59,46.31,46.54,43.31,50.63,56.1,60.01
74.64,69.35,67.9,66.75,66.54,64.31,64.33,68.55,70.06,72.0,87.2,200.07,122.56,81.14,52.31,64.08,53.18,73.78,65.3,44.17,42.44,44.17,65.87,93.36,180.0,212.49,205.76,188.14,139.56,104.16,94.16,93.94,96.63,101.06,125.6,360.77,114.93,112.46,89.15,53.66,54.92,72.0,65.8,59.99,50.69,52.58,65.05,80.4,200.0,200.63,155.47,150.91,154.31,121.26,114.68,133.14,137.63,125.8,145.0,266.9,124.41,103.72,72.9,73.1,73.0,47.25,45.27,42.68,39.4,40.86,45.65,54.16,68.77,78.06,110.35,101.96,78.06,72.0,68.31,67.2,64.64,75.87,111.8,113.55,89.95,85.62,47.91,72.67,61.35,65.19,55.89,48.22,46.59,46.31,46.54,43.31,50.63,56.1,60.01,57.25
69.35,67.9,66.75,66.54,64.31,64.33,68.55,70.06,72.0,87.2,200.07,122.56,81.14,52.31,64.08,53.18,73.78,65.3,44.17,42.44,44.17,65.87,93.36,180.0,212.49,205.76,188.14,139.56,104.16,94.16,93.94,96.63,101.06,125.6,360.77,114.93,112.46,89.15,53.66,54.92,72.0,65.8,59.99,50.69,52.58,65.05,80.4,200.0,200.63,155.47,150.91,154.31,121.26,114.68,133.14,137.63,125.8,145.0,266.9,124.41,103.72,72.9,73.1,73.0,47.25,45.27,42.68,39.4,40.86,45.65,54.16,68.77,78.06,110.35,101.96,78.06,72.0,68.31,67.2,64.64,75.87,111.8,113.55,89.95,85.62,47.91,72.67,61.35,65.19,55.89,48.22,46.59,46.31,46.54,43.31,50.63,56.1,60.01,57.25,53.3
67.9,66.75,66.54,64.31,64.33,68.55,70.06,72.0,87.2,200.07,122.56,81.14,52.31,64.08,53.18,73.78,65.3,44.17,42.44,44.17,65.87,93.36,180.0,212.49,205.76,188.14,139.56,104.16,94.16,93.94,96.63,101.06,125.6,360.77,114.93,112.46,89.15,53.66,54.92,72.0,65.8,59.99,50.69,52.58,65.05,80.4,200.0,200.63,155.47,150.91,154.31,121.26,114.68,133.14,137.63,125.8,145.0,266.9,124.41,103.72,72.9,73.1,73.0,47.25,45.27,42.68,39.4,40.86,45.65,54.16,68.77,78.06,110.35,101.96,78.06,72.0,68.31,67.2,64.64,75.87,111.8,113.55,89.95,85.62,47.91,72.67,61.35,65.19,55.89,48.22,46.59,46.31,46.54,43.31,50.63,56.1,60.01,57.25,53.3,53.76
66.75,66.54,64.31,64.33,68.55,70.06,72.0,87.2,200.07,122.56,81.14,52.31,64.08,53.18,73.78,65.3,44.17,42.44,44.17,65.87,93.36,180.0,212.49,205.76,188.14,139.56,104.16,94.16,93.94,96.63,101.06,125.6,360.77,114.93,112.46,89.15,53.66,54.92,72.0,65.8,59.99,50.69,52.58,65.05,80.4,200.0,200.63,155.47,150.91,154.31,121.26,114.68,133.14,137.63,125.8,145.0,266.9,124.41,103.72,72.9,73.1,73.0,47.25,45.27,42.68,39.4,40.86,45.65,54.16,68.77,78.06,110.35,101.96,78.06,72.0,68.31,67.2,64.64,75.87,111.8,113.55,89.95,85.62,47.91,72.67,61.35,65.19,55.89,48.22,46.59,46.31,46.54,43.31,50.63,56.1,60.01,57.25,53.3,53.76,47.86
66.54,64.31,64.33,68.55,70.06,72.0,87.2,200.07,122.56,81.14,52.31,64.08,53.18,73.78,65.3,44.17,42.44,44.17,65.87,93.36,180.0,212.49,205.76,188.14,139.56,104.16,94.16,93.94,96.63,101.06,125.6,360.77,114.93,112.46,89.15,53.66,54.92,72.0,65.8,59.99,50.69,52.58,65.05,80.4,200.0,200.63,155.47,150.91,154.31,121.26,114.68,133.14,137.63,125.8,145.0,266.9,124.41,103.72,72.9,73.1,73.0,47.25,45.27,42.68,39.4,40.86,45.65,54.16,68.77,78.06,110.35,101.96,78.06,72.0,68.31,67.2,64.64,75.87,111.8,113.55,89.95,85.62,47.91,72.67,61.35,65.19,55.89,48.22,46.59,46.31,46.54,43.31,50.63,56.1,60.01,57.25,53.3,53.76,47.86,42.7
64.31,64.33,68.55,70.06,72.0,87.2,200.07,122.56,81.14,52.31,64.08,53.18,73.78,65.3,44.17,42.44,44.17,65.87,93.36,180.0,212.49,205.76,188.14,139.56,104.16,94.16,93.94,96.63,101.06,125.6,360.77,114.93,112.46,89.15,53.66,54.92,72.0,65.8,59.99,50.69,52.58,65.05,80.4,200.0,200.63,155.47,150.91,154.31,121.26,114.68,133.14,137.63,125.8,145.0,266.9,124.41,103.72,72.9,73.1,73.0,47.25,45.27,42.68,39.4,40.86,45.65,54.16,68.77,78.06,110.35,101.96,78.06,72.0,68.31,67.2,64.64,75.87,111.8,113.55,89.95,85.62,47.91,72.67,61.35,65.19,55.89,48.22,46.59,46.31,46.54,43.31,50.63,56.1,60.01,57.25,53.3,53.76,47.86,42.7,52.28
64.33,68.55,70.06,72.0,87.2,200.07,122.56,81.14,52.31,64.08,53.18,73.78,65.3,44.17,42.44,44.17,65.87,93.36,180.0,212.49,205.76,188.14,139.56,104.16,94.16,93.94,96.63,101.06,125.6,360.77,114.93,112.46,89.15,53.66,54.92,72.0,65.8,59.99,50.69,52.58,65.05,80.4,200.0,200.63,155.47,150.91,154.31,121.26,114.68,133.14,137.63,125.8,145.0,266.9,124.41,103.72,72.9,73.1,73.0,47.25,45.27,42.68,39.4,40.86,45.65,54.16,68.77,78.06,110.35,101.96,78.06,72.0,68.31,67.2,64.64,75.87,111.8,113.55,89.95,85.62,47.91,72.67,61.35,65.19,55.89,48.22,46.59,46.31,46.54,43.31,50.63,56.1,60.01,57.25,53.3,53.76,47.86,42.7,52.28,52.0
68.55,70.06,72.0,87.2,200.07,122.56,81.14,52.31,64.08,53.18,73.78,65.3,44.17,42.44,44.17,65.87,93.36,180.0,212.49,205.76,188.14,139.56,104.16,94.16,93.94,96.63,101.06,125.6,360.77,114.93,112.46,89.15,53.66,54.92,72.0,65.8,59.99,50.69,52.58,65.05,80.4,200.0,200.63,155.47,150.91,154.31,121.26,114.68,133.14,137.63,125.8,145.0,266.9,124.41,103.72,72.9,73.1,73.0,47.25,45.27,42.68,39.4,40.86,45.65,54.16,68.77,78.06,110.35,101.96,78.06,72.0,68.31,67.2,64.64,75.87,111.8,113.55,89.95,85.62,47.91,72.67,61.35,65.19,55.89,48.22,46.59,46.31,46.54,43.31,50.63,56.1,60.01,57.25,53.3,53.76,47.86,42.7,52.28,52.0,64.6
70.06,72.0,87.2,200.07,122.56,81.14,52.31,64.08,53.18,73.78,65.3,44.17,42.44,44.17,65.87,93.36,180.0,212.49,205.76,188.14,139.56,104.16,94.16,93.94,96.63,101.06,125.6,360.77,114.93,112.46,89.15,53.66,54.92,72.0,65.8,59.99,50.69,52.58,65.05,80.4,200.0,200.63,155.47,150.91,154.31,121.26,114.68,133.14,137.63,125.8,145.0,266.9,124.41,103.72,72.9,73.1,73.0,47.25,45.27,42.68,39.4,40.86,45.65,54.16,68.77,78.06,110.35,101.96,78.06,72.0,68.31,67.2,64.64,75.87,111.8,113.55,89.95,85.62,47.91,72.67,61.35,65.19,55.89,48.22,46.59,46.31,46.54,43.31,50.63,56.1,60.01,57.25,53.3,53.76,47.86,42.7,52.28,52.0,64.6,64.95
72.0,87.2,200.07,122.56,81.14,52.31,64.08,53.18,73.78,65.3,44.17,42.44,44.17,65.87,93.36,180.0,212.49,205.76,188.14,139.56,104.16,94.16,93.94,96.63,101.06,125.6,360.77,114.93,112.46,89.15,53.66,54.92,72.0,65.8,59.99,50.69,52.58,65.05,80.4,200.0,200.63,155.47,150.91,154.31,121.26,114.68,133.14,137.63,125.8,145.0,266.9,124.41,103.72,72.9,73.1,73.0,47.25,45.27,42.68,39.4,40.86,45.65,54.16,68.77,78.06,110.35,101.96,78.06,72.0,68.31,67.2,64.64,75.87,111.8,113.55,89.95,85.62,47.91,72.67,61.35,65.19,55.89,48.22,46.59,46.31,46.54,43.31,50.63,56.1,60.01,57.25,53.3,53.76,47.86,42.7,52.28,52.0,64.6,64.95,61.2
87.2,200.07,122.56,81.14,52.31,64.08,53.18,73.78,65.3,44.17,42.44,44.17,65.87,93.36,180.0,212.49,205.76,188.14,139.56,104.16,94.16,93.94,96.63,101.06,125.6,360.77,114.93,112.46,89.15,53.66,54.92,72.0,65.8,59.99,50.69,52.58,65.05,80.4,200.0,200.63,155.47,150.91,154.31,121.26,114.68,133.14,137.63,125.8,145.0,266.9,124.41,103.72,72.9,73.1,73.0,47.25,45.27,42.68,39.4,40.86,45.65,54.16,68.77,78.06,110.35,101.96,78.06,72.0,68.31,67.2,64.64,75.87,111.8,113.55,89.95,85.62,47.91,72.67,61.35,65.19,55.89,48.22,46.59,46.31,46.54,43.31,50.63,56.1,60.01,57.25,53.3,53.76,47.86,42.7,52.28,52.0,64.6,64.95,61.2,51.99
200.07,122.56,81.14,52.31,64.08,53.18,73.78,65.3,44.17,42.44,44.17,65.87,93.36,180.0,212.49,205.76,188.14,139.56,104.16,94.16,93.94,96.63,101.06,125.6,360.77,114.93,112.46,89.15,53.66,54.92,72.0,65.8,59.99,50.69,52.58,65.05,80.4,200.0,200.63,155.47,150.91,154.31,121.26,114.68,133.14,137.63,125.8,145.0,266.9,124.41,103.72,72.9,73.1,73.0,47.25,45.27,42.68,39.4,40.86,45.65,54.16,68.77,78.06,110.35,101.96,78.06,72.0,68.31,67.2,64.64,75.87,111.8,113.55,89.95,85.62,47.91,72.67,61.35,65.19,55.89,48.22,46.59,46.31,46.54,43.31,50.63,56.1,60.01,57.25,53.3,53.76,47.86,42.7,52.28,52.0,64.6,64.95,61.2,51.99,46.7
122.56,81.14,52.31,64.08,53.18,73.78,65.3,44.17,42.44,44.17,65.87,93.36,180.0,212.49,205.76,188.14,139.56,104.16,94.16,93.94,96.63,101.06,125.6,360.77,114.93,112.46,89.15,53.66,54.92,72.0,65.8,59.99,50.69,52.58,65.05,80.4,200.0,200.63,155.47,150.91,154.31,121.26,114.68,133.14,137.63,125.8,145.0,266.9,124.41,103.72,72.9,73.1,73.0,47.25,45.27,42.68,39.4,40.86,45.65,54.16,68.77,78.06,110.35,101.96,78.06,72.0,68.31,67.2,64.64,75.87,111.8,113.55,89.95,85.62,47.91,72.67,61.35,65.19,55.89,48.22,46.59,46.31,46.54,43.31,50.63,56.1,60.01,57.25,53.3,53.76,47.86,42.7,52.28,52.0,64.6,64.95,61.2,51.99,46.7,44.33
81.14,52.31,64.08,53.18,73.78,65.3,44.17,42.44,44.17,65.87,93.36,180.0,212.49,205.76,188.14,139.56,104.16,94.16,93.94,96.63,101.06,125.6,360.77,114.93,112.46,89.15,53.66,54.92,72.0,65.8,59.99,50.69,52.58,65.05,80.4,200.0,200.63,155.47,150.91,154.31,121.26,114.68,133.14,137.63,125.8,145.0,266.9,124.41,103.72,72.9,73.1,73.0,47.25,45.27,42.68,39.4,40.86,45.65,54.16,68.77,78.06,110.35,101.96,78.06,72.0,68.31,67.2,64.64,75.87,111.8,113.55,89.95,85.62,47.91,72.67,61.35,65.19,55.89,48.22,46.59,46.31,46.54,43.31,50.63,56.1,60.01,57.25,53.3,53.76,47.86,42.7,52.28,52.0,64.6,64.95,61.2,51.99,46.7,44.33,41.57
52.31,64.08,53.18,73.78,65.3,44.17,42.44,44.17,65.87,93.36,180.0,212.49,205.76,188.14,139.56,104.16,94.16,93.94,96.63,101.06,125.6,360.77,114.93,112.46,89.15,53.66,54.92,72.0,65.8,59.99,50.69,52.58,65.05,80.4,200.0,200.63,155.47,150.91,154.31,121.26,114.68,133.14,137.63,125.8,145.0,266.9,124.41,103.72,72.9,73.1,73.0,47.25,45.27,42.68,39.4,40.86,45.65,54.16,68.77,78.06,110.35,101.96,78.06,72.0,68.31,67.2,64.64,75.87,111.8,113.55,89.95,85.62,47.91,72.67,61.35,65.19,55.89,48.22,46.59,46.31,46.54,43.31,50.63,56.1,60.01,57.25,53.3,53.76,47.86,42.7,52.28,52.0,64.6,64.95,61.2,51.99,46.7,44.33,41.57,44.85
64.08,53.18,73.78,65.3,44.17,42.44,44.17,65.87,93.36,180.0,212.49,205.76,188.14,139.56,104.16,94.16,93.94,96.63,101.06,125.6,360.77,114.93,112.46,89.15,53.66,54.92,72.0,65.8,59.99,50.69,52.58,65.05,80.4,200.0,200.63,155.47,150.91,154.31,121.26,114.68,133.14,137.63,125.8,145.0,266.9,124.41,103.72,72.9,73.1,73.0,47.25,45.27,42.68,39.4,40.86,45.65,54.16,68.77,78.06,110.35,101.96,78.06,72.0,68.31,67.2,64.64,75.87,111.8,113.55,89.95,85.62,47.91,72.67,61.35,65.19,55.89,48.22,46.59,46.31,46.54,43.31,50.63,56.1,60.01,57.25,53.3,53.76,47.86,42.7,52.28,52.0,64.6,64.95,61.2,51.99,46.7,44.33,41.57,44.85,38.86
53.18,73.78,65.3,44.17,42.44,44.17,65.87,93.36,180.0,212.49,205.76,188.14,139.56,104.16,94.16,93.94,96.63,101.06,125.6,360.77,114.93,112.46,89.15,53.66,54.92,72.0,65.8,59.99,50.69,52.58,65.05,80.4,200.0,200.63,155.47,150.91,154.31,121.26,114.68,133.14,137.63,125.8,145.0,266.9,124.41,103.72,72.9,73.1,73.0,47.25,45.27,42.68,39.4,40.86,45.65,54.16,68.77,78.06,110.35,101.96,78.06,72.0,68.31,67.2,64.64,75.87,111.8,113.55,89.95,85.62,47.91,72.67,61.35,65.19,55.89,48.22,46.59,46.31,46.54,43.31,50.63,56.1,60.01,57.25,53.3,53.76,47.86,42.7,52.28,52.0,64.6,64.95,61.2,51.99,46.7,44.33,41.57,44.85,38.86,38.25
73.78,65.3,44.17,42.44,44.17,65.87,93.36,180.0,212.49,205.76,188.14,139.56,104.16,94.16,93.94,96.63,101.06,125.6,360.77,114.93,112.46,89.15,53.66,54.92,72.0,65.8,59.99,50.69,52.58,65.05,80.4,200.0,200.63,155.47,150.91,154.31,121.26,114.68,133.14,137.63,125.8,145.0,266.9,124.41,103.72,72.9,73.1,73.0,47.25,45.27,42.68,39.4,40.86,45.65,54.16,68.77,78.06,110.35,101.96,78.06,72.0,68.31,67.2,64.64,75.87,111.8,113.55,89.95,85.62,47.91,72.67,61.35,65.19,55.89,48.22,46.59,46.31,46.54,43.31,50.63,56.1,60.01,57.25,53.3,53.76,47.86,42.7,52.28,52.0,64.6,64.95,61.2,51.99,46.7,44.33,41.57,44.85,38.86,38.25,36.35
65.3,44.17,42.44,44.17,65.87,93.36,180.0,212.49,205.76,188.14,139.56,104.16,94.16,93.94,96.63,101.06,125.6,360.77,114.93,112.46,89.15,53.66,54.92,72.0,65.8,59.99,50.69,52.58,65.05,80.4,200.0,200.63,155.47,150.91,154.31,121.26,114.68,133.14,137.63,125.8,145.0,266.9,124.41,103.72,72.9,73.1,73.0,47.25,45.27,42.68,39.4,40.86,45.65,54.16,68.77,78.06,110.35,101.96,78.06,72.0,68.31,67.2,64.64,75.87,111.8,113.55,89.95,85.62,47.91,72.67,61.35,65.19,55.89,48.22,46.59,46.31,46.54,43.31,50.63,56.1,60.01,57.25,53.3,53.76,47.86,42.7,52.28,52.0,64.6,64.95,61.2,51.99,46.7,44.33,41.57,44.85,38.86,38.25,36.35,34.58
44.17,42.44,44.17,65.87,93.36,180.0,212.49,205.76,188.14,139.56,104.16,94.16,93.94,96.63,101.06,125.6,360.77,114.93,112.46,89.15,53.66,54.92,72.0,65.8,59.99,50.69,52.58,65.05,80.4,200.0,200.63,155.47,150.91,154.31,121.26,114.68,133.14,137.63,125.8,145.0,266.9,124.41,103.72,72.9,73.1,73.0,47.25,45.27,42.68,39.4,40.86,45.65,54.16,68.77,78.06,110.35,101.96,78.06,72.0,68.31,67.2,64.64,75.87,111.8,113.55,89.95,85.62,47.91,72.67,61.35,65.19,55.89,48.22,46.59,46.31,46.54,43.31,50.63,56.1,60.01,57.25,53.3,53.76,47.86,42.7,52.28,52.0,64.6,64.95,61.2,51.99,46.7,44.33,41.57,44.85,38.86,38.25,36.35,34.58,35.38
42.44,44.17,65.87,93.36,180.0,212.49,205.76,188.14,139.56,104.16,94.16,93.94,96.63,101.06,125.6,360.77,114.93,112.46,89.15,53.66,54.92,72.0,65.8,59.99,50.69,52.58,65.05,80.4,200.0,200.63,155.47,150.91,154.31,121.26,114.68,133.14,137.63,125.8,145.0,266.9,124.41,103.72,72.9,73.1,73.0,47.25,45.27,42.68,39.4,40.86,45.65,54.16,68.77,78.06,110.35,101.96,78.06,72.0,68.31,67.2,64.64,75.87,111.8,113.55,89.95,85.62,47.91,72.67,61.35,65.19,55.89,48.22,46.59,46.31,46.54,43.31,50.63,56.1,60.01,57.25,53.3,53.76,47.86,42.7,52.28,52.0,64.6,64.95,61.2,51.99,46.7,44.33,41.57,44.85,38.86,38.25,36.35,34.58,35.38,36.52
44.17,65.87,93.36,180.0,212.49,205.76,188.14,139.56,104.16,94.16,93.94,96.63,101.06,125.6,360.77,114.93,112.46,89.15,53.66,54.92,72.0,65.8,59.99,50.69,52.58,65.05,80.4,200.0,200.63,155.47,150.91,154.31,121.26,114.68,133.14,137.63,125.8,145.0,266.9,124.41,103.72,72.9,73.1,73.0,47.25,45.27,42.68,39.4,40.86,45.65,54.16,68.77,78.06,110.35,101.96,78.06,72.0,68.31,67.2,64.64,75.87,111.8,113.55,89.95,85.62,47.91,72.67,61.35,65.19,55.89,48.22,46.59,46.31,46.54,43.31,50.63,56.1,60.01,57.25,53.3,53.76,47.86,42.7,52.28,52.0,64.6,64.95,61.2,51.99,46.7,44.33,41.57,44.85,38.86,38.25,36.35,34.58,35.38,36.52,38.77
65.87,93.36,180.0,212.49,205.76,188.14,139.56,104.16,94.16,93.94,96.63,101.06,125.6,360.77,114.93,112.46,89.15,53.66,54.92,72.0,65.8,59.99,50.69,52.58,65.05,80.4,200.0,200.63,155.47,150.91,154.31,121.26,114.68,133.14,137.63,125.8,145.0,266.9,124.41,103.72,72.9,73.1,73.0,47.25,45.27,42.68,39.4,40.86,45.65,54.16,68.77,78.06,110.35,101.96,78.06,72.0,68.31,67.2,64.64,75.87,111.8,113.55,89.95,85.62,47.91,72.67,61.35,65.19,55.89,48.22,46.59,46.31,46.54,43.31,50.63,56.1,60.01,57.25,53.3,53.76,47.86,42.7,52.28,52.0,64.6,64.95,61.2,51.99,46.7,44.33,41.57,44.85,38.86,38.25,36.35,34.58,35.38,36.52,38.77,38.23
93.36,180.0,212.49,205.76,188.14,139.56,104.16,94.16,93.94,96.63,101.06,125.6,360.77,114.93,112.46,89.15,53.66,54.92,72.0,65.8,59.99,50.69,52.58,65.05,80.4,200.0,200.63,155.47,150.91,154.31,121.26,114.68,133.14,137.63,125.8,145.0,266.9,124.41,103.72,72.9,73.1,73.0,47.25,45.27,42.68,39.4,40.86,45.65,54.16,68.77,78.06,110.35,101.96,78.06,72.0,68.31,67.2,64.64,75.87,111.8,113.55,89.95,85.62,47.91,72.67,61.35,65.19,55.89,48.22,46.59,46.31,46.54,43.31,50.63,56.1,60.01,57.25,53.3,53.76,47.86,42.7,52.28,52.0,64.6,64.95,61.2,51.99,46.7,44.33,41.57,44.85,38.86,38.25,36.35,34.58,35.38,36.52,38.77,38.23,41.67
180.0,212.49,205.76,188.14,139.56,104.16,94.16,93.94,96.63,101.06,125.6,360.77,114.93,112.46,89.15,53.66,54.92,72.0,65.8,59.99,50.69,52.58,65.05,80.4,200.0,200.63,155.47,150.91,154.31,121.26,114.68,133.14,137.63,125.8,145.0,266.9,124.41,103.72,72.9,73.1,73.0,47.25,45.27,42.68,39.4,40.86,45.65,54.16,68.77,78.06,110.35,101.96,78.06,72.0,68.31,67.2,64.64,75.87,111.8,113.55,89.95,85.62,47.91,72.67,61.35,65.19,55.89,48.22,46.59,46.31,46.54,43.31,50.63,56.1,60.01,57.25,53.3,53.76,47.86,42.7,52.28,52.0,64.6,64.95,61.2,51.99,46.7,44.33,41.57,44.85,38.86,38.25,36.35,34.58,35.38,36.52,38.77,38.23,41.67,43.56
212.49,205.76,188.14,139.56,104.16,94.16,93.94,96.63,101.06,125.6,360.77,114.93,112.46,89.15,53.66,54.92,72.0,65.8,59.99,50.69,52.58,65.05,80.4,200.0,200.63,155.47,150.91,154.31,121.26,114.68,133.14,137.63,125.8,145.0,266.9,124.41,103.72,72.9,73.1,73.0,47.25,45.27,42.68,39.4,40.86,45.65,54.16,68.77,78.06,110.35,101.96,78.06,72.0,68.31,67.2,64.64,75.87,111.8,113.55,89.95,85.62,47.91,72.67,61.35,65.19,55.89,48.22,46.59,46.31,46.54,43.31,50.63,56.1,60.01,57.25,53.3,53.76,47.86,42.7,52.28,52.0,64.6,64.95,61.2,51.99,46.7,44.33,41.57,44.85,38.86,38.25,36.35,34.58,35.38,36.52,38.77,38.23,41.67,43.56,44.0
205.76,188.14,139.56,104.16,94.16,93.94,96.63,101.06,125.6,360.77,114.93,112.46,89.15,53.66,54.92,72.0,65.8,59.99,50.69,52.58,65.05,80.4,200.0,200.63,155.47,150.91,154.31,121.26,114.68,133.14,137.63,125.8,145.0,266.9,124.41,103.72,72.9,73.1,73.0,47.25,45.27,42.68,39.4,40.86,45.65,54.16,68.77,78.06,110.35,101.96,78.06,72.0,68.31,67.2,64.64,75.87,111.8,113.55,89.95,85.62,47.91,72.67,61.35,65.19,55.89,48.22,46.59,46.31,46.54,43.31,50.63,56.1,60.01,57.25,53.3,53.76,47.86,42.7,52.28,52.0,64.6,64.95,61.2,51.99,46.7,44.33,41.57,44.85,38.86,38.25,36.35,34.58,35.38,36.52,38.77,38.23,41.67,43.56,44.0,41.17
188.14,139.56,104.16,94.16,93.94,96.63,101.06,125.6,360.77,114.93,112.46,89.15,53.66,54.92,72.0,65.8,59.99,50.69,52.58,65.05,80.4,200.0,200.63,155.47,150.91,154.31,121.26,114.68,133.14,137.63,125.8,145.0,266.9,124.41,103.72,72.9,73.1,73.0,47.25,45.27,42.68,39.4,40.86,45.65,54.16,68.77,78.06,110.35,101.96,78.06,72.0,68.31,67.2,64.64,75.87,111.8,113.55,89.95,85.62,47.91,72.67,61.35,65.19,55.89,48.22,46.59,46.31,46.54,43.31,50.63,56.1,60.01,57.25,53.3,53.76,47.86,42.7,52.28,52.0,64.6,64.95,61.2,51.99,46.7,44.33,41.57,44.85,38.86,38.25,36.35,34.58,35.38,36.52,38.77,38.23,41.67,43.56,44.0,41.17,35.14
139.56,104.16,94.16,93.94,96.63,101.06,125.6,360.77,114.93,112.46,89.15,53.66,54.92,72.0,65.8,59.99,50.69,52.58,65.05,80.4,200.0,200.63,155.47,150.91,154.31,121.26,114.68,133.14,137.63,125.8,145.0,266.9,124.41,103.72,72.9,73.1,73.0,47.25,45.27,42.68,39.4,40.86,45.65,54.16,68.77,78.06,110.35,101.96,78.06,72.0,68.31,67.2,64.64,75.87,111.8,113.55,89.95,85.62,47.91,72.67,61.35,65.19,55.89,48.22,46.59,46.31,46.54,43.31,50.63,56.1,60.01,57.25,53.3,53.76,47.86,42.7,52.28,52.0,64.6,64.95,61.2,51.99,46.7,44.33,41.57,44.85,38.86,38.25,36.35,34.58,35.38,36.52,38.77,38.23,41.67,43.56,44.0,41.17,35.14,34.2
104.16,94.16,93.94,96.63,101.06,125.6,360.77,114.93,112.46,89.15,53.66,54.92,72.0,65.8,59.99,50.69,52.58,65.05,80.4,200.0,200.63,155.47,150.91,154.31,121.26,114.68,133.14,137.63,125.8,145.0,266.9,124.41,103.72,72.9,73.1,73.0,47.25,45.27,42.68,39.4,40.86,45.65,54.16,68.77,78.06,110.35,101.96,78.06,72.0,68.31,67.2,64.64,75.87,111.8,113.55,89.95,85.62,47.91,72.67,61.35,65.19,55.89,48.22,46.59,46.31,46.54,43.31,50.63,56.1,60.01,57.25,53.3,53.76,47.86,42.7,52.28,52.0,64.6,64.95,61.2,51.99,46.7,44.33,41.57,44.85,38.86,38.25,36.35,34.58,35.38,36.52,38.77,38.23,41.67,43.56,44.0,41.17,35.14,34.2,35.68
94.16,93.94,96.63,101.06,125.6,360.77,114.93,112.46,89.15,53.66,54.92,72.0,65.8,59.99,50.69,52.58,65.05,80.4,200.0,200.63,155.47,150.91,154.31,121.26,114.68,133.14,137.63,125.8,145.0,266.9,124.41,103.72,72.9,73.1,73.0,47.25,45.27,42.68,39.4,40.86,45.65,54.16,68.77,78.06,110.35,101.96,78.06,72.0,68.31,67.2,64.64,75.87,111.8,113.55,89.95,85.62,47.91,72.67,61.35,65.19,55.89,48.22,46.59,46.31,46.54,43.31,50.63,56.1,60.01,57.25,53.3,53.76,47.86,42.7,52.28,52.0,64.6,64.95,61.2,51.99,46.7,44.33,41.57,44.85,38.86,38.25,36.35,34.58,35.38,36.52,38.77,38.23,41.67,43.56,44.0,41.17,35.14,34.2,35.68,44.0
93.94,96.63,101.06,125.6,360.77,114.93,112.46,89.15,53.66,54.92,72.0,65.8,59.99,50.69,52.58,65.05,80.4,200.0,200.63,155.47,150.91,154.31,121.26,114.68,133.14,137.63,125.8,145.0,266.9,124.41,103.72,72.9,73.1,73.0,47.25,45.27,42.68,39.4,40.86,45.65,54.16,68.77,78.06,110.35,101.96,78.06,72.0,68.31,67.2,64.64,75.87,111.8,113.55,89.95,85.62,47.91,72.67,61.35,65.19,55.89,48.22,46.59,46.31,46.54,43.31,50.63,56.1,60.01,57.25,53.3,53.76,47.86,42.7,52.28,52.0,64.6,64.95,61.2,51.99,46.7,44.33,41.57,44.85,38.86,38.25,36.35,34.58,35.38,36.52,38.77,38.23,41.67,43.56,44.0,41.17,35.14,34.2,35.68,44.0,50.1
96.63,101.06,125.6,360.77,114.93,112.46,89.15,53.66,54.92,72.0,65.8,59.99,50.69,52.58,65.05,80.4,200.0,200.63,155.47,150.91,154.31,121.26,114.68,133.14,137.63,125.8,145.0,266.9,124.41,103.72,72.9,73.1,73.0,47.25,45.27,42.68,39.4,40.86,45.65,54.16,68.77,78.06,110.35,101.96,78.06,72.0,68.31,67.2,64.64,75.87,111.8,113.55,89.95,85.62,47.91,72.67,61.35,65.19,55.89,48.22,46.59,46.31,46.54,43.31,50.63,56.1,60.01,57.25,53.3,53.76,47.86,42.7,52.28,52.0,64.6,64.95,61.2,51.99,46.7,44.33,41.57,44.85,38.86,38.25,36.35,34.58,35.38,36.52,38.77,38.23,41.67,43.56,44.0,41.17,35.14,34.2,35.68,44.0,50.1,53.01
101.06,125.6,360.77,114.93,112.46,89.15,53.66,54.92,72.0,65.8,59.99,50.69,52.58,65.05,80.4,200.0,200.63,155.47,150.91,154.31,121.26,114.68,133.14,137.63,125.8,145.0,266.9,124.41,103.72,72.9,73.1,73.0,47.25,45.27,42.68,39.4,40.86,45.65,54.16,68.77,78.06,110.35,101.96,78.06,72.0,68.31,67.2,64.64,75.87,111.8,113.55,89.95,85.62,47.91,72.67,61.35,65.19,55.89,48.22,46.59,46.31,46.54,43.31,50.63,56.1,60.01,57.25,53.3,53.76,47.86,42.7,52.28,52.0,64.6,64.95,61.2,51.99,46.7,44.33,41.57,44.85,38.86,38.25,36.35,34.58,35.38,36.52,38.77,38.23,41.67,43.56,44.0,41.17,35.14,34.2,35.68,44.0,50.1,53.01,51.22
125.6,360.77,114.93,112.46,89.15,53.66,54.92,72.0,65.8,59.99,50.69,52.58,65.05,80.4,200.0,200.63,155.47,150.91,154.31,121.26,114.68,133.14,137.63,125.8,145.0,266.9,124.41,103.72,72.9,73.1,73.0,47.25,45.27,42.68,39.4,40.86,45.65,54.16,68.77,78.06,110.35,101.96,78.06,72.0,68.31,67.2,64.64,75.87,111.8,113.55,89.95,85.62,47.91,72.67,61.35,65.19,55.89,48.22,46.59,46.31,46.54,43.31,50.63,56.1,60.01,57.25,53.3,53.76,47.86,42.7,52.28,52.0,64.6,64.95,61.2,51.99,46.7,44.33,41.57,44.85,38.86,38.25,36.35,34.58,35.38,36.52,38.77,38.23,41.67,43.56,44.0,41.17,35.14,34.2,35.68,44.0,50.1,53.01,51.22,52.65
360.77,114.93,112.46,89.15,53.66,54.92,72.0,65.8,59.99,50.69,52.58,65.05,80.4,200.0,200.63,155.47,150.91,154.31,121.26,114.68,133.14,137.63,125.8,145.0,266.9,124.41,103.72,72.9,73.1,73.0,47.25,45.27,42.68,39.4,40.86,45.65,54.16,68.77,78.06,110.35,101.96,78.06,72.0,68.31,67.2,64.64,75.87,111.8,113.55,89.95,85.62,47.91,72.67,61.35,65.19,55.89,48.22,46.59,46.31,46.54,43.31,50.63,56.1,60.01,57.25,53.3,53.76,47.86,42.7,52.28,52.0,64.6,64.95,61.2,51.99,46.7,44.33,41.57,44.85,38.86,38.25,36.35,34.58,35.38,36.52,38.77,38.23,41.67,43.56,44.0,41.17,35.14,34.2,35.68,44.0,50.1,53.01,51.22,52.65,44.0
114.93,112.46,89.15,53.66,54.92,72.0,65.8,59.99,50.69,52.58,65.05,80.4,200.0,200.63,155.47,150.91,154.31,121.26,114.68,133.14,137.63,125.8,145.0,266.9,124.41,103.72,72.9,73.1,73.0,47.25,45.27,42.68,39.4,40.86,45.65,54.16,68.77,78.06,110.35,101.96,78.06,72.0,68.31,67.2,64.64,75.87,111.8,113.55,89.95,85.62,47.91,72.67,61.35,65.19,55.89,48.22,46.59,46.31,46.54,43.31,50.63,56.1,60.01,57.25,53.3,53.76,47.86,42.7,52.28,52.0,64.6,64.95,61.2,51.99,46.7,44.33,41.57,44.85,38.86,38.25,36.35,34.58,35.38,36.52,38.77,38.23,41.67,43.56,44.0,41.17,35.14,34.2,35.68,44.0,50.1,53.01,51.22,52.65,44.0,50.23
112.46,89.15,53.66,54.92,72.0,65.8,59.99,50.69,52.58,65.05,80.4,200.0,200.63,155.47,150.91,154.31,121.26,114.68,133.14,137.63,125.8,145.0,266.9,124.41,103.72,72.9,73.1,73.0,47.25,45.27,42.68,39.4,40.86,45.65,54.16,68.77,78.06,110.35,101.96,78.06,72.0,68.31,67.2,64.64,75.87,111.8,113.55,89.95,85.62,47.91,72.67,61.35,65.19,55.89,48.22,46.59,46.31,46.54,43.31,50.63,56.1,60.01,57.25,53.3,53.76,47.86,42.7,52.28,52.0,64.6,64.95,61.2,51.99,46.7,44.33,41.57,44.85,38.86,38.25,36.35,34.58,35.38,36.52,38.77,38.23,41.67,43.56,44.0,41.17,35.14,34.2,35.68,44.0,50.1,53.01,51.22,52.65,44.0,50.23,39.53
89.15,53.66,54.92,72.0,65.8,59.99,50.69,52.58,65.05,80.4,200.0,200.63,155.47,150.91,154.31,121.26,114.68,133.14,137.63,125.8,145.0,266.9,124.41,103.72,72.9,73.1,73.0,47.25,45.27,42.68,39.4,40.86,45.65,54.16,68.77,78.06,110.35,101.96,78.06,72.0,68.31,67.2,64.64,75.87,111.8,113.55,89.95,85.62,47.91,72.67,61.35,65.19,55.89,48.22,46.59,46.31,46.54,43.31,50.63,56.1,60.01,57.25,53.3,53.76,47.86,42.7,52.28,52.0,64.6,64.95,61.2,51.99,46.7,44.33,41.57,44.85,38.86,38.25,36.35,34.58,35.38,36.52,38.77,38.23,41.67,43.56,44.0,41.17,35.14,34.2,35.68,44.0,50.1,53.01,51.22,52.65,44.0,50.23,39.53,39.0
53.66,54.92,72.0,65.8,59.99,50.69,52.58,65.05,80.4,200.0,200.63,155.47,150.91,154.31,121.26,114.68,133.14,137.63,125.8,145.0,266.9,124.41,103.72,72.9,73.1,73.0,47.25,45.27,42.68,39.4,40.86,45.65,54.16,68.77,78.06,110.35,101.96,78.06,72.0,68.31,67.2,64.64,75.87,111.8,113.55,89.95,85.62,47.91,72.67,61.35,65.19,55.89,48.22,46.59,46.31,46.54,43.31,50.63,56.1,60.01,57.25,53.3,53.76,47.86,42.7,52.28,52.0,64.6,64.95,61.2,51.99,46.7,44.33,41.57,44.85,38.86,38.25,36.35,34.58,35.38,36.52,38.77,38.23,41.67,43.56,44.0,41.17,35.14,34.2,35.68,44.0,50.1,53.01,51.22,52.65,44.0,50.23,39.53,39.0,38.01
54.92,72.0,65.8,59.99,50.69,52.58,65.05,80.4,200.0,200.63,155.47,150.91,154.31,121.26,114.68,133.14,137.63,125.8,145.0,266.9,124.41,103.72,72.9,73.1,73.0,47.25,45.27,42.68,39.4,40.86,45.65,54.16,68.77,78.06,110.35,101.96,78.06,72.0,68.31,67.2,64.64,75.87,111.8,113.55,89.95,85.62,47.91,72.67,61.35,65.19,55.89,48.22,46.59,46.31,46.54,43.31,50.63,56.1,60.01,57.25,53.3,53.76,47.86,42.7,52.28,52.0,64.6,64.95,61.2,51.99,46.7,44.33,41.57,44.85,38.86,38.25,36.35,34.58,35.38,36.52,38.77,38.23,41.67,43.56,44.0,41.17,35.14,34.2,35.68,44.0,50.1,53.01,51.22,52.65,44.0,50.23,39.53,39.0,38.01,35.23
72.0,65.8,59.99,50.69,52.58,65.05,80.4,200.0,200.63,155.47,150.91,154.31,121.26,114.68,133.14,137.63,125.8,145.0,266.9,124.41,103.72,72.9,73.1,73.0,47.25,45.27,42.68,39.4,40.86,45.65,54.16,68.77,78.06,110.35,101.96,78.06,72.0,68.31,67.2,64.64,75.87,111.8,113.55,89.95,85.62,47.91,72.67,61.35,65.19,55.89,48.22,46.59,46.31,46.54,43.31,50.63,56.1,60.01,57.25,53.3,53.76,47.86,42.7,52.28,52.0,64.6,64.95,61.2,51.99,46.7,44.33,41.57,44.85,38.86,38.25,36.35,34.58,35.38,36.52,38.77,38.23,41.67,43.56,44.0,41.17,35.14,34.2,35.68,44.0,50.1,53.01,51.22,52.65,44.0,50.23,39.53,39.0,38.01,35.23,39.0
65.8,59.99,50.69,52.58,65.05,80.4,200.0,200.63,155.47,150.91,154.31,121.26,114.68,133.14,137.63,125.8,145.0,266.9,124.41,103.72,72.9,73.1,73.0,47.25,45.27,42.68,39.4,40.86,45.65,54.16,68.77,78.06,110.35,101.96,78.06,72.0,68.31,67.2,64.64,75.87,111.8,113.55,89.95,85.62,47.91,72.67,61.35,65.19,55.89,48.22,46.59,46.31,46.54,43.31,50.63,56.1,60.01,57.25,53.3,53.76,47.86,42.7,52.28,52.0,64.6,64.95,61.2,51.99,46.7,44.33,41.57,44.85,38.86,38.25,36.35,34.58,35.38,36.52,38.77,38.23,41.67,43.56,44.0,41.17,35.14,34.2,35.68,44.0,50.1,53.01,51.22,52.65,44.0,50.23,39.53,39.0,38.01,35.23,39.0,38.46
59.99,50.69,52.58,65.05,80.4,200.0,200.63,155.47,150.91,154.31,121.26,114.68,133.14,137.63,125.8,145.0,266.9,124.41,103.72,72.9,73.1,73.0,47.25,45.27,42.68,39.4,40.86,45.65,54.16,68.77,78.06,110.35,101.96,78.06,72.0,68.31,67.2,64.64,75.87,111.8,113.55,89.95,85.62,47.91,72.67,61.35,65.19,55.89,48.22,46.59,46.31,46.54,43.31,50.63,56.1,60.01,57.25,53.3,53.76,47.86,42.7,52.28,52.0,64.6,64.95,61.2,51.99,46.7,44.33,41.57,44.85,38.86,38.25,36.35,34.58,35.38,36.52,38.77,38.23,41.67,43.56,44.0,41.17,35.14,34.2,35.68,44.0,50.1,53.01,51.22,52.65,44.0,50.23,39.53,39.0,38.01,35.23,39.0,38.46,39.0
50.69,52.58,65.05,80.4,200.0,200.63,155.47,150.91,154.31,121.26,114.68,133.14,137.63,125.8,145.0,266.9,124.41,103.72,72.9,73.1,73.0,47.25,45.27,42.68,39.4,40.86,45.65,54.16,68.77,78.06,110.35,101.96,78.06,72.0,68.31,67.2,64.64,75.87,111.8,113.55,89.95,85.62,47.91,72.67,61.35,65.19,55.89,48.22,46.59,46.31,46.54,43.31,50.63,56.1,60.01,57.25,53.3,53.76,47.86,42.7,52.28,52.0,64.6,64.95,61.2,51.99,46.7,44.33,41.57,44.85,38.86,38.25,36.35,34.58,35.38,36.52,38.77,38.23,41.67,43.56,44.0,41.17,35.14,34.2,35.68,44.0,50.1,53.01,51.22,52.65,44.0,50.23,39.53,39.0,38.01,35.23,39.0,38.46,39.0,55.1
52.58,65.05,80.4,200.0,200.63,155.47,150.91,154.31,121.26,114.68,133.14,137.63,125.8,145.0,266.9,124.41,103.72,72.9,73.1,73.0,47.25,45.27,42.68,39.4,40.86,45.65,54.16,68.77,78.06,110.35,101.96,78.06,72.0,68.31,67.2,64.64,75.87,111.8,113.55,89.95,85.62,47.91,72.67,61.35,65.19,55.89,48.22,46.59,46.31,46.54,43.31,50.63,56.1,60.01,57.25,53.3,53.76,47.86,42.7,52.28,52.0,64.6,64.95,61.2,51.99,46.7,44.33,41.57,44.85,38.86,38.25,36.35,34.58,35.38,36.52,38.77,38.23,41.67,43.56,44.0,41.17,35.14,34.2,35.68,44.0,50.1,53.01,51.22,52.65,44.0,50.23,39.53,39.0,38.01,35.23,39.0,38.46,39.0,55.1,66.02
65.05,80.4,200.0,200.63,155.47,150.91,154.31,121.26,114.68,133.14,137.63,125.8,145.0,266.9,124.41,103.72,72.9,73.1,73.0,47.25,45.27,42.68,39.4,40.86,45.65,54.16,68.77,78.06,110.35,101.96,78.06,72.0,68.31,67.2,64.64,75.87,111.8,113.55,89.95,85.62,47.91,72.67,61.35,65.19,55.89,48.22,46.59,46.31,46.54,43.31,50.63,56.1,60.01,57.25,53.3,53.76,47.86,42.7,52.28,52.0,64.6,64.95,61.2,51.99,46.7,44.33,41.57,44.85,38.86,38.25,36.35,34.58,35.38,36.52,38.77,38.23,41.67,43.56,44.0,41.17,35.14,34.2,35.68,44.0,50.1,53.01,51.22,52.65,44.0,50.23,39.53,39.0,38.01,35.23,39.0,38.46,39.0,55.1,66.02,77.78
80.4,200.0,200.63,155.47,150.91,154.31,121.26,114.68,133.14,137.63,125.8,145.0,266.9,124.41,103.72,72.9,73.1,73.0,47.25,45.27,42.68,39.4,40.86,45.65,54.16,68.77,78.06,110.35,101.96,78.06,72.0,68.31,67.2,64.64,75.87,111.8,113.55,89.95,85.62,47.91,72.67,61.35,65.19,55.89,48.22,46.59,46.31,46.54,43.31,50.63,56.1,60.01,57.25,53.3,53.76,47.86,42.7,52.28,52.0,64.6,64.95,61.2,51.99,46.7,44.33,41.57,44.85,38.86,38.25,36.35,34.58,35.38,36.52,38.77,38.23,41.67,43.56,44.0,41.17,35.14,34.2,35.68,44.0,50.1,53.01,51.22,52.65,44.0,50.23,39.53,39.0,38.01,35.23,39.0,38.46,39.0,55.1,66.02,77.78,80.0
200.0,200.63,155.47,150.91,154.31,121.26,114.68,133.14,137.63,125.8,145.0,266.9,124.41,103.72,72.9,73.1,73.0,47.25,45.27,42.68,39.4,40.86,45.65,54.16,68.77,78.06,110.35,101.96,78.06,72.0,68.31,67.2,64.64,75.87,111.8,113.55,89.95,85.62,47.91,72.67,61.35,65.19,55.89,48.22,46.59,46.31,46.54,43.31,50.63,56.1,60.01,57.25,53.3,53.76,47.86,42.7,52.28,52.0,64.6,64.95,61.2,51.99,46.7,44.33,41.57,44.85,38.86,38.25,36.35,34.58,35.38,36.52,38.77,38.23,41.67,43.56,44.0,41.17,35.14,34.2,35.68,44.0,50.1,53.01,51.22,52.65,44.0,50.23,39.53,39.0,38.01,35.23,39.0,38.46,39.0,55.1,66.02,77.78,80.0,75.0
200.63,155.47,150.91,154.31,121.26,114.68,133.14,137.63,125.8,145.0,266.9,124.41,103.72,72.9,73.1,73.0,47.25,45.27,42.68,39.4,40.86,45.65,54.16,68.77,78.06,110.35,101.96,78.06,72.0,68.31,67.2,64.64,75.87,111.8,113.55,89.95,85.62,47.91,72.67,61.35,65.19,55.89,48.22,46.59,46.31,46.54,43.31,50.63,56.1,60.01,57.25,53.3,53.76,47.86,42.7,52.28,52.0,64.6,64.95,61.2,51.99,46.7,44.33,41.57,44.85,38.86,38.25,36.35,34.58,35.38,36.52,38.77,38.23,41.67,43.56,44.0,41.17,35.14,34.2,35.68,44.0,50.1,53.01,51.22,52.65,44.0,50.23,39.53,39.0,38.01,35.23,39.0,38.46,39.0,55.1,66.02,77.78,80.0,75.0,64.19
155.47,150.91,154.31,121.26,114.68,133.14,137.63,125.8,145.0,266.9,124.41,103.72,72.9,73.1,73.0,47.25,45.27,42.68,39.4,40.86,45.65,54.16,68.77,78.06,110.35,101.96,78.06,72.0,68.31,67.2,64.64,75.87,111.8,113.55,89.95,85.62,47.91,72.67,61.35,65.19,55.89,48.22,46.59,46.31,46.54,43.31,50.63,56.1,60.01,57.25,53.3,53.76,47.86,42.7,52.28,52.0,64.6,64.95,61.2,51.99,46.7,44.33,41.57,44.85,38.86,38.25,36.35,34.58,35.38,36.52,38.77,38.23,41.67,43.56,44.0,41.17,35.14,34.2,35.68,44.0,50.1,53.01,51.22,52.65,44.0,50.23,39.53,39.0,38.01,35.23,39.0,38.46,39.0,55.1,66.02,77.78,80.0,75.0,64.19,65.02
150.91,154.31,121.26,114.68,133.14,137.63,125.8,145.0,266.9,124.41,103.72,72.9,73.1,73.0,47.25,45.27,42.68,39.4,40.86,45.65,54.16,68.77,78.06,110.35,101.96,78.06,72.0,68.31,67.2,64.64,75.87,111.8,113.55,89.95,85.62,47.91,72.67,61.35,65.19,55.89,48.22,46.59,46.31,46.54,43.31,50.63,56.1,60.01,57.25,53.3,53.76,47.86,42.7,52.28,52.0,64.6,64.95,61.2,51.99,46.7,44.33,41.57,44.85,38.86,38.25,36.35,34.58,35.38,36.52,38.77,38.23,41.67,43.56,44.0,41.17,35.14,34.2,35.68,44.0,50.1,53.01,51.22,52.65,44.0,50.23,39.53,39.0,38.01,35.23,39.0,38.46,39.0,55.1,66.02,77.78,80.0,75.0,64.19,65.02,71.37
154.31,121.26,114.68,133.14,137.63,125.8,145.0,266.9,124.41,103.72,72.9,73.1,73.0,47.25,45.27,42.68,39.4,40.86,45.65,54.16,68.77,78.06,110.35,101.96,78.06,72.0,68.31,67.2,64.64,75.87,111.8,113.55,89.95,85.62,47.91,72.67,61.35,65.19,55.89,48.22,46.59,46.31,46.54,43.31,50.63,56.1,60.01,57.25,53.3,53.76,47.86,42.7,52.28,52.0,64.6,64.95,61.2,51.99,46.7,44.33,41.57,44.85,38.86,38.25,36.35,34.58,35.38,36.52,38.77,38.23,41.67,43.56,44.0,41.17,35.14,34.2,35.68,44.0,50.1,53.01,51.22,52.65,44.0,50.23,39.53,39.0,38.01,35.23,39.0,38.46,39.0,55.1,66.02,77.78,80.0,75.0,64.19,65.02,71.37,64.97
121.26,114.68,133.14,137.63,125.8,145.0,266.9,124.41,103.72,72.9,73.1,73.0,47.25,45.27,42.68,39.4,40.86,45.65,54.16,68.77,78.06,110.35,101.96,78.06,72.0,68.31,67.2,64.64,75.87,111.8,113.55,89.95,85.62,47.91,72.67,61.35,65.19,55.89,48.22,46.59,46.31,46.54,43.31,50.63,56.1,60.01,57.25,53.3,53.76,47.86,42.7,52.28,52.0,64.6,64.95,61.2,51.99,46.7,44.33,41.57,44.85,38.86,38.25,36.35,34.58,35.38,36.52,38.77,38.23,41.67,43.56,44.0,41.17,35.14,34.2,35.68,44.0,50.1,53.01,51.22,52.65,44.0,50.23,39.53,39.0,38.01,35.23,39.0,38.46,39.0,55.1,66.02,77.78,80.0,75.0,64.19,65.02,71.37,64.97,66.0
114.68,133.14,137.63,125.8,145.0,266.9,124.41,103.72,72.9,73.1,73.0,47.25,45.27,42.68,39.4,40.86,45.65,54.16,68.77,78.06,110.35,101.96,78.06,72.0,68.31,67.2,64.64,75.87,111.8,113.55,89.95,85.62,47.91,72.67,61.35,65.19,55.89,48.22,46.59,46.31,46.54,43.31,50.63,56.1,60.01,57.25,53.3,53.76,47.86,42.7,52.28,52.0,64.6,64.95,61.2,51.99,46.7,44.33,41.57,44.85,38.86,38.25,36.35,34.58,35.38,36.52,38.77,38.23,41.67,43.56,44.0,41.17,35.14,34.2,35.68,44.0,50.1,53.01,51.22,52.65,44.0,50.23,39.53,39.0,38.01,35.23,39.0,38.46,39.0,55.1,66.02,77.78,80.0,75.0,64.19,65.02,71.37,64.97,66.0,67.63
133.14,137.63,125.8,145.0,266.9,124.41,103.72,72.9,73.1,73.0,47.25,45.27,42.68,39.4,40.86,45.65,54.16,68.77,78.06,110.35,101.96,78.06,72.0,68.31,67.2,64.64,75.87,111.8,113.55,89.95,85.62,47.91,72.67,61.35,65.19,55.89,48.22,46.59,46.31,46.54,43.31,50.63,56.1,60.01,57.25,53.3,53.76,47.86,42.7,52.28,52.0,64.6,64.95,61.2,51.99,46.7,44.33,41.57,44.85,38.86,38.25,36.35,34.58,35.38,36.52,38.77,38.23,41.67,43.56,44.0,41.17,35.14,34.2,35.68,44.0,50.1,53.01,51.22,52.65,44.0,50.23,39.53,39.0,38.01,35.23,39.0,38.46,39.0,55.1,66.02,77.78,80.0,75.0,64.19,65.02,71.37,64.97,66.0,67.63,81.97
137.63,125.8,145.0,266.9,124.41,103.72,72.9,73.1,73.0,47.25,45.27,42.68,39.4,40.86,45.65,54.16,68.77,78.06,110.35,101.96,78.06,72.0,68.31,67.2,64.64,75.87,111.8,113.55,89.95,85.62,47.91,72.67,61.35,65.19,55.89,48.22,46.59,46.31,46.54,43.31,50.63,56.1,60.01,57.25,53.3,53.76,47.86,42.7,52.28,52.0,64.6,64.95,61.2,51.99,46.7,44.33,41.57,44.85,38.86,38.25,36.35,34.58,35.38,36.52,38.77,38.23,41.67,43.56,44.0,41.17,35.14,34.2,35.68,44.0,50.1,53.01,51.22,52.65,44.0,50.23,39.53,39.0,38.01,35.23,39.0,38.46,39.0,55.1,66.02,77.78,80.0,75.0,64.19,65.02,71.37,64.97,66.0,67.63,81.97,84.5
125.8,145.0,266.9,124.41,103.72,72.9,73.1,73.0,47.25,45.27,42.68,39.4,40.86,45.65,54.16,68.77,78.06,110.35,101.96,78.06,72.0,68.31,67.2,64.64,75.87,111.8,113.55,89.95,85.62,47.91,72.67,61.35,65.19,55.89,48.22,46.59,46.31,46.54,43.31,50.63,56.1,60.01,57.25,53.3,53.76,47.86,42.7,52.28,52.0,64.6,64.95,61.2,51.99,46.7,44.33,41.57,44.85,38.86,38.25,36.35,34.58,35.38,36.52,38.77,38.23,41.67,43.56,44.0,41.17,35.14,34.2,35.68,44.0,50.1,53.01,51.22,52.65,44.0,50.23,39.53,39.0,38.01,35.23,39.0,38.46,39.0,55.1,66.02,77.78,80.0,75.0,64.19,65.02,71.37,64.97,66.0,67.63,81.97,84.5,81.08
145.0,266.9,124.41,103.72,72.9,73.1,73.0,47.25,45.27,42.68,39.4,40.86,45.65,54.16,68.77,78.06,110.35,101.96,78.06,72.0,68.31,67.2,64.64,75.87,111.8,113.55,89.95,85.62,47.91,72.67,61.35,65.19,55.89,48.22,46.59,46.31,46.54,43.31,50.63,56.1,60.01,57.25,53.3,53.76,47.86,42.7,52.28,52.0,64.6,64.95,61.2,51.99,46.7,44.33,41.57,44.85,38.86,38.25,36.35,34.58,35.38,36.52,38.77,38.23,41.67,43.56,44.0,41.17,35.14,34.2,35.68,44.0,50.1,53.01,51.22,52.65,44.0,50.23,39.53,39.0,38.01,35.23,39.0,38.46,39.0,55.1,66.02,77.78,80.0,75.0,64.19,65.02,71.37,64.97,66.0,67.63,81.97,84.5,81.08,70.15
266.9,124.41,103.72,72.9,73.1,73.0,47.25,45.27,42.68,39.4,40.86,45.65,54.16,68.77,78.06,110.35,101.96,78.06,72.0,68.31,67.2,64.64,75.87,111.8,113.55,89.95,85.62,47.91,72.67,61.35,65.19,55.89,48.22,46.59,46.31,46.54,43.31,50.63,56.1,60.01,57.25,53.3,53.76,47.86,42.7,52.28,52.0,64.6,64.95,61.2,51.99,46.7,44.33,41.57,44.85,38.86,38.25,36.35,34.58,35.38,36.52,38.77,38.23,41.67,43.56,44.0,41.17,35.14,34.2,35.68,44.0,50.1,53.01,51.22,52.65,44.0,50.23,39.53,39.0,38.01,35.23,39.0,38.46,39.0,55.1,66.02,77.78,80.0,75.0,64.19,65.02,71.37,64.97,66.0,67.63,81.97,84.5,81.08,70.15,62.51
124.41,103.72,72.9,73.1,73.0,47.25,45.27,42.68,39.4,40.86,45.65,54.16,68.77,78.06,110.35,101.96,78.06,72.0,68.31,67.2,64.64,75.87,111.8,113.55,89.95,85.62,47.91,72.67,61.35,65.19,55.89,48.22,46.59,46.31,46.54,43.31,50.63,56.1,60.01,57.25,53.3,53.76,47.86,42.7,52.28,52.0,64.6,64.95,61.2,51.99,46.7,44.33,41.57,44.85,38.86,38.25,36.35,34.58,35.38,36.52,38.77,38.23,41.67,43.56,44.0,41.17,35.14,34.2,35.68,44.0,50.1,53.01,51.22,52.65,44.0,50.23,39.53,39.0,38.01,35.23,39.0,38.46,39.0,55.1,66.02,77.78,80.0,75.0,64.19,65.02,71.37,64.97,66.0,67.63,81.97,84.5,81.08,70.15,62.51,63.69
103.72,72.9,73.1,73.0,47.25,45.27,42.68,39.4,40.86,45.65,54.16,68.77,78.06,110.35,101.96,78.06,72.0,68.31,67.2,64.64,75.87,111.8,113.55,89.95,85.62,47.91,72.67,61.35,65.19,55.89,48.22,46.59,46.31,46.54,43.31,50.63,56.1,60.01,57.25,53.3,53.76,47.86,42.7,52.28,52.0,64.6,64.95,61.2,51.99,46.7,44.33,41.57,44.85,38.86,38.25,36.35,34.58,35.38,36.52,38.77,38.23,41.67,43.56,44.0,41.17,35.14,34.2,35.68,44.0,50.1,53.01,51.22,52.65,44.0,50.23,39.53,39.0,38.01,35.23,39.0,38.46,39.0,55.1,66.02,77.78,80.0,75.0,64.19,65.02,71.37,64.97,66.0,67.63,81.97,84.5,81.08,70.15,62.51,63.69,62.1
72.9,73.1,73.0,47.25,45.27,42.68,39.4,40.86,45.65,54.16,68.77,78.06,110.35,101.96,78.06,72.0,68.31,67.2,64.64,75.87,111.8,113.55,89.95,85.62,47.91,72.67,61.35,65.19,55.89,48.22,46.59,46.31,46.54,43.31,50.63,56.1,60.01,57.25,53.3,53.76,47.86,42.7,52.28,52.0,64.6,64.95,61.2,51.99,46.7,44.33,41.57,44.85,38.86,38.25,36.35,34.58,35.38,36.52,38.77,38.23,41.67,43.56,44.0,41.17,35.14,34.2,35.68,44.0,50.1,53.01,51.22,52.65,44.0,50.23,39.53,39.0,38.01,35.23,39.0,38.46,39.0,55.1,66.02,77.78,80.0,75.0,64.19,65.02,71.37,64.97,66.0,67.63,81.97,84.5,81.08,70.15,62.51,63.69,62.1,60.63
73.1,73.0,47.25,45.27,42.68,39.4,40.86,45.65,54.16,68.77,78.06,110.35,101.96,78.06,72.0,68.31,67.2,64.64,75.87,111.8,113.55,89.95,85.62,47.91,72.67,61.35,65.19,55.89,48.22,46.59,46.31,46.54,43.31,50.63,56.1,60.01,57.25,53.3,53.76,47.86,42.7,52.28,52.0,64.6,64.95,61.2,51.99,46.7,44.33,41.57,44.85,38.86,38.25,36.35,34.58,35.38,36.52,38.77,38.23,41.67,43.56,44.0,41.17,35.14,34.2,35.68,44.0,50.1,53.01,51.22,52.65,44.0,50.23,39.53,39.0,38.01,35.23,39.0,38.46,39.0,55.1,66.02,77.78,80.0,75.0,64.19,65.02,71.37,64.97,66.0,67.63,81.97,84.5,81.08,70.15,62.51,63.69,62.1,60.63,50.74
73.0,47.25,45.27,42.68,39.4,40.86,45.65,54.16,68.77,78.06,110.35,101.96,78.06,72.0,68.31,67.2,64.64,75.87,111.8,113.55,89.95,85.62,47.91,72.67,61.35,65.19,55.89,48.22,46.59,46.31,46.54,43.31,50.63,56.1,60.01,57.25,53.3,53.76,47.86,42.7,52.28,52.0,64.6,64.95,61.2,51.99,46.7,44.33,41.57,44.85,38.86,38.25,36.35,34.58,35.38,36.52,38.77,38.23,41.67,43.56,44.0,41.17,35.14,34.2,35.68,44.0,50.1,53.01,51.22,52.65,44.0,50.23,39.53,39.0,38.01,35.23,39.0,38.46,39.0,55.1,66.02,77.78,80.0,75.0,64.19,65.02,71.37,64.97,66.0,67.63,81.97,84.5,81.08,70.15,62.51,63.69,62.1,60.63,50.74,52.1
47.25,45.27,42.68,39.4,40.86,45.65,54.16,68.77,78.06,110.35,101.96,78.06,72.0,68.31,67.2,64.64,75.87,111.8,113.55,89.95,85.62,47.91,72.67,61.35,65.19,55.89,48.22,46.59,46.31,46.54,43.31,50.63,56.1,60.01,57.25,53.3,53.76,47.86,42.7,52.28,52.0,64.6,64.95,61.2,51.99,46.7,44.33,41.57,44.85,38.86,38.25,36.35,34.58,35.38,36.52,38.77,38.23,41.67,43.56,44.0,41.17,35.14,34.2,35.68,44.0,50.1,53.01,51.22,52.65,44.0,50.23,39.53,39.0,38.01,35.23,39.0,38.46,39.0,55.1,66.02,77.78,80.0,75.0,64.19,65.02,71.37,64.97,66.0,67.63,81.97,84.5,81.08,70.15,62.51,63.69,62.1,60.63,50.74,52.1,49.73
45.27,42.68,39.4,40.86,45.65,54.16,68.77,78.06,110.35,101.96,78.06,72.0,68.31,67.2,64.64,75.87,111.8,113.55,89.95,85.62,47.91,72.67,61.35,65.19,55.89,48.22,46.59,46.31,46.54,43.31,50.63,56.1,60.01,57.25,53.3,53.76,47.86,42.7,52.28,52.0,64.6,64.95,61.2,51.99,46.7,44.33,41.57,44.85,38.86,38.25,36.35,34.58,35.38,36.52,38.77,38.23,41.67,43.56,44.0,41.17,35.14,34.2,35.68,44.0,50.1,53.01,51.22,52.65,44.0,50.23,39.53,39.0,38.01,35.23,39.0,38.46,39.0,55.1,66.02,77.78,80.0,75.0,64.19,65.02,71.37,64.97,66.0,67.63,81.97,84.5,81.08,70.15,62.51,63.69,62.1,60.63,50.74,52.1,49.73,48.19
42.68,39.4,40.86,45.65,54.16,68.77,78.06,110.35,101.96,78.06,72.0,68.31,67.2,64.64,75.87,111.8,113.55,89.95,85.62,47.91,72.67,61.35,65.19,55.89,48.22,46.59,46.31,46.54,43.31,50.63,56.1,60.01,57.25,53.3,53.76,47.86,42.7,52.28,52.0,64.6,64.95,61.2,51.99,46.7,44.33,41.57,44.85,38.86,38.25,36.35,34.58,35.38,36.52,38.77,38.23,41.67,43.56,44.0,41.17,35.14,34.2,35.68,44.0,50.1,53.01,51.22,52.65,44.0,50.23,39.53,39.0,38.01,35.23,39.0,38.46,39.0,55.1,66.02,77.78,80.0,75.0,64.19,65.02,71.37,64.97,66.0,67.63,81.97,84.5,81.08,70.15,62.51,63.69,62.1,60.63,50.74,52.1,49.73,48.19,54.14
39.4,40.86,45.65,54.16,68.77,78.06,110.35,101.96,78.06,72.0,68.31,67.2,64.64,75.87,111.8,113.55,89.95,85.62,47.91,72.67,61.35,65.19,55.89,48.22,46.59,46.31,46.54,43.31,50.63,56.1,60.01,57.25,53.3,53.76,47.86,42.7,52.28,52.0,64.6,64.95,61.2,51.99,46.7,44.33,41.57,44.85,38.86,38.25,36.35,34.58,35.38,36.52,38.77,38.23,41.67,43.56,44.0,41.17,35.14,34.2,35.68,44.0,50.1,53.01,51.22,52.65,44.0,50.23,39.53,39.0,38.01,35.23,39.0,38.46,39.0,55.1,66.02,77.78,80.0,75.0,64.19,65.02,71.37,64.97,66.0,67.63,81.97,84.5,81.08,70.15,62.51,63.69,62.1,60.63,50.74,52.1,49.73,48.19,54.14,70.77
40.86,45.65,54.16,68.77,78.06,110.35,101.96,78.06,72.0,68.31,67.2,64.64,75.87,111.8,113.55,89.95,85.62,47.91,72.67,61.35,65.19,55.89,48.22,46.59,46.31,46.54,43.31,50.63,56.1,60.01,57.25,53.3,53.76,47.86,42.7,52.28,52.0,64.6,64.95,61.2,51.99,46.7,44.33,41.57,44.85,38.86,38.25,36.35,34.58,35.38,36.52,38.77,38.23,41.67,43.56,44.0,41.17,35.14,34.2,35.68,44.0,50.1,53.01,51.22,52.65,44.0,50.23,39.53,39.0,38.01,35.23,39.0,38.46,39.0,55.1,66.02,77.78,80.0,75.0,64.19,65.02,71.37,64.97,66.0,67.63,81.97,84.5,81.08,70.15,62.51,63.69,62.1,60.63,50.74,52.1,49.73,48.19,54.14,70.77,80.0
45.65,54.16,68.77,78.06,110.35,101.96,78.06,72.0,68.31,67.2,64.64,75.87,111.8,113.55,89.95,85.62,47.91,72.67,61.35,65.19,55.89,48.22,46.59,46.31,46.54,43.31,50.63,56.1,60.01,57.25,53.3,53.76,47.86,42.7,52.28,52.0,64.6,64.95,61.2,51.99,46.7,44.33,41.57,44.85,38.86,38.25,36.35,34.58,35.38,36.52,38.77,38.23,41.67,43.56,44.0,41.17,35.14,34.2,35.68,44.0,50.1,53.01,51.22,52.65,44.0,50.23,39.53,39.0,38.01,35.23,39.0,38.46,39.0,55.1,66.02,77.78,80.0,75.0,64.19,65.02,71.37,64.97,66.0,67.63,81.97,84.5,81.08,70.15,62.51,63.69,62.1,60.63,50.74,52.1,49.73,48.19,54.14,70.77,80.0,80.09
54.16,68.77,78.06,110.35,101.96,78.06,72.0,68.31,67.2,64.64,75.87,111.8,113.55,89.95,85.62,47.91,72.67,61.35,65.19,55.89,48.22,46.59,46.31,46.54,43.31,50.63,56.1,60.01,57.25,53.3,53.76,47.86,42.7,52.28,52.0,64.6,64.95,61.2,51.99,46.7,44.33,41.57,44.85,38.86,38.25,36.35,34.58,35.38,36.52,38.77,38.23,41.67,43.56,44.0,41.17,35.14,34.2,35.68,44.0,50.1,53.01,51.22,52.65,44.0,50.23,39.53,39.0,38.01,35.23,39.0,38.46,39.0,55.1,66.02,77.78,80.0,75.0,64.19,65.02,71.37,64.97,66.0,67.63,81.97,84.5,81.08,70.15,62.51,63.69,62.1,60.63,50.74,52.1,49.73,48.19,54.14,70.77,80.0,80.09,76.0
68.77,78.06,110.35,101.96,78.06,72.0,68.31,67.2,64.64,75.87,111.8,113.55,89.95,85.62,47.91,72.67,61.35,65.19,55.89,48.22,46.59,46.31,46.54,43.31,50.63,56.1,60.01,57.25,53.3,53.76,47.86,42.7,52.28,52.0,64.6,64.95,61.2,51.99,46.7,44.33,41.57,44.85,38.86,38.25,36.35,34.58,35.38,36.52,38.77,38.23,41.67,43.56,44.0,41.17,35.14,34.2,35.68,44.0,50.1,53.01,51.22,52.65,44.0,50.23,39.53,39.0,38.01,35.23,39.0,38.46,39.0,55.1,66.02,77.78,80.0,75.0,64.19,65.02,71.37,64.97,66.0,67.63,81.97,84.5,81.08,70.15,62.51,63.69,62.1,60.63,50.74,52.1,49.73,48.19,54.14,70.77,80.0,80.09,76.0,70.29
78.06,110.35,101.96,78.06,72.0,68.31,67.2,64.64,75.87,111.8,113.55,89.95,85.62,47.91,72.67,61.35,65.19,55.89,48.22,46.59,46.31,46.54,43.31,50.63,56.1,60.01,57.25,53.3,53.76,47.86,42.7,52.28,52.0,64.6,64.95,61.2,51.99,46.7,44.33,41.57,44.85,38.86,38.25,36.35,34.58,35.38,36.52,38.77,38.23,41.67,43.56,44.0,41.17,35.14,34.2,35.68,44.0,50.1,53.01,51.22,52.65,44.0,50.23,39.53,39.0,38.01,35.23,39.0,38.46,39.0,55.1,66.02,77.78,80.0,75.0,64.19,65.02,71.37,64.97,66.0,67.63,81.97,84.5,81.08,70.15,62.51,63.69,62.1,60.63,50.74,52.1,49.73,48.19,54.14,70.77,80.0,80.09,76.0,70.29,69.0
110.35,101.96,78.06,72.0,68.31,67.2,64.64,75.87,111.8,113.55,89.95,85.62,47.91,72.67,61.35,65.19,55.89,48.22,46.59,46.31,46.54,43.31,50.63,56.1,60.01,57.25,53.3,53.76,47.86,42.7,52.28,52.0,64.6,64.95,61.2,51.99,46.7,44.33,41.57,44.85,38.86,38.25,36.35,34.58,35.38,36.52,38.77,38.23,41.67,43.56,44.0,41.17,35.14,34.2,35.68,44.0,50.1,53.01,51.22,52.65,44.0,50.23,39.53,39.0,38.01,35.23,39.0,38.46,39.0,55.1,66.02,77.78,80.0,75.0,64.19,65.02,71.37,64.97,66.0,67.63,81.97,84.5,81.08,70.15,62.51,63.69,62.1,60.63,50.74,52.1,49.73,48.19,54.14,70.77,80.0,80.09,76.0,70.29,69.0,65.61
101.96,78.06,72.0,68.31,67.2,64.64,75.87,111.8,113.55,89.95,85.62,47.91,72.67,61.35,65.19,55.89,48.22,46.59,46.31,46.54,43.31,50.63,56.1,60.01,57.25,53.3,53.76,47.86,42.7,52.28,52.0,64.6,64.95,61.2,51.99,46.7,44.33,41.57,44.85,38.86,38.25,36.35,34.58,35.38,36.52,38.77,38.23,41.67,43.56,44.0,41.17,35.14,34.2,35.68,44.0,50.1,53.01,51.22,52.65,44.0,50.23,39.53,39.0,38.01,35.23,39.0,38.46,39.0,55.1,66.02,77.78,80.0,75.0,64.19,65.02,71.37,64.97,66.0,67.63,81.97,84.5,81.08,70.15,62.51,63.69,62.1,60.63,50.74,52.1,49.73,48.19,54.14,70.77,80.0,80.09,76.0,70.29,69.0,65.61,65.42
78.06,72.0,68.31,67.2,64.64,75.87,111.8,113.55,89.95,85.62,47.91,72.67,61.35,65.19,55.89,48.22,46.59,46.31,46.54,43.31,50.63,56.1,60.01,57.25,53.3,53.76,47.86,42.7,52.28,52.0,64.6,64.95,61.2,51.99,46.7,44.33,41.57,44.85,38.86,38.25,36.35,34.58,35.38,36.52,38.77,38.23,41.67,43.56,44.0,41.17,35.14,34.2,35.68,44.0,50.1,53.01,51.22,52.65,44.0,50.23,39.53,39.0,38.01,35.23,39.0,38.46,39.0,55.1,66.02,77.78,80.0,75.0,64.19,65.02,71.37,64.97,66.0,67.63,81.97,84.5,81.08,70.15,62.51,63.69,62.1,60.63,50.74,52.1,49.73,48.19,54.14,70.77,80.0,80.09,76.0,70.29,69.0,65.61,65.42,67.48
72.0,68.31,67.2,64.64,75.87,111.8,113.55,89.95,85.62,47.91,72.67,61.35,65.19,55.89,48.22,46.59,46.31,46.54,43.31,50.63,56.1,60.01,57.25,53.3,53.76,47.86,42.7,52.28,52.0,64.6,64.95,61.2,51.99,46.7,44.33,41.57,44.85,38.86,38.25,36.35,34.58,35.38,36.52,38.77,38.23,41.67,43.56,44.0,41.17,35.14,34.2,35.68,44.0,50.1,53.01,51.22,52.65,44.0,50.23,39.53,39.0,38.01,35.23,39.0,38.46,39.0,55.1,66.02,77.78,80.0,75.0,64.19,65.02,71.37,64.97,66.0,67.63,81.97,84.5,81.08,70.15,62.51,63.69,62.1,60.63,50.74,52.1,49.73,48.19,54.14,70.77,80.0,80.09,76.0,70.29,69.0,65.61,65.42,67.48,67.53
68.31,67.2,64.64,75.87,111.8,113.55,89.95,85.62,47.91,72.67,61.35,65.19,55.89,48.22,46.59,46.31,46.54,43.31,50.63,56.1,60.01,57.25,53.3,53.76,47.86,42.7,52.28,52.0,64.6,64.95,61.2,51.99,46.7,44.33,41.57,44.85,38.86,38.25,36.35,34.58,35.38,36.52,38.77,38.23,41.67,43.56,44.0,41.17,35.14,34.2,35.68,44.0,50.1,53.01,51.22,52.65,44.0,50.23,39.53,39.0,38.01,35.23,39.0,38.46,39.0,55.1,66.02,77.78,80.0,75.0,64.19,65.02,71.37,64.97,66.0,67.63,81.97,84.5,81.08,70.15,62.51,63.69,62.1,60.63,50.74,52.1,49.73,48.19,54.14,70.77,80.0,80.09,76.0,70.29,69.0,65.61,65.42,67.48,67.53,72.97
67.2,64.64,75.87,111.8,113.55,89.95,85.62,47.91,72.67,61.35,65.19,55.89,48.22,46.59,46.31,46.54,43.31,50.63,56.1,60.01,57.25,53.3,53.76,47.86,42.7,52.28,52.0,64.6,64.95,61.2,51.99,46.7,44.33,41.57,44.85,38.86,38.25,36.35,34.58,35.38,36.52,38.77,38.23,41.67,43.56,44.0,41.17,35.14,34.2,35.68,44.0,50.1,53.01,51.22,52.65,44.0,50.23,39.53,39.0,38.01,35.23,39.0,38.46,39.0,55.1,66.02,77.78,80.0,75.0,64.19,65.02,71.37,64.97,66.0,67.63,81.97,84.5,81.08,70.15,62.51,63.69,62.1,60.63,50.74,52.1,49.73,48.19,54.14,70.77,80.0,80.09,76.0,70.29,69.0,65.61,65.42,67.48,67.53,72.97,89.25
64.64,75.87,111.8,113.55,89.95,85.62,47.91,72.67,61.35,65.19,55.89,48.22,46.59,46.31,46.54,43.31,50.63,56.1,60.01,57.25,53.3,53.76,47.86,42.7,52.28,52.0,64.6,64.95,61.2,51.99,46.7,44.33,41.57,44.85,38.86,38.25,36.35,34.58,35.38,36.52,38.77,38.23,41.67,43.56,44.0,41.17,35.14,34.2,35.68,44.0,50.1,53.01,51.22,52.65,44.0,50.23,39.53,39.0,38.01,35.23,39.0,38.46,39.0,55.1,66.02,77.78,80.0,75.0,64.19,65.02,71.37,64.97,66.0,67.63,81.97,84.5,81.08,70.15,62.51,63.69,62.1,60.63,50.74,52.1,49.73,48.19,54.14,70.77,80.0,80.09,76.0,70.29,69.0,65.61,65.42,67.48,67.53,72.97,89.25,82.71
75.87,111.8,113.55,89.95,85.62,47.91,72.67,61.35,65.19,55.89,48.22,46.59,46.31,46.54,43.31,50.63,56.1,60.01,57.25,53.3,53.76,47.86,42.7,52.28,52.0,64.6,64.95,61.2,51.99,46.7,44.33,41.57,44.85,38.86,38.25,36.35,34.58,35.38,36.52,38.77,38.23,41.67,43.56,44.0,41.17,35.14,34.2,35.68,44.0,50.1,53.01,51.22,52.65,44.0,50.23,39.53,39.0,38.01,35.23,39.0,38.46,39.0,55.1,66.02,77.78,80.0,75.0,64.19,65.02,71.37,64.97,66.0,67.63,81.97,84.5,81.08,70.15,62.51,63.69,62.1,60.63,50.74,52.1,49.73,48.19,54.14,70.77,80.0,80.09,76.0,70.29,69.0,65.61,65.42,67.48,67.53,72.97,89.25,82.71,75.84
111.8,113.55,89.95,85.62,47.91,72.67,61.35,65.19,55.89,48.22,46.59,46.31,46.54,43.31,50.63,56.1,60.01,57.25,53.3,53.76,47.86,42.7,52.28,52.0,64.6,64.95,61.2,51.99,46.7,44.33,41.57,44.85,38.86,38.25,36.35,34.58,35.38,36.52,38.77,38.23,41.67,43.56,44.0,41.17,35.14,34.2,35.68,44.0,50.1,53.01,51.22,52.65,44.0,50.23,39.53,39.0,38.01,35.23,39.0,38.46,39.0,55.1,66.02,77.78,80.0,75.0,64.19,65.02,71.37,64.97,66.0,67.63,81.97,84.5,81.08,70.15,62.51,63.69,62.1,60.63,50.74,52.1,49.73,48.19,54.14,70.77,80.0,80.09,76.0,70.29,69.0,65.61,65.42,67.48,67.53,72.97,89.25,82.71,75.84,70.21
113.55,89.95,85.62,47.91,72.67,61.35,65.19,55.89,48.22,46.59,46.31,46.54,43.31,50.63,56.1,60.01,57.25,53.3,53.76,47.86,42.7,52.28,52.0,64.6,64.95,61.2,51.99,46.7,44.33,41.57,44.85,38.86,38.25,36.35,34.58,35.38,36.52,38.77,38.23,41.67,43.56,44.0,41.17,35.14,34.2,35.68,44.0,50.1,53.01,51.22,52.65,44.0,50.23,39.53,39.0,38.01,35.23,39.0,38.46,39.0,55.1,66.02,77.78,80.0,75.0,64.19,65.02,71.37,64.97,66.0,67.63,81.97,84.5,81.08,70.15,62.51,63.69,62.1,60.63,50.74,52.1,49.73,48.19,54.14,70.77,80.0,80.09,76.0,70.29,69.0,65.61,65.42,67.48,67.53,72.97,89.25,82.71,75.84,70.21,66.0
89.95,85.62,47.91,72.67,61.35,65.19,55.89,48.22,46.59,46.31,46.54,43.31,50.63,56.1,60.01,57.25,53.3,53.76,47.86,42.7,52.28,52.0,64.6,64.95,61.2,51.99,46.7,44.33,41.57,44.85,38.86,38.25,36.35,34.58,35.38,36.52,38.77,38.23,41.67,43.56,44.0,41.17,35.14,34.2,35.68,44.0,50.1,53.01,51.22,52.65,44.0,50.23,39.53,39.0,38.01,35.23,39.0,38.46,39.0,55.1,66.02,77.78,80.0,75.0,64.19,65.02,71.37,64.97,66.0,67.63,81.97,84.5,81.08,70.15,62.51,63.69,62.1,60.63,50.74,52.1,49.73,48.19,54.14,70.77,80.0,80.09,76.0,70.29,69.0,65.61,65.42,67.48,67.53,72.97,89.25,82.71,75.84,70.21,66.0,65.26
85.62,47.91,72.67,61.35,65.19,55.89,48.22,46.59,46.31,46.54,43.31,50.63,56.1,60.01,57.25,53.3,53.76,47.86,42.7,52.28,52.0,64.6,64.95,61.2,51.99,46.7,44.33,41.57,44.85,38.86,38.25,36.35,34.58,35.38,36.52,38.77,38.23,41.67,43.56,44.0,41.17,35.14,34.2,35.68,44.0,50.1,53.01,51.22,52.65,44.0,50.23,39.53,39.0,38.01,35.23,39.0,38.46,39.0,55.1,66.02,77.78,80.0,75.0,64.19,65.02,71.37,64.97,66.0,67.63,81.97,84.5,81.08,70.15,62.51,63.69,62.1,60.63,50.74,52.1,49.73,48.19,54.14,70.77,80.0,80.09,76.0,70.29,69.0,65.61,65.42,67.48,67.53,72.97,89.25,82.71,75.84,70.21,66.0,65.26,62.1
47.91,72.67,61.35,65.19,55.89,48.22,46.59,46.31,46.54,43.31,50.63,56.1,60.01,57.25,53.3,53.76,47.86,42.7,52.28,52.0,64.6,64.95,61.2,51.99,46.7,44.33,41.57,44.85,38.86,38.25,36.35,34.58,35.38,36.52,38.77,38.23,41.67,43.56,44.0,41.17,35.14,34.2,35.68,44.0,50.1,53.01,51.22,52.65,44.0,50.23,39.53,39.0,38.01,35.23,39.0,38.46,39.0,55.1,66.02,77.78,80.0,75.0,64.19,65.02,71.37,64.97,66.0,67.63,81.97,84.5,81.08,70.15,62.51,63.69,62.1,60.63,50.74,52.1,49.73,48.19,54.14,70.77,80.0,80.09,76.0,70.29,69.0,65.61,65.42,67.48,67.53,72.97,89.25,82.71,75.84,70.21,66.0,65.26,62.1,50.96
72.67,61.35,65.19,55.89,48.22,46.59,46.31,46.54,43.31,50.63,56.1,60.01,57.25,53.3,53.76,47.86,42.7,52.28,52.0,64.6,64.95,61.2,51.99,46.7,44.33,41.57,44.85,38.86,38.25,36.35,34.58,35.38,36.52,38.77,38.23,41.67,43.56,44.0,41.17,35.14,34.2,35.68,44.0,50.1,53.01,51.22,52.65,44.0,50.23,39.53,39.0,38.01,35.23,39.0,38.46,39.0,55.1,66.02,77.78,80.0,75.0,64.19,65.02,71.37,64.97,66.0,67.63,81.97,84.5,81.08,70.15,62.51,63.69,62.1,60.63,50.74,52.1,49.73,48.19,54.14,70.77,80.0,80.09,76.0,70.29,69.0,65.61,65.42,67.48,67.53,72.97,89.25,82.71,75.84,70.21,66.0,65.26,62.1,50.96,49.99
61.35,65.19,55.89,48.22,46.59,46.31,46.54,43.31,50.63,56.1,60.01,57.25,53.3,53.76,47.86,42.7,52.28,52.0,64.6,64.95,61.2,51.99,46.7,44.33,41.57,44.85,38.86,38.25,36.35,34.58,35.38,36.52,38.77,38.23,41.67,43.56,44.0,41.17,35.14,34.2,35.68,44.0,50.1,53.01,51.22,52.65,44.0,50.23,39.53,39.0,38.01,35.23,39.0,38.46,39.0,55.1,66.02,77.78,80.0,75.0,64.19,65.02,71.37,64.97,66.0,67.63,81.97,84.5,81.08,70.15,62.51,63.69,62.1,60.63,50.74,52.1,49.73,48.19,54.14,70.77,80.0,80.09,76.0,70.29,69.0,65.61,65.42,67.48,67.53,72.97,89.25,82.71,75.84,70.21,66.0,65.26,62.1,50.96,49.99,48.98
65.19,55.89,48.22,46.59,46.31,46.54,43.31,50.63,56.1,60.01,57.25,53.3,53.76,47.86,42.7,52.28,52.0,64.6,64.95,61.2,51.99,46.7,44.33,41.57,44.85,38.86,38.25,36.35,34.58,35.38,36.52,38.77,38.23,41.67,43.56,44.0,41.17,35.14,34.2,35.68,44.0,50.1,53.01,51.22,52.65,44.0,50.23,39.53,39.0,38.01,35.23,39.0,38.46,39.0,55.1,66.02,77.78,80.0,75.0,64.19,65.02,71.37,64.97,66.0,67.63,81.97,84.5,81.08,70.15,62.51,63.69,62.1,60.63,50.74,52.1,49.73,48.19,54.14,70.77,80.0,80.09,76.0,70.29,69.0,65.61,65.42,67.48,67.53,72.97,89.25,82.71,75.84,70.21,66.0,65.26,62.1,50.96,49.99,48.98,46.08
55.89,48.22,46.59,46.31,46.54,43.31,50.63,56.1,60.01,57.25,53.3,53.76,47.86,42.7,52.28,52.0,64.6,64.95,61.2,51.99,46.7,44.33,41.57,44.85,38.86,38.25,36.35,34.58,35.38,36.52,38.77,38.23,41.67,43.56,44.0,41.17,35.14,34.2,35.68,44.0,50.1,53.01,51.22,52.65,44.0,50.23,39.53,39.0,38.01,35.23,39.0,38.46,39.0,55.1,66.02,77.78,80.0,75.0,64.19,65.02,71.37,64.97,66.0,67.63,81.97,84.5,81.08,70.15,62.51,63.69,62.1,60.63,50.74,52.1,49.73,48.19,54.14,70.77,80.0,80.09,76.0,70.29,69.0,65.61,65.42,67.48,67.53,72.97,89.25,82.71,75.84,70.21,66.0,65.26,62.1,50.96,49.99,48.98,46.08,46.71
48.22,46.59,46.31,46.54,43.31,50.63,56.1,60.01,57.25,53.3,53.76,47.86,42.7,52.28,52.0,64.6,64.95,61.2,51.99,46.7,44.33,41.57,44.85,38.86,38.25,36.35,34.58,35.38,36.52,38.77,38.23,41.67,43.56,44.0,41.17,35.14,34.2,35.68,44.0,50.1,53.01,51.22,52.65,44.0,50.23,39.53,39.0,38.01,35.23,39.0,38.46,39.0,55.1,66.02,77.78,80.0,75.0,64.19,65.02,71.37,64.97,66.0,67.63,81.97,84.5,81.08,70.15,62.51,63.69,62.1,60.63,50.74,52.1,49.73,48.19,54.14,70.77,80.0,80.09,76.0,70.29,69.0,65.61,65.42,67.48,67.53,72.97,89.25,82.71,75.84,70.21,66.0,65.26,62.1,50.96,49.99,48.98,46.08,46.71,49.38
46.59,46.31,46.54,43.31,50.63,56.1,60.01,57.25,53.3,53.76,47.86,42.7,52.28,52.0,64.6,64.95,61.2,51.99,46.7,44.33,41.57,44.85,38.86,38.25,36.35,34.58,35.38,36.52,38.77,38.23,41.67,43.56,44.0,41.17,35.14,34.2,35.68,44.0,50.1,53.01,51.22,52.65,44.0,50.23,39.53,39.0,38.01,35.23,39.0,38.46,39.0,55.1,66.02,77.78,80.0,75.0,64.19,65.02,71.37,64.97,66.0,67.63,81.97,84.5,81.08,70.15,62.51,63.69,62.1,60.63,50.74,52.1,49.73,48.19,54.14,70.77,80.0,80.09,76.0,70.29,69.0,65.61,65.42,67.48,67.53,72.97,89.25,82.71,75.84,70.21,66.0,65.26,62.1,50.96,49.99,48.98,46.08,46.71,49.38,56.25
46.31,46.54,43.31,50.63,56.1,60.01,57.25,53.3,53.76,47.86,42.7,52.28,52.0,64.6,64.95,61.2,51.99,46.7,44.33,41.57,44.85,38.86,38.25,36.35,34.58,35.38,36.52,38.77,38.23,41.67,43.56,44.0,41.17,35.14,34.2,35.68,44.0,50.1,53.01,51.22,52.65,44.0,50.23,39.53,39.0,38.01,35.23,39.0,38.46,39.0,55.1,66.02,77.78,80.0,75.0,64.19,65.02,71.37,64.97,66.0,67.63,81.97,84.5,81.08,70.15,62.51,63.69,62.1,60.63,50.74,52.1,49.73,48.19,54.14,70.77,80.0,80.09,76.0,70.29,69.0,65.61,65.42,67.48,67.53,72.97,89.25,82.71,75.84,70.21,66.0,65.26,62.1,50.96,49.99,48.98,46.08,46.71,49.38,56.25,69.94
46.54,43.31,50.63,56.1,60.01,57.25,53.3,53.76,47.86,42.7,52.28,52.0,64.6,64.95,61.2,51.99,46.7,44.33,41.57,44.85,38.86,38.25,36.35,34.58,35.38,36.52,38.77,38.23,41.67,43.56,44.0,41.17,35.14,34.2,35.68,44.0,50.1,53.01,51.22,52.65,44.0,50.23,39.53,39.0,38.01,35.23,39.0,38.46,39.0,55.1,66.02,77.78,80.0,75.0,64.19,65.02,71.37,64.97,66.0,67.63,81.97,84.5,81.08,70.15,62.51,63.69,62.1,60.63,50.74,52.1,49.73,48.19,54.14,70.77,80.0,80.09,76.0,70.29,69.0,65.61,65.42,67.48,67.53,72.97,89.25,82.71,75.84,70.21,66.0,65.26,62.1,50.96,49.99,48.98,46.08,46.71,49.38,56.25,69.94,70.0
43.31,50.63,56.1,60.01,57.25,53.3,53.76,47.86,42.7,52.28,52.0,64.6,64.95,61.2,51.99,46.7,44.33,41.57,44.85,38.86,38.25,36.35,34.58,35.38,36.52,38.77,38.23,41.67,43.56,44.0,41.17,35.14,34.2,35.68,44.0,50.1,53.01,51.22,52.65,44.0,50.23,39.53,39.0,38.01,35.23,39.0,38.46,39.0,55.1,66.02,77.78,80.0,75.0,64.19,65.02,71.37,64.97,66.0,67.63,81.97,84.5,81.08,70.15,62.51,63.69,62.1,60.63,50.74,52.1,49.73,48.19,54.14,70.77,80.0,80.09,76.0,70.29,69.0,65.61,65.42,67.48,67.53,72.97,89.25,82.71,75.84,70.21,66.0,65.26,62.1,50.96,49.99,48.98,46.08,46.71,49.38,56.25,69.94,70.0,69.08
50.63,56.1,60.01,57.25,53.3,53.76,47.86,42.7,52.28,52.0,64.6,64.95,61.2,51.99,46.7,44.33,41.57,44.85,38.86,38.25,36.35,34.58,35.38,36.52,38.77,38.23,41.67,43.56,44.0,41.17,35.14,34.2,35.68,44.0,50.1,53.01,51.22,52.65,44.0,50.23,39.53,39.0,38.01,35.23,39.0,38.46,39.0,55.1,66.02,77.78,80.0,75.0,64.19,65.02,71.37,64.97,66.0,67.63,81.97,84.5,81.08,70.15,62.51,63.69,62.1,60.63,50.74,52.1,49.73,48.19,54.14,70.77,80.0,80.09,76.0,70.29,69.0,65.61,65.42,67.48,67.53,72.97,89.25,82.71,75.84,70.21,66.0,65.26,62.1,50.96,49.99,48.98,46.08,46.71,49.38,56.25,69.94,70.0,69.08,68.33
56.1,60.01,57.25,53.3,53.76,47.86,42.7,52.28,52.0,64.6,64.95,61.2,51.99,46.7,44.33,41.57,44.85,38.86,38.25,36.35,34.58,35.38,36.52,38.77,38.23,41.67,43.56,44.0,41.17,35.14,34.2,35.68,44.0,50.1,53.01,51.22,52.65,44.0,50.23,39.53,39.0,38.01,35.23,39.0,38.46,39.0,55.1,66.02,77.78,80.0,75.0,64.19,65.02,71.37,64.97,66.0,67.63,81.97,84.5,81.08,70.15,62.51,63.69,62.1,60.63,50.74,52.1,49.73,48.19,54.14,70.77,80.0,80.09,76.0,70.29,69.0,65.61,65.42,67.48,67.53,72.97,89.25,82.71,75.84,70.21,66.0,65.26,62.1,50.96,49.99,48.98,46.08,46.71,49.38,56.25,69.94,70.0,69.08,68.33,66.05
60.01,57.25,53.3,53.76,47.86,42.7,52.28,52.0,64.6,64.95,61.2,51.99,46.7,44.33,41.57,44.85,38.86,38.25,36.35,34.58,35.38,36.52,38.77,38.23,41.67,43.56,44.0,41.17,35.14,34.2,35.68,44.0,50.1,53.01,51.22,52.65,44.0,50.23,39.53,39.0,38.01,35.23,39.0,38.46,39.0,55.1,66.02,77.78,80.0,75.0,64.19,65.02,71.37,64.97,66.0,67.63,81.97,84.5,81.08,70.15,62.51,63.69,62.1,60.63,50.74,52.1,49.73,48.19,54.14,70.77,80.0,80.09,76.0,70.29,69.0,65.61,65.42,67.48,67.53,72.97,89.25,82.71,75.84,70.21,66.0,65.26,62.1,50.96,49.99,48.98,46.08,46.71,49.38,56.25,69.94,70.0,69.08,68.33,66.05,65.0
57.25,53.3,53.76,47.86,42.7,52.28,52.0,64.6,64.95,61.2,51.99,46.7,44.33,41.57,44.85,38.86,38.25,36.35,34.58,35.38,36.52,38.77,38.23,41.67,43.56,44.0,41.17,35.14,34.2,35.68,44.0,50.1,53.01,51.22,52.65,44.0,50.23,39.53,39.0,38.01,35.23,39.0,38.46,39.0,55.1,66.02,77.78,80.0,75.0,64.19,65.02,71.37,64.97,66.0,67.63,81.97,84.5,81.08,70.15,62.51,63.69,62.1,60.63,50.74,52.1,49.73,48.19,54.14,70.77,80.0,80.09,76.0,70.29,69.0,65.61,65.42,67.48,67.53,72.97,89.25,82.71,75.84,70.21,66.0,65.26,62.1,50.96,49.99,48.98,46.08,46.71,49.38,56.25,69.94,70.0,69.08,68.33,66.05,65.0,64.99
53.3,53.76,47.86,42.7,52.28,52.0,64.6,64.95,61.2,51.99,46.7,44.33,41.57,44.85,38.86,38.25,36.35,34.58,35.38,36.52,38.77,38.23,41.67,43.56,44.0,41.17,35.14,34.2,35.68,44.0,50.1,53.01,51.22,52.65,44.0,50.23,39.53,39.0,38.01,35.23,39.0,38.46,39.0,55.1,66.02,77.78,80.0,75.0,64.19,65.02,71.37,64.97,66.0,67.63,81.97,84.5,81.08,70.15,62.51,63.69,62.1,60.63,50.74,52.1,49.73,48.19,54.14,70.77,80.0,80.09,76.0,70.29,69.0,65.61,65.42,67.48,67.53,72.97,89.25,82.71,75.84,70.21,66.0,65.26,62.1,50.96,49.99,48.98,46.08,46.71,49.38,56.25,69.94,70.0,69.08,68.33,66.05,65.0,64.99,64.1
53.76,47.86,42.7,52.28,52.0,64.6,64.95,61.2,51.99,46.7,44.33,41.57,44.85,38.86,38.25,36.35,34.58,35.38,36.52,38.77,38.23,41.67,43.56,44.0,41.17,35.14,34.2,35.68,44.0,50.1,53.01,51.22,52.65,44.0,50.23,39.53,39.0,38.01,35.23,39.0,38.46,39.0,55.1,66.02,77.78,80.0,75.0,64.19,65.02,71.37,64.97,66.0,67.63,81.97,84.5,81.08,70.15,62.51,63.69,62.1,60.63,50.74,52.1,49.73,48.19,54.14,70.77,80.0,80.09,76.0,70.29,69.0,65.61,65.42,67.48,67.53,72.97,89.25,82.71,75.84,70.21,66.0,65.26,62.1,50.96,49.99,48.98,46.08,46.71,49.38,56.25,69.94,70.0,69.08,68.33,66.05,65.0,64.99,64.1,58.34
47.86,42.7,52.28,52.0,64.6,64.95,61.2,51.99,46.7,44.33,41.57,44.85,38.86,38.25,36.35,34.58,35.38,36.52,38.77,38.23,41.67,43.56,44.0,41.17,35.14,34.2,35.68,44.0,50.1,53.01,51.22,52.65,44.0,50.23,39.53,39.0,38.01,35.23,39.0,38.46,39.0,55.1,66.02,77.78,80.0,75.0,64.19,65.02,71.37,64.97,66.0,67.63,81.97,84.5,81.08,70.15,62.51,63.69,62.1,60.63,50.74,52.1,49.73,48.19,54.14,70.77,80.0,80.09,76.0,70.29,69.0,65.61,65.42,67.48,67.53,72.97,89.25,82.71,75.84,70.21,66.0,65.26,62.1,50.96,49.99,48.98,46.08,46.71,49.38,56.25,69.94,70.0,69.08,68.33,66.05,65.0,64.99,64.1,58.34,60.47
42.7,52.28,52.0,64.6,64.95,61.2,51.99,46.7,44.33,41.57,44.85,38.86,38.25,36.35,34.58,35.38,36.52,38.77,38.23,41.67,43.56,44.0,41.17,35.14,34.2,35.68,44.0,50.1,53.01,51.22,52.65,44.0,50.23,39.53,39.0,38.01,35.23,39.0,38.46,39.0,55.1,66.02,77.78,80.0,75.0,64.19,65.02,71.37,64.97,66.0,67.63,81.97,84.5,81.08,70.15,62.51,63.69,62.1,60.63,50.74,52.1,49.73,48.19,54.14,70.77,80.0,80.09,76.0,70.29,69.0,65.61,65.42,67.48,67.53,72.97,89.25,82.71,75.84,70.21,66.0,65.26,62.1,50.96,49.99,48.98,46.08,46.71,49.38,56.25,69.94,70.0,69.08,68.33,66.05,65.0,64.99,64.1,58.34,60.47,69.46
52.28,52.0,64.6,64.95,61.2,51.99,46.7,44.33,41.57,44.85,38.86,38.25,36.35,34.58,35.38,36.52,38.77,38.23,41.67,43.56,44.0,41.17,35.14,34.2,35.68,44.0,50.1,53.01,51.22,52.65,44.0,50.23,39.53,39.0,38.01,35.23,39.0,38.46,39.0,55.1,66.02,77.78,80.0,75.0,64.19,65.02,71.37,64.97,66.0,67.63,81.97,84.5,81.08,70.15,62.51,63.69,62.1,60.63,50.74,52.1,49.73,48.19,54.14,70.77,80.0,80.09,76.0,70.29,69.0,65.61,65.42,67.48,67.53,72.97,89.25,82.71,75.84,70.21,66.0,65.26,62.1,50.96,49.99,48.98,46.08,46.71,49.38,56.25,69.94,70.0,69.08,68.33,66.05,65.0,64.99,64.1,58.34,60.47,69.46,71.01
52.0,64.6,64.95,61.2,51.99,46.7,44.33,41.57,44.85,38.86,38.25,36.35,34.58,35.38,36.52,38.77,38.23,41.67,43.56,44.0,41.17,35.14,34.2,35.68,44.0,50.1,53.01,51.22,52.65,44.0,50.23,39.53,39.0,38.01,35.23,39.0,38.46,39.0,55.1,66.02,77.78,80.0,75.0,64.19,65.02,71.37,64.97,66.0,67.63,81.97,84.5,81.08,70.15,62.51,63.69,62.1,60.63,50.74,52.1,49.73,48.19,54.14,70.77,80.0,80.09,76.0,70.29,69.0,65.61,65.42,67.48,67.53,72.97,89.25,82.71,75.84,70.21,66.0,65.26,62.1,50.96,49.99,48.98,46.08,46.71,49.38,56.25,69.94,70.0,69.08,68.33,66.05,65.0,64.99,64.1,58.34,60.47,69.46,71.01,63.15
64.6,64.95,61.2,51.99,46.7,44.33,41.57,44.85,38.86,38.25,36.35,34.58,35.38,36.52,38.77,38.23,41.67,43.56,44.0,41.17,35.14,34.2,35.68,44.0,50.1,53.01,51.22,52.65,44.0,50.23,39.53,39.0,38.01,35.23,39.0,38.46,39.0,55.1,66.02,77.78,80.0,75.0,64.19,65.02,71.37,64.97,66.0,67.63,81.97,84.5,81.08,70.15,62.51,63.69,62.1,60.63,50.74,52.1,49.73,48.19,54.14,70.77,80.0,80.09,76.0,70.29,69.0,65.61,65.42,67.48,67.53,72.97,89.25,82.71,75.84,70.21,66.0,65.26,62.1,50.96,49.99,48.98,46.08,46.71,49.38,56.25,69.94,70.0,69.08,68.33,66.05,65.0,64.99,64.1,58.34,60.47,69.46,71.01,63.15,60.61
64.95,61.2,51.99,46.7,44.33,41.57,44.85,38.86,38.25,36.35,34.58,35.38,36.52,38.77,38.23,41.67,43.56,44.0,41.17,35.14,34.2,35.68,44.0,50.1,53.01,51.22,52.65,44.0,50.23,39.53,39.0,38.01,35.23,39.0,38.46,39.0,55.1,66.02,77.78,80.0,75.0,64.19,65.02,71.37,64.97,66.0,67.63,81.97,84.5,81.08,70.15,62.51,63.69,62.1,60.63,50.74,52.1,49.73,48.19,54.14,70.77,80.0,80.09,76.0,70.29,69.0,65.61,65.42,67.48,67.53,72.97,89.25,82.71,75.84,70.21,66.0,65.26,62.1,50.96,49.99,48.98,46.08,46.71,49.38,56.25,69.94,70.0,69.08,68.33,66.05,65.0,64.99,64.1,58.34,60.47,69.46,71.01,63.15,60.61,45.05
61.2,51.99,46.7,44.33,41.57,44.85,38.86,38.25,36.35,34.58,35.38,36.52,38.77,38.23,41.67,43.56,44.0,41.17,35.14,34.2,35.68,44.0,50.1,53.01,51.22,52.65,44.0,50.23,39.53,39.0,38.01,35.23,39.0,38.46,39.0,55.1,66.02,77.78,80.0,75.0,64.19,65.02,71.37,64.97,66.0,67.63,81.97,84.5,81.08,70.15,62.51,63.69,62.1,60.63,50.74,52.1,49.73,48.19,54.14,70.77,80.0,80.09,76.0,70.29,69.0,65.61,65.42,67.48,67.53,72.97,89.25,82.71,75.84,70.21,66.0,65.26,62.1,50.96,49.99,48.98,46.08,46.71,49.38,56.25,69.94,70.0,69.08,68.33,66.05,65.0,64.99,64.1,58.34,60.47,69.46,71.01,63.15,60.61,45.05,45.0
51.99,46.7,44.33,41.57,44.85,38.86,38.25,36.35,34.58,35.38,36.52,38.77,38.23,41.67,43.56,44.0,41.17,35.14,34.2,35.68,44.0,50.1,53.01,51.22,52.65,44.0,50.23,39.53,39.0,38.01,35.23,39.0,38.46,39.0,55.1,66.02,77.78,80.0,75.0,64.19,65.02,71.37,64.97,66.0,67.63,81.97,84.5,81.08,70.15,62.51,63.69,62.1,60.63,50.74,52.1,49.73,48.19,54.14,70.77,80.0,80.09,76.0,70.29,69.0,65.61,65.42,67.48,67.53,72.97,89.25,82.71,75.84,70.21,66.0,65.26,62.1,50.96,49.99,48.98,46.08,46.71,49.38,56.25,69.94,70.0,69.08,68.33,66.05,65.0,64.99,64.1,58.34,60.47,69.46,71.01,63.15,60.61,45.05,45.0,42.98
46.7,44.33,41.57,44.85,38.86,38.25,36.35,34.58,35.38,36.52,38.77,38.23,41.67,43.56,44.0,41.17,35.14,34.2,35.68,44.0,50.1,53.01,51.22,52.65,44.0,50.23,39.53,39.0,38.01,35.23,39.0,38.46,39.0,55.1,66.02,77.78,80.0,75.0,64.19,65.02,71.37,64.97,66.0,67.63,81.97,84.5,81.08,70.15,62.51,63.69,62.1,60.63,50.74,52.1,49.73,48.19,54.14,70.77,80.0,80.09,76.0,70.29,69.0,65.61,65.42,67.48,67.53,72.97,89.25,82.71,75.84,70.21,66.0,65.26,62.1,50.96,49.99,48.98,46.08,46.71,49.38,56.25,69.94,70.0,69.08,68.33,66.05,65.0,64.99,64.1,58.34,60.47,69.46,71.01,63.15,60.61,45.05,45.0,42.98,37.3
44.33,41.57,44.85,38.86,38.25,36.35,34.58,35.38,36.52,38.77,38.23,41.67,43.56,44.0,41.17,35.14,34.2,35.68,44.0,50.1,53.01,51.22,52.65,44.0,50.23,39.53,39.0,38.01,35.23,39.0,38.46,39.0,55.1,66.02,77.78,80.0,75.0,64.19,65.02,71.37,64.97,66.0,67.63,81.97,84.5,81.08,70.15,62.51,63.69,62.1,60.63,50.74,52.1,49.73,48.19,54.14,70.77,80.0,80.09,76.0,70.29,69.0,65.61,65.42,67.48,67.53,72.97,89.25,82.71,75.84,70.21,66.0,65.26,62.1,50.96,49.99,48.98,46.08,46.71,49.38,56.25,69.94,70.0,69.08,68.33,66.05,65.0,64.99,64.1,58.34,60.47,69.46,71.01,63.15,60.61,45.05,45.0,42.98,37.3,37.3
41.57,44.85,38.86,38.25,36.35,34.58,35.38,36.52,38.77,38.23,41.67,43.56,44.0,41.17,35.14,34.2,35.68,44.0,50.1,53.01,51.22,52.65,44.0,50.23,39.53,39.0,38.01,35.23,39.0,38.46,39.0,55.1,66.02,77.78,80.0,75.0,64.19,65.02,71.37,64.97,66.0,67.63,81.97,84.5,81.08,70.15,62.51,63.69,62.1,60.63,50.74,52.1,49.73,48.19,54.14,70.77,80.0,80.09,76.0,70.29,69.0,65.61,65.42,67.48,67.53,72.97,89.25,82.71,75.84,70.21,66.0,65.26,62.1,50.96,49.99,48.98,46.08,46.71,49.38,56.25,69.94,70.0,69.08,68.33,66.05,65.0,64.99,64.1,58.34,60.47,69.46,71.01,63.15,60.61,45.05,45.0,42.98,37.3,37.3,37.3
44.85,38.86,38.25,36.35,34.58,35.38,36.52,38.77,38.23,41.67,43.56,44.0,41.17,35.14,34.2,35.68,44.0,50.1,53.01,51.22,52.65,44.0,50.23,39.53,39.0,38.01,35.23,39.0,38.46,39.0,55.1,66.02,77.78,80.0,75.0,64.19,65.02,71.37,64.97,66.0,67.63,81.97,84.5,81.08,70.15,62.51,63.69,62.1,60.63,50.74,52.1,49.73,48.19,54.14,70.77,80.0,80.09,76.0,70.29,69.0,65.61,65.42,67.48,67.53,72.97,89.25,82.71,75.84,70.21,66.0,65.26,62.1,50.96,49.99,48.98,46.08,46.71,49.38,56.25,69.94,70.0,69.08,68.33,66.05,65.0,64.99,64.1,58.34,60.47,69.46,71.01,63.15,60.61,45.05,45.0,42.98,37.3,37.3,37.3,35.3
38.86,38.25,36.35,34.58,35.38,36.52,38.77,38.23,41.67,43.56,44.0,41.17,35.14,34.2,35.68,44.0,50.1,53.01,51.22,52.65,44.0,50.23,39.53,39.0,38.01,35.23,39.0,38.46,39.0,55.1,66.02,77.78,80.0,75.0,64.19,65.02,71.37,64.97,66.0,67.63,81.97,84.5,81.08,70.15,62.51,63.69,62.1,60.63,50.74,52.1,49.73,48.19,54.14,70.77,80.0,80.09,76.0,70.29,69.0,65.61,65.42,67.48,67.53,72.97,89.25,82.71,75.84,70.21,66.0,65.26,62.1,50.96,49.99,48.98,46.08,46.71,49.38,56.25,69.94,70.0,69.08,68.33,66.05,65.0,64.99,64.1,58.34,60.47,69.46,71.01,63.15,60.61,45.05,45.0,42.98,37.3,37.3,37.3,35.3,37.3
38.25,36.35,34.58,35.38,36.52,38.77,38.23,41.67,43.56,44.0,41.17,35.14,34.2,35.68,44.0,50.1,53.01,51.22,52.65,44.0,50.23,39.53,39.0,38.01,35.23,39.0,38.46,39.0,55.1,66.02,77.78,80.0,75.0,64.19,65.02,71.37,64.97,66.0,67.63,81.97,84.5,81.08,70.15,62.51,63.69,62.1,60.63,50.74,52.1,49.73,48.19,54.14,70.77,80.0,80.09,76.0,70.29,69.0,65.61,65.42,67.48,67.53,72.97,89.25,82.71,75.84,70.21,66.0,65.26,62.1,50.96,49.99,48.98,46.08,46.71,49.38,56.25,69.94,70.0,69.08,68.33,66.05,65.0,64.99,64.1,58.34,60.47,69.46,71.01,63.15,60.61,45.05,45.0,42.98,37.3,37.3,37.3,35.3,37.3,37.3
36.35,34.58,35.38,36.52,38.77,38.23,41.67,43.56,44.0,41.17,35.14,34.2,35.68,44.0,50.1,53.01,51.22,52.65,44.0,50.23,39.53,39.0,38.01,35.23,39.0,38.46,39.0,55.1,66.02,77.78,80.0,75.0,64.19,65.02,71.37,64.97,66.0,67.63,81.97,84.5,81.08,70.15,62.51,63.69,62.1,60.63,50.74,52.1,49.73,48.19,54.14,70.77,80.0,80.09,76.0,70.29,69.0,65.61,65.42,67.48,67.53,72.97,89.25,82.71,75.84,70.21,66.0,65.26,62.1,50.96,49.99,48.98,46.08,46.71,49.38,56.25,69.94,70.0,69.08,68.33,66.05,65.0,64.99,64.1,58.34,60.47,69.46,71.01,63.15,60.61,45.05,45.0,42.98,37.3,37.3,37.3,35.3,37.3,37.3,48.18
34.58,35.38,36.52,38.77,38.23,41.67,43.56,44.0,41.17,35.14,34.2,35.68,44.0,50.1,53.01,51.22,52.65,44.0,50.23,39.53,39.0,38.01,35.23,39.0,38.46,39.0,55.1,66.02,77.78,80.0,75.0,64.19,65.02,71.37,64.97,66.0,67.63,81.97,84.5,81.08,70.15,62.51,63.69,62.1,60.63,50.74,52.1,49.73,48.19,54.14,70.77,80.0,80.09,76.0,70.29,69.0,65.61,65.42,67.48,67.53,72.97,89.25,82.71,75.84,70.21,66.0,65.26,62.1,50.96,49.99,48.98,46.08,46.71,49.38,56.25,69.94,70.0,69.08,68.33,66.05,65.0,64.99,64.1,58.34,60.47,69.46,71.01,63.15,60.61,45.05,45.0,42.98,37.3,37.3,37.3,35.3,37.3,37.3,48.18,54.27
35.38,36.52,38.77,38.23,41.67,43.56,44.0,41.17,35.14,34.2,35.68,44.0,50.1,53.01,51.22,52.65,44.0,50.23,39.53,39.0,38.01,35.23,39.0,38.46,39.0,55.1,66.02,77.78,80.0,75.0,64.19,65.02,71.37,64.97,66.0,67.63,81.97,84.5,81.08,70.15,62.51,63.69,62.1,60.63,50.74,52.1,49.73,48.19,54.14,70.77,80.0,80.09,76.0,70.29,69.0,65.61,65.42,67.48,67.53,72.97,89.25,82.71,75.84,70.21,66.0,65.26,62.1,50.96,49.99,48.98,46.08,46.71,49.38,56.25,69.94,70.0,69.08,68.33,66.05,65.0,64.99,64.1,58.34,60.47,69.46,71.01,63.15,60.61,45.05,45.0,42.98,37.3,37.3,37.3,35.3,37.3,37.3,48.18,54.27,57.12
36.52,38.77,38.23,41.67,43.56,44.0,41.17,35.14,34.2,35.68,44.0,50.1,53.01,51.22,52.65,44.0,50.23,39.53,39.0,38.01,35.23,39.0,38.46,39.0,55.1,66.02,77.78,80.0,75.0,64.19,65.02,71.37,64.97,66.0,67.63,81.97,84.5,81.08,70.15,62.51,63.69,62.1,60.63,50.74,52.1,49.73,48.19,54.14,70.77,80.0,80.09,76.0,70.29,69.0,65.61,65.42,67.48,67.53,72.97,89.25,82.71,75.84,70.21,66.0,65.26,62.1,50.96,49.99,48.98,46.08,46.71,49.38,56.25,69.94,70.0,69.08,68.33,66.05,65.0,64.99,64.1,58.34,60.47,69.46,71.01,63.15,60.61,45.05,45.0,42.98,37.3,37.3,37.3,35.3,37.3,37.3,48.18,54.27,57.12,55.83
38.77,38.23,41.67,43.56,44.0,41.17,35.14,34.2,35.68,44.0,50.1,53.01,51.22,52.65,44.0,50.23,39.53,39.0,38.01,35.23,39.0,38.46,39.0,55.1,66.02,77.78,80.0,75.0,64.19,65.02,71.37,64.97,66.0,67.63,81.97,84.5,81.08,70.15,62.51,63.69,62.1,60.63,50.74,52.1,49.73,48.19,54.14,70.77,80.0,80.09,76.0,70.29,69.0,65.61,65.42,67.48,67.53,72.97,89.25,82.71,75.84,70.21,66.0,65.26,62.1,50.96,49.99,48.98,46.08,46.71,49.38,56.25,69.94,70.0,69.08,68.33,66.05,65.0,64.99,64.1,58.34,60.47,69.46,71.01,63.15,60.61,45.05,45.0,42.98,37.3,37.3,37.3,35.3,37.3,37.3,48.18,54.27,57.12,55.83,55.08
38.23,41.67,43.56,44.0,41.17,35.14,34.2,35.68,44.0,50.1,53.01,51.22,52.65,44.0,50.23,39.53,39.0,38.01,35.23,39.0,38.46,39.0,55.1,66.02,77.78,80.0,75.0,64.19,65.02,71.37,64.97,66.0,67.63,81.97,84.5,81.08,70.15,62.51,63.69,62.1,60.63,50.74,52.1,49.73,48.19,54.14,70.77,80.0,80.09,76.0,70.29,69.0,65.61,65.42,67.48,67.53,72.97,89.25,82.71,75.84,70.21,66.0,65.26,62.1,50.96,49.99,48.98,46.08,46.71,49.38,56.25,69.94,70.0,69.08,68.33,66.05,65.0,64.99,64.1,58.34,60.47,69.46,71.01,63.15,60.61,45.05,45.0,42.98,37.3,37.3,37.3,35.3,37.3,37.3,48.18,54.27,57.12,55.83,55.08,51.94
41.67,43.56,44.0,41.17,35.14,34.2,35.68,44.0,50.1,53.01,51.22,52.65,44.0,50.23,39.53,39.0,38.01,35.23,39.0,38.46,39.0,55.1,66.02,77.78,80.0,75.0,64.19,65.02,71.37,64.97,66.0,67.63,81.97,84.5,81.08,70.15,62.51,63.69,62.1,60.63,50.74,52.1,49.73,48.19,54.14,70.77,80.0,80.09,76.0,70.29,69.0,65.61,65.42,67.48,67.53,72.97,89.25,82.71,75.84,70.21,66.0,65.26,62.1,50.96,49.99,48.98,46.08,46.71,49.38,56.25,69.94,70.0,69.08,68.33,66.05,65.0,64.99,64.1,58.34,60.47,69.46,71.01,63.15,60.61,45.05,45.0,42.98,37.3,37.3,37.3,35.3,37.3,37.3,48.18,54.27,57.12,55.83,55.08,51.94,50.55
43.56,44.0,41.17,35.14,34.2,35.68,44.0,50.1,53.01,51.22,52.65,44.0,50.23,39.53,39.0,38.01,35.23,39.0,38.46,39.0,55.1,66.02,77.78,80.0,75.0,64.19,65.02,71.37,64.97,66.0,67.63,81.97,84.5,81.08,70.15,62.51,63.69,62.1,60.63,50.74,52.1,49.73,48.19,54.14,70.77,80.0,80.09,76.0,70.29,69.0,65.61,65.42,67.48,67.53,72.97,89.25,82.71,75.84,70.21,66.0,65.26,62.1,50.96,49.99,48.98,46.08,46.71,49.38,56.25,69.94,70.0,69.08,68.33,66.05,65.0,64.99,64.1,58.34,60.47,69.46,71.01,63.15,60.61,45.05,45.0,42.98,37.3,37.3,37.3,35.3,37.3,37.3,48.18,54.27,57.12,55.83,55.08,51.94,50.55,49.07
44.0,41.17,35.14,34.2,35.68,44.0,50.1,53.01,51.22,52.65,44.0,50.23,39.53,39.0,38.01,35.23,39.0,38.46,39.0,55.1,66.02,77.78,80.0,75.0,64.19,65.02,71.37,64.97,66.0,67.63,81.97,84.5,81.08,70.15,62.51,63.69,62.1,60.63,50.74,52.1,49.73,48.19,54.14,70.77,80.0,80.09,76.0,70.29,69.0,65.61,65.42,67.48,67.53,72.97,89.25,82.71,75.84,70.21,66.0,65.26,62.1,50.96,49.99,48.98,46.08,46.71,49.38,56.25,69.94,70.0,69.08,68.33,66.05,65.0,64.99,64.1,58.34,60.47,69.46,71.01,63.15,60.61,45.05,45.0,42.98,37.3,37.3,37.3,35.3,37.3,37.3,48.18,54.27,57.12,55.83,55.08,51.94,50.55,49.07,48.61
41.17,35.14,34.2,35.68,44.0,50.1,53.01,51.22,52.65,44.0,50.23,39.53,39.0,38.01,35.23,39.0,38.46,39.0,55.1,66.02,77.78,80.0,75.0,64.19,65.02,71.37,64.97,66.0,67.63,81.97,84.5,81.08,70.15,62.51,63.69,62.1,60.63,50.74,52.1,49.73,48.19,54.14,70.77,80.0,80.09,76.0,70.29,69.0,65.61,65.42,67.48,67.53,72.97,89.25,82.71,75.84,70.21,66.0,65.26,62.1,50.96,49.99,48.98,46.08,46.71,49.38,56.25,69.94,70.0,69.08,68.33,66.05,65.0,64.99,64.1,58.34,60.47,69.46,71.01,63.15,60.61,45.05,45.0,42.98,37.3,37.3,37.3,35.3,37.3,37.3,48.18,54.27,57.12,55.83,55.08,51.94,50.55,49.07,48.61,48.86
35.14,34.2,35.68,44.0,50.1,53.01,51.22,52.65,44.0,50.23,39.53,39.0,38.01,35.23,39.0,38.46,39.0,55.1,66.02,77.78,80.0,75.0,64.19,65.02,71.37,64.97,66.0,67.63,81.97,84.5,81.08,70.15,62.51,63.69,62.1,60.63,50.74,52.1,49.73,48.19,54.14,70.77,80.0,80.09,76.0,70.29,69.0,65.61,65.42,67.48,67.53,72.97,89.25,82.71,75.84,70.21,66.0,65.26,62.1,50.96,49.99,48.98,46.08,46.71,49.38,56.25,69.94,70.0,69.08,68.33,66.05,65.0,64.99,64.1,58.34,60.47,69.46,71.01,63.15,60.61,45.05,45.0,42.98,37.3,37.3,37.3,35.3,37.3,37.3,48.18,54.27,57.12,55.83,55.08,51.94,50.55,49.07,48.61,48.86,50.81
34.2,35.68,44.0,50.1,53.01,51.22,52.65,44.0,50.23,39.53,39.0,38.01,35.23,39.0,38.46,39.0,55.1,66.02,77.78,80.0,75.0,64.19,65.02,71.37,64.97,66.0,67.63,81.97,84.5,81.08,70.15,62.51,63.69,62.1,60.63,50.74,52.1,49.73,48.19,54.14,70.77,80.0,80.09,76.0,70.29,69.0,65.61,65.42,67.48,67.53,72.97,89.25,82.71,75.84,70.21,66.0,65.26,62.1,50.96,49.99,48.98,46.08,46.71,49.38,56.25,69.94,70.0,69.08,68.33,66.05,65.0,64.99,64.1,58.34,60.47,69.46,71.01,63.15,60.61,45.05,45.0,42.98,37.3,37.3,37.3,35.3,37.3,37.3,48.18,54.27,57.12,55.83,55.08,51.94,50.55,49.07,48.61,48.86,50.81,60.0
35.68,44.0,50.1,53.01,51.22,52.65,44.0,50.23,39.53,39.0,38.01,35.23,39.0,38.46,39.0,55.1,66.02,77.78,80.0,75.0,64.19,65.02,71.37,64.97,66.0,67.63,81.97,84.5,81.08,70.15,62.51,63.69,62.1,60.63,50.74,52.1,49.73,48.19,54.14,70.77,80.0,80.09,76.0,70.29,69.0,65.61,65.42,67.48,67.53,72.97,89.25,82.71,75.84,70.21,66.0,65.26,62.1,50.96,49.99,48.98,46.08,46.71,49.38,56.25,69.94,70.0,69.08,68.33,66.05,65.0,64.99,64.1,58.34,60.47,69.46,71.01,63.15,60.61,45.05,45.0,42.98,37.3,37.3,37.3,35.3,37.3,37.3,48.18,54.27,57.12,55.83,55.08,51.94,50.55,49.07,48.61,48.86,50.81,60.0,67.88
44.0,50.1,53.01,51.22,52.65,44.0,50.23,39.53,39.0,38.01,35.23,39.0,38.46,39.0,55.1,66.02,77.78,80.0,75.0,64.19,65.02,71.37,64.97,66.0,67.63,81.97,84.5,81.08,70.15,62.51,63.69,62.1,60.63,50.74,52.1,49.73,48.19,54.14,70.77,80.0,80.09,76.0,70.29,69.0,65.61,65.42,67.48,67.53,72.97,89.25,82.71,75.84,70.21,66.0,65.26,62.1,50.96,49.99,48.98,46.08,46.71,49.38,56.25,69.94,70.0,69.08,68.33,66.05,65.0,64.99,64.1,58.34,60.47,69.46,71.01,63.15,60.61,45.05,45.0,42.98,37.3,37.3,37.3,35.3,37.3,37.3,48.18,54.27,57.12,55.83,55.08,51.94,50.55,49.07,48.61,48.86,50.81,60.0,67.88,64.56
50.1,53.01,51.22,52.65,44.0,50.23,39.53,39.0,38.01,35.23,39.0,38.46,39.0,55.1,66.02,77.78,80.0,75.0,64.19,65.02,71.37,64.97,66.0,67.63,81.97,84.5,81.08,70.15,62.51,63.69,62.1,60.63,50.74,52.1,49.73,48.19,54.14,70.77,80.0,80.09,76.0,70.29,69.0,65.61,65.42,67.48,67.53,72.97,89.25,82.71,75.84,70.21,66.0,65.26,62.1,50.96,49.99,48.98,46.08,46.71,49.38,56.25,69.94,70.0,69.08,68.33,66.05,65.0,64.99,64.1,58.34,60.47,69.46,71.01,63.15,60.61,45.05,45.0,42.98,37.3,37.3,37.3,35.3,37.3,37.3,48.18,54.27,57.12,55.83,55.08,51.94,50.55,49.07,48.61,48.86,50.81,60.0,67.88,64.56,48.53
53.01,51.22,52.65,44.0,50.23,39.53,39.0,38.01,35.23,39.0,38.46,39.0,55.1,66.02,77.78,80.0,75.0,64.19,65.02,71.37,64.97,66.0,67.63,81.97,84.5,81.08,70.15,62.51,63.69,62.1,60.63,50.74,52.1,49.73,48.19,54.14,70.77,80.0,80.09,76.0,70.29,69.0,65.61,65.42,67.48,67.53,72.97,89.25,82.71,75.84,70.21,66.0,65.26,62.1,50.96,49.99,48.98,46.08,46.71,49.38,56.25,69.94,70.0,69.08,68.33,66.05,65.0,64.99,64.1,58.34,60.47,69.46,71.01,63.15,60.61,45.05,45.0,42.98,37.3,37.3,37.3,35.3,37.3,37.3,48.18,54.27,57.12,55.83,55.08,51.94,50.55,49.07,48.61,48.86,50.81,60.0,67.88,64.56,48.53,44.31
51.22,52.65,44.0,50.23,39.53,39.0,38.01,35.23,39.0,38.46,39.0,55.1,66.02,77.78,80.0,75.0,64.19,65.02,71.37,64.97,66.0,67.63,81.97,84.5,81.08,70.15,62.51,63.69,62.1,60.63,50.74,52.1,49.73,48.19,54.14,70.77,80.0,80.09,76.0,70.29,69.0,65.61,65.42,67.48,67.53,72.97,89.25,82.71,75.84,70.21,66.0,65.26,62.1,50.96,49.99,48.98,46.08,46.71,49.38,56.25,69.94,70.0,69.08,68.33,66.05,65.0,64.99,64.1,58.34,60.47,69.46,71.01,63.15,60.61,45.05,45.0,42.98,37.3,37.3,37.3,35.3,37.3,37.3,48.18,54.27,57.12,55.83,55.08,51.94,50.55,49.07,48.61,48.86,50.81,60.0,67.88,64.56,48.53,44.31,42.46
52.65,44.0,50.23,39.53,39.0,38.01,35.23,39.0,38.46,39.0,55.1,66.02,77.78,80.0,75.0,64.19,65.02,71.37,64.97,66.0,67.63,81.97,84.5,81.08,70.15,62.51,63.69,62.1,60.63,50.74,52.1,49.73,48.19,54.14,70.77,80.0,80.09,76.0,70.29,69.0,65.61,65.42,67.48,67.53,72.97,89.25,82.71,75.84,70.21,66.0,65.26,62.1,50.96,49.99,48.98,46.08,46.71,49.38,56.25,69.94,70.0,69.08,68.33,66.05,65.0,64.99,64.1,58.34,60.47,69.46,71.01,63.15,60.61,45.05,45.0,42.98,37.3,37.3,37.3,35.3,37.3,37.3,48.18,54.27,57.12,55.83,55.08,51.94,50.55,49.07,48.61,48.86,50.81,60.0,67.88,64.56,48.53,44.31,42.46,38.41
44.0,50.23,39.53,39.0,38.01,35.23,39.0,38.46,39.0,55.1,66.02,77.78,80.0,75.0,64.19,65.02,71.37,64.97,66.0,67.63,81.97,84.5,81.08,70.15,62.51,63.69,62.1,60.63,50.74,52.1,49.73,48.19,54.14,70.77,80.0,80.09,76.0,70.29,69.0,65.61,65.42,67.48,67.53,72.97,89.25,82.71,75.84,70.21,66.0,65.26,62.1,50.96,49.99,48.98,46.08,46.71,49.38,56.25,69.94,70.0,69.08,68.33,66.05,65.0,64.99,64.1,58.34,60.47,69.46,71.01,63.15,60.61,45.05,45.0,42.98,37.3,37.3,37.3,35.3,37.3,37.3,48.18,54.27,57.12,55.83,55.08,51.94,50.55,49.07,48.61,48.86,50.81,60.0,67.88,64.56,48.53,44.31,42.46,38.41,40.27
50.23,39.53,39.0,38.01,35.23,39.0,38.46,39.0,55.1,66.02,77.78,80.0,75.0,64.19,65.02,71.37,64.97,66.0,67.63,81.97,84.5,81.08,70.15,62.51,63.69,62.1,60.63,50.74,52.1,49.73,48.19,54.14,70.77,80.0,80.09,76.0,70.29,69.0,65.61,65.42,67.48,67.53,72.97,89.25,82.71,75.84,70.21,66.0,65.26,62.1,50.96,49.99,48.98,46.08,46.71,49.38,56.25,69.94,70.0,69.08,68.33,66.05,65.0,64.99,64.1,58.34,60.47,69.46,71.01,63.15,60.61,45.05,45.0,42.98,37.3,37.3,37.3,35.3,37.3,37.3,48.18,54.27,57.12,55.83,55.08,51.94,50.55,49.07,48.61,48.86,50.81,60.0,67.88,64.56,48.53,44.31,42.46,38.41,40.27,36.39
39.53,39.0,38.01,35.23,39.0,38.46,39.0,55.1,66.02,77.78,80.0,75.0,64.19,65.02,71.37,64.97,66.0,67.63,81.97,84.5,81.08,70.15,62.51,63.69,62.1,60.63,50.74,52.1,49.73,48.19,54.14,70.77,80.0,80.09,76.0,70.29,69.0,65.61,65.42,67.48,67.53,72.97,89.25,82.71,75.84,70.21,66.0,65.26,62.1,50.96,49.99,48.98,46.08,46.71,49.38,56.25,69.94,70.0,69.08,68.33,66.05,65.0,64.99,64.1,58.34,60.47,69.46,71.01,63.15,60.61,45.05,45.0,42.98,37.3,37.3,37.3,35.3,37.3,37.3,48.18,54.27,57.12,55.83,55.08,51.94,50.55,49.07,48.61,48.86,50.81,60.0,67.88,64.56,48.53,44.31,42.46,38.41,40.27,36.39,35.34
39.0,38.01,35.23,39.0,38.46,39.0,55.1,66.02,77.78,80.0,75.0,64.19,65.02,71.37,64.97,66.0,67.63,81.97,84.5,81.08,70.15,62.51,63.69,62.1,60.63,50.74,52.1,49.73,48.19,54.14,70.77,80.0,80.09,76.0,70.29,69.0,65.61,65.42,67.48,67.53,72.97,89.25,82.71,75.84,70.21,66.0,65.26,62.1,50.96,49.99,48.98,46.08,46.71,49.38,56.25,69.94,70.0,69.08,68.33,66.05,65.0,64.99,64.1,58.34,60.47,69.46,71.01,63.15,60.61,45.05,45.0,42.98,37.3,37.3,37.3,35.3,37.3,37.3,48.18,54.27,57.12,55.83,55.08,51.94,50.55,49.07,48.61,48.86,50.81,60.0,67.88,64.56,48.53,44.31,42.46,38.41,40.27,36.39,35.34,34.5
38.01,35.23,39.0,38.46,39.0,55.1,66.02,77.78,80.0,75.0,64.19,65.02,71.37,64.97,66.0,67.63,81.97,84.5,81.08,70.15,62.51,63.69,62.1,60.63,50.74,52.1,49.73,48.19,54.14,70.77,80.0,80.09,76.0,70.29,69.0,65.61,65.42,67.48,67.53,72.97,89.25,82.71,75.84,70.21,66.0,65.26,62.1,50.96,49.99,48.98,46.08,46.71,49.38,56.25,69.94,70.0,69.08,68.33,66.05,65.0,64.99,64.1,58.34,60.47,69.46,71.01,63.15,60.61,45.05,45.0,42.98,37.3,37.3,37.3,35.3,37.3,37.3,48.18,54.27,57.12,55.83,55.08,51.94,50.55,49.07,48.61,48.86,50.81,60.0,67.88,64.56,48.53,44.31,42.46,38.41,40.27,36.39,35.34,34.5,35.25
35.23,39.0,38.46,39.0,55.1,66.02,77.78,80.0,75.0,64.19,65.02,71.37,64.97,66.0,67.63,81.97,84.5,81.08,70.15,62.51,63.69,62.1,60.63,50.74,52.1,49.73,48.19,54.14,70.77,80.0,80.09,76.0,70.29,69.0,65.61,65.42,67.48,67.53,72.97,89.25,82.71,75.84,70.21,66.0,65.26,62.1,50.96,49.99,48.98,46.08,46.71,49.38,56.25,69.94,70.0,69.08,68.33,66.05,65.0,64.99,64.1,58.34,60.47,69.46,71.01,63.15,60.61,45.05,45.0,42.98,37.3,37.3,37.3,35.3,37.3,37.3,48.18,54.27,57.12,55.83,55.08,51.94,50.55,49.07,48.61,48.86,50.81,60.0,67.88,64.56,48.53,44.31,42.46,38.41,40.27,36.39,35.34,34.5,35.25,36.36
39.0,38.46,39.0,55.1,66.02,77.78,80.0,75.0,64.19,65.02,71.37,64.97,66.0,67.63,81.97,84.5,81.08,70.15,62.51,63.69,62.1,60.63,50.74,52.1,49.73,48.19,54.14,70.77,80.0,80.09,76.0,70.29,69.0,65.61,65.42,67.48,67.53,72.97,89.25,82.71,75.84,70.21,66.0,65.26,62.1,50.96,49.99,48.98,46.08,46.71,49.38,56.25,69.94,70.0,69.08,68.33,66.05,65.0,64.99,64.1,58.34,60.47,69.46,71.01,63.15,60.61,45.05,45.0,42.98,37.3,37.3,37.3,35.3,37.3,37.3,48.18,54.27,57.12,55.83,55.08,51.94,50.55,49.07,48.61,48.86,50.81,60.0,67.88,64.56,48.53,44.31,42.46,38.41,40.27,36.39,35.34,34.5,35.25,36.36,41.46
38.46,39.0,55.1,66.02,77.78,80.0,75.0,64.19,65.02,71.37,64.97,66.0,67.63,81.97,84.5,81.08,70.15,62.51,63.69,62.1,60.63,50.74,52.1,49.73,48.19,54.14,70.77,80.0,80.09,76.0,70.29,69.0,65.61,65.42,67.48,67.53,72.97,89.25,82.71,75.84,70.21,66.0,65.26,62.1,50.96,49.99,48.98,46.08,46.71,49.38,56.25,69.94,70.0,69.08,68.33,66.05,65.0,64.99,64.1,58.34,60.47,69.46,71.01,63.15,60.61,45.05,45.0,42.98,37.3,37.3,37.3,35.3,37.3,37.3,48.18,54.27,57.12,55.83,55.08,51.94,50.55,49.07,48.61,48.86,50.81,60.0,67.88,64.56,48.53,44.31,42.46,38.41,40.27,36.39,35.34,34.5,35.25,36.36,41.46,59.88
39.0,55.1,66.02,77.78,80.0,75.0,64.19,65.02,71.37,64.97,66.0,67.63,81.97,84.5,81.08,70.15,62.51,63.69,62.1,60.63,50.74,52.1,49.73,48.19,54.14,70.77,80.0,80.09,76.0,70.29,69.0,65.61,65.42,67.48,67.53,72.97,89.25,82.71,75.84,70.21,66.0,65.26,62.1,50.96,49.99,48.98,46.08,46.71,49.38,56.25,69.94,70.0,69.08,68.33,66.05,65.0,64.99,64.1,58.34,60.47,69.46,71.01,63.15,60.61,45.05,45.0,42.98,37.3,37.3,37.3,35.3,37.3,37.3,48.18,54.27,57.12,55.83,55.08,51.94,50.55,49.07,48.61,48.86,50.81,60.0,67.88,64.56,48.53,44.31,42.46,38.41,40.27,36.39,35.34,34.5,35.25,36.36,41.46,59.88,61.23
55.1,66.02,77.78,80.0,75.0,64.19,65.02,71.37,64.97,66.0,67.63,81.97,84.5,81.08,70.15,62.51,63.69,62.1,60.63,50.74,52.1,49.73,48.19,54.14,70.77,80.0,80.09,76.0,70.29,69.0,65.61,65.42,67.48,67.53,72.97,89.25,82.71,75.84,70.21,66.0,65.26,62.1,50.96,49.99,48.98,46.08,46.71,49.38,56.25,69.94,70.0,69.08,68.33,66.05,65.0,64.99,64.1,58.34,60.47,69.46,71.01,63.15,60.61,45.05,45.0,42.98,37.3,37.3,37.3,35.3,37.3,37.3,48.18,54.27,57.12,55.83,55.08,51.94,50.55,49.07,48.61,48.86,50.81,60.0,67.88,64.56,48.53,44.31,42.46,38.41,40.27,36.39,35.34,34.5,35.25,36.36,41.46,59.88,61.23,63.92
66.02,77.78,80.0,75.0,64.19,65.02,71.37,64.97,66.0,67.63,81.97,84.5,81.08,70.15,62.51,63.69,62.1,60.63,50.74,52.1,49.73,48.19,54.14,70.77,80.0,80.09,76.0,70.29,69.0,65.61,65.42,67.48,67.53,72.97,89.25,82.71,75.84,70.21,66.0,65.26,62.1,50.96,49.99,48.98,46.08,46.71,49.38,56.25,69.94,70.0,69.08,68.33,66.05,65.0,64.99,64.1,58.34,60.47,69.46,71.01,63.15,60.61,45.05,45.0,42.98,37.3,37.3,37.3,35.3,37.3,37.3,48.18,54.27,57.12,55.83,55.08,51.94,50.55,49.07,48.61,48.86,50.81,60.0,67.88,64.56,48.53,44.31,42.46,38.41,40.27,36.39,35.34,34.5,35.25,36.36,41.46,59.88,61.23,63.92,60.8
77.78,80.0,75.0,64.19,65.02,71.37,64.97,66.0,67.63,81.97,84.5,81.08,70.15,62.51,63.69,62.1,60.63,50.74,52.1,49.73,48.19,54.14,70.77,80.0,80.09,76.0,70.29,69.0,65.61,65.42,67.48,67.53,72.97,89.25,82.71,75.84,70.21,66.0,65.26,62.1,50.96,49.99,48.98,46.08,46.71,49.38,56.25,69.94,70.0,69.08,68.33,66.05,65.0,64.99,64.1,58.34,60.47,69.46,71.01,63.15,60.61,45.05,45.0,42.98,37.3,37.3,37.3,35.3,37.3,37.3,48.18,54.27,57.12,55.83,55.08,51.94,50.55,49.07,48.61,48.86,50.81,60.0,67.88,64.56,48.53,44.31,42.46,38.41,40.27,36.39,35.34,34.5,35.25,36.36,41.46,59.88,61.23,63.92,60.8,57.41
80.0,75.0,64.19,65.02,71.37,64.97,66.0,67.63,81.97,84.5,81.08,70.15,62.51,63.69,62.1,60.63,50.74,52.1,49.73,48.19,54.14,70.77,80.0,80.09,76.0,70.29,69.0,65.61,65.42,67.48,67.53,72.97,89.25,82.71,75.84,70.21,66.0,65.26,62.1,50.96,49.99,48.98,46.08,46.71,49.38,56.25,69.94,70.0,69.08,68.33,66.05,65.0,64.99,64.1,58.34,60.47,69.46,71.01,63.15,60.61,45.05,45.0,42.98,37.3,37.3,37.3,35.3,37.3,37.3,48.18,54.27,57.12,55.83,55.08,51.94,50.55,49.07,48.61,48.86,50.81,60.0,67.88,64.56,48.53,44.31,42.46,38.41,40.27,36.39,35.34,34.5,35.25,36.36,41.46,59.88,61.23,63.92,60.8,57.41,51.69
75.0,64.19,65.02,71.37,64.97,66.0,67.63,81.97,84.5,81.08,70.15,62.51,63.69,62.1,60.63,50.74,52.1,49.73,48.19,54.14,70.77,80.0,80.09,76.0,70.29,69.0,65.61,65.42,67.48,67.53,72.97,89.25,82.71,75.84,70.21,66.0,65.26,62.1,50.96,49.99,48.98,46.08,46.71,49.38,56.25,69.94,70.0,69.08,68.33,66.05,65.0,64.99,64.1,58.34,60.47,69.46,71.01,63.15,60.61,45.05,45.0,42.98,37.3,37.3,37.3,35.3,37.3,37.3,48.18,54.27,57.12,55.83,55.08,51.94,50.55,49.07,48.61,48.86,50.81,60.0,67.88,64.56,48.53,44.31,42.46,38.41,40.27,36.39,35.34,34.5,35.25,36.36,41.46,59.88,61.23,63.92,60.8,57.41,51.69,52.69
64.19,65.02,71.37,64.97,66.0,67.63,81.97,84.5,81.08,70.15,62.51,63.69,62.1,60.63,50.74,52.1,49.73,48.19,54.14,70.77,80.0,80.09,76.0,70.29,69.0,65.61,65.42,67.48,67.53,72.97,89.25,82.71,75.84,70.21,66.0,65.26,62.1,50.96,49.99,48.98,46.08,46.71,49.38,56.25,69.94,70.0,69.08,68.33,66.05,65.0,64.99,64.1,58.34,60.47,69.46,71.01,63.15,60.61,45.05,45.0,42.98,37.3,37.3,37.3,35.3,37.3,37.3,48.18,54.27,57.12,55.83,55.08,51.94,50.55,49.07,48.61,48.86,50.81,60.0,67.88,64.56,48.53,44.31,42.46,38.41,40.27,36.39,35.34,34.5,35.25,36.36,41.46,59.88,61.23,63.92,60.8,57.41,51.69,52.69,55.07
65.02,71.37,64.97,66.0,67.63,81.97,84.5,81.08,70.15,62.51,63.69,62.1,60.63,50.74,52.1,49.73,48.19,54.14,70.77,80.0,80.09,76.0,70.29,69.0,65.61,65.42,67.48,67.53,72.97,89.25,82.71,75.84,70.21,66.0,65.26,62.1,50.96,49.99,48.98,46.08,46.71,49.38,56.25,69.94,70.0,69.08,68.33,66.05,65.0,64.99,64.1,58.34,60.47,69.46,71.01,63.15,60.61,45.05,45.0,42.98,37.3,37.3,37.3,35.3,37.3,37.3,48.18,54.27,57.12,55.83,55.08,51.94,50.55,49.07,48.61,48.86,50.81,60.0,67.88,64.56,48.53,44.31,42.46,38.41,40.27,36.39,35.34,34.5,35.25,36.36,41.46,59.88,61.23,63.92,60.8,57.41,51.69,52.69,55.07,55.74
71.37,64.97,66.0,67.63,81.97,84.5,81.08,70.15,62.51,63.69,62.1,60.63,50.74,52.1,49.73,48.19,54.14,70.77,80.0,80.09,76.0,70.29,69.0,65.61,65.42,67.48,67.53,72.97,89.25,82.71,75.84,70.21,66.0,65.26,62.1,50.96,49.99,48.98,46.08,46.71,49.38,56.25,69.94,70.0,69.08,68.33,66.05,65.0,64.99,64.1,58.34,60.47,69.46,71.01,63.15,60.61,45.05,45.0,42.98,37.3,37.3,37.3,35.3,37.3,37.3,48.18,54.27,57.12,55.83,55.08,51.94,50.55,49.07,48.61,48.86,50.81,60.0,67.88,64.56,48.53,44.31,42.46,38.41,40.27,36.39,35.34,34.5,35.25,36.36,41.46,59.88,61.23,63.92,60.8,57.41,51.69,52.69,55.07,55.74,55.69
64.97,66.0,67.63,81.97,84.5,81.08,70.15,62.51,63.69,62.1,60.63,50.74,52.1,49.73,48.19,54.14,70.77,80.0,80.09,76.0,70.29,69.0,65.61,65.42,67.48,67.53,72.97,89.25,82.71,75.84,70.21,66.0,65.26,62.1,50.96,49.99,48.98,46.08,46.71,49.38,56.25,69.94,70.0,69.08,68.33,66.05,65.0,64.99,64.1,58.34,60.47,69.46,71.01,63.15,60.61,45.05,45.0,42.98,37.3,37.3,37.3,35.3,37.3,37.3,48.18,54.27,57.12,55.83,55.08,51.94,50.55,49.07,48.61,48.86,50.81,60.0,67.88,64.56,48.53,44.31,42.46,38.41,40.27,36.39,35.34,34.5,35.25,36.36,41.46,59.88,61.23,63.92,60.8,57.41,51.69,52.69,55.07,55.74,55.69,66.0
66.0,67.63,81.97,84.5,81.08,70.15,62.51,63.69,62.1,60.63,50.74,52.1,49.73,48.19,54.14,70.77,80.0,80.09,76.0,70.29,69.0,65.61,65.42,67.48,67.53,72.97,89.25,82.71,75.84,70.21,66.0,65.26,62.1,50.96,49.99,48.98,46.08,46.71,49.38,56.25,69.94,70.0,69.08,68.33,66.05,65.0,64.99,64.1,58.34,60.47,69.46,71.01,63.15,60.61,45.05,45.0,42.98,37.3,37.3,37.3,35.3,37.3,37.3,48.18,54.27,57.12,55.83,55.08,51.94,50.55,49.07,48.61,48.86,50.81,60.0,67.88,64.56,48.53,44.31,42.46,38.41,40.27,36.39,35.34,34.5,35.25,36.36,41.46,59.88,61.23,63.92,60.8,57.41,51.69,52.69,55.07,55.74,55.69,66.0,68.33
67.63,81.97,84.5,81.08,70.15,62.51,63.69,62.1,60.63,50.74,52.1,49.73,48.19,54.14,70.77,80.0,80.09,76.0,70.29,69.0,65.61,65.42,67.48,67.53,72.97,89.25,82.71,75.84,70.21,66.0,65.26,62.1,50.96,49.99,48.98,46.08,46.71,49.38,56.25,69.94,70.0,69.08,68.33,66.05,65.0,64.99,64.1,58.34,60.47,69.46,71.01,63.15,60.61,45.05,45.0,42.98,37.3,37.3,37.3,35.3,37.3,37.3,48.18,54.27,57.12,55.83,55.08,51.94,50.55,49.07,48.61,48.86,50.81,60.0,67.88,64.56,48.53,44.31,42.46,38.41,40.27,36.39,35.34,34.5,35.25,36.36,41.46,59.88,61.23,63.92,60.8,57.41,51.69,52.69,55.07,55.74,55.69,66.0,68.33,66.0
81.97,84.5,81.08,70.15,62.51,63.69,62.1,60.63,50.74,52.1,49.73,48.19,54.14,70.77,80.0,80.09,76.0,70.29,69.0,65.61,65.42,67.48,67.53,72.97,89.25,82.71,75.84,70.21,66.0,65.26,62.1,50.96,49.99,48.98,46.08,46.71,49.38,56.25,69.94,70.0,69.08,68.33,66.05,65.0,64.99,64.1,58.34,60.47,69.46,71.01,63.15,60.61,45.05,45.0,42.98,37.3,37.3,37.3,35.3,37.3,37.3,48.18,54.27,57.12,55.83,55.08,51.94,50.55,49.07,48.61,48.86,50.81,60.0,67.88,64.56,48.53,44.31,42.46,38.41,40.27,36.39,35.34,34.5,35.25,36.36,41.46,59.88,61.23,63.92,60.8,57.41,51.69,52.69,55.07,55.74,55.69,66.0,68.33,66.0,59.6
84.5,81.08,70.15,62.51,63.69,62.1,60.63,50.74,52.1,49.73,48.19,54.14,70.77,80.0,80.09,76.0,70.29,69.0,65.61,65.42,67.48,67.53,72.97,89.25,82.71,75.84,70.21,66.0,65.26,62.1,50.96,49.99,48.98,46.08,46.71,49.38,56.25,69.94,70.0,69.08,68.33,66.05,65.0,64.99,64.1,58.34,60.47,69.46,71.01,63.15,60.61,45.05,45.0,42.98,37.3,37.3,37.3,35.3,37.3,37.3,48.18,54.27,57.12,55.83,55.08,51.94,50.55,49.07,48.61,48.86,50.81,60.0,67.88,64.56,48.53,44.31,42.46,38.41,40.27,36.39,35.34,34.5,35.25,36.36,41.46,59.88,61.23,63.92,60.8,57.41,51.69,52.69,55.07,55.74,55.69,66.0,68.33,66.0,59.6,38.8
81.08,70.15,62.51,63.69,62.1,60.63,50.74,52.1,49.73,48.19,54.14,70.77,80.0,80.09,76.0,70.29,69.0,65.61,65.42,67.48,67.53,72.97,89.25,82.71,75.84,70.21,66.0,65.26,62.1,50.96,49.99,48.98,46.08,46.71,49.38,56.25,69.94,70.0,69.08,68.33,66.05,65.0,64.99,64.1,58.34,60.47,69.46,71.01,63.15,60.61,45.05,45.0,42.98,37.3,37.3,37.3,35.3,37.3,37.3,48.18,54.27,57.12,55.83,55.08,51.94,50.55,49.07,48.61,48.86,50.81,60.0,67.88,64.56,48.53,44.31,42.46,38.41,40.27,36.39,35.34,34.5,35.25,36.36,41.46,59.88,61.23,63.92,60.8,57.41,51.69,52.69,55.07,55.74,55.69,66.0,68.33,66.0,59.6,38.8,44.33
70.15,62.51,63.69,62.1,60.63,50.74,52.1,49.73,48.19,54.14,70.77,80.0,80.09,76.0,70.29,69.0,65.61,65.42,67.48,67.53,72.97,89.25,82.71,75.84,70.21,66.0,65.26,62.1,50.96,49.99,48.98,46.08,46.71,49.38,56.25,69.94,70.0,69.08,68.33,66.05,65.0,64.99,64.1,58.34,60.47,69.46,71.01,63.15,60.61,45.05,45.0,42.98,37.3,37.3,37.3,35.3,37.3,37.3,48.18,54.27,57.12,55.83,55.08,51.94,50.55,49.07,48.61,48.86,50.81,60.0,67.88,64.56,48.53,44.31,42.46,38.41,40.27,36.39,35.34,34.5,35.25,36.36,41.46,59.88,61.23,63.92,60.8,57.41,51.69,52.69,55.07,55.74,55.69,66.0,68.33,66.0,59.6,38.8,44.33,40.0
62.51,63.69,62.1,60.63,50.74,52.1,49.73,48.19,54.14,70.77,80.0,80.09,76.0,70.29,69.0,65.61,65.42,67.48,67.53,72.97,89.25,82.71,75.84,70.21,66.0,65.26,62.1,50.96,49.99,48.98,46.08,46.71,49.38,56.25,69.94,70.0,69.08,68.33,66.05,65.0,64.99,64.1,58.34,60.47,69.46,71.01,63.15,60.61,45.05,45.0,42.98,37.3,37.3,37.3,35.3,37.3,37.3,48.18,54.27,57.12,55.83,55.08,51.94,50.55,49.07,48.61,48.86,50.81,60.0,67.88,64.56,48.53,44.31,42.46,38.41,40.27,36.39,35.34,34.5,35.25,36.36,41.46,59.88,61.23,63.92,60.8,57.41,51.69,52.69,55.07,55.74,55.69,66.0,68.33,66.0,59.6,38.8,44.33,40.0,48.12
63.69,62.1,60.63,50.74,52.1,49.73,48.19,54.14,70.77,80.0,80.09,76.0,70.29,69.0,65.61,65.42,67.48,67.53,72.97,89.25,82.71,75.84,70.21,66.0,65.26,62.1,50.96,49.99,48.98,46.08,46.71,49.38,56.25,69.94,70.0,69.08,68.33,66.05,65.0,64.99,64.1,58.34,60.47,69.46,71.01,63.15,60.61,45.05,45.0,42.98,37.3,37.3,37.3,35.3,37.3,37.3,48.18,54.27,57.12,55.83,55.08,51.94,50.55,49.07,48.61,48.86,50.81,60.0,67.88,64.56,48.53,44.31,42.46,38.41,40.27,36.39,35.34,34.5,35.25,36.36,41.46,59.88,61.23,63.92,60.8,57.41,51.69,52.69,55.07,55.74,55.69,66.0,68.33,66.0,59.6,38.8,44.33,40.0,48.12,42.05
62.1,60.63,50.74,52.1,49.73,48.19,54.14,70.77,80.0,80.09,76.0,70.29,69.0,65.61,65.42,67.48,67.53,72.97,89.25,82.71,75.84,70.21,66.0,65.26,62.1,50.96,49.99,48.98,46.08,46.71,49.38,56.25,69.94,70.0,69.08,68.33,66.05,65.0,64.99,64.1,58.34,60.47,69.46,71.01,63.15,60.61,45.05,45.0,42.98,37.3,37.3,37.3,35.3,37.3,37.3,48.18,54.27,57.12,55.83,55.08,51.94,50.55,49.07,48.61,48.86,50.81,60.0,67.88,64.56,48.53,44.31,42.46,38.41,40.27,36.39,35.34,34.5,35.25,36.36,41.46,59.88,61.23,63.92,60.8,57.41,51.69,52.69,55.07,55.74,55.69,66.0,68.33,66.0,59.6,38.8,44.33,40.0,48.12,42.05,40.2
60.63,50.74,52.1,49.73,48.19,54.14,70.77,80.0,80.09,76.0,70.29,69.0,65.61,65.42,67.48,67.53,72.97,89.25,82.71,75.84,70.21,66.0,65.26,62.1,50.96,49.99,48.98,46.08,46.71,49.38,56.25,69.94,70.0,69.08,68.33,66.05,65.0,64.99,64.1,58.34,60.47,69.46,71.01,63.15,60.61,45.05,45.0,42.98,37.3,37.3,37.3,35.3,37.3,37.3,48.18,54.27,57.12,55.83,55.08,51.94,50.55,49.07,48.61,48.86,50.81,60.0,67.88,64.56,48.53,44.31,42.46,38.41,40.27,36.39,35.34,34.5,35.25,36.36,41.46,59.88,61.23,63.92,60.8,57.41,51.69,52.69,55.07,55.74,55.69,66.0,68.33,66.0,59.6,38.8,44.33,40.0,48.12,42.05,40.2,44.14
50.74,52.1,49.73,48.19,54.14,70.77,80.0,80.09,76.0,70.29,69.0,65.61,65.42,67.48,67.53,72.97,89.25,82.71,75.84,70.21,66.0,65.26,62.1,50.96,49.99,48.98,46.08,46.71,49.38,56.25,69.94,70.0,69.08,68.33,66.05,65.0,64.99,64.1,58.34,60.47,69.46,71.01,63.15,60.61,45.05,45.0,42.98,37.3,37.3,37.3,35.3,37.3,37.3,48.18,54.27,57.12,55.83,55.08,51.94,50.55,49.07,48.61,48.86,50.81,60.0,67.88,64.56,48.53,44.31,42.46,38.41,40.27,36.39,35.34,34.5,35.25,36.36,41.46,59.88,61.23,63.92,60.8,57.41,51.69,52.69,55.07,55.74,55.69,66.0,68.33,66.0,59.6,38.8,44.33,40.0,48.12,42.05,40.2,44.14,39.7
52.1,49.73,48.19,54.14,70.77,80.0,80.09,76.0,70.29,69.0,65.61,65.42,67.48,67.53,72.97,89.25,82.71,75.84,70.21,66.0,65.26,62.1,50.96,49.99,48.98,46.08,46.71,49.38,56.25,69.94,70.0,69.08,68.33,66.05,65.0,64.99,64.1,58.34,60.47,69.46,71.01,63.15,60.61,45.05,45.0,42.98,37.3,37.3,37.3,35.3,37.3,37.3,48.18,54.27,57.12,55.83,55.08,51.94,50.55,49.07,48.61,48.86,50.81,60.0,67.88,64.56,48.53,44.31,42.46,38.41,40.27,36.39,35.34,34.5,35.25,36.36,41.46,59.88,61.23,63.92,60.8,57.41,51.69,52.69,55.07,55.74,55.69,66.0,68.33,66.0,59.6,38.8,44.33,40.0,48.12,42.05,40.2,44.14,39.7,39.7
49.73,48.19,54.14,70.77,80.0,80.09,76.0,70.29,69.0,65.61,65.42,67.48,67.53,72.97,89.25,82.71,75.84,70.21,66.0,65.26,62.1,50.96,49.99,48.98,46.08,46.71,49.38,56.25,69.94,70.0,69.08,68.33,66.05,65.0,64.99,64.1,58.34,60.47,69.46,71.01,63.15,60.61,45.05,45.0,42.98,37.3,37.3,37.3,35.3,37.3,37.3,48.18,54.27,57.12,55.83,55.08,51.94,50.55,49.07,48.61,48.86,50.81,60.0,67.88,64.56,48.53,44.31,42.46,38.41,40.27,36.39,35.34,34.5,35.25,36.36,41.46,59.88,61.23,63.92,60.8,57.41,51.69,52.69,55.07,55.74,55.69,66.0,68.33,66.0,59.6,38.8,44.33,40.0,48.12,42.05,40.2,44.14,39.7,39.7,29.0
48.19,54.14,70.77,80.0,80.09,76.0,70.29,69.0,65.61,65.42,67.48,67.53,72.97,89.25,82.71,75.84,70.21,66.0,65.26,62.1,50.96,49.99,48.98,46.08,46.71,49.38,56.25,69.94,70.0,69.08,68.33,66.05,65.0,64.99,64.1,58.34,60.47,69.46,71.01,63.15,60.61,45.05,45.0,42.98,37.3,37.3,37.3,35.3,37.3,37.3,48.18,54.27,57.12,55.83,55.08,51.94,50.55,49.07,48.61,48.86,50.81,60.0,67.88,64.56,48.53,44.31,42.46,38.41,40.27,36.39,35.34,34.5,35.25,36.36,41.46,59.88,61.23,63.92,60.8,57.41,51.69,52.69,55.07,55.74,55.69,66.0,68.33,66.0,59.6,38.8,44.33,40.0,48.12,42.05,40.2,44.14,39.7,39.7,29.0,40.0
54.14,70.77,80.0,80.09,76.0,70.29,69.0,65.61,65.42,67.48,67.53,72.97,89.25,82.71,75.84,70.21,66.0,65.26,62.1,50.96,49.99,48.98,46.08,46.71,49.38,56.25,69.94,70.0,69.08,68.33,66.05,65.0,64.99,64.1,58.34,60.47,69.46,71.01,63.15,60.61,45.05,45.0,42.98,37.3,37.3,37.3,35.3,37.3,37.3,48.18,54.27,57.12,55.83,55.08,51.94,50.55,49.07,48.61,48.86,50.81,60.0,67.88,64.56,48.53,44.31,42.46,38.41,40.27,36.39,35.34,34.5,35.25,36.36,41.46,59.88,61.23,63.92,60.8,57.41,51.69,52.69,55.07,55.74,55.69,66.0,68.33,66.0,59.6,38.8,44.33,40.0,48.12,42.05,40.2,44.14,39.7,39.7,29.0,40.0,48.68
70.77,80.0,80.09,76.0,70.29,69.0,65.61,65.42,67.48,67.53,72.97,89.25,82.71,75.84,70.21,66.0,65.26,62.1,50.96,49.99,48.98,46.08,46.71,49.38,56.25,69.94,70.0,69.08,68.33,66.05,65.0,64.99,64.1,58.34,60.47,69.46,71.01,63.15,60.61,45.05,45.0,42.98,37.3,37.3,37.3,35.3,37.3,37.3,48.18,54.27,57.12,55.83,55.08,51.94,50.55,49.07,48.61,48.86,50.81,60.0,67.88,64.56,48.53,44.31,42.46,38.41,40.27,36.39,35.34,34.5,35.25,36.36,41.46,59.88,61.23,63.92,60.8,57.41,51.69,52.69,55.07,55.74,55.69,66.0,68.33,66.0,59.6,38.8,44.33,40.0,48.12,42.05,40.2,44.14,39.7,39.7,29.0,40.0,48.68,32.56
80.0,80.09,76.0,70.29,69.0,65.61,65.42,67.48,67.53,72.97,89.25,82.71,75.84,70.21,66.0,65.26,62.1,50.96,49.99,48.98,46.08,46.71,49.38,56.25,69.94,70.0,69.08,68.33,66.05,65.0,64.99,64.1,58.34,60.47,69.46,71.01,63.15,60.61,45.05,45.0,42.98,37.3,37.3,37.3,35.3,37.3,37.3,48.18,54.27,57.12,55.83,55.08,51.94,50.55,49.07,48.61,48.86,50.81,60.0,67.88,64.56,48.53,44.31,42.46,38.41,40.27,36.39,35.34,34.5,35.25,36.36,41.46,59.88,61.23,63.92,60.8,57.41,51.69,52.69,55.07,55.74,55.69,66.0,68.33,66.0,59.6,38.8,44.33,40.0,48.12,42.05,40.2,44.14,39.7,39.7,29.0,40.0,48.68,32.56,34.13
80.09,76.0,70.29,69.0,65.61,65.42,67.48,67.53,72.97,89.25,82.71,75.84,70.21,66.0,65.26,62.1,50.96,49.99,48.98,46.08,46.71,49.38,56.25,69.94,70.0,69.08,68.33,66.05,65.0,64.99,64.1,58.34,60.47,69.46,71.01,63.15,60.61,45.05,45.0,42.98,37.3,37.3,37.3,35.3,37.3,37.3,48.18,54.27,57.12,55.83,55.08,51.94,50.55,49.07,48.61,48.86,50.81,60.0,67.88,64.56,48.53,44.31,42.46,38.41,40.27,36.39,35.34,34.5,35.25,36.36,41.46,59.88,61.23,63.92,60.8,57.41,51.69,52.69,55.07,55.74,55.69,66.0,68.33,66.0,59.6,38.8,44.33,40.0,48.12,42.05,40.2,44.14,39.7,39.7,29.0,40.0,48.68,32.56,34.13,39.8
76.0,70.29,69.0,65.61,65.42,67.48,67.53,72.97,89.25,82.71,75.84,70.21,66.0,65.26,62.1,50.96,49.99,48.98,46.08,46.71,49.38,56.25,69.94,70.0,69.08,68.33,66.05,65.0,64.99,64.1,58.34,60.47,69.46,71.01,63.15,60.61,45.05,45.0,42.98,37.3,37.3,37.3,35.3,37.3,37.3,48.18,54.27,57.12,55.83,55.08,51.94,50.55,49.07,48.61,48.86,50.81,60.0,67.88,64.56,48.53,44.31,42.46,38.41,40.27,36.39,35.34,34.5,35.25,36.36,41.46,59.88,61.23,63.92,60.8,57.41,51.69,52.69,55.07,55.74,55.69,66.0,68.33,66.0,59.6,38.8,44.33,40.0,48.12,42.05,40.2,44.14,39.7,39.7,29.0,40.0,48.68,32.56,34.13,39.8,39.8
70.29,69.0,65.61,65.42,67.48,67.53,72.97,89.25,82.71,75.84,70.21,66.0,65.26,62.1,50.96,49.99,48.98,46.08,46.71,49.38,56.25,69.94,70.0,69.08,68.33,66.05,65.0,64.99,64.1,58.34,60.47,69.46,71.01,63.15,60.61,45.05,45.0,42.98,37.3,37.3,37.3,35.3,37.3,37.3,48.18,54.27,57.12,55.83,55.08,51.94,50.55,49.07,48.61,48.86,50.81,60.0,67.88,64.56,48.53,44.31,42.46,38.41,40.27,36.39,35.34,34.5,35.25,36.36,41.46,59.88,61.23,63.92,60.8,57.41,51.69,52.69,55.07,55.74,55.69,66.0,68.33,66.0,59.6,38.8,44.33,40.0,48.12,42.05,40.2,44.14,39.7,39.7,29.0,40.0,48.68,32.56,34.13,39.8,39.8,42.18
69.0,65.61,65.42,67.48,67.53,72.97,89.25,82.71,75.84,70.21,66.0,65.26,62.1,50.96,49.99,48.98,46.08,46.71,49.38,56.25,69.94,70.0,69.08,68.33,66.05,65.0,64.99,64.1,58.34,60.47,69.46,71.01,63.15,60.61,45.05,45.0,42.98,37.3,37.3,37.3,35.3,37.3,37.3,48.18,54.27,57.12,55.83,55.08,51.94,50.55,49.07,48.61,48.86,50.81,60.0,67.88,64.56,48.53,44.31,42.46,38.41,40.27,36.39,35.34,34.5,35.25,36.36,41.46,59.88,61.23,63.92,60.8,57.41,51.69,52.69,55.07,55.74,55.69,66.0,68.33,66.0,59.6,38.8,44.33,40.0,48.12,42.05,40.2,44.14,39.7,39.7,29.0,40.0,48.68,32.56,34.13,39.8,39.8,42.18,39.8
65.61,65.42,67.48,67.53,72.97,89.25,82.71,75.84,70.21,66.0,65.26,62.1,50.96,49.99,48.98,46.08,46.71,49.38,56.25,69.94,70.0,69.08,68.33,66.05,65.0,64.99,64.1,58.34,60.47,69.46,71.01,63.15,60.61,45.05,45.0,42.98,37.3,37.3,37.3,35.3,37.3,37.3,48.18,54.27,57.12,55.83,55.08,51.94,50.55,49.07,48.61,48.86,50.81,60.0,67.88,64.56,48.53,44.31,42.46,38.41,40.27,36.39,35.34,34.5,35.25,36.36,41.46,59.88,61.23,63.92,60.8,57.41,51.69,52.69,55.07,55.74,55.69,66.0,68.33,66.0,59.6,38.8,44.33,40.0,48.12,42.05,40.2,44.14,39.7,39.7,29.0,40.0,48.68,32.56,34.13,39.8,39.8,42.18,39.8,45.29
65.42,67.48,67.53,72.97,89.25,82.71,75.84,70.21,66.0,65.26,62.1,50.96,49.99,48.98,46.08,46.71,49.38,56.25,69.94,70.0,69.08,68.33,66.05,65.0,64.99,64.1,58.34,60.47,69.46,71.01,63.15,60.61,45.05,45.0,42.98,37.3,37.3,37.3,35.3,37.3,37.3,48.18,54.27,57.12,55.83,55.08,51.94,50.55,49.07,48.61,48.86,50.81,60.0,67.88,64.56,48.53,44.31,42.46,38.41,40.27,36.39,35.34,34.5,35.25,36.36,41.46,59.88,61.23,63.92,60.8,57.41,51.69,52.69,55.07,55.74,55.69,66.0,68.33,66.0,59.6,38.8,44.33,40.0,48.12,42.05,40.2,44.14,39.7,39.7,29.0,40.0,48.68,32.56,34.13,39.8,39.8,42.18,39.8,45.29,49.93
67.48,67.53,72.97,89.25,82.71,75.84,70.21,66.0,65.26,62.1,50.96,49.99,48.98,46.08,46.71,49.38,56.25,69.94,70.0,69.08,68.33,66.05,65.0,64.99,64.1,58.34,60.47,69.46,71.01,63.15,60.61,45.05,45.0,42.98,37.3,37.3,37.3,35.3,37.3,37.3,48.18,54.27,57.12,55.83,55.08,51.94,50.55,49.07,48.61,48.86,50.81,60.0,67.88,64.56,48.53,44.31,42.46,38.41,40.27,36.39,35.34,34.5,35.25,36.36,41.46,59.88,61.23,63.92,60.8,57.41,51.69,52.69,55.07,55.74,55.69,66.0,68.33,66.0,59.6,38.8,44.33,40.0,48.12,42.05,40.2,44.14,39.7,39.7,29.0,40.0,48.68,32.56,34.13,39.8,39.8,42.18,39.8,45.29,49.93,54.8
67.53,72.97,89.25,82.71,75.84,70.21,66.0,65.26,62.1,50.96,49.99,48.98,46.08,46.71,49.38,56.25,69.94,70.0,69.08,68.33,66.05,65.0,64.99,64.1,58.34,60.47,69.46,71.01,63.15,60.61,45.05,45.0,42.98,37.3,37.3,37.3,35.3,37.3,37.3,48.18,54.27,57.12,55.83,55.08,51.94,50.55,49.07,48.61,48.86,50.81,60.0,67.88,64.56,48.53,44.31,42.46,38.41,40.27,36.39,35.34,34.5,35.25,36.36,41.46,59.88,61.23,63.92,60.8,57.41,51.69,52.69,55.07,55.74,55.69,66.0,68.33,66.0,59.6,38.8,44.33,40.0,48.12,42.05,40.2,44.14,39.7,39.7,29.0,40.0,48.68,32.56,34.13,39.8,39.8,42.18,39.8,45.29,49.93,54.8,45.46
72.97,89.25,82.71,75.84,70.21,66.0,65.26,62.1,50.96,49.99,48.98,46.08,46.71,49.38,56.25,69.94,70.0,69.08,68.33,66.05,65.0,64.99,64.1,58.34,60.47,69.46,71.01,63.15,60.61,45.05,45.0,42.98,37.3,37.3,37.3,35.3,37.3,37.3,48.18,54.27,57.12,55.83,55.08,51.94,50.55,49.07,48.61,48.86,50.81,60.0,67.88,64.56,48.53,44.31,42.46,38.41,40.27,36.39,35.34,34.5,35.25,36.36,41.46,59.88,61.23,63.92,60.8,57.41,51.69,52.69,55.07,55.74,55.69,66.0,68.33,66.0,59.6,38.8,44.33,40.0,48.12,42.05,40.2,44.14,39.7,39.7,29.0,40.0,48.68,32.56,34.13,39.8,39.8,42.18,39.8,45.29,49.93,54.8,45.46,44.72
89.25,82.71,75.84,70.21,66.0,65.26,62.1,50.96,49.99,48.98,46.08,46.71,49.38,56.25,69.94,70.0,69.08,68.33,66.05,65.0,64.99,64.1,58.34,60.47,69.46,71.01,63.15,60.61,45.05,45.0,42.98,37.3,37.3,37.3,35.3,37.3,37.3,48.18,54.27,57.12,55.83,55.08,51.94,50.55,49.07,48.61,48.86,50.81,60.0,67.88,64.56,48.53,44.31,42.46,38.41,40.27,36.39,35.34,34.5,35.25,36.36,41.46,59.88,61.23,63.92,60.8,57.41,51.69,52.69,55.07,55.74,55.69,66.0,68.33,66.0,59.6,38.8,44.33,40.0,48.12,42.05,40.2,44.14,39.7,39.7,29.0,40.0,48.68,32.56,34.13,39.8,39.8,42.18,39.8,45.29,49.93,54.8,45.46,44.72,40.22
82.71,75.84,70.21,66.0,65.26,62.1,50.96,49.99,48.98,46.08,46.71,49.38,56.25,69.94,70.0,69.08,68.33,66.05,65.0,64.99,64.1,58.34,60.47,69.46,71.01,63.15,60.61,45.05,45.0,42.98,37.3,37.3,37.3,35.3,37.3,37.3,48.18,54.27,57.12,55.83,55.08,51.94,50.55,49.07,48.61,48.86,50.81,60.0,67.88,64.56,48.53,44.31,42.46,38.41,40.27,36.39,35.34,34.5,35.25,36.36,41.46,59.88,61.23,63.92,60.8,57.41,51.69,52.69,55.07,55.74,55.69,66.0,68.33,66.0,59.6,38.8,44.33,40.0,48.12,42.05,40.2,44.14,39.7,39.7,29.0,40.0,48.68,32.56,34.13,39.8,39.8,42.18,39.8,45.29,49.93,54.8,45.46,44.72,40.22,35.0
75.84,70.21,66.0,65.26,62.1,50.96,49.99,48.98,46.08,46.71,49.38,56.25,69.94,70.0,69.08,68.33,66.05,65.0,64.99,64.1,58.34,60.47,69.46,71.01,63.15,60.61,45.05,45.0,42.98,37.3,37.3,37.3,35.3,37.3,37.3,48.18,54.27,57.12,55.83,55.08,51.94,50.55,49.07,48.61,48.86,50.81,60.0,67.88,64.56,48.53,44.31,42.46,38.41,40.27,36.39,35.34,34.5,35.25,36.36,41.46,59.88,61.23,63.92,60.8,57.41,51.69,52.69,55.07,55.74,55.69,66.0,68.33,66.0,59.6,38.8,44.33,40.0,48.12,42.05,40.2,44.14,39.7,39.7,29.0,40.0,48.68,32.56,34.13,39.8,39.8,42.18,39.8,45.29,49.93,54.8,45.46,44.72,40.22,35.0,35.2
70.21,66.0,65.26,62.1,50.96,49.99,48.98,46.08,46.71,49.38,56.25,69.94,70.0,69.08,68.33,66.05,65.0,64.99,64.1,58.34,60.47,69.46,71.01,63.15,60.61,45.05,45.0,42.98,37.3,37.3,37.3,35.3,37.3,37.3,48.18,54.27,57.12,55.83,55.08,51.94,50.55,49.07,48.61,48.86,50.81,60.0,67.88,64.56,48.53,44.31,42.46,38.41,40.27,36.39,35.34,34.5,35.25,36.36,41.46,59.88,61.23,63.92,60.8,57.41,51.69,52.69,55.07,55.74,55.69,66.0,68.33,66.0,59.6,38.8,44.33,40.0,48.12,42.05,40.2,44.14,39.7,39.7,29.0,40.0,48.68,32.56,34.13,39.8,39.8,42.18,39.8,45.29,49.93,54.8,45.46,44.72,40.22,35.0,35.2,32.2
66.0,65.26,62.1,50.96,49.99,48.98,46.08,46.71,49.38,56.25,69.94,70.0,69.08,68.33,66.05,65.0,64.99,64.1,58.34,60.47,69.46,71.01,63.15,60.61,45.05,45.0,42.98,37.3,37.3,37.3,35.3,37.3,37.3,48.18,54.27,57.12,55.83,55.08,51.94,50.55,49.07,48.61,48.86,50.81,60.0,67.88,64.56,48.53,44.31,42.46,38.41,40.27,36.39,35.34,34.5,35.25,36.36,41.46,59.88,61.23,63.92,60.8,57.41,51.69,52.69,55.07,55.74,55.69,66.0,68.33,66.0,59.6,38.8,44.33,40.0,48.12,42.05,40.2,44.14,39.7,39.7,29.0,40.0,48.68,32.56,34.13,39.8,39.8,42.18,39.8,45.29,49.93,54.8,45.46,44.72,40.22,35.0,35.2,32.2,33.2
65.26,62.1,50.96,49.99,48.98,46.08,46.71,49.38,56.25,69.94,70.0,69.08,68.33,66.05,65.0,64.99,64.1,58.34,60.47,69.46,71.01,63.15,60.61,45.05,45.0,42.98,37.3,37.3,37.3,35.3,37.3,37.3,48.18,54.27,57.12,55.83,55.08,51.94,50.55,49.07,48.61,48.86,50.81,60.0,67.88,64.56,48.53,44.31,42.46,38.41,40.27,36.39,35.34,34.5,35.25,36.36,41.46,59.88,61.23,63.92,60.8,57.41,51.69,52.69,55.07,55.74,55.69,66.0,68.33,66.0,59.6,38.8,44.33,40.0,48.12,42.05,40.2,44.14,39.7,39.7,29.0,40.0,48.68,32.56,34.13,39.8,39.8,42.18,39.8,45.29,49.93,54.8,45.46,44.72,40.22,35.0,35.2,32.2,33.2,33.2
62.1,50.96,49.99,48.98,46.08,46.71,49.38,56.25,69.94,70.0,69.08,68.33,66.05,65.0,64.99,64.1,58.34,60.47,69.46,71.01,63.15,60.61,45.05,45.0,42.98,37.3,37.3,37.3,35.3,37.3,37.3,48.18,54.27,57.12,55.83,55.08,51.94,50.55,49.07,48.61,48.86,50.81,60.0,67.88,64.56,48.53,44.31,42.46,38.41,40.27,36.39,35.34,34.5,35.25,36.36,41.46,59.88,61.23,63.92,60.8,57.41,51.69,52.69,55.07,55.74,55.69,66.0,68.33,66.0,59.6,38.8,44.33,40.0,48.12,42.05,40.2,44.14,39.7,39.7,29.0,40.0,48.68,32.56,34.13,39.8,39.8,42.18,39.8,45.29,49.93,54.8,45.46,44.72,40.22,35.0,35.2,32.2,33.2,33.2,34.7
50.96,49.99,48.98,46.08,46.71,49.38,56.25,69.94,70.0,69.08,68.33,66.05,65.0,64.99,64.1,58.34,60.47,69.46,71.01,63.15,60.61,45.05,45.0,42.98,37.3,37.3,37.3,35.3,37.3,37.3,48.18,54.27,57.12,55.83,55.08,51.94,50.55,49.07,48.61,48.86,50.81,60.0,67.88,64.56,48.53,44.31,42.46,38.41,40.27,36.39,35.34,34.5,35.25,36.36,41.46,59.88,61.23,63.92,60.8,57.41,51.69,52.69,55.07,55.74,55.69,66.0,68.33,66.0,59.6,38.8,44.33,40.0,48.12,42.05,40.2,44.14,39.7,39.7,29.0,40.0,48.68,32.56,34.13,39.8,39.8,42.18,39.8,45.29,49.93,54.8,45.46,44.72,40.22,35.0,35.2,32.2,33.2,33.2,34.7,30.46
49.99,48.98,46.08,46.71,49.38,56.25,69.94,70.0,69.08,68.33,66.05,65.0,64.99,64.1,58.34,60.47,69.46,71.01,63.15,60.61,45.05,45.0,42.98,37.3,37.3,37.3,35.3,37.3,37.3,48.18,54.27,57.12,55.83,55.08,51.94,50.55,49.07,48.61,48.86,50.81,60.0,67.88,64.56,48.53,44.31,42.46,38.41,40.27,36.39,35.34,34.5,35.25,36.36,41.46,59.88,61.23,63.92,60.8,57.41,51.69,52.69,55.07,55.74,55.69,66.0,68.33,66.0,59.6,38.8,44.33,40.0,48.12,42.05,40.2,44.14,39.7,39.7,29.0,40.0,48.68,32.56,34.13,39.8,39.8,42.18,39.8,45.29,49.93,54.8,45.46,44.72,40.22,35.0,35.2,32.2,33.2,33.2,34.7,30.46,31.2
48.98,46.08,46.71,49.38,56.25,69.94,70.0,69.08,68.33,66.05,65.0,64.99,64.1,58.34,60.47,69.46,71.01,63.15,60.61,45.05,45.0,42.98,37.3,37.3,37.3,35.3,37.3,37.3,48.18,54.27,57.12,55.83,55.08,51.94,50.55,49.07,48.61,48.86,50.81,60.0,67.88,64.56,48.53,44.31,42.46,38.41,40.27,36.39,35.34,34.5,35.25,36.36,41.46,59.88,61.23,63.92,60.8,57.41,51.69,52.69,55.07,55.74,55.69,66.0,68.33,66.0,59.6,38.8,44.33,40.0,48.12,42.05,40.2,44.14,39.7,39.7,29.0,40.0,48.68,32.56,34.13,39.8,39.8,42.18,39.8,45.29,49.93,54.8,45.46,44.72,40.22,35.0,35.2,32.2,33.2,33.2,34.7,30.46,31.2,31.43
46.08,46.71,49.38,56.25,69.94,70.0,69.08,68.33,66.05,65.0,64.99,64.1,58.34,60.47,69.46,71.01,63.15,60.61,45.05,45.0,42.98,37.3,37.3,37.3,35.3,37.3,37.3,48.18,54.27,57.12,55.83,55.08,51.94,50.55,49.07,48.61,48.86,50.81,60.0,67.88,64.56,48.53,44.31,42.46,38.41,40.27,36.39,35.34,34.5,35.25,36.36,41.46,59.88,61.23,63.92,60.8,57.41,51.69,52.69,55.07,55.74,55.69,66.0,68.33,66.0,59.6,38.8,44.33,40.0,48.12,42.05,40.2,44.14,39.7,39.7,29.0,40.0,48.68,32.56,34.13,39.8,39.8,42.18,39.8,45.29,49.93,54.8,45.46,44.72,40.22,35.0,35.2,32.2,33.2,33.2,34.7,30.46,31.2,31.43,32.94
46.71,49.38,56.25,69.94,70.0,69.08,68.33,66.05,65.0,64.99,64.1,58.34,60.47,69.46,71.01,63.15,60.61,45.05,45.0,42.98,37.3,37.3,37.3,35.3,37.3,37.3,48.18,54.27,57.12,55.83,55.08,51.94,50.55,49.07,48.61,48.86,50.81,60.0,67.88,64.56,48.53,44.31,42.46,38.41,40.27,36.39,35.34,34.5,35.25,36.36,41.46,59.88,61.23,63.92,60.8,57.41,51.69,52.69,55.07,55.74,55.69,66.0,68.33,66.0,59.6,38.8,44.33,40.0,48.12,42.05,40.2,44.14,39.7,39.7,29.0,40.0,48.68,32.56,34.13,39.8,39.8,42.18,39.8,45.29,49.93,54.8,45.46,44.72,40.22,35.0,35.2,32.2,33.2,33.2,34.7,30.46,31.2,31.43,32.94,35.74
49.38,56.25,69.94,70.0,69.08,68.33,66.05,65.0,64.99,64.1,58.34,60.47,69.46,71.01,63.15,60.61,45.05,45.0,42.98,37.3,37.3,37.3,35.3,37.3,37.3,48.18,54.27,57.12,55.83,55.08,51.94,50.55,49.07,48.61,48.86,50.81,60.0,67.88,64.56,48.53,44.31,42.46,38.41,40.27,36.39,35.34,34.5,35.25,36.36,41.46,59.88,61.23,63.92,60.8,57.41,51.69,52.69,55.07,55.74,55.69,66.0,68.33,66.0,59.6,38.8,44.33,40.0,48.12,42.05,40.2,44.14,39.7,39.7,29.0,40.0,48.68,32.56,34.13,39.8,39.8,42.18,39.8,45.29,49.93,54.8,45.46,44.72,40.22,35.0,35.2,32.2,33.2,33.2,34.7,30.46,31.2,31.43,32.94,35.74,38.53
56.25,69.94,70.0,69.08,68.33,66.05,65.0,64.99,64.1,58.34,60.47,69.46,71.01,63.15,60.61,45.05,45.0,42.98,37.3,37.3,37.3,35.3,37.3,37.3,48.18,54.27,57.12,55.83,55.08,51.94,50.55,49.07,48.61,48.86,50.81,60.0,67.88,64.56,48.53,44.31,42.46,38.41,40.27,36.39,35.34,34.5,35.25,36.36,41.46,59.88,61.23,63.92,60.8,57.41,51.69,52.69,55.07,55.74,55.69,66.0,68.33,66.0,59.6,38.8,44.33,40.0,48.12,42.05,40.2,44.14,39.7,39.7,29.0,40.0,48.68,32.56,34.13,39.8,39.8,42.18,39.8,45.29,49.93,54.8,45.46,44.72,40.22,35.0,35.2,32.2,33.2,33.2,34.7,30.46,31.2,31.43,32.94,35.74,38.53,39.91
69.94,70.0,69.08,68.33,66.05,65.0,64.99,64.1,58.34,60.47,69.46,71.01,63.15,60.61,45.05,45.0,42.98,37.3,37.3,37.3,35.3,37.3,37.3,48.18,54.27,57.12,55.83,55.08,51.94,50.55,49.07,48.61,48.86,50.81,60.0,67.88,64.56,48.53,44.31,42.46,38.41,40.27,36.39,35.34,34.5,35.25,36.36,41.46,59.88,61.23,63.92,60.8,57.41,51.69,52.69,55.07,55.74,55.69,66.0,68.33,66.0,59.6,38.8,44.33,40.0,48.12,42.05,40.2,44.14,39.7,39.7,29.0,40.0,48.68,32.56,34.13,39.8,39.8,42.18,39.8,45.29,49.93,54.8,45.46,44.72,40.22,35.0,35.2,32.2,33.2,33.2,34.7,30.46,31.2,31.43,32.94,35.74,38.53,39.91,44.06
70.0,69.08,68.33,66.05,65.0,64.99,64.1,58.34,60.47,69.46,71.01,63.15,60.61,45.05,45.0,42.98,37.3,37.3,37.3,35.3,37.3,37.3,48.18,54.27,57.12,55.83,55.08,51.94,50.55,49.07,48.61,48.86,50.81,60.0,67.88,64.56,48.53,44.31,42.46,38.41,40.27,36.39,35.34,34.5,35.25,36.36,41.46,59.88,61.23,63.92,60.8,57.41,51.69,52.69,55.07,55.74,55.69,66.0,68.33,66.0,59.6,38.8,44.33,40.0,48.12,42.05,40.2,44.14,39.7,39.7,29.0,40.0,48.68,32.56,34.13,39.8,39.8,42.18,39.8,45.29,49.93,54.8,45.46,44.72,40.22,35.0,35.2,32.2,33.2,33.2,34.7,30.46,31.2,31.43,32.94,35.74,38.53,39.91,44.06,47.02
69.08,68.33,66.05,65.0,64.99,64.1,58.34,60.47,69.46,71.01,63.15,60.61,45.05,45.0,42.98,37.3,37.3,37.3,35.3,37.3,37.3,48.18,54.27,57.12,55.83,55.08,51.94,50.55,49.07,48.61,48.86,50.81,60.0,67.88,64.56,48.53,44.31,42.46,38.41,40.27,36.39,35.34,34.5,35.25,36.36,41.46,59.88,61.23,63.92,60.8,57.41,51.69,52.69,55.07,55.74,55.69,66.0,68.33,66.0,59.6,38.8,44.33,40.0,48.12,42.05,40.2,44.14,39.7,39.7,29.0,40.0,48.68,32.56,34.13,39.8,39.8,42.18,39.8,45.29,49.93,54.8,45.46,44.72,40.22,35.0,35.2,32.2,33.2,33.2,34.7,30.46,31.2,31.43,32.94,35.74,38.53,39.91,44.06,47.02,46.68
68.33,66.05,65.0,64.99,64.1,58.34,60.47,69.46,71.01,63.15,60.61,45.05,45.0,42.98,37.3,37.3,37.3,35.3,37.3,37.3,48.18,54.27,57.12,55.83,55.08,51.94,50.55,49.07,48.61,48.86,50.81,60.0,67.88,64.56,48.53,44.31,42.46,38.41,40.27,36.39,35.34,34.5,35.25,36.36,41.46,59.88,61.23,63.92,60.8,57.41,51.69,52.69,55.07,55.74,55.69,66.0,68.33,66.0,59.6,38.8,44.33,40.0,48.12,42.05,40.2,44.14,39.7,39.7,29.0,40.0,48.68,32.56,34.13,39.8,39.8,42.18,39.8,45.29,49.93,54.8,45.46,44.72,40.22,35.0,35.2,32.2,33.2,33.2,34.7,30.46,31.2,31.43,32.94,35.74,38.53,39.91,44.06,47.02,46.68,43.04
66.05,65.0,64.99,64.1,58.34,60.47,69.46,71.01,63.15,60.61,45.05,45.0,42.98,37.3,37.3,37.3,35.3,37.3,37.3,48.18,54.27,57.12,55.83,55.08,51.94,50.55,49.07,48.61,48.86,50.81,60.0,67.88,64.56,48.53,44.31,42.46,38.41,40.27,36.39,35.34,34.5,35.25,36.36,41.46,59.88,61.23,63.92,60.8,57.41,51.69,52.69,55.07,55.74,55.69,66.0,68.33,66.0,59.6,38.8,44.33,40.0,48.12,42.05,40.2,44.14,39.7,39.7,29.0,40.0,48.68,32.56,34.13,39.8,39.8,42.18,39.8,45.29,49.93,54.8,45.46,44.72,40.22,35.0,35.2,32.2,33.2,33.2,34.7,30.46,31.2,31.43,32.94,35.74,38.53,39.91,44.06,47.02,46.68,43.04,40.31
65.0,64.99,64.1,58.34,60.47,69.46,71.01,63.15,60.61,45.05,45.0,42.98,37.3,37.3,37.3,35.3,37.3,37.3,48.18,54.27,57.12,55.83,55.08,51.94,50.55,49.07,48.61,48.86,50.81,60.0,67.88,64.56,48.53,44.31,42.46,38.41,40.27,36.39,35.34,34.5,35.25,36.36,41.46,59.88,61.23,63.92,60.8,57.41,51.69,52.69,55.07,55.74,55.69,66.0,68.33,66.0,59.6,38.8,44.33,40.0,48.12,42.05,40.2,44.14,39.7,39.7,29.0,40.0,48.68,32.56,34.13,39.8,39.8,42.18,39.8,45.29,49.93,54.8,45.46,44.72,40.22,35.0,35.2,32.2,33.2,33.2,34.7,30.46,31.2,31.43,32.94,35.74,38.53,39.91,44.06,47.02,46.68,43.04,40.31,39.47
64.99,64.1,58.34,60.47,69.46,71.01,63.15,60.61,45.05,45.0,42.98,37.3,37.3,37.3,35.3,37.3,37.3,48.18,54.27,57.12,55.83,55.08,51.94,50.55,49.07,48.61,48.86,50.81,60.0,67.88,64.56,48.53,44.31,42.46,38.41,40.27,36.39,35.34,34.5,35.25,36.36,41.46,59.88,61.23,63.92,60.8,57.41,51.69,52.69,55.07,55.74,55.69,66.0,68.33,66.0,59.6,38.8,44.33,40.0,48.12,42.05,40.2,44.14,39.7,39.7,29.0,40.0,48.68,32.56,34.13,39.8,39.8,42.18,39.8,45.29,49.93,54.8,45.46,44.72,40.22,35.0,35.2,32.2,33.2,33.2,34.7,30.46,31.2,31.43,32.94,35.74,38.53,39.91,44.06,47.02,46.68,43.04,40.31,39.47,42.1
64.1,58.34,60.47,69.46,71.01,63.15,60.61,45.05,45.0,42.98,37.3,37.3,37.3,35.3,37.3,37.3,48.18,54.27,57.12,55.83,55.08,51.94,50.55,49.07,48.61,48.86,50.81,60.0,67.88,64.56,48.53,44.31,42.46,38.41,40.27,36.39,35.34,34.5,35.25,36.36,41.46,59.88,61.23,63.92,60.8,57.41,51.69,52.69,55.07,55.74,55.69,66.0,68.33,66.0,59.6,38.8,44.33,40.0,48.12,42.05,40.2,44.14,39.7,39.7,29.0,40.0,48.68,32.56,34.13,39.8,39.8,42.18,39.8,45.29,49.93,54.8,45.46,44.72,40.22,35.0,35.2,32.2,33.2,33.2,34.7,30.46,31.2,31.43,32.94,35.74,38.53,39.91,44.06,47.02,46.68,43.04,40.31,39.47,42.1,52.26
58.34,60.47,69.46,71.01,63.15,60.61,45.05,45.0,42.98,37.3,37.3,37.3,35.3,37.3,37.3,48.18,54.27,57.12,55.83,55.08,51.94,50.55,49.07,48.61,48.86,50.81,60.0,67.88,64.56,48.53,44.31,42.46,38.41,40.27,36.39,35.34,34.5,35.25,36.36,41.46,59.88,61.23,63.92,60.8,57.41,51.69,52.69,55.07,55.74,55.69,66.0,68.33,66.0,59.6,38.8,44.33,40.0,48.12,42.05,40.2,44.14,39.7,39.7,29.0,40.0,48.68,32.56,34.13,39.8,39.8,42.18,39.8,45.29,49.93,54.8,45.46,44.72,40.22,35.0,35.2,32.2,33.2,33.2,34.7,30.46,31.2,31.43,32.94,35.74,38.53,39.91,44.06,47.02,46.68,43.04,40.31,39.47,42.1,52.26,52.72
60.47,69.46,71.01,63.15,60.61,45.05,45.0,42.98,37.3,37.3,37.3,35.3,37.3,37.3,48.18,54.27,57.12,55.83,55.08,51.94,50.55,49.07,48.61,48.86,50.81,60.0,67.88,64.56,48.53,44.31,42.46,38.41,40.27,36.39,35.34,34.5,35.25,36.36,41.46,59.88,61.23,63.92,60.8,57.41,51.69,52.69,55.07,55.74,55.69,66.0,68.33,66.0,59.6,38.8,44.33,40.0,48.12,42.05,40.2,44.14,39.7,39.7,29.0,40.0,48.68,32.56,34.13,39.8,39.8,42.18,39.8,45.29,49.93,54.8,45.46,44.72,40.22,35.0,35.2,32.2,33.2,33.2,34.7,30.46,31.2,31.43,32.94,35.74,38.53,39.91,44.06,47.02,46.68,43.04,40.31,39.47,42.1,52.26,52.72,52.72
69.46,71.01,63.15,60.61,45.05,45.0,42.98,37.3,37.3,37.3,35.3,37.3,37.3,48.18,54.27,57.12,55.83,55.08,51.94,50.55,49.07,48.61,48.86,50.81,60.0,67.88,64.56,48.53,44.31,42.46,38.41,40.27,36.39,35.34,34.5,35.25,36.36,41.46,59.88,61.23,63.92,60.8,57.41,51.69,52.69,55.07,55.74,55.69,66.0,68.33,66.0,59.6,38.8,44.33,40.0,48.12,42.05,40.2,44.14,39.7,39.7,29.0,40.0,48.68,32.56,34.13,39.8,39.8,42.18,39.8,45.29,49.93,54.8,45.46,44.72,40.22,35.0,35.2,32.2,33.2,33.2,34.7,30.46,31.2,31.43,32.94,35.74,38.53,39.91,44.06,47.02,46.68,43.04,40.31,39.47,42.1,52.26,52.72,52.72,50.58
71.01,63.15,60.61,45.05,45.0,42.98,37.3,37.3,37.3,35.3,37.3,37.3,48.18,54.27,57.12,55.83,55.08,51.94,50.55,49.07,48.61,48.86,50.81,60.0,67.88,64.56,48.53,44.31,42.46,38.41,40.27,36.39,35.34,34.5,35.25,36.36,41.46,59.88,61.23,63.92,60.8,57.41,51.69,52.69,55.07,55.74,55.69,66.0,68.33,66.0,59.6,38.8,44.33,40.0,48.12,42.05,40.2,44.14,39.7,39.7,29.0,40.0,48.68,32.56,34.13,39.8,39.8,42.18,39.8,45.29,49.93,54.8,45.46,44.72,40.22,35.0,35.2,32.2,33.2,33.2,34.7,30.46,31.2,31.43,32.94,35.74,38.53,39.91,44.06,47.02,46.68,43.04,40.31,39.47,42.1,52.26,52.72,52.72,50.58,42.44
63.15,60.61,45.05,45.0,42.98,37.3,37.3,37.3,35.3,37.3,37.3,48.18,54.27,57.12,55.83,55.08,51.94,50.55,49.07,48.61,48.86,50.81,60.0,67.88,64.56,48.53,44.31,42.46,38.41,40.27,36.39,35.34,34.5,35.25,36.36,41.46,59.88,61.23,63.92,60.8,57.41,51.69,52.69,55.07,55.74,55.69,66.0,68.33,66.0,59.6,38.8,44.33,40.0,48.12,42.05,40.2,44.14,39.7,39.7,29.0,40.0,48.68,32.56,34.13,39.8,39.8,42.18,39.8,45.29,49.93,54.8,45.46,44.72,40.22,35.0,35.2,32.2,33.2,33.2,34.7,30.46,31.2,31.43,32.94,35.74,38.53,39.91,44.06,47.02,46.68,43.04,40.31,39.47,42.1,52.26,52.72,52.72,50.58,42.44,44.11
60.61,45.05,45.0,42.98,37.3,37.3,37.3,35.3,37.3,37.3,48.18,54.27,57.12,55.83,55.08,51.94,50.55,49.07,48.61,48.86,50.81,60.0,67.88,64.56,48.53,44.31,42.46,38.41,40.27,36.39,35.34,34.5,35.25,36.36,41.46,59.88,61.23,63.92,60.8,57.41,51.69,52.69,55.07,55.74,55.69,66.0,68.33,66.0,59.6,38.8,44.33,40.0,48.12,42.05,40.2,44.14,39.7,39.7,29.0,40.0,48.68,32.56,34.13,39.8,39.8,42.18,39.8,45.29,49.93,54.8,45.46,44.72,40.22,35.0,35.2,32.2,33.2,33.2,34.7,30.46,31.2,31.43,32.94,35.74,38.53,39.91,44.06,47.02,46.68,43.04,40.31,39.47,42.1,52.26,52.72,52.72,50.58,42.44,44.11,42.06
45.05,45.0,42.98,37.3,37.3,37.3,35.3,37.3,37.3,48.18,54.27,57.12,55.83,55.08,51.94,50.55,49.07,48.61,48.86,50.81,60.0,67.88,64.56,48.53,44.31,42.46,38.41,40.27,36.39,35.34,34.5,35.25,36.36,41.46,59.88,61.23,63.92,60.8,57.41,51.69,52.69,55.07,55.74,55.69,66.0,68.33,66.0,59.6,38.8,44.33,40.0,48.12,42.05,40.2,44.14,39.7,39.7,29.0,40.0,48.68,32.56,34.13,39.8,39.8,42.18,39.8,45.29,49.93,54.8,45.46,44.72,40.22,35.0,35.2,32.2,33.2,33.2,34.7,30.46,31.2,31.43,32.94,35.74,38.53,39.91,44.06,47.02,46.68,43.04,40.31,39.47,42.1,52.26,52.72,52.72,50.58,42.44,44.11,42.06,35.1
45.0,42.98,37.3,37.3,37.3,35.3,37.3,37.3,48.18,54.27,57.12,55.83,55.08,51.94,50.55,49.07,48.61,48.86,50.81,60.0,67.88,64.56,48.53,44.31,42.46,38.41,40.27,36.39,35.34,34.5,35.25,36.36,41.46,59.88,61.23,63.92,60.8,57.41,51.69,52.69,55.07,55.74,55.69,66.0,68.33,66.0,59.6,38.8,44.33,40.0,48.12,42.05,40.2,44.14,39.7,39.7,29.0,40.0,48.68,32.56,34.13,39.8,39.8,42.18,39.8,45.29,49.93,54.8,45.46,44.72,40.22,35.0,35.2,32.2,33.2,33.2,34.7,30.46,31.2,31.43,32.94,35.74,38.53,39.91,44.06,47.02,46.68,43.04,40.31,39.47,42.1,52.26,52.72,52.72,50.58,42.44,44.11,42.06,35.1,30.44
42.98,37.3,37.3,37.3,35.3,37.3,37.3,48.18,54.27,57.12,55.83,55.08,51.94,50.55,49.07,48.61,48.86,50.81,60.0,67.88,64.56,48.53,44.31,42.46,38.41,40.27,36.39,35.34,34.5,35.25,36.36,41.46,59.88,61.23,63.92,60.8,57.41,51.69,52.69,55.07,55.74,55.69,66.0,68.33,66.0,59.6,38.8,44.33,40.0,48.12,42.05,40.2,44.14,39.7,39.7,29.0,40.0,48.68,32.56,34.13,39.8,39.8,42.18,39.8,45.29,49.93,54.8,45.46,44.72,40.22,35.0,35.2,32.2,33.2,33.2,34.7,30.46,31.2,31.43,32.94,35.74,38.53,39.91,44.06,47.02,46.68,43.04,40.31,39.47,42.1,52.26,52.72,52.72,50.58,42.44,44.11,42.06,35.1,30.44,35.1
37.3,37.3,37.3,35.3,37.3,37.3,48.18,54.27,57.12,55.83,55.08,51.94,50.55,49.07,48.61,48.86,50.81,60.0,67.88,64.56,48.53,44.31,42.46,38.41,40.27,36.39,35.34,34.5,35.25,36.36,41.46,59.88,61.23,63.92,60.8,57.41,51.69,52.69,55.07,55.74,55.69,66.0,68.33,66.0,59.6,38.8,44.33,40.0,48.12,42.05,40.2,44.14,39.7,39.7,29.0,40.0,48.68,32.56,34.13,39.8,39.8,42.18,39.8,45.29,49.93,54.8,45.46,44.72,40.22,35.0,35.2,32.2,33.2,33.2,34.7,30.46,31.2,31.43,32.94,35.74,38.53,39.91,44.06,47.02,46.68,43.04,40.31,39.47,42.1,52.26,52.72,52.72,50.58,42.44,44.11,42.06,35.1,30.44,35.1,35.1
37.3,37.3,35.3,37.3,37.3,48.18,54.27,57.12,55.83,55.08,51.94,50.55,49.07,48.61,48.86,50.81,60.0,67.88,64.56,48.53,44.31,42.46,38.41,40.27,36.39,35.34,34.5,35.25,36.36,41.46,59.88,61.23,63.92,60.8,57.41,51.69,52.69,55.07,55.74,55.69,66.0,68.33,66.0,59.6,38.8,44.33,40.0,48.12,42.05,40.2,44.14,39.7,39.7,29.0,40.0,48.68,32.56,34.13,39.8,39.8,42.18,39.8,45.29,49.93,54.8,45.46,44.72,40.22,35.0,35.2,32.2,33.2,33.2,34.7,30.46,31.2,31.43,32.94,35.74,38.53,39.91,44.06,47.02,46.68,43.04,40.31,39.47,42.1,52.26,52.72,52.72,50.58,42.44,44.11,42.06,35.1,30.44,35.1,35.1,33.02
37.3,35.3,37.3,37.3,48.18,54.27,57.12,55.83,55.08,51.94,50.55,49.07,48.61,48.86,50.81,60.0,67.88,64.56,48.53,44.31,42.46,38.41,40.27,36.39,35.34,34.5,35.25,36.36,41.46,59.88,61.23,63.92,60.8,57.41,51.69,52.69,55.07,55.74,55.69,66.0,68.33,66.0,59.6,38.8,44.33,40.0,48.12,42.05,40.2,44.14,39.7,39.7,29.0,40.0,48.68,32.56,34.13,39.8,39.8,42.18,39.8,45.29,49.93,54.8,45.46,44.72,40.22,35.0,35.2,32.2,33.2,33.2,34.7,30.46,31.2,31.43,32.94,35.74,38.53,39.91,44.06,47.02,46.68,43.04,40.31,39.47,42.1,52.26,52.72,52.72,50.58,42.44,44.11,42.06,35.1,30.44,35.1,35.1,33.02,35.63
35.3,37.3,37.3,48.18,54.27,57.12,55.83,55.08,51.94,50.55,49.07,48.61,48.86,50.81,60.0,67.88,64.56,48.53,44.31,42.46,38.41,40.27,36.39,35.34,34.5,35.25,36.36,41.46,59.88,61.23,63.92,60.8,57.41,51.69,52.69,55.07,55.74,55.69,66.0,68.33,66.0,59.6,38.8,44.33,40.0,48.12,42.05,40.2,44.14,39.7,39.7,29.0,40.0,48.68,32.56,34.13,39.8,39.8,42.18,39.8,45.29,49.93,54.8,45.46,44.72,40.22,35.0,35.2,32.2,33.2,33.2,34.7,30.46,31.2,31.43,32.94,35.74,38.53,39.91,44.06,47.02,46.68,43.04,40.31,39.47,42.1,52.26,52.72,52.72,50.58,42.44,44.11,42.06,35.1,30.44,35.1,35.1,33.02,35.63,44.99
37.3,37.3,48.18,54.27,57.12,55.83,55.08,51.94,50.55,49.07,48.61,48.86,50.81,60.0,67.88,64.56,48.53,44.31,42.46,38.41,40.27,36.39,35.34,34.5,35.25,36.36,41.46,59.88,61.23,63.92,60.8,57.41,51.69,52.69,55.07,55.74,55.69,66.0,68.33,66.0,59.6,38.8,44.33,40.0,48.12,42.05,40.2,44.14,39.7,39.7,29.0,40.0,48.68,32.56,34.13,39.8,39.8,42.18,39.8,45.29,49.93,54.8,45.46,44.72,40.22,35.0,35.2,32.2,33.2,33.2,34.7,30.46,31.2,31.43,32.94,35.74,38.53,39.91,44.06,47.02,46.68,43.04,40.31,39.47,42.1,52.26,52.72,52.72,50.58,42.44,44.11,42.06,35.1,30.44,35.1,35.1,33.02,35.63,44.99,68.01
37.3,48.18,54.27,57.12,55.83,55.08,51.94,50.55,49.07,48.61,48.86,50.81,60.0,67.88,64.56,48.53,44.31,42.46,38.41,40.27,36.39,35.34,34.5,35.25,36.36,41.46,59.88,61.23,63.92,60.8,57.41,51.69,52.69,55.07,55.74,55.69,66.0,68.33,66.0,59.6,38.8,44.33,40.0,48.12,42.05,40.2,44.14,39.7,39.7,29.0,40.0,48.68,32.56,34.13,39.8,39.8,42.18,39.8,45.29,49.93,54.8,45.46,44.72,40.22,35.0,35.2,32.2,33.2,33.2,34.7,30.46,31.2,31.43,32.94,35.74,38.53,39.91,44.06,47.02,46.68,43.04,40.31,39.47,42.1,52.26,52.72,52.72,50.58,42.44,44.11,42.06,35.1,30.44,35.1,35.1,33.02,35.63,44.99,68.01,71.01
48.18,54.27,57.12,55.83,55.08,51.94,50.55,49.07,48.61,48.86,50.81,60.0,67.88,64.56,48.53,44.31,42.46,38.41,40.27,36.39,35.34,34.5,35.25,36.36,41.46,59.88,61.23,63.92,60.8,57.41,51.69,52.69,55.07,55.74,55.69,66.0,68.33,66.0,59.6,38.8,44.33,40.0,48.12,42.05,40.2,44.14,39.7,39.7,29.0,40.0,48.68,32.56,34.13,39.8,39.8,42.18,39.8,45.29,49.93,54.8,45.46,44.72,40.22,35.0,35.2,32.2,33.2,33.2,34.7,30.46,31.2,31.43,32.94,35.74,38.53,39.91,44.06,47.02,46.68,43.04,40.31,39.47,42.1,52.26,52.72,52.72,50.58,42.44,44.11,42.06,35.1,30.44,35.1,35.1,33.02,35.63,44.99,68.01,71.01,69.59
54.27,57.12,55.83,55.08,51.94,50.55,49.07,48.61,48.86,50.81,60.0,67.88,64.56,48.53,44.31,42.46,38.41,40.27,36.39,35.34,34.5,35.25,36.36,41.46,59.88,61.23,63.92,60.8,57.41,51.69,52.69,55.07,55.74,55.69,66.0,68.33,66.0,59.6,38.8,44.33,40.0,48.12,42.05,40.2,44.14,39.7,39.7,29.0,40.0,48.68,32.56,34.13,39.8,39.8,42.18,39.8,45.29,49.93,54.8,45.46,44.72,40.22,35.0,35.2,32.2,33.2,33.2,34.7,30.46,31.2,31.43,32.94,35.74,38.53,39.91,44.06,47.02,46.68,43.04,40.31,39.47,42.1,52.26,52.72,52.72,50.58,42.44,44.11,42.06,35.1,30.44,35.1,35.1,33.02,35.63,44.99,68.01,71.01,69.59,69.64
57.12,55.83,55.08,51.94,50.55,49.07,48.61,48.86,50.81,60.0,67.88,64.56,48.53,44.31,42.46,38.41,40.27,36.39,35.34,34.5,35.25,36.36,41.46,59.88,61.23,63.92,60.8,57.41,51.69,52.69,55.07,55.74,55.69,66.0,68.33,66.0,59.6,38.8,44.33,40.0,48.12,42.05,40.2,44.14,39.7,39.7,29.0,40.0,48.68,32.56,34.13,39.8,39.8,42.18,39.8,45.29,49.93,54.8,45.46,44.72,40.22,35.0,35.2,32.2,33.2,33.2,34.7,30.46,31.2,31.43,32.94,35.74,38.53,39.91,44.06,47.02,46.68,43.04,40.31,39.47,42.1,52.26,52.72,52.72,50.58,42.44,44.11,42.06,35.1,30.44,35.1,35.1,33.02,35.63,44.99,68.01,71.01,69.59,69.64,68.62
55.83,55.08,51.94,50.55,49.07,48.61,48.86,50.81,60.0,67.88,64.56,48.53,44.31,42.46,38.41,40.27,36.39,35.34,34.5,35.25,36.36,41.46,59.88,61.23,63.92,60.8,57.41,51.69,52.69,55.07,55.74,55.69,66.0,68.33,66.0,59.6,38.8,44.33,40.0,48.12,42.05,40.2,44.14,39.7,39.7,29.0,40.0,48.68,32.56,34.13,39.8,39.8,42.18,39.8,45.29,49.93,54.8,45.46,44.72,40.22,35.0,35.2,32.2,33.2,33.2,34.7,30.46,31.2,31.43,32.94,35.74,38.53,39.91,44.06,47.02,46.68,43.04,40.31,39.47,42.1,52.26,52.72,52.72,50.58,42.44,44.11,42.06,35.1,30.44,35.1,35.1,33.02,35.63,44.99,68.01,71.01,69.59,69.64,68.62,68.48
55.08,51.94,50.55,49.07,48.61,48.86,50.81,60.0,67.88,64.56,48.53,44.31,42.46,38.41,40.27,36.39,35.34,34.5,35.25,36.36,41.46,59.88,61.23,63.92,60.8,57.41,51.69,52.69,55.07,55.74,55.69,66.0,68.33,66.0,59.6,38.8,44.33,40.0,48.12,42.05,40.2,44.14,39.7,39.7,29.0,40.0,48.68,32.56,34.13,39.8,39.8,42.18,39.8,45.29,49.93,54.8,45.46,44.72,40.22,35.0,35.2,32.2,33.2,33.2,34.7,30.46,31.2,31.43,32.94,35.74,38.53,39.91,44.06,47.02,46.68,43.04,40.31,39.47,42.1,52.26,52.72,52.72,50.58,42.44,44.11,42.06,35.1,30.44,35.1,35.1,33.02,35.63,44.99,68.01,71.01,69.59,69.64,68.62,68.48,68.23
51.94,50.55,49.07,48.61,48.86,50.81,60.0,67.88,64.56,48.53,44.31,42.46,38.41,40.27,36.39,35.34,34.5,35.25,36.36,41.46,59.88,61.23,63.92,60.8,57.41,51.69,52.69,55.07,55.74,55.69,66.0,68.33,66.0,59.6,38.8,44.33,40.0,48.12,42.05,40.2,44.14,39.7,39.7,29.0,40.0,48.68,32.56,34.13,39.8,39.8,42.18,39.8,45.29,49.93,54.8,45.46,44.72,40.22,35.0,35.2,32.2,33.2,33.2,34.7,30.46,31.2,31.43,32.94,35.74,38.53,39.91,44.06,47.02,46.68,43.04,40.31,39.47,42.1,52.26,52.72,52.72,50.58,42.44,44.11,42.06,35.1,30.44,35.1,35.1,33.02,35.63,44.99,68.01,71.01,69.59,69.64,68.62,68.48,68.23,67.75
50.55,49.07,48.61,48.86,50.81,60.0,67.88,64.56,48.53,44.31,42.46,38.41,40.27,36.39,35.34,34.5,35.25,36.36,41.46,59.88,61.23,63.92,60.8,57.41,51.69,52.69,55.07,55.74,55.69,66.0,68.33,66.0,59.6,38.8,44.33,40.0,48.12,42.05,40.2,44.14,39.7,39.7,29.0,40.0,48.68,32.56,34.13,39.8,39.8,42.18,39.8,45.29,49.93,54.8,45.46,44.72,40.22,35.0,35.2,32.2,33.2,33.2,34.7,30.46,31.2,31.43,32.94,35.74,38.53,39.91,44.06,47.02,46.68,43.04,40.31,39.47,42.1,52.26,52.72,52.72,50.58,42.44,44.11,42.06,35.1,30.44,35.1,35.1,33.02,35.63,44.99,68.01,71.01,69.59,69.64,68.62,68.48,68.23,67.75,68.16
49.07,48.61,48.86,50.81,60.0,67.88,64.56,48.53,44.31,42.46,38.41,40.27,36.39,35.34,34.5,35.25,36.36,41.46,59.88,61.23,63.92,60.8,57.41,51.69,52.69,55.07,55.74,55.69,66.0,68.33,66.0,59.6,38.8,44.33,40.0,48.12,42.05,40.2,44.14,39.7,39.7,29.0,40.0,48.68,32.56,34.13,39.8,39.8,42.18,39.8,45.29,49.93,54.8,45.46,44.72,40.22,35.0,35.2,32.2,33.2,33.2,34.7,30.46,31.2,31.43,32.94,35.74,38.53,39.91,44.06,47.02,46.68,43.04,40.31,39.47,42.1,52.26,52.72,52.72,50.58,42.44,44.11,42.06,35.1,30.44,35.1,35.1,33.02,35.63,44.99,68.01,71.01,69.59,69.64,68.62,68.48,68.23,67.75,68.16,70.25
48.61,48.86,50.81,60.0,67.88,64.56,48.53,44.31,42.46,38.41,40.27,36.39,35.34,34.5,35.25,36.36,41.46,59.88,61.23,63.92,60.8,57.41,51.69,52.69,55.07,55.74,55.69,66.0,68.33,66.0,59.6,38.8,44.33,40.0,48.12,42.05,40.2,44.14,39.7,39.7,29.0,40.0,48.68,32.56,34.13,39.8,39.8,42.18,39.8,45.29,49.93,54.8,45.46,44.72,40.22,35.0,35.2,32.2,33.2,33.2,34.7,30.46,31.2,31.43,32.94,35.74,38.53,39.91,44.06,47.02,46.68,43.04,40.31,39.47,42.1,52.26,52.72,52.72,50.58,42.44,44.11,42.06,35.1,30.44,35.1,35.1,33.02,35.63,44.99,68.01,71.01,69.59,69.64,68.62,68.48,68.23,67.75,68.16,70.25,80.62
48.86,50.81,60.0,67.88,64.56,48.53,44.31,42.46,38.41,40.27,36.39,35.34,34.5,35.25,36.36,41.46,59.88,61.23,63.92,60.8,57.41,51.69,52.69,55.07,55.74,55.69,66.0,68.33,66.0,59.6,38.8,44.33,40.0,48.12,42.05,40.2,44.14,39.7,39.7,29.0,40.0,48.68,32.56,34.13,39.8,39.8,42.18,39.8,45.29,49.93,54.8,45.46,44.72,40.22,35.0,35.2,32.2,33.2,33.2,34.7,30.46,31.2,31.43,32.94,35.74,38.53,39.91,44.06,47.02,46.68,43.04,40.31,39.47,42.1,52.26,52.72,52.72,50.58,42.44,44.11,42.06,35.1,30.44,35.1,35.1,33.02,35.63,44.99,68.01,71.01,69.59,69.64,68.62,68.48,68.23,67.75,68.16,70.25,80.62,95.13
50.81,60.0,67.88,64.56,48.53,44.31,42.46,38.41,40.27,36.39,35.34,34.5,35.25,36.36,41.46,59.88,61.23,63.92,60.8,57.41,51.69,52.69,55.07,55.74,55.69,66.0,68.33,66.0,59.6,38.8,44.33,40.0,48.12,42.05,40.2,44.14,39.7,39.7,29.0,40.0,48.68,32.56,34.13,39.8,39.8,42.18,39.8,45.29,49.93,54.8,45.46,44.72,40.22,35.0,35.2,32.2,33.2,33.2,34.7,30.46,31.2,31.43,32.94,35.74,38.53,39.91,44.06,47.02,46.68,43.04,40.31,39.47,42.1,52.26,52.72,52.72,50.58,42.44,44.11,42.06,35.1,30.44,35.1,35.1,33.02,35.63,44.99,68.01,71.01,69.59,69.64,68.62,68.48,68.23,67.75,68.16,70.25,80.62,95.13,75.47
60.0,67.88,64.56,48.53,44.31,42.46,38.41,40.27,36.39,35.34,34.5,35.25,36.36,41.46,59.88,61.23,63.92,60.8,57.41,51.69,52.69,55.07,55.74,55.69,66.0,68.33,66.0,59.6,38.8,44.33,40.0,48.12,42.05,40.2,44.14,39.7,39.7,29.0,40.0,48.68,32.56,34.13,39.8,39.8,42.18,39.8,45.29,49.93,54.8,45.46,44.72,40.22,35.0,35.2,32.2,33.2,33.2,34.7,30.46,31.2,31.43,32.94,35.74,38.53,39.91,44.06,47.02,46.68,43.04,40.31,39.47,42.1,52.26,52.72,52.72,50.58,42.44,44.11,42.06,35.1,30.44,35.1,35.1,33.02,35.63,44.99,68.01,71.01,69.59,69.64,68.62,68.48,68.23,67.75,68.16,70.25,80.62,95.13,75.47,69.26
67.88,64.56,48.53,44.31,42.46,38.41,40.27,36.39,35.34,34.5,35.25,36.36,41.46,59.88,61.23,63.92,60.8,57.41,51.69,52.69,55.07,55.74,55.69,66.0,68.33,66.0,59.6,38.8,44.33,40.0,48.12,42.05,40.2,44.14,39.7,39.7,29.0,40.0,48.68,32.56,34.13,39.8,39.8,42.18,39.8,45.29,49.93,54.8,45.46,44.72,40.22,35.0,35.2,32.2,33.2,33.2,34.7,30.46,31.2,31.43,32.94,35.74,38.53,39.91,44.06,47.02,46.68,43.04,40.31,39.47,42.1,52.26,52.72,52.72,50.58,42.44,44.11,42.06,35.1,30.44,35.1,35.1,33.02,35.63,44.99,68.01,71.01,69.59,69.64,68.62,68.48,68.23,67.75,68.16,70.25,80.62,95.13,75.47,69.26,63.08
64.56,48.53,44.31,42.46,38.41,40.27,36.39,35.34,34.5,35.25,36.36,41.46,59.88,61.23,63.92,60.8,57.41,51.69,52.69,55.07,55.74,55.69,66.0,68.33,66.0,59.6,38.8,44.33,40.0,48.12,42.05,40.2,44.14,39.7,39.7,29.0,40.0,48.68,32.56,34.13,39.8,39.8,42.18,39.8,45.29,49.93,54.8,45.46,44.72,40.22,35.0,35.2,32.2,33.2,33.2,34.7,30.46,31.2,31.43,32.94,35.74,38.53,39.91,44.06,47.02,46.68,43.04,40.31,39.47,42.1,52.26,52.72,52.72,50.58,42.44,44.11,42.06,35.1,30.44,35.1,35.1,33.02,35.63,44.99,68.01,71.01,69.59,69.64,68.62,68.48,68.23,67.75,68.16,70.25,80.62,95.13,75.47,69.26,63.08,61.35
48.53,44.31,42.46,38.41,40.27,36.39,35.34,34.5,35.25,36.36,41.46,59.88,61.23,63.92,60.8,57.41,51.69,52.69,55.07,55.74,55.69,66.0,68.33,66.0,59.6,38.8,44.33,40.0,48.12,42.05,40.2,44.14,39.7,39.7,29.0,40.0,48.68,32.56,34.13,39.8,39.8,42.18,39.8,45.29,49.93,54.8,45.46,44.72,40.22,35.0,35.2,32.2,33.2,33.2,34.7,30.46,31.2,31.43,32.94,35.74,38.53,39.91,44.06,47.02,46.68,43.04,40.31,39.47,42.1,52.26,52.72,52.72,50.58,42.44,44.11,42.06,35.1,30.44,35.1,35.1,33.02,35.63,44.99,68.01,71.01,69.59,69.64,68.62,68.48,68.23,67.75,68.16,70.25,80.62,95.13,75.47,69.26,63.08,61.35,49.59
44.31,42.46,38.41,40.27,36.39,35.34,34.5,35.25,36.36,41.46,59.88,61.23,63.92,60.8,57.41,51.69,52.69,55.07,55.74,55.69,66.0,68.33,66.0,59.6,38.8,44.33,40.0,48.12,42.05,40.2,44.14,39.7,39.7,29.0,40.0,48.68,32.56,34.13,39.8,39.8,42.18,39.8,45.29,49.93,54.8,45.46,44.72,40.22,35.0,35.2,32.2,33.2,33.2,34.7,30.46,31.2,31.43,32.94,35.74,38.53,39.91,44.06,47.02,46.68,43.04,40.31,39.47,42.1,52.26,52.72,52.72,50.58,42.44,44.11,42.06,35.1,30.44,35.1,35.1,33.02,35.63,44.99,68.01,71.01,69.59,69.64,68.62,68.48,68.23,67.75,68.16,70.25,80.62,95.13,75.47,69.26,63.08,61.35,49.59,42.55
42.46,38.41,40.27,36.39,35.34,34.5,35.25,36.36,41.46,59.88,61.23,63.92,60.8,57.41,51.69,52.69,55.07,55.74,55.69,66.0,68.33,66.0,59.6,38.8,44.33,40.0,48.12,42.05,40.2,44.14,39.7,39.7,29.0,40.0,48.68,32.56,34.13,39.8,39.8,42.18,39.8,45.29,49.93,54.8,45.46,44.72,40.22,35.0,35.2,32.2,33.2,33.2,34.7,30.46,31.2,31.43,32.94,35.74,38.53,39.91,44.06,47.02,46.68,43.04,40.31,39.47,42.1,52.26,52.72,52.72,50.58,42.44,44.11,42.06,35.1,30.44,35.1,35.1,33.02,35.63,44.99,68.01,71.01,69.59,69.64,68.62,68.48,68.23,67.75,68.16,70.25,80.62,95.13,75.47,69.26,63.08,61.35,49.59,42.55,39.1
38.41,40.27,36.39,35.34,34.5,35.25,36.36,41.46,59.88,61.23,63.92,60.8,57.41,51.69,52.69,55.07,55.74,55.69,66.0,68.33,66.0,59.6,38.8,44.33,40.0,48.12,42.05,40.2,44.14,39.7,39.7,29.0,40.0,48.68,32.56,34.13,39.8,39.8,42.18,39.8,45.29,49.93,54.8,45.46,44.72,40.22,35.0,35.2,32.2,33.2,33.2,34.7,30.46,31.2,31.43,32.94,35.74,38.53,39.91,44.06,47.02,46.68,43.04,40.31,39.47,42.1,52.26,52.72,52.72,50.58,42.44,44.11,42.06,35.1,30.44,35.1,35.1,33.02,35.63,44.99,68.01,71.01,69.59,69.64,68.62,68.48,68.23,67.75,68.16,70.25,80.62,95.13,75.47,69.26,63.08,61.35,49.59,42.55,39.1,38.44
40.27,36.39,35.34,34.5,35.25,36.36,41.46,59.88,61.23,63.92,60.8,57.41,51.69,52.69,55.07,55.74,55.69,66.0,68.33,66.0,59.6,38.8,44.33,40.0,48.12,42.05,40.2,44.14,39.7,39.7,29.0,40.0,48.68,32.56,34.13,39.8,39.8,42.18,39.8,45.29,49.93,54.8,45.46,44.72,40.22,35.0,35.2,32.2,33.2,33.2,34.7,30.46,31.2,31.43,32.94,35.74,38.53,39.91,44.06,47.02,46.68,43.04,40.31,39.47,42.1,52.26,52.72,52.72,50.58,42.44,44.11,42.06,35.1,30.44,35.1,35.1,33.02,35.63,44.99,68.01,71.01,69.59,69.64,68.62,68.48,68.23,67.75,68.16,70.25,80.62,95.13,75.47,69.26,63.08,61.35,49.59,42.55,39.1,38.44,33.53
36.39,35.34,34.5,35.25,36.36,41.46,59.88,61.23,63.92,60.8,57.41,51.69,52.69,55.07,55.74,55.69,66.0,68.33,66.0,59.6,38.8,44.33,40.0,48.12,42.05,40.2,44.14,39.7,39.7,29.0,40.0,48.68,32.56,34.13,39.8,39.8,42.18,39.8,45.29,49.93,54.8,45.46,44.72,40.22,35.0,35.2,32.2,33.2,33.2,34.7,30.46,31.2,31.43,32.94,35.74,38.53,39.91,44.06,47.02,46.68,43.04,40.31,39.47,42.1,52.26,52.72,52.72,50.58,42.44,44.11,42.06,35.1,30.44,35.1,35.1,33.02,35.63,44.99,68.01,71.01,69.59,69.64,68.62,68.48,68.23,67.75,68.16,70.25,80.62,95.13,75.47,69.26,63.08,61.35,49.59,42.55,39.1,38.44,33.53,42.02
35.34,34.5,35.25,36.36,41.46,59.88,61.23,63.92,60.8,57.41,51.69,52.69,55.07,55.74,55.69,66.0,68.33,66.0,59.6,38.8,44.33,40.0,48.12,42.05,40.2,44.14,39.7,39.7,29.0,40.0,48.68,32.56,34.13,39.8,39.8,42.18,39.8,45.29,49.93,54.8,45.46,44.72,40.22,35.0,35.2,32.2,33.2,33.2,34.7,30.46,31.2,31.43,32.94,35.74,38.53,39.91,44.06,47.02,46.68,43.04,40.31,39.47,42.1,52.26,52.72,52.72,50.58,42.44,44.11,42.06,35.1,30.44,35.1,35.1,33.02,35.63,44.99,68.01,71.01,69.59,69.64,68.62,68.48,68.23,67.75,68.16,70.25,80.62,95.13,75.47,69.26,63.08,61.35,49.59,42.55,39.1,38.44,33.53,42.02,46.92
34.5,35.25,36.36,41.46,59.88,61.23,63.92,60.8,57.41,51.69,52.69,55.07,55.74,55.69,66.0,68.33,66.0,59.6,38.8,44.33,40.0,48.12,42.05,40.2,44.14,39.7,39.7,29.0,40.0,48.68,32.56,34.13,39.8,39.8,42.18,39.8,45.29,49.93,54.8,45.46,44.72,40.22,35.0,35.2,32.2,33.2,33.2,34.7,30.46,31.2,31.43,32.94,35.74,38.53,39.91,44.06,47.02,46.68,43.04,40.31,39.47,42.1,52.26,52.72,52.72,50.58,42.44,44.11,42.06,35.1,30.44,35.1,35.1,33.02,35.63,44.99,68.01,71.01,69.59,69.64,68.62,68.48,68.23,67.75,68.16,70.25,80.62,95.13,75.47,69.26,63.08,61.35,49.59,42.55,39.1,38.44,33.53,42.02,46.92,48.21
35.25,36.36,41.46,59.88,61.23,63.92,60.8,57.41,51.69,52.69,55.07,55.74,55.69,66.0,68.33,66.0,59.6,38.8,44.33,40.0,48.12,42.05,40.2,44.14,39.7,39.7,29.0,40.0,48.68,32.56,34.13,39.8,39.8,42.18,39.8,45.29,49.93,54.8,45.46,44.72,40.22,35.0,35.2,32.2,33.2,33.2,34.7,30.46,31.2,31.43,32.94,35.74,38.53,39.91,44.06,47.02,46.68,43.04,40.31,39.47,42.1,52.26,52.72,52.72,50.58,42.44,44.11,42.06,35.1,30.44,35.1,35.1,33.02,35.63,44.99,68.01,71.01,69.59,69.64,68.62,68.48,68.23,67.75,68.16,70.25,80.62,95.13,75.47,69.26,63.08,61.35,49.59,42.55,39.1,38.44,33.53,42.02,46.92,48.21,69.72
36.36,41.46,59.88,61.23,63.92,60.8,57.41,51.69,52.69,55.07,55.74,55.69,66.0,68.33,66.0,59.6,38.8,44.33,40.0,48.12,42.05,40.2,44.14,39.7,39.7,29.0,40.0,48.68,32.56,34.13,39.8,39.8,42.18,39.8,45.29,49.93,54.8,45.46,44.72,40.22,35.0,35.2,32.2,33.2,33.2,34.7,30.46,31.2,31.43,32.94,35.74,38.53,39.91,44.06,47.02,46.68,43.04,40.31,39.47,42.1,52.26,52.72,52.72,50.58,42.44,44.11,42.06,35.1,30.44,35.1,35.1,33.02,35.63,44.99,68.01,71.01,69.59,69.64,68.62,68.48,68.23,67.75,68.16,70.25,80.62,95.13,75.47,69.26,63.08,61.35,49.59,42.55,39.1,38.44,33.53,42.02,46.92,48.21,69.72,73.87
41.46,59.88,61.23,63.92,60.8,57.41,51.69,52.69,55.07,55.74,55.69,66.0,68.33,66.0,59.6,38.8,44.33,40.0,48.12,42.05,40.2,44.14,39.7,39.7,29.0,40.0,48.68,32.56,34.13,39.8,39.8,42.18,39.8,45.29,49.93,54.8,45.46,44.72,40.22,35.0,35.2,32.2,33.2,33.2,34.7,30.46,31.2,31.43,32.94,35.74,38.53,39.91,44.06,47.02,46.68,43.04,40.31,39.47,42.1,52.26,52.72,52.72,50.58,42.44,44.11,42.06,35.1,30.44,35.1,35.1,33.02,35.63,44.99,68.01,71.01,69.59,69.64,68.62,68.48,68.23,67.75,68.16,70.25,80.62,95.13,75.47,69.26,63.08,61.35,49.59,42.55,39.1,38.44,33.53,42.02,46.92,48.21,69.72,73.87,72.92
59.88,61.23,63.92,60.8,57.41,51.69,52.69,55.07,55.74,55.69,66.0,68.33,66.0,59.6,38.8,44.33,40.0,48.12,42.05,40.2,44.14,39.7,39.7,29.0,40.0,48.68,32.56,34.13,39.8,39.8,42.18,39.8,45.29,49.93,54.8,45.46,44.72,40.22,35.0,35.2,32.2,33.2,33.2,34.7,30.46,31.2,31.43,32.94,35.74,38.53,39.91,44.06,47.02,46.68,43.04,40.31,39.47,42.1,52.26,52.72,52.72,50.58,42.44,44.11,42.06,35.1,30.44,35.1,35.1,33.02,35.63,44.99,68.01,71.01,69.59,69.64,68.62,68.48,68.23,67.75,68.16,70.25,80.62,95.13,75.47,69.26,63.08,61.35,49.59,42.55,39.1,38.44,33.53,42.02,46.92,48.21,69.72,73.87,72.92,70.35
61.23,63.92,60.8,57.41,51.69,52.69,55.07,55.74,55.69,66.0,68.33,66.0,59.6,38.8,44.33,40.0,48.12,42.05,40.2,44.14,39.7,39.7,29.0,40.0,48.68,32.56,34.13,39.8,39.8,42.18,39.8,45.29,49.93,54.8,45.46,44.72,40.22,35.0,35.2,32.2,33.2,33.2,34.7,30.46,31.2,31.43,32.94,35.74,38.53,39.91,44.06,47.02,46.68,43.04,40.31,39.47,42.1,52.26,52.72,52.72,50.58,42.44,44.11,42.06,35.1,30.44,35.1,35.1,33.02,35.63,44.99,68.01,71.01,69.59,69.64,68.62,68.48,68.23,67.75,68.16,70.25,80.62,95.13,75.47,69.26,63.08,61.35,49.59,42.55,39.1,38.44,33.53,42.02,46.92,48.21,69.72,73.87,72.92,70.35,70.0
63.92,60.8,57.41,51.69,52.69,55.07,55.74,55.69,66.0,68.33,66.0,59.6,38.8,44.33,40.0,48.12,42.05,40.2,44.14,39.7,39.7,29.0,40.0,48.68,32.56,34.13,39.8,39.8,42.18,39.8,45.29,49.93,54.8,45.46,44.72,40.22,35.0,35.2,32.2,33.2,33.2,34.7,30.46,31.2,31.43,32.94,35.74,38.53,39.91,44.06,47.02,46.68,43.04,40.31,39.47,42.1,52.26,52.72,52.72,50.58,42.44,44.11,42.06,35.1,30.44,35.1,35.1,33.02,35.63,44.99,68.01,71.01,69.59,69.64,68.62,68.48,68.23,67.75,68.16,70.25,80.62,95.13,75.47,69.26,63.08,61.35,49.59,42.55,39.1,38.44,33.53,42.02,46.92,48.21,69.72,73.87,72.92,70.35,70.0,68.75
60.8,57.41,51.69,52.69,55.07,55.74,55.69,66.0,68.33,66.0,59.6,38.8,44.33,40.0,48.12,42.05,40.2,44.14,39.7,39.7,29.0,40.0,48.68,32.56,34.13,39.8,39.8,42.18,39.8,45.29,49.93,54.8,45.46,44.72,40.22,35.0,35.2,32.2,33.2,33.2,34.7,30.46,31.2,31.43,32.94,35.74,38.53,39.91,44.06,47.02,46.68,43.04,40.31,39.47,42.1,52.26,52.72,52.72,50.58,42.44,44.11,42.06,35.1,30.44,35.1,35.1,33.02,35.63,44.99,68.01,71.01,69.59,69.64,68.62,68.48,68.23,67.75,68.16,70.25,80.62,95.13,75.47,69.26,63.08,61.35,49.59,42.55,39.1,38.44,33.53,42.02,46.92,48.21,69.72,73.87,72.92,70.35,70.0,68.75,66.46
57.41,51.69,52.69,55.07,55.74,55.69,66.0,68.33,66.0,59.6,38.8,44.33,40.0,48.12,42.05,40.2,44.14,39.7,39.7,29.0,40.0,48.68,32.56,34.13,39.8,39.8,42.18,39.8,45.29,49.93,54.8,45.46,44.72,40.22,35.0,35.2,32.2,33.2,33.2,34.7,30.46,31.2,31.43,32.94,35.74,38.53,39.91,44.06,47.02,46.68,43.04,40.31,39.47,42.1,52.26,52.72,52.72,50.58,42.44,44.11,42.06,35.1,30.44,35.1,35.1,33.02,35.63,44.99,68.01,71.01,69.59,69.64,68.62,68.48,68.23,67.75,68.16,70.25,80.62,95.13,75.47,69.26,63.08,61.35,49.59,42.55,39.1,38.44,33.53,42.02,46.92,48.21,69.72,73.87,72.92,70.35,70.0,68.75,66.46,67.55
51.69,52.69,55.07,55.74,55.69,66.0,68.33,66.0,59.6,38.8,44.33,40.0,48.12,42.05,40.2,44.14,39.7,39.7,29.0,40.0,48.68,32.56,34.13,39.8,39.8,42.18,39.8,45.29,49.93,54.8,45.46,44.72,40.22,35.0,35.2,32.2,33.2,33.2,34.7,30.46,31.2,31.43,32.94,35.74,38.53,39.91,44.06,47.02,46.68,43.04,40.31,39.47,42.1,52.26,52.72,52.72,50.58,42.44,44.11,42.06,35.1,30.44,35.1,35.1,33.02,35.63,44.99,68.01,71.01,69.59,69.64,68.62,68.48,68.23,67.75,68.16,70.25,80.62,95.13,75.47,69.26,63.08,61.35,49.59,42.55,39.1,38.44,33.53,42.02,46.92,48.21,69.72,73.87,72.92,70.35,70.0,68.75,66.46,67.55,68.0
52.69,55.07,55.74,55.69,66.0,68.33,66.0,59.6,38.8,44.33,40.0,48.12,42.05,40.2,44.14,39.7,39.7,29.0,40.0,48.68,32.56,34.13,39.8,39.8,42.18,39.8,45.29,49.93,54.8,45.46,44.72,40.22,35.0,35.2,32.2,33.2,33.2,34.7,30.46,31.2,31.43,32.94,35.74,38.53,39.91,44.06,47.02,46.68,43.04,40.31,39.47,42.1,52.26,52.72,52.72,50.58,42.44,44.11,42.06,35.1,30.44,35.1,35.1,33.02,35.63,44.99,68.01,71.01,69.59,69.64,68.62,68.48,68.23,67.75,68.16,70.25,80.62,95.13,75.47,69.26,63.08,61.35,49.59,42.55,39.1,38.44,33.53,42.02,46.92,48.21,69.72,73.87,72.92,70.35,70.0,68.75,66.46,67.55,68.0,68.28
55.07,55.74,55.69,66.0,68.33,66.0,59.6,38.8,44.33,40.0,48.12,42.05,40.2,44.14,39.7,39.7,29.0,40.0,48.68,32.56,34.13,39.8,39.8,42.18,39.8,45.29,49.93,54.8,45.46,44.72,40.22,35.0,35.2,32.2,33.2,33.2,34.7,30.46,31.2,31.43,32.94,35.74,38.53,39.91,44.06,47.02,46.68,43.04,40.31,39.47,42.1,52.26,52.72,52.72,50.58,42.44,44.11,42.06,35.1,30.44,35.1,35.1,33.02,35.63,44.99,68.01,71.01,69.59,69.64,68.62,68.48,68.23,67.75,68.16,70.25,80.62,95.13,75.47,69.26,63.08,61.35,49.59,42.55,39.1,38.44,33.53,42.02,46.92,48.21,69.72,73.87,72.92,70.35,70.0,68.75,66.46,67.55,68.0,68.28,75.01
55.74,55.69,66.0,68.33,66.0,59.6,38.8,44.33,40.0,48.12,42.05,40.2,44.14,39.7,39.7,29.0,40.0,48.68,32.56,34.13,39.8,39.8,42.18,39.8,45.29,49.93,54.8,45.46,44.72,40.22,35.0,35.2,32.2,33.2,33.2,34.7,30.46,31.2,31.43,32.94,35.74,38.53,39.91,44.06,47.02,46.68,43.04,40.31,39.47,42.1,52.26,52.72,52.72,50.58,42.44,44.11,42.06,35.1,30.44,35.1,35.1,33.02,35.63,44.99,68.01,71.01,69.59,69.64,68.62,68.48,68.23,67.75,68.16,70.25,80.62,95.13,75.47,69.26,63.08,61.35,49.59,42.55,39.1,38.44,33.53,42.02,46.92,48.21,69.72,73.87,72.92,70.35,70.0,68.75,66.46,67.55,68.0,68.28,75.01,78.65
55.69,66.0,68.33,66.0,59.6,38.8,44.33,40.0,48.12,42.05,40.2,44.14,39.7,39.7,29.0,40.0,48.68,32.56,34.13,39.8,39.8,42.18,39.8,45.29,49.93,54.8,45.46,44.72,40.22,35.0,35.2,32.2,33.2,33.2,34.7,30.46,31.2,31.43,32.94,35.74,38.53,39.91,44.06,47.02,46.68,43.04,40.31,39.47,42.1,52.26,52.72,52.72,50.58,42.44,44.11,42.06,35.1,30.44,35.1,35.1,33.02,35.63,44.99,68.01,71.01,69.59,69.64,68.62,68.48,68.23,67.75,68.16,70.25,80.62,95.13,75.47,69.26,63.08,61.35,49.59,42.55,39.1,38.44,33.53,42.02,46.92,48.21,69.72,73.87,72.92,70.35,70.0,68.75,66.46,67.55,68.0,68.28,75.01,78.65,69.99
66.0,68.33,66.0,59.6,38.8,44.33,40.0,48.12,42.05,40.2,44.14,39.7,39.7,29.0,40.0,48.68,32.56,34.13,39.8,39.8,42.18,39.8,45.29,49.93,54.8,45.46,44.72,40.22,35.0,35.2,32.2,33.2,33.2,34.7,30.46,31.2,31.43,32.94,35.74,38.53,39.91,44.06,47.02,46.68,43.04,40.31,39.47,42.1,52.26,52.72,52.72,50.58,42.44,44.11,42.06,35.1,30.44,35.1,35.1,33.02,35.63,44.99,68.01,71.01,69.59,69.64,68.62,68.48,68.23,67.75,68.16,70.25,80.62,95.13,75.47,69.26,63.08,61.35,49.59,42.55,39.1,38.44,33.53,42.02,46.92,48.21,69.72,73.87,72.92,70.35,70.0,68.75,66.46,67.55,68.0,68.28,75.01,78.65,69.99,64.18
68.33,66.0,59.6,38.8,44.33,40.0,48.12,42.05,40.2,44.14,39.7,39.7,29.0,40.0,48.68,32.56,34.13,39.8,39.8,42.18,39.8,45.29,49.93,54.8,45.46,44.72,40.22,35.0,35.2,32.2,33.2,33.2,34.7,30.46,31.2,31.43,32.94,35.74,38.53,39.91,44.06,47.02,46.68,43.04,40.31,39.47,42.1,52.26,52.72,52.72,50.58,42.44,44.11,42.06,35.1,30.44,35.1,35.1,33.02,35.63,44.99,68.01,71.01,69.59,69.64,68.62,68.48,68.23,67.75,68.16,70.25,80.62,95.13,75.47,69.26,63.08,61.35,49.59,42.55,39.1,38.44,33.53,42.02,46.92,48.21,69.72,73.87,72.92,70.35,70.0,68.75,66.46,67.55,68.0,68.28,75.01,78.65,69.99,64.18,57.06
66.0,59.6,38.8,44.33,40.0,48.12,42.05,40.2,44.14,39.7,39.7,29.0,40.0,48.68,32.56,34.13,39.8,39.8,42.18,39.8,45.29,49.93,54.8,45.46,44.72,40.22,35.0,35.2,32.2,33.2,33.2,34.7,30.46,31.2,31.43,32.94,35.74,38.53,39.91,44.06,47.02,46.68,43.04,40.31,39.47,42.1,52.26,52.72,52.72,50.58,42.44,44.11,42.06,35.1,30.44,35.1,35.1,33.02,35.63,44.99,68.01,71.01,69.59,69.64,68.62,68.48,68.23,67.75,68.16,70.25,80.62,95.13,75.47,69.26,63.08,61.35,49.59,42.55,39.1,38.44,33.53,42.02,46.92,48.21,69.72,73.87,72.92,70.35,70.0,68.75,66.46,67.55,68.0,68.28,75.01,78.65,69.99,64.18,57.06,58.58
59.6,38.8,44.33,40.0,48.12,42.05,40.2,44.14,39.7,39.7,29.0,40.0,48.68,32.56,34.13,39.8,39.8,42.18,39.8,45.29,49.93,54.8,45.46,44.72,40.22,35.0,35.2,32.2,33.2,33.2,34.7,30.46,31.2,31.43,32.94,35.74,38.53,39.91,44.06,47.02,46.68,43.04,40.31,39.47,42.1,52.26,52.72,52.72,50.58,42.44,44.11,42.06,35.1,30.44,35.1,35.1,33.02,35.63,44.99,68.01,71.01,69.59,69.64,68.62,68.48,68.23,67.75,68.16,70.25,80.62,95.13,75.47,69.26,63.08,61.35,49.59,42.55,39.1,38.44,33.53,42.02,46.92,48.21,69.72,73.87,72.92,70.35,70.0,68.75,66.46,67.55,68.0,68.28,75.01,78.65,69.99,64.18,57.06,58.58,55.19
38.8,44.33,40.0,48.12,42.05,40.2,44.14,39.7,39.7,29.0,40.0,48.68,32.56,34.13,39.8,39.8,42.18,39.8,45.29,49.93,54.8,45.46,44.72,40.22,35.0,35.2,32.2,33.2,33.2,34.7,30.46,31.2,31.43,32.94,35.74,38.53,39.91,44.06,47.02,46.68,43.04,40.31,39.47,42.1,52.26,52.72,52.72,50.58,42.44,44.11,42.06,35.1,30.44,35.1,35.1,33.02,35.63,44.99,68.01,71.01,69.59,69.64,68.62,68.48,68.23,67.75,68.16,70.25,80.62,95.13,75.47,69.26,63.08,61.35,49.59,42.55,39.1,38.44,33.53,42.02,46.92,48.21,69.72,73.87,72.92,70.35,70.0,68.75,66.46,67.55,68.0,68.28,75.01,78.65,69.99,64.18,57.06,58.58,55.19,52.23
44.33,40.0,48.12,42.05,40.2,44.14,39.7,39.7,29.0,40.0,48.68,32.56,34.13,39.8,39.8,42.18,39.8,45.29,49.93,54.8,45.46,44.72,40.22,35.0,35.2,32.2,33.2,33.2,34.7,30.46,31.2,31.43,32.94,35.74,38.53,39.91,44.06,47.02,46.68,43.04,40.31,39.47,42.1,52.26,52.72,52.72,50.58,42.44,44.11,42.06,35.1,30.44,35.1,35.1,33.02,35.63,44.99,68.01,71.01,69.59,69.64,68.62,68.48,68.23,67.75,68.16,70.25,80.62,95.13,75.47,69.26,63.08,61.35,49.59,42.55,39.1,38.44,33.53,42.02,46.92,48.21,69.72,73.87,72.92,70.35,70.0,68.75,66.46,67.55,68.0,68.28,75.01,78.65,69.99,64.18,57.06,58.58,55.19,52.23,46.68
40.0,48.12,42.05,40.2,44.14,39.7,39.7,29.0,40.0,48.68,32.56,34.13,39.8,39.8,42.18,39.8,45.29,49.93,54.8,45.46,44.72,40.22,35.0,35.2,32.2,33.2,33.2,34.7,30.46,31.2,31.43,32.94,35.74,38.53,39.91,44.06,47.02,46.68,43.04,40.31,39.47,42.1,52.26,52.72,52.72,50.58,42.44,44.11,42.06,35.1,30.44,35.1,35.1,33.02,35.63,44.99,68.01,71.01,69.59,69.64,68.62,68.48,68.23,67.75,68.16,70.25,80.62,95.13,75.47,69.26,63.08,61.35,49.59,42.55,39.1,38.44,33.53,42.02,46.92,48.21,69.72,73.87,72.92,70.35,70.0,68.75,66.46,67.55,68.0,68.28,75.01,78.65,69.99,64.18,57.06,58.58,55.19,52.23,46.68,44.74
48.12,42.05,40.2,44.14,39.7,39.7,29.0,40.0,48.68,32.56,34.13,39.8,39.8,42.18,39.8,45.29,49.93,54.8,45.46,44.72,40.22,35.0,35.2,32.2,33.2,33.2,34.7,30.46,31.2,31.43,32.94,35.74,38.53,39.91,44.06,47.02,46.68,43.04,40.31,39.47,42.1,52.26,52.72,52.72,50.58,42.44,44.11,42.06,35.1,30.44,35.1,35.1,33.02,35.63,44.99,68.01,71.01,69.59,69.64,68.62,68.48,68.23,67.75,68.16,70.25,80.62,95.13,75.47,69.26,63.08,61.35,49.59,42.55,39.1,38.44,33.53,42.02,46.92,48.21,69.72,73.87,72.92,70.35,70.0,68.75,66.46,67.55,68.0,68.28,75.01,78.65,69.99,64.18,57.06,58.58,55.19,52.23,46.68,44.74,42.69
42.05,40.2,44.14,39.7,39.7,29.0,40.0,48.68,32.56,34.13,39.8,39.8,42.18,39.8,45.29,49.93,54.8,45.46,44.72,40.22,35.0,35.2,32.2,33.2,33.2,34.7,30.46,31.2,31.43,32.94,35.74,38.53,39.91,44.06,47.02,46.68,43.04,40.31,39.47,42.1,52.26,52.72,52.72,50.58,42.44,44.11,42.06,35.1,30.44,35.1,35.1,33.02,35.63,44.99,68.01,71.01,69.59,69.64,68.62,68.48,68.23,67.75,68.16,70.25,80.62,95.13,75.47,69.26,63.08,61.35,49.59,42.55,39.1,38.44,33.53,42.02,46.92,48.21,69.72,73.87,72.92,70.35,70.0,68.75,66.46,67.55,68.0,68.28,75.01,78.65,69.99,64.18,57.06,58.58,55.19,52.23,46.68,44.74,42.69,42.7
40.2,44.14,39.7,39.7,29.0,40.0,48.68,32.56,34.13,39.8,39.8,42.18,39.8,45.29,49.93,54.8,45.46,44.72,40.22,35.0,35.2,32.2,33.2,33.2,34.7,30.46,31.2,31.43,32.94,35.74,38.53,39.91,44.06,47.02,46.68,43.04,40.31,39.47,42.1,52.26,52.72,52.72,50.58,42.44,44.11,42.06,35.1,30.44,35.1,35.1,33.02,35.63,44.99,68.01,71.01,69.59,69.64,68.62,68.48,68.23,67.75,68.16,70.25,80.62,95.13,75.47,69.26,63.08,61.35,49.59,42.55,39.1,38.44,33.53,42.02,46.92,48.21,69.72,73.87,72.92,70.35,70.0,68.75,66.46,67.55,68.0,68.28,75.01,78.65,69.99,64.18,57.06,58.58,55.19,52.23,46.68,44.74,42.69,42.7,47.2
44.14,39.7,39.7,29.0,40.0,48.68,32.56,34.13,39.8,39.8,42.18,39.8,45.29,49.93,54.8,45.46,44.72,40.22,35.0,35.2,32.2,33.2,33.2,34.7,30.46,31.2,31.43,32.94,35.74,38.53,39.91,44.06,47.02,46.68,43.04,40.31,39.47,42.1,52.26,52.72,52.72,50.58,42.44,44.11,42.06,35.1,30.44,35.1,35.1,33.02,35.63,44.99,68.01,71.01,69.59,69.64,68.62,68.48,68.23,67.75,68.16,70.25,80.62,95.13,75.47,69.26,63.08,61.35,49.59,42.55,39.1,38.44,33.53,42.02,46.92,48.21,69.72,73.87,72.92,70.35,70.0,68.75,66.46,67.55,68.0,68.28,75.01,78.65,69.99,64.18,57.06,58.58,55.19,52.23,46.68,44.74,42.69,42.7,47.2,58.32
39.7,39.7,29.0,40.0,48.68,32.56,34.13,39.8,39.8,42.18,39.8,45.29,49.93,54.8,45.46,44.72,40.22,35.0,35.2,32.2,33.2,33.2,34.7,30.46,31.2,31.43,32.94,35.74,38.53,39.91,44.06,47.02,46.68,43.04,40.31,39.47,42.1,52.26,52.72,52.72,50.58,42.44,44.11,42.06,35.1,30.44,35.1,35.1,33.02,35.63,44.99,68.01,71.01,69.59,69.64,68.62,68.48,68.23,67.75,68.16,70.25,80.62,95.13,75.47,69.26,63.08,61.35,49.59,42.55,39.1,38.44,33.53,42.02,46.92,48.21,69.72,73.87,72.92,70.35,70.0,68.75,66.46,67.55,68.0,68.28,75.01,78.65,69.99,64.18,57.06,58.58,55.19,52.23,46.68,44.74,42.69,42.7,47.2,58.32,78.62
39.7,29.0,40.0,48.68,32.56,34.13,39.8,39.8,42.18,39.8,45.29,49.93,54.8,45.46,44.72,40.22,35.0,35.2,32.2,33.2,33.2,34.7,30.46,31.2,31.43,32.94,35.74,38.53,39.91,44.06,47.02,46.68,43.04,40.31,39.47,42.1,52.26,52.72,52.72,50.58,42.44,44.11,42.06,35.1,30.44,35.1,35.1,33.02,35.63,44.99,68.01,71.01,69.59,69.64,68.62,68.48,68.23,67.75,68.16,70.25,80.62,95.13,75.47,69.26,63.08,61.35,49.59,42.55,39.1,38.44,33.53,42.02,46.92,48.21,69.72,73.87,72.92,70.35,70.0,68.75,66.46,67.55,68.0,68.28,75.01,78.65,69.99,64.18,57.06,58.58,55.19,52.23,46.68,44.74,42.69,42.7,47.2,58.32,78.62,82.26
29.0,40.0,48.68,32.56,34.13,39.8,39.8,42.18,39.8,45.29,49.93,54.8,45.46,44.72,40.22,35.0,35.2,32.2,33.2,33.2,34.7,30.46,31.2,31.43,32.94,35.74,38.53,39.91,44.06,47.02,46.68,43.04,40.31,39.47,42.1,52.26,52.72,52.72,50.58,42.44,44.11,42.06,35.1,30.44,35.1,35.1,33.02,35.63,44.99,68.01,71.01,69.59,69.64,68.62,68.48,68.23,67.75,68.16,70.25,80.62,95.13,75.47,69.26,63.08,61.35,49.59,42.55,39.1,38.44,33.53,42.02,46.92,48.21,69.72,73.87,72.92,70.35,70.0,68.75,66.46,67.55,68.0,68.28,75.01,78.65,69.99,64.18,57.06,58.58,55.19,52.23,46.68,44.74,42.69,42.7,47.2,58.32,78.62,82.26,78.58
40.0,48.68,32.56,34.13,39.8,39.8,42.18,39.8,45.29,49.93,54.8,45.46,44.72,40.22,35.0,35.2,32.2,33.2,33.2,34.7,30.46,31.2,31.43,32.94,35.74,38.53,39.91,44.06,47.02,46.68,43.04,40.31,39.47,42.1,52.26,52.72,52.72,50.58,42.44,44.11,42.06,35.1,30.44,35.1,35.1,33.02,35.63,44.99,68.01,71.01,69.59,69.64,68.62,68.48,68.23,67.75,68.16,70.25,80.62,95.13,75.47,69.26,63.08,61.35,49.59,42.55,39.1,38.44,33.53,42.02,46.92,48.21,69.72,73.87,72.92,70.35,70.0,68.75,66.46,67.55,68.0,68.28,75.01,78.65,69.99,64.18,57.06,58.58,55.19,52.23,46.68,44.74,42.69,42.7,47.2,58.32,78.62,82.26,78.58,77.17
48.68,32.56,34.13,39.8,39.8,42.18,39.8,45.29,49.93,54.8,45.46,44.72,40.22,35.0,35.2,32.2,33.2,33.2,34.7,30.46,31.2,31.43,32.94,35.74,38.53,39.91,44.06,47.02,46.68,43.04,40.31,39.47,42.1,52.26,52.72,52.72,50.58,42.44,44.11,42.06,35.1,30.44,35.1,35.1,33.02,35.63,44.99,68.01,71.01,69.59,69.64,68.62,68.48,68.23,67.75,68.16,70.25,80.62,95.13,75.47,69.26,63.08,61.35,49.59,42.55,39.1,38.44,33.53,42.02,46.92,48.21,69.72,73.87,72.92,70.35,70.0,68.75,66.46,67.55,68.0,68.28,75.01,78.65,69.99,64.18,57.06,58.58,55.19,52.23,46.68,44.74,42.69,42.7,47.2,58.32,78.62,82.26,78.58,77.17,75.94
32.56,34.13,39.8,39.8,42.18,39.8,45.29,49.93,54.8,45.46,44.72,40.22,35.0,35.2,32.2,33.2,33.2,34.7,30.46,31.2,31.43,32.94,35.74,38.53,39.91,44.06,47.02,46.68,43.04,40.31,39.47,42.1,52.26,52.72,52.72,50.58,42.44,44.11,42.06,35.1,30.44,35.1,35.1,33.02,35.63,44.99,68.01,71.01,69.59,69.64,68.62,68.48,68.23,67.75,68.16,70.25,80.62,95.13,75.47,69.26,63.08,61.35,49.59,42.55,39.1,38.44,33.53,42.02,46.92,48.21,69.72,73.87,72.92,70.35,70.0,68.75,66.46,67.55,68.0,68.28,75.01,78.65,69.99,64.18,57.06,58.58,55.19,52.23,46.68,44.74,42.69,42.7,47.2,58.32,78.62,82.26,78.58,77.17,75.94,70.55
34.13,39.8,39.8,42.18,39.8,45.29,49.93,54.8,45.46,44.72,40.22,35.0,35.2,32.2,33.2,33.2,34.7,30.46,31.2,31.43,32.94,35.74,38.53,39.91,44.06,47.02,46.68,43.04,40.31,39.47,42.1,52.26,52.72,52.72,50.58,42.44,44.11,42.06,35.1,30.44,35.1,35.1,33.02,35.63,44.99,68.01,71.01,69.59,69.64,68.62,68.48,68.23,67.75,68.16,70.25,80.62,95.13,75.47,69.26,63.08,61.35,49.59,42.55,39.1,38.44,33.53,42.02,46.92,48.21,69.72,73.87,72.92,70.35,70.0,68.75,66.46,67.55,68.0,68.28,75.01,78.65,69.99,64.18,57.06,58.58,55.19,52.23,46.68,44.74,42.69,42.7,47.2,58.32,78.62,82.26,78.58,77.17,75.94,70.55,69.91
39.8,39.8,42.18,39.8,45.29,49.93,54.8,45.46,44.72,40.22,35.0,35.2,32.2,33.2,33.2,34.7,30.46,31.2,31.43,32.94,35.74,38.53,39.91,44.06,47.02,46.68,43.04,40.31,39.47,42.1,52.26,52.72,52.72,50.58,42.44,44.11,42.06,35.1,30.44,35.1,35.1,33.02,35.63,44.99,68.01,71.01,69.59,69.64,68.62,68.48,68.23,67.75,68.16,70.25,80.62,95.13,75.47,69.26,63.08,61.35,49.59,42.55,39.1,38.44,33.53,42.02,46.92,48.21,69.72,73.87,72.92,70.35,70.0,68.75,66.46,67.55,68.0,68.28,75.01,78.65,69.99,64.18,57.06,58.58,55.19,52.23,46.68,44.74,42.69,42.7,47.2,58.32,78.62,82.26,78.58,77.17,75.94,70.55,69.91,69.69
39.8,42.18,39.8,45.29,49.93,54.8,45.46,44.72,40.22,35.0,35.2,32.2,33.2,33.2,34.7,30.46,31.2,31.43,32.94,35.74,38.53,39.91,44.06,47.02,46.68,43.04,40.31,39.47,42.1,52.26,52.72,52.72,50.58,42.44,44.11,42.06,35.1,30.44,35.1,35.1,33.02,35.63,44.99,68.01,71.01,69.59,69.64,68.62,68.48,68.23,67.75,68.16,70.25,80.62,95.13,75.47,69.26,63.08,61.35,49.59,42.55,39.1,38.44,33.53,42.02,46.92,48.21,69.72,73.87,72.92,70.35,70.0,68.75,66.46,67.55,68.0,68.28,75.01,78.65,69.99,64.18,57.06,58.58,55.19,52.23,46.68,44.74,42.69,42.7,47.2,58.32,78.62,82.26,78.58,77.17,75.94,70.55,69.91,69.69,72.52
42.18,39.8,45.29,49.93,54.8,45.46,44.72,40.22,35.0,35.2,32.2,33.2,33.2,34.7,30.46,31.2,31.43,32.94,35.74,38.53,39.91,44.06,47.02,46.68,43.04,40.31,39.47,42.1,52.26,52.72,52.72,50.58,42.44,44.11,42.06,35.1,30.44,35.1,35.1,33.02,35.63,44.99,68.01,71.01,69.59,69.64,68.62,68.48,68.23,67.75,68.16,70.25,80.62,95.13,75.47,69.26,63.08,61.35,49.59,42.55,39.1,38.44,33.53,42.02,46.92,48.21,69.72,73.87,72.92,70.35,70.0,68.75,66.46,67.55,68.0,68.28,75.01,78.65,69.99,64.18,57.06,58.58,55.19,52.23,46.68,44.74,42.69,42.7,47.2,58.32,78.62,82.26,78.58,77.17,75.94,70.55,69.91,69.69,72.52,75.15
39.8,45.29,49.93,54.8,45.46,44.72,40.22,35.0,35.2,32.2,33.2,33.2,34.7,30.46,31.2,31.43,32.94,35.74,38.53,39.91,44.06,47.02,46.68,43.04,40.31,39.47,42.1,52.26,52.72,52.72,50.58,42.44,44.11,42.06,35.1,30.44,35.1,35.1,33.02,35.63,44.99,68.01,71.01,69.59,69.64,68.62,68.48,68.23,67.75,68.16,70.25,80.62,95.13,75.47,69.26,63.08,61.35,49.59,42.55,39.1,38.44,33.53,42.02,46.92,48.21,69.72,73.87,72.92,70.35,70.0,68.75,66.46,67.55,68.0,68.28,75.01,78.65,69.99,64.18,57.06,58.58,55.19,52.23,46.68,44.74,42.69,42.7,47.2,58.32,78.62,82.26,78.58,77.17,75.94,70.55,69.91,69.69,72.52,75.15,91.81
45.29,49.93,54.8,45.46,44.72,40.22,35.0,35.2,32.2,33.2,33.2,34.7,30.46,31.2,31.43,32.94,35.74,38.53,39.91,44.06,47.02,46.68,43.04,40.31,39.47,42.1,52.26,52.72,52.72,50.58,42.44,44.11,42.06,35.1,30.44,35.1,35.1,33.02,35.63,44.99,68.01,71.01,69.59,69.64,68.62,68.48,68.23,67.75,68.16,70.25,80.62,95.13,75.47,69.26,63.08,61.35,49.59,42.55,39.1,38.44,33.53,42.02,46.92,48.21,69.72,73.87,72.92,70.35,70.0,68.75,66.46,67.55,68.0,68.28,75.01,78.65,69.99,64.18,57.06,58.58,55.19,52.23,46.68,44.74,42.69,42.7,47.2,58.32,78.62,82.26,78.58,77.17,75.94,70.55,69.91,69.69,72.52,75.15,91.81,87.13
49.93,54.8,45.46,44.72,40.22,35.0,35.2,32.2,33.2,33.2,34.7,30.46,31.2,31.43,32.94,35.74,38.53,39.91,44.06,47.02,46.68,43.04,40.31,39.47,42.1,52.26,52.72,52.72,50.58,42.44,44.11,42.06,35.1,30.44,35.1,35.1,33.02,35.63,44.99,68.01,71.01,69.59,69.64,68.62,68.48,68.23,67.75,68.16,70.25,80.62,95.13,75.47,69.26,63.08,61.35,49.59,42.55,39.1,38.44,33.53,42.02,46.92,48.21,69.72,73.87,72.92,70.35,70.0,68.75,66.46,67.55,68.0,68.28,75.01,78.65,69.99,64.18,57.06,58.58,55.19,52.23,46.68,44.74,42.69,42.7,47.2,58.32,78.62,82.26,78.58,77.17,75.94,70.55,69.91,69.69,72.52,75.15,91.81,87.13,79.05
54.8,45.46,44.72,40.22,35.0,35.2,32.2,33.2,33.2,34.7,30.46,31.2,31.43,32.94,35.74,38.53,39.91,44.06,47.02,46.68,43.04,40.31,39.47,42.1,52.26,52.72,52.72,50.58,42.44,44.11,42.06,35.1,30.44,35.1,35.1,33.02,35.63,44.99,68.01,71.01,69.59,69.64,68.62,68.48,68.23,67.75,68.16,70.25,80.62,95.13,75.47,69.26,63.08,61.35,49.59,42.55,39.1,38.44,33.53,42.02,46.92,48.21,69.72,73.87,72.92,70.35,70.0,68.75,66.46,67.55,68.0,68.28,75.01,78.65,69.99,64.18,57.06,58.58,55.19,52.23,46.68,44.74,42.69,42.7,47.2,58.32,78.62,82.26,78.58,77.17,75.94,70.55,69.91,69.69,72.52,75.15,91.81,87.13,79.05,70.38
45.46,44.72,40.22,35.0,35.2,32.2,33.2,33.2,34.7,30.46,31.2,31.43,32.94,35.74,38.53,39.91,44.06,47.02,46.68,43.04,40.31,39.47,42.1,52.26,52.72,52.72,50.58,42.44,44.11,42.06,35.1,30.44,35.1,35.1,33.02,35.63,44.99,68.01,71.01,69.59,69.64,68.62,68.48,68.23,67.75,68.16,70.25,80.62,95.13,75.47,69.26,63.08,61.35,49.59,42.55,39.1,38.44,33.53,42.02,46.92,48.21,69.72,73.87,72.92,70.35,70.0,68.75,66.46,67.55,68.0,68.28,75.01,78.65,69.99,64.18,57.06,58.58,55.19,52.23,46.68,44.74,42.69,42.7,47.2,58.32,78.62,82.26,78.58,77.17,75.94,70.55,69.91,69.69,72.52,75.15,91.81,87.13,79.05,70.38,60.77
44.72,40.22,35.0,35.2,32.2,33.2,33.2,34.7,30.46,31.2,31.43,32.94,35.74,38.53,39.91,44.06,47.02,46.68,43.04,40.31,39.47,42.1,52.26,52.72,52.72,50.58,42.44,44.11,42.06,35.1,30.44,35.1,35.1,33.02,35.63,44.99,68.01,71.01,69.59,69.64,68.62,68.48,68.23,67.75,68.16,70.25,80.62,95.13,75.47,69.26,63.08,61.35,49.59,42.55,39.1,38.44,33.53,42.02,46.92,48.21,69.72,73.87,72.92,70.35,70.0,68.75,66.46,67.55,68.0,68.28,75.01,78.65,69.99,64.18,57.06,58.58,55.19,52.23,46.68,44.74,42.69,42.7,47.2,58.32,78.62,82.26,78.58,77.17,75.94,70.55,69.91,69.69,72.52,75.15,91.81,87.13,79.05,70.38,60.77,59.49
40.22,35.0,35.2,32.2,33.2,33.2,34.7,30.46,31.2,31.43,32.94,35.74,38.53,39.91,44.06,47.02,46.68,43.04,40.31,39.47,42.1,52.26,52.72,52.72,50.58,42.44,44.11,42.06,35.1,30.44,35.1,35.1,33.02,35.63,44.99,68.01,71.01,69.59,69.64,68.62,68.48,68.23,67.75,68.16,70.25,80.62,95.13,75.47,69.26,63.08,61.35,49.59,42.55,39.1,38.44,33.53,42.02,46.92,48.21,69.72,73.87,72.92,70.35,70.0,68.75,66.46,67.55,68.0,68.28,75.01,78.65,69.99,64.18,57.06,58.58,55.19,52.23,46.68,44.74,42.69,42.7,47.2,58.32,78.62,82.26,78.58,77.17,75.94,70.55,69.91,69.69,72.52,75.15,91.81,87.13,79.05,70.38,60.77,59.49,57.53
35.0,35.2,32.2,33.2,33.2,34.7,30.46,31.2,31.43,32.94,35.74,38.53,39.91,44.06,47.02,46.68,43.04,40.31,39.47,42.1,52.26,52.72,52.72,50.58,42.44,44.11,42.06,35.1,30.44,35.1,35.1,33.02,35.63,44.99,68.01,71.01,69.59,69.64,68.62,68.48,68.23,67.75,68.16,70.25,80.62,95.13,75.47,69.26,63.08,61.35,49.59,42.55,39.1,38.44,33.53,42.02,46.92,48.21,69.72,73.87,72.92,70.35,70.0,68.75,66.46,67.55,68.0,68.28,75.01,78.65,69.99,64.18,57.06,58.58,55.19,52.23,46.68,44.74,42.69,42.7,47.2,58.32,78.62,82.26,78.58,77.17,75.94,70.55,69.91,69.69,72.52,75.15,91.81,87.13,79.05,70.38,60.77,59.49,57.53,56.64
35.2,32.2,33.2,33.2,34.7,30.46,31.2,31.43,32.94,35.74,38.53,39.91,44.06,47.02,46.68,43.04,40.31,39.47,42.1,52.26,52.72,52.72,50.58,42.44,44.11,42.06,35.1,30.44,35.1,35.1,33.02,35.63,44.99,68.01,71.01,69.59,69.64,68.62,68.48,68.23,67.75,68.16,70.25,80.62,95.13,75.47,69.26,63.08,61.35,49.59,42.55,39.1,38.44,33.53,42.02,46.92,48.21,69.72,73.87,72.92,70.35,70.0,68.75,66.46,67.55,68.0,68.28,75.01,78.65,69.99,64.18,57.06,58.58,55.19,52.23,46.68,44.74,42.69,42.7,47.2,58.32,78.62,82.26,78.58,77.17,75.94,70.55,69.91,69.69,72.52,75.15,91.81,87.13,79.05,70.38,60.77,59.49,57.53,56.64,53.31
32.2,33.2,33.2,34.7,30.46,31.2,31.43,32.94,35.74,38.53,39.91,44.06,47.02,46.68,43.04,40.31,39.47,42.1,52.26,52.72,52.72,50.58,42.44,44.11,42.06,35.1,30.44,35.1,35.1,33.02,35.63,44.99,68.01,71.01,69.59,69.64,68.62,68.48,68.23,67.75,68.16,70.25,80.62,95.13,75.47,69.26,63.08,61.35,49.59,42.55,39.1,38.44,33.53,42.02,46.92,48.21,69.72,73.87,72.92,70.35,70.0,68.75,66.46,67.55,68.0,68.28,75.01,78.65,69.99,64.18,57.06,58.58,55.19,52.23,46.68,44.74,42.69,42.7,47.2,58.32,78.62,82.26,78.58,77.17,75.94,70.55,69.91,69.69,72.52,75.15,91.81,87.13,79.05,70.38,60.77,59.49,57.53,56.64,53.31,51.71
33.2,33.2,34.7,30.46,31.2,31.43,32.94,35.74,38.53,39.91,44.06,47.02,46.68,43.04,40.31,39.47,42.1,52.26,52.72,52.72,50.58,42.44,44.11,42.06,35.1,30.44,35.1,35.1,33.02,35.63,44.99,68.01,71.01,69.59,69.64,68.62,68.48,68.23,67.75,68.16,70.25,80.62,95.13,75.47,69.26,63.08,61.35,49.59,42.55,39.1,38.44,33.53,42.02,46.92,48.21,69.72,73.87,72.92,70.35,70.0,68.75,66.46,67.55,68.0,68.28,75.01,78.65,69.99,64.18,57.06,58.58,55.19,52.23,46.68,44.74,42.69,42.7,47.2,58.32,78.62,82.26,78.58,77.17,75.94,70.55,69.91,69.69,72.52,75.15,91.81,87.13,79.05,70.38,60.77,59.49,57.53,56.64,53.31,51.71,49.61
33.2,34.7,30.46,31.2,31.43,32.94,35.74,38.53,39.91,44.06,47.02,46.68,43.04,40.31,39.47,42.1,52.26,52.72,52.72,50.58,42.44,44.11,42.06,35.1,30.44,35.1,35.1,33.02,35.63,44.99,68.01,71.01,69.59,69.64,68.62,68.48,68.23,67.75,68.16,70.25,80.62,95.13,75.47,69.26,63.08,61.35,49.59,42.55,39.1,38.44,33.53,42.02,46.92,48.21,69.72,73.87,72.92,70.35,70.0,68.75,66.46,67.55,68.0,68.28,75.01,78.65,69.99,64.18,57.06,58.58,55.19,52.23,46.68,44.74,42.69,42.7,47.2,58.32,78.62,82.26,78.58,77.17,75.94,70.55,69.91,69.69,72.52,75.15,91.81,87.13,79.05,70.38,60.77,59.49,57.53,56.64,53.31,51.71,49.61,49.62
34.7,30.46,31.2,31.43,32.94,35.74,38.53,39.91,44.06,47.02,46.68,43.04,40.31,39.47,42.1,52.26,52.72,52.72,50.58,42.44,44.11,42.06,35.1,30.44,35.1,35.1,33.02,35.63,44.99,68.01,71.01,69.59,69.64,68.62,68.48,68.23,67.75,68.16,70.25,80.62,95.13,75.47,69.26,63.08,61.35,49.59,42.55,39.1,38.44,33.53,42.02,46.92,48.21,69.72,73.87,72.92,70.35,70.0,68.75,66.46,67.55,68.0,68.28,75.01,78.65,69.99,64.18,57.06,58.58,55.19,52.23,46.68,44.74,42.69,42.7,47.2,58.32,78.62,82.26,78.58,77.17,75.94,70.55,69.91,69.69,72.52,75.15,91.81,87.13,79.05,70.38,60.77,59.49,57.53,56.64,53.31,51.71,49.61,49.62,53.35
30.46,31.2,31.43,32.94,35.74,38.53,39.91,44.06,47.02,46.68,43.04,40.31,39.47,42.1,52.26,52.72,52.72,50.58,42.44,44.11,42.06,35.1,30.44,35.1,35.1,33.02,35.63,44.99,68.01,71.01,69.59,69.64,68.62,68.48,68.23,67.75,68.16,70.25,80.62,95.13,75.47,69.26,63.08,61.35,49.59,42.55,39.1,38.44,33.53,42.02,46.92,48.21,69.72,73.87,72.92,70.35,70.0,68.75,66.46,67.55,68.0,68.28,75.01,78.65,69.99,64.18,57.06,58.58,55.19,52.23,46.68,44.74,42.69,42.7,47.2,58.32,78.62,82.26,78.58,77.17,75.94,70.55,69.91,69.69,72.52,75.15,91.81,87.13,79.05,70.38,60.77,59.49,57.53,56.64,53.31,51.71,49.61,49.62,53.35,59.66
31.2,31.43,32.94,35.74,38.53,39.91,44.06,47.02,46.68,43.04,40.31,39.47,42.1,52.26,52.72,52.72,50.58,42.44,44.11,42.06,35.1,30.44,35.1,35.1,33.02,35.63,44.99,68.01,71.01,69.59,69.64,68.62,68.48,68.23,67.75,68.16,70.25,80.62,95.13,75.47,69.26,63.08,61.35,49.59,42.55,39.1,38.44,33.53,42.02,46.92,48.21,69.72,73.87,72.92,70.35,70.0,68.75,66.46,67.55,68.0,68.28,75.01,78.65,69.99,64.18,57.06,58.58,55.19,52.23,46.68,44.74,42.69,42.7,47.2,58.32,78.62,82.26,78.58,77.17,75.94,70.55,69.91,69.69,72.52,75.15,91.81,87.13,79.05,70.38,60.77,59.49,57.53,56.64,53.31,51.71,49.61,49.62,53.35,59.66,76.92
31.43,32.94,35.74,38.53,39.91,44.06,47.02,46.68,43.04,40.31,39.47,42.1,52.26,52.72,52.72,50.58,42.44,44.11,42.06,35.1,30.44,35.1,35.1,33.02,35.63,44.99,68.01,71.01,69.59,69.64,68.62,68.48,68.23,67.75,68.16,70.25,80.62,95.13,75.47,69.26,63.08,61.35,49.59,42.55,39.1,38.44,33.53,42.02,46.92,48.21,69.72,73.87,72.92,70.35,70.0,68.75,66.46,67.55,68.0,68.28,75.01,78.65,69.99,64.18,57.06,58.58,55.19,52.23,46.68,44.74,42.69,42.7,47.2,58.32,78.62,82.26,78.58,77.17,75.94,70.55,69.91,69.69,72.52,75.15,91.81,87.13,79.05,70.38,60.77,59.49,57.53,56.64,53.31,51.71,49.61,49.62,53.35,59.66,76.92,80.44
32.94,35.74,38.53,39.91,44.06,47.02,46.68,43.04,40.31,39.47,42.1,52.26,52.72,52.72,50.58,42.44,44.11,42.06,35.1,30.44,35.1,35.1,33.02,35.63,44.99,68.01,71.01,69.59,69.64,68.62,68.48,68.23,67.75,68.16,70.25,80.62,95.13,75.47,69.26,63.08,61.35,49.59,42.55,39.1,38.44,33.53,42.02,46.92,48.21,69.72,73.87,72.92,70.35,70.0,68.75,66.46,67.55,68.0,68.28,75.01,78.65,69.99,64.18,57.06,58.58,55.19,52.23,46.68,44.74,42.69,42.7,47.2,58.32,78.62,82.26,78.58,77.17,75.94,70.55,69.91,69.69,72.52,75.15,91.81,87.13,79.05,70.38,60.77,59.49,57.53,56.64,53.31,51.71,49.61,49.62,53.35,59.66,76.92,80.44,75.24
35.74,38.53,39.91,44.06,47.02,46.68,43.04,40.31,39.47,42.1,52.26,52.72,52.72,50.58,42.44,44.11,42.06,35.1,30.44,35.1,35.1,33.02,35.63,44.99,68.01,71.01,69.59,69.64,68.62,68.48,68.23,67.75,68.16,70.25,80.62,95.13,75.47,69.26,63.08,61.35,49.59,42.55,39.1,38.44,33.53,42.02,46.92,48.21,69.72,73.87,72.92,70.35,70.0,68.75,66.46,67.55,68.0,68.28,75.01,78.65,69.99,64.18,57.06,58.58,55.19,52.23,46.68,44.74,42.69,42.7,47.2,58.32,78.62,82.26,78.58,77.17,75.94,70.55,69.91,69.69,72.52,75.15,91.81,87.13,79.05,70.38,60.77,59.49,57.53,56.64,53.31,51.71,49.61,49.62,53.35,59.66,76.92,80.44,75.24,74.24
38.53,39.91,44.06,47.02,46.68,43.04,40.31,39.47,42.1,52.26,52.72,52.72,50.58,42.44,44.11,42.06,35.1,30.44,35.1,35.1,33.02,35.63,44.99,68.01,71.01,69.59,69.64,68.62,68.48,68.23,67.75,68.16,70.25,80.62,95.13,75.47,69.26,63.08,61.35,49.59,42.55,39.1,38.44,33.53,42.02,46.92,48.21,69.72,73.87,72.92,70.35,70.0,68.75,66.46,67.55,68.0,68.28,75.01,78.65,69.99,64.18,57.06,58.58,55.19,52.23,46.68,44.74,42.69,42.7,47.2,58.32,78.62,82.26,78.58,77.17,75.94,70.55,69.91,69.69,72.52,75.15,91.81,87.13,79.05,70.38,60.77,59.49,57.53,56.64,53.31,51.71,49.61,49.62,53.35,59.66,76.92,80.44,75.24,74.24,72.99
39.91,44.06,47.02,46.68,43.04,40.31,39.47,42.1,52.26,52.72,52.72,50.58,42.44,44.11,42.06,35.1,30.44,35.1,35.1,33.02,35.63,44.99,68.01,71.01,69.59,69.64,68.62,68.48,68.23,67.75,68.16,70.25,80.62,95.13,75.47,69.26,63.08,61.35,49.59,42.55,39.1,38.44,33.53,42.02,46.92,48.21,69.72,73.87,72.92,70.35,70.0,68.75,66.46,67.55,68.0,68.28,75.01,78.65,69.99,64.18,57.06,58.58,55.19,52.23,46.68,44.74,42.69,42.7,47.2,58.32,78.62,82.26,78.58,77.17,75.94,70.55,69.91,69.69,72.52,75.15,91.81,87.13,79.05,70.38,60.77,59.49,57.53,56.64,53.31,51.71,49.61,49.62,53.35,59.66,76.92,80.44,75.24,74.24,72.99,69.63
44.06,47.02,46.68,43.04,40.31,39.47,42.1,52.26,52.72,52.72,50.58,42.44,44.11,42.06,35.1,30.44,35.1,35.1,33.02,35.63,44.99,68.01,71.01,69.59,69.64,68.62,68.48,68.23,67.75,68.16,70.25,80.62,95.13,75.47,69.26,63.08,61.35,49.59,42.55,39.1,38.44,33.53,42.02,46.92,48.21,69.72,73.87,72.92,70.35,70.0,68.75,66.46,67.55,68.0,68.28,75.01,78.65,69.99,64.18,57.06,58.58,55.19,52.23,46.68,44.74,42.69,42.7,47.2,58.32,78.62,82.26,78.58,77.17,75.94,70.55,69.91,69.69,72.52,75.15,91.81,87.13,79.05,70.38,60.77,59.49,57.53,56.64,53.31,51.71,49.61,49.62,53.35,59.66,76.92,80.44,75.24,74.24,72.99,69.63,68.85
47.02,46.68,43.04,40.31,39.47,42.1,52.26,52.72,52.72,50.58,42.44,44.11,42.06,35.1,30.44,35.1,35.1,33.02,35.63,44.99,68.01,71.01,69.59,69.64,68.62,68.48,68.23,67.75,68.16,70.25,80.62,95.13,75.47,69.26,63.08,61.35,49.59,42.55,39.1,38.44,33.53,42.02,46.92,48.21,69.72,73.87,72.92,70.35,70.0,68.75,66.46,67.55,68.0,68.28,75.01,78.65,69.99,64.18,57.06,58.58,55.19,52.23,46.68,44.74,42.69,42.7,47.2,58.32,78.62,82.26,78.58,77.17,75.94,70.55,69.91,69.69,72.52,75.15,91.81,87.13,79.05,70.38,60.77,59.49,57.53,56.64,53.31,51.71,49.61,49.62,53.35,59.66,76.92,80.44,75.24,74.24,72.99,69.63,68.85,67.31
46.68,43.04,40.31,39.47,42.1,52.26,52.72,52.72,50.58,42.44,44.11,42.06,35.1,30.44,35.1,35.1,33.02,35.63,44.99,68.01,71.01,69.59,69.64,68.62,68.48,68.23,67.75,68.16,70.25,80.62,95.13,75.47,69.26,63.08,61.35,49.59,42.55,39.1,38.44,33.53,42.02,46.92,48.21,69.72,73.87,72.92,70.35,70.0,68.75,66.46,67.55,68.0,68.28,75.01,78.65,69.99,64.18,57.06,58.58,55.19,52.23,46.68,44.74,42.69,42.7,47.2,58.32,78.62,82.26,78.58,77.17,75.94,70.55,69.91,69.69,72.52,75.15,91.81,87.13,79.05,70.38,60.77,59.49,57.53,56.64,53.31,51.71,49.61,49.62,53.35,59.66,76.92,80.44,75.24,74.24,72.99,69.63,68.85,67.31,69.52
43.04,40.31,39.47,42.1,52.26,52.72,52.72,50.58,42.44,44.11,42.06,35.1,30.44,35.1,35.1,33.02,35.63,44.99,68.01,71.01,69.59,69.64,68.62,68.48,68.23,67.75,68.16,70.25,80.62,95.13,75.47,69.26,63.08,61.35,49.59,42.55,39.1,38.44,33.53,42.02,46.92,48.21,69.72,73.87,72.92,70.35,70.0,68.75,66.46,67.55,68.0,68.28,75.01,78.65,69.99,64.18,57.06,58.58,55.19,52.23,46.68,44.74,42.69,42.7,47.2,58.32,78.62,82.26,78.58,77.17,75.94,70.55,69.91,69.69,72.52,75.15,91.81,87.13,79.05,70.38,60.77,59.49,57.53,56.64,53.31,51.71,49.61,49.62,53.35,59.66,76.92,80.44,75.24,74.24,72.99,69.63,68.85,67.31,69.52,74.23
40.31,39.47,42.1,52.26,52.72,52.72,50.58,42.44,44.11,42.06,35.1,30.44,35.1,35.1,33.02,35.63,44.99,68.01,71.01,69.59,69.64,68.62,68.48,68.23,67.75,68.16,70.25,80.62,95.13,75.47,69.26,63.08,61.35,49.59,42.55,39.1,38.44,33.53,42.02,46.92,48.21,69.72,73.87,72.92,70.35,70.0,68.75,66.46,67.55,68.0,68.28,75.01,78.65,69.99,64.18,57.06,58.58,55.19,52.23,46.68,44.74,42.69,42.7,47.2,58.32,78.62,82.26,78.58,77.17,75.94,70.55,69.91,69.69,72.52,75.15,91.81,87.13,79.05,70.38,60.77,59.49,57.53,56.64,53.31,51.71,49.61,49.62,53.35,59.66,76.92,80.44,75.24,74.24,72.99,69.63,68.85,67.31,69.52,74.23,81.26
39.47,42.1,52.26,52.72,52.72,50.58,42.44,44.11,42.06,35.1,30.44,35.1,35.1,33.02,35.63,44.99,68.01,71.01,69.59,69.64,68.62,68.48,68.23,67.75,68.16,70.25,80.62,95.13,75.47,69.26,63.08,61.35,49.59,42.55,39.1,38.44,33.53,42.02,46.92,48.21,69.72,73.87,72.92,70.35,70.0,68.75,66.46,67.55,68.0,68.28,75.01,78.65,69.99,64.18,57.06,58.58,55.19,52.23,46.68,44.74,42.69,42.7,47.2,58.32,78.62,82.26,78.58,77.17,75.94,70.55,69.91,69.69,72.52,75.15,91.81,87.13,79.05,70.38,60.77,59.49,57.53,56.64,53.31,51.71,49.61,49.62,53.35,59.66,76.92,80.44,75.24,74.24,72.99,69.63,68.85,67.31,69.52,74.23,81.26,78.89
42.1,52.26,52.72,52.72,50.58,42.44,44.11,42.06,35.1,30.44,35.1,35.1,33.02,35.63,44.99,68.01,71.01,69.59,69.64,68.62,68.48,68.23,67.75,68.16,70.25,80.62,95.13,75.47,69.26,63.08,61.35,49.59,42.55,39.1,38.44,33.53,42.02,46.92,48.21,69.72,73.87,72.92,70.35,70.0,68.75,66.46,67.55,68.0,68.28,75.01,78.65,69.99,64.18,57.06,58.58,55.19,52.23,46.68,44.74,42.69,42.7,47.2,58.32,78.62,82.26,78.58,77.17,75.94,70.55,69.91,69.69,72.52,75.15,91.81,87.13,79.05,70.38,60.77,59.49,57.53,56.64,53.31,51.71,49.61,49.62,53.35,59.66,76.92,80.44,75.24,74.24,72.99,69.63,68.85,67.31,69.52,74.23,81.26,78.89,74.78
52.26,52.72,52.72,50.58,42.44,44.11,42.06,35.1,30.44,35.1,35.1,33.02,35.63,44.99,68.01,71.01,69.59,69.64,68.62,68.48,68.23,67.75,68.16,70.25,80.62,95.13,75.47,69.26,63.08,61.35,49.59,42.55,39.1,38.44,33.53,42.02,46.92,48.21,69.72,73.87,72.92,70.35,70.0,68.75,66.46,67.55,68.0,68.28,75.01,78.65,69.99,64.18,57.06,58.58,55.19,52.23,46.68,44.74,42.69,42.7,47.2,58.32,78.62,82.26,78.58,77.17,75.94,70.55,69.91,69.69,72.52,75.15,91.81,87.13,79.05,70.38,60.77,59.49,57.53,56.64,53.31,51.71,49.61,49.62,53.35,59.66,76.92,80.44,75.24,74.24,72.99,69.63,68.85,67.31,69.52,74.23,81.26,78.89,74.78,65.43
52.72,52.72,50.58,42.44,44.11,42.06,35.1,30.44,35.1,35.1,33.02,35.63,44.99,68.01,71.01,69.59,69.64,68.62,68.48,68.23,67.75,68.16,70.25,80.62,95.13,75.47,69.26,63.08,61.35,49.59,42.55,39.1,38.44,33.53,42.02,46.92,48.21,69.72,73.87,72.92,70.35,70.0,68.75,66.46,67.55,68.0,68.28,75.01,78.65,69.99,64.18,57.06,58.58,55.19,52.23,46.68,44.74,42.69,42.7,47.2,58.32,78.62,82.26,78.58,77.17,75.94,70.55,69.91,69.69,72.52,75.15,91.81,87.13,79.05,70.38,60.77,59.49,57.53,56.64,53.31,51.71,49.61,49.62,53.35,59.66,76.92,80.44,75.24,74.24,72.99,69.63,68.85,67.31,69.52,74.23,81.26,78.89,74.78,65.43,59.77
52.72,50.58,42.44,44.11,42.06,35.1,30.44,35.1,35.1,33.02,35.63,44.99,68.01,71.01,69.59,69.64,68.62,68.48,68.23,67.75,68.16,70.25,80.62,95.13,75.47,69.26,63.08,61.35,49.59,42.55,39.1,38.44,33.53,42.02,46.92,48.21,69.72,73.87,72.92,70.35,70.0,68.75,66.46,67.55,68.0,68.28,75.01,78.65,69.99,64.18,57.06,58.58,55.19,52.23,46.68,44.74,42.69,42.7,47.2,58.32,78.62,82.26,78.58,77.17,75.94,70.55,69.91,69.69,72.52,75.15,91.81,87.13,79.05,70.38,60.77,59.49,57.53,56.64,53.31,51.71,49.61,49.62,53.35,59.66,76.92,80.44,75.24,74.24,72.99,69.63,68.85,67.31,69.52,74.23,81.26,78.89,74.78,65.43,59.77,61.65
50.58,42.44,44.11,42.06,35.1,30.44,35.1,35.1,33.02,35.63,44.99,68.01,71.01,69.59,69.64,68.62,68.48,68.23,67.75,68.16,70.25,80.62,95.13,75.47,69.26,63.08,61.35,49.59,42.55,39.1,38.44,33.53,42.02,46.92,48.21,69.72,73.87,72.92,70.35,70.0,68.75,66.46,67.55,68.0,68.28,75.01,78.65,69.99,64.18,57.06,58.58,55.19,52.23,46.68,44.74,42.69,42.7,47.2,58.32,78.62,82.26,78.58,77.17,75.94,70.55,69.91,69.69,72.52,75.15,91.81,87.13,79.05,70.38,60.77,59.49,57.53,56.64,53.31,51.71,49.61,49.62,53.35,59.66,76.92,80.44,75.24,74.24,72.99,69.63,68.85,67.31,69.52,74.23,81.26,78.89,74.78,65.43,59.77,61.65,60.01
42.44,44.11,42.06,35.1,30.44,35.1,35.1,33.02,35.63,44.99,68.01,71.01,69.59,69.64,68.62,68.48,68.23,67.75,68.16,70.25,80.62,95.13,75.47,69.26,63.08,61.35,49.59,42.55,39.1,38.44,33.53,42.02,46.92,48.21,69.72,73.87,72.92,70.35,70.0,68.75,66.46,67.55,68.0,68.28,75.01,78.65,69.99,64.18,57.06,58.58,55.19,52.23,46.68,44.74,42.69,42.7,47.2,58.32,78.62,82.26,78.58,77.17,75.94,70.55,69.91,69.69,72.52,75.15,91.81,87.13,79.05,70.38,60.77,59.49,57.53,56.64,53.31,51.71,49.61,49.62,53.35,59.66,76.92,80.44,75.24,74.24,72.99,69.63,68.85,67.31,69.52,74.23,81.26,78.89,74.78,65.43,59.77,61.65,60.01,53.1
44.11,42.06,35.1,30.44,35.1,35.1,33.02,35.63,44.99,68.01,71.01,69.59,69.64,68.62,68.48,68.23,67.75,68.16,70.25,80.62,95.13,75.47,69.26,63.08,61.35,49.59,42.55,39.1,38.44,33.53,42.02,46.92,48.21,69.72,73.87,72.92,70.35,70.0,68.75,66.46,67.55,68.0,68.28,75.01,78.65,69.99,64.18,57.06,58.58,55.19,52.23,46.68,44.74,42.69,42.7,47.2,58.32,78.62,82.26,78.58,77.17,75.94,70.55,69.91,69.69,72.52,75.15,91.81,87.13,79.05,70.38,60.77,59.49,57.53,56.64,53.31,51.71,49.61,49.62,53.35,59.66,76.92,80.44,75.24,74.24,72.99,69.63,68.85,67.31,69.52,74.23,81.26,78.89,74.78,65.43,59.77,61.65,60.01,53.1,48.78
42.06,35.1,30.44,35.1,35.1,33.02,35.63,44.99,68.01,71.01,69.59,69.64,68.62,68.48,68.23,67.75,68.16,70.25,80.62,95.13,75.47,69.26,63.08,61.35,49.59,42.55,39.1,38.44,33.53,42.02,46.92,48.21,69.72,73.87,72.92,70.35,70.0,68.75,66.46,67.55,68.0,68.28,75.01,78.65,69.99,64.18,57.06,58.58,55.19,52.23,46.68,44.74,42.69,42.7,47.2,58.32,78.62,82.26,78.58,77.17,75.94,70.55,69.91,69.69,72.52,75.15,91.81,87.13,79.05,70.38,60.77,59.49,57.53,56.64,53.31,51.71,49.61,49.62,53.35,59.66,76.92,80.44,75.24,74.24,72.99,69.63,68.85,67.31,69.52,74.23,81.26,78.89,74.78,65.43,59.77,61.65,60.01,53.1,48.78,47.44
35.1,30.44,35.1,35.1,33.02,35.63,44.99,68.01,71.01,69.59,69.64,68.62,68.48,68.23,67.75,68.16,70.25,80.62,95.13,75.47,69.26,63.08,61.35,49.59,42.55,39.1,38.44,33.53,42.02,46.92,48.21,69.72,73.87,72.92,70.35,70.0,68.75,66.46,67.55,68.0,68.28,75.01,78.65,69.99,64.18,57.06,58.58,55.19,52.23,46.68,44.74,42.69,42.7,47.2,58.32,78.62,82.26,78.58,77.17,75.94,70.55,69.91,69.69,72.52,75.15,91.81,87.13,79.05,70.38,60.77,59.49,57.53,56.64,53.31,51.71,49.61,49.62,53.35,59.66,76.92,80.44,75.24,74.24,72.99,69.63,68.85,67.31,69.52,74.23,81.26,78.89,74.78,65.43,59.77,61.65,60.01,53.1,48.78,47.44,46.23
30.44,35.1,35.1,33.02,35.63,44.99,68.01,71.01,69.59,69.64,68.62,68.48,68.23,67.75,68.16,70.25,80.62,95.13,75.47,69.26,63.08,61.35,49.59,42.55,39.1,38.44,33.53,42.02,46.92,48.21,69.72,73.87,72.92,70.35,70.0,68.75,66.46,67.55,68.0,68.28,75.01,78.65,69.99,64.18,57.06,58.58,55.19,52.23,46.68,44.74,42.69,42.7,47.2,58.32,78.62,82.26,78.58,77.17,75.94,70.55,69.91,69.69,72.52,75.15,91.81,87.13,79.05,70.38,60.77,59.49,57.53,56.64,53.31,51.71,49.61,49.62,53.35,59.66,76.92,80.44,75.24,74.24,72.99,69.63,68.85,67.31,69.52,74.23,81.26,78.89,74.78,65.43,59.77,61.65,60.01,53.1,48.78,47.44,46.23,40.24
35.1,35.1,33.02,35.63,44.99,68.01,71.01,69.59,69.64,68.62,68.48,68.23,67.75,68.16,70.25,80.62,95.13,75.47,69.26,63.08,61.35,49.59,42.55,39.1,38.44,33.53,42.02,46.92,48.21,69.72,73.87,72.92,70.35,70.0,68.75,66.46,67.55,68.0,68.28,75.01,78.65,69.99,64.18,57.06,58.58,55.19,52.23,46.68,44.74,42.69,42.7,47.2,58.32,78.62,82.26,78.58,77.17,75.94,70.55,69.91,69.69,72.52,75.15,91.81,87.13,79.05,70.38,60.77,59.49,57.53,56.64,53.31,51.71,49.61,49.62,53.35,59.66,76.92,80.44,75.24,74.24,72.99,69.63,68.85,67.31,69.52,74.23,81.26,78.89,74.78,65.43,59.77,61.65,60.01,53.1,48.78,47.44,46.23,40.24,41.7
35.1,33.02,35.63,44.99,68.01,71.01,69.59,69.64,68.62,68.48,68.23,67.75,68.16,70.25,80.62,95.13,75.47,69.26,63.08,61.35,49.59,42.55,39.1,38.44,33.53,42.02,46.92,48.21,69.72,73.87,72.92,70.35,70.0,68.75,66.46,67.55,68.0,68.28,75.01,78.65,69.99,64.18,57.06,58.58,55.19,52.23,46.68,44.74,42.69,42.7,47.2,58.32,78.62,82.26,78.58,77.17,75.94,70.55,69.91,69.69,72.52,75.15,91.81,87.13,79.05,70.38,60.77,59.49,57.53,56.64,53.31,51.71,49.61,49.62,53.35,59.66,76.92,80.44,75.24,74.24,72.99,69.63,68.85,67.31,69.52,74.23,81.26,78.89,74.78,65.43,59.77,61.65,60.01,53.1,48.78,47.44,46.23,40.24,41.7,51.05
33.02,35.63,44.99,68.01,71.01,69.59,69.64,68.62,68.48,68.23,67.75,68.16,70.25,80.62,95.13,75.47,69.26,63.08,61.35,49.59,42.55,39.1,38.44,33.53,42.02,46.92,48.21,69.72,73.87,72.92,70.35,70.0,68.75,66.46,67.55,68.0,68.28,75.01,78.65,69.99,64.18,57.06,58.58,55.19,52.23,46.68,44.74,42.69,42.7,47.2,58.32,78.62,82.26,78.58,77.17,75.94,70.55,69.91,69.69,72.52,75.15,91.81,87.13,79.05,70.38,60.77,59.49,57.53,56.64,53.31,51.71,49.61,49.62,53.35,59.66,76.92,80.44,75.24,74.24,72.99,69.63,68.85,67.31,69.52,74.23,81.26,78.89,74.78,65.43,59.77,61.65,60.01,53.1,48.78,47.44,46.23,40.24,41.7,51.05,69.5
35.63,44.99,68.01,71.01,69.59,69.64,68.62,68.48,68.23,67.75,68.16,70.25,80.62,95.13,75.47,69.26,63.08,61.35,49.59,42.55,39.1,38.44,33.53,42.02,46.92,48.21,69.72,73.87,72.92,70.35,70.0,68.75,66.46,67.55,68.0,68.28,75.01,78.65,69.99,64.18,57.06,58.58,55.19,52.23,46.68,44.74,42.69,42.7,47.2,58.32,78.62,82.26,78.58,77.17,75.94,70.55,69.91,69.69,72.52,75.15,91.81,87.13,79.05,70.38,60.77,59.49,57.53,56.64,53.31,51.71,49.61,49.62,53.35,59.66,76.92,80.44,75.24,74.24,72.99,69.63,68.85,67.31,69.52,74.23,81.26,78.89,74.78,65.43,59.77,61.65,60.01,53.1,48.78,47.44,46.23,40.24,41.7,51.05,69.5,75.73
44.99,68.01,71.01,69.59,69.64,68.62,68.48,68.23,67.75,68.16,70.25,80.62,95.13,75.47,69.26,63.08,61.35,49.59,42.55,39.1,38.44,33.53,42.02,46.92,48.21,69.72,73.87,72.92,70.35,70.0,68.75,66.46,67.55,68.0,68.28,75.01,78.65,69.99,64.18,57.06,58.58,55.19,52.23,46.68,44.74,42.69,42.7,47.2,58.32,78.62,82.26,78.58,77.17,75.94,70.55,69.91,69.69,72.52,75.15,91.81,87.13,79.05,70.38,60.77,59.49,57.53,56.64,53.31,51.71,49.61,49.62,53.35,59.66,76.92,80.44,75.24,74.24,72.99,69.63,68.85,67.31,69.52,74.23,81.26,78.89,74.78,65.43,59.77,61.65,60.01,53.1,48.78,47.44,46.23,40.24,41.7,51.05,69.5,75.73,74.85
68.01,71.01,69.59,69.64,68.62,68.48,68.23,67.75,68.16,70.25,80.62,95.13,75.47,69.26,63.08,61.35,49.59,42.55,39.1,38.44,33.53,42.02,46.92,48.21,69.72,73.87,72.92,70.35,70.0,68.75,66.46,67.55,68.0,68.28,75.01,78.65,69.99,64.18,57.06,58.58,55.19,52.23,46.68,44.74,42.69,42.7,47.2,58.32,78.62,82.26,78.58,77.17,75.94,70.55,69.91,69.69,72.52,75.15,91.81,87.13,79.05,70.38,60.77,59.49,57.53,56.64,53.31,51.71,49.61,49.62,53.35,59.66,76.92,80.44,75.24,74.24,72.99,69.63,68.85,67.31,69.52,74.23,81.26,78.89,74.78,65.43,59.77,61.65,60.01,53.1,48.78,47.44,46.23,40.24,41.7,51.05,69.5,75.73,74.85,73.8
71.01,69.59,69.64,68.62,68.48,68.23,67.75,68.16,70.25,80.62,95.13,75.47,69.26,63.08,61.35,49.59,42.55,39.1,38.44,33.53,42.02,46.92,48.21,69.72,73.87,72.92,70.35,70.0,68.75,66.46,67.55,68.0,68.28,75.01,78.65,69.99,64.18,57.06,58.58,55.19,52.23,46.68,44.74,42.69,42.7,47.2,58.32,78.62,82.26,78.58,77.17,75.94,70.55,69.91,69.69,72.52,75.15,91.81,87.13,79.05,70.38,60.77,59.49,57.53,56.64,53.31,51.71,49.61,49.62,53.35,59.66,76.92,80.44,75.24,74.24,72.99,69.63,68.85,67.31,69.52,74.23,81.26,78.89,74.78,65.43,59.77,61.65,60.01,53.1,48.78,47.44,46.23,40.24,41.7,51.05,69.5,75.73,74.85,73.8,70.8
69.59,69.64,68.62,68.48,68.23,67.75,68.16,70.25,80.62,95.13,75.47,69.26,63.08,61.35,49.59,42.55,39.1,38.44,33.53,42.02,46.92,48.21,69.72,73.87,72.92,70.35,70.0,68.75,66.46,67.55,68.0,68.28,75.01,78.65,69.99,64.18,57.06,58.58,55.19,52.23,46.68,44.74,42.69,42.7,47.2,58.32,78.62,82.26,78.58,77.17,75.94,70.55,69.91,69.69,72.52,75.15,91.81,87.13,79.05,70.38,60.77,59.49,57.53,56.64,53.31,51.71,49.61,49.62,53.35,59.66,76.92,80.44,75.24,74.24,72.99,69.63,68.85,67.31,69.52,74.23,81.26,78.89,74.78,65.43,59.77,61.65,60.01,53.1,48.78,47.44,46.23,40.24,41.7,51.05,69.5,75.73,74.85,73.8,70.8,66.84
69.64,68.62,68.48,68.23,67.75,68.16,70.25,80.62,95.13,75.47,69.26,63.08,61.35,49.59,42.55,39.1,38.44,33.53,42.02,46.92,48.21,69.72,73.87,72.92,70.35,70.0,68.75,66.46,67.55,68.0,68.28,75.01,78.65,69.99,64.18,57.06,58.58,55.19,52.23,46.68,44.74,42.69,42.7,47.2,58.32,78.62,82.26,78.58,77.17,75.94,70.55,69.91,69.69,72.52,75.15,91.81,87.13,79.05,70.38,60.77,59.49,57.53,56.64,53.31,51.71,49.61,49.62,53.35,59.66,76.92,80.44,75.24,74.24,72.99,69.63,68.85,67.31,69.52,74.23,81.26,78.89,74.78,65.43,59.77,61.65,60.01,53.1,48.78,47.44,46.23,40.24,41.7,51.05,69.5,75.73,74.85,73.8,70.8,66.84,66.84
68.62,68.48,68.23,67.75,68.16,70.25,80.62,95.13,75.47,69.26,63.08,61.35,49.59,42.55,39.1,38.44,33.53,42.02,46.92,48.21,69.72,73.87,72.92,70.35,70.0,68.75,66.46,67.55,68.0,68.28,75.01,78.65,69.99,64.18,57.06,58.58,55.19,52.23,46.68,44.74,42.69,42.7,47.2,58.32,78.62,82.26,78.58,77.17,75.94,70.55,69.91,69.69,72.52,75.15,91.81,87.13,79.05,70.38,60.77,59.49,57.53,56.64,53.31,51.71,49.61,49.62,53.35,59.66,76.92,80.44,75.24,74.24,72.99,69.63,68.85,67.31,69.52,74.23,81.26,78.89,74.78,65.43,59.77,61.65,60.01,53.1,48.78,47.44,46.23,40.24,41.7,51.05,69.5,75.73,74.85,73.8,70.8,66.84,66.84,64.88
68.48,68.23,67.75,68.16,70.25,80.62,95.13,75.47,69.26,63.08,61.35,49.59,42.55,39.1,38.44,33.53,42.02,46.92,48.21,69.72,73.87,72.92,70.35,70.0,68.75,66.46,67.55,68.0,68.28,75.01,78.65,69.99,64.18,57.06,58.58,55.19,52.23,46.68,44.74,42.69,42.7,47.2,58.32,78.62,82.26,78.58,77.17,75.94,70.55,69.91,69.69,72.52,75.15,91.81,87.13,79.05,70.38,60.77,59.49,57.53,56.64,53.31,51.71,49.61,49.62,53.35,59.66,76.92,80.44,75.24,74.24,72.99,69.63,68.85,67.31,69.52,74.23,81.26,78.89,74.78,65.43,59.77,61.65,60.01,53.1,48.78,47.44,46.23,40.24,41.7,51.05,69.5,75.73,74.85,73.8,70.8,66.84,66.84,64.88,65.1
68.23,67.75,68.16,70.25,80.62,95.13,75.47,69.26,63.08,61.35,49.59,42.55,39.1,38.44,33.53,42.02,46.92,48.21,69.72,73.87,72.92,70.35,70.0,68.75,66.46,67.55,68.0,68.28,75.01,78.65,69.99,64.18,57.06,58.58,55.19,52.23,46.68,44.74,42.69,42.7,47.2,58.32,78.62,82.26,78.58,77.17,75.94,70.55,69.91,69.69,72.52,75.15,91.81,87.13,79.05,70.38,60.77,59.49,57.53,56.64,53.31,51.71,49.61,49.62,53.35,59.66,76.92,80.44,75.24,74.24,72.99,69.63,68.85,67.31,69.52,74.23,81.26,78.89,74.78,65.43,59.77,61.65,60.01,53.1,48.78,47.44,46.23,40.24,41.7,51.05,69.5,75.73,74.85,73.8,70.8,66.84,66.84,64.88,65.1,69.46
67.75,68.16,70.25,80.62,95.13,75.47,69.26,63.08,61.35,49.59,42.55,39.1,38.44,33.53,42.02,46.92,48.21,69.72,73.87,72.92,70.35,70.0,68.75,66.46,67.55,68.0,68.28,75.01,78.65,69.99,64.18,57.06,58.58,55.19,52.23,46.68,44.74,42.69,42.7,47.2,58.32,78.62,82.26,78.58,77.17,75.94,70.55,69.91,69.69,72.52,75.15,91.81,87.13,79.05,70.38,60.77,59.49,57.53,56.64,53.31,51.71,49.61,49.62,53.35,59.66,76.92,80.44,75.24,74.24,72.99,69.63,68.85,67.31,69.52,74.23,81.26,78.89,74.78,65.43,59.77,61.65,60.01,53.1,48.78,47.44,46.23,40.24,41.7,51.05,69.5,75.73,74.85,73.8,70.8,66.84,66.84,64.88,65.1,69.46,83.8
68.16,70.25,80.62,95.13,75.47,69.26,63.08,61.35,49.59,42.55,39.1,38.44,33.53,42.02,46.92,48.21,69.72,73.87,72.92,70.35,70.0,68.75,66.46,67.55,68.0,68.28,75.01,78.65,69.99,64.18,57.06,58.58,55.19,52.23,46.68,44.74,42.69,42.7,47.2,58.32,78.62,82.26,78.58,77.17,75.94,70.55,69.91,69.69,72.52,75.15,91.81,87.13,79.05,70.38,60.77,59.49,57.53,56.64,53.31,51.71,49.61,49.62,53.35,59.66,76.92,80.44,75.24,74.24,72.99,69.63,68.85,67.31,69.52,74.23,81.26,78.89,74.78,65.43,59.77,61.65,60.01,53.1,48.78,47.44,46.23,40.24,41.7,51.05,69.5,75.73,74.85,73.8,70.8,66.84,66.84,64.88,65.1,69.46,83.8,78.08
70.25,80.62,95.13,75.47,69.26,63.08,61.35,49.59,42.55,39.1,38.44,33.53,42.02,46.92,48.21,69.72,73.87,72.92,70.35,70.0,68.75,66.46,67.55,68.0,68.28,75.01,78.65,69.99,64.18,57.06,58.58,55.19,52.23,46.68,44.74,42.69,42.7,47.2,58.32,78.62,82.26,78.58,77.17,75.94,70.55,69.91,69.69,72.52,75.15,91.81,87.13,79.05,70.38,60.77,59.49,57.53,56.64,53.31,51.71,49.61,49.62,53.35,59.66,76.92,80.44,75.24,74.24,72.99,69.63,68.85,67.31,69.52,74.23,81.26,78.89,74.78,65.43,59.77,61.65,60.01,53.1,48.78,47.44,46.23,40.24,41.7,51.05,69.5,75.73,74.85,73.8,70.8,66.84,66.84,64.88,65.1,69.46,83.8,78.08,71.71
80.62,95.13,75.47,69.26,63.08,61.35,49.59,42.55,39.1,38.44,33.53,42.02,46.92,48.21,69.72,73.87,72.92,70.35,70.0,68.75,66.46,67.55,68.0,68.28,75.01,78.65,69.99,64.18,57.06,58.58,55.19,52.23,46.68,44.74,42.69,42.7,47.2,58.32,78.62,82.26,78.58,77.17,75.94,70.55,69.91,69.69,72.52,75.15,91.81,87.13,79.05,70.38,60.77,59.49,57.53,56.64,53.31,51.71,49.61,49.62,53.35,59.66,76.92,80.44,75.24,74.24,72.99,69.63,68.85,67.31,69.52,74.23,81.26,78.89,74.78,65.43,59.77,61.65,60.01,53.1,48.78,47.44,46.23,40.24,41.7,51.05,69.5,75.73,74.85,73.8,70.8,66.84,66.84,64.88,65.1,69.46,83.8,78.08,71.71,66.24
95.13,75.47,69.26,63.08,61.35,49.59,42.55,39.1,38.44,33.53,42.02,46.92,48.21,69.72,73.87,72.92,70.35,70.0,68.75,66.46,67.55,68.0,68.28,75.01,78.65,69.99,64.18,57.06,58.58,55.19,52.23,46.68,44.74,42.69,42.7,47.2,58.32,78.62,82.26,78.58,77.17,75.94,70.55,69.91,69.69,72.52,75.15,91.81,87.13,79.05,70.38,60.77,59.49,57.53,56.64,53.31,51.71,49.61,49.62,53.35,59.66,76.92,80.44,75.24,74.24,72.99,69.63,68.85,67.31,69.52,74.23,81.26,78.89,74.78,65.43,59.77,61.65,60.01,53.1,48.78,47.44,46.23,40.24,41.7,51.05,69.5,75.73,74.85,73.8,70.8,66.84,66.84,64.88,65.1,69.46,83.8,78.08,71.71,66.24,58.46
75.47,69.26,63.08,61.35,49.59,42.55,39.1,38.44,33.53,42.02,46.92,48.21,69.72,73.87,72.92,70.35,70.0,68.75,66.46,67.55,68.0,68.28,75.01,78.65,69.99,64.18,57.06,58.58,55.19,52.23,46.68,44.74,42.69,42.7,47.2,58.32,78.62,82.26,78.58,77.17,75.94,70.55,69.91,69.69,72.52,75.15,91.81,87.13,79.05,70.38,60.77,59.49,57.53,56.64,53.31,51.71,49.61,49.62,53.35,59.66,76.92,80.44,75.24,74.24,72.99,69.63,68.85,67.31,69.52,74.23,81.26,78.89,74.78,65.43,59.77,61.65,60.01,53.1,48.78,47.44,46.23,40.24,41.7,51.05,69.5,75.73,74.85,73.8,70.8,66.84,66.84,64.88,65.1,69.46,83.8,78.08,71.71,66.24,58.46,53.9
69.26,63.08,61.35,49.59,42.55,39.1,38.44,33.53,42.02,46.92,48.21,69.72,73.87,72.92,70.35,70.0,68.75,66.46,67.55,68.0,68.28,75.01,78.65,69.99,64.18,57.06,58.58,55.19,52.23,46.68,44.74,42.69,42.7,47.2,58.32,78.62,82.26,78.58,77.17,75.94,70.55,69.91,69.69,72.52,75.15,91.81,87.13,79.05,70.38,60.77,59.49,57.53,56.64,53.31,51.71,49.61,49.62,53.35,59.66,76.92,80.44,75.24,74.24,72.99,69.63,68.85,67.31,69.52,74.23,81.26,78.89,74.78,65.43,59.77,61.65,60.01,53.1,48.78,47.44,46.23,40.24,41.7,51.05,69.5,75.73,74.85,73.8,70.8,66.84,66.84,64.88,65.1,69.46,83.8,78.08,71.71,66.24,58.46,53.9,51.92
63.08,61.35,49.59,42.55,39.1,38.44,33.53,42.02,46.92,48.21,69.72,73.87,72.92,70.35,70.0,68.75,66.46,67.55,68.0,68.28,75.01,78.65,69.99,64.18,57.06,58.58,55.19,52.23,46.68,44.74,42.69,42.7,47.2,58.32,78.62,82.26,78.58,77.17,75.94,70.55,69.91,69.69,72.52,75.15,91.81,87.13,79.05,70.38,60.77,59.49,57.53,56.64,53.31,51.71,49.61,49.62,53.35,59.66,76.92,80.44,75.24,74.24,72.99,69.63,68.85,67.31,69.52,74.23,81.26,78.89,74.78,65.43,59.77,61.65,60.01,53.1,48.78,47.44,46.23,40.24,41.7,51.05,69.5,75.73,74.85,73.8,70.8,66.84,66.84,64.88,65.1,69.46,83.8,78.08,71.71,66.24,58.46,53.9,51.92,41.1
61.35,49.59,42.55,39.1,38.44,33.53,42.02,46.92,48.21,69.72,73.87,72.92,70.35,70.0,68.75,66.46,67.55,68.0,68.28,75.01,78.65,69.99,64.18,57.06,58.58,55.19,52.23,46.68,44.74,42.69,42.7,47.2,58.32,78.62,82.26,78.58,77.17,75.94,70.55,69.91,69.69,72.52,75.15,91.81,87.13,79.05,70.38,60.77,59.49,57.53,56.64,53.31,51.71,49.61,49.62,53.35,59.66,76.92,80.44,75.24,74.24,72.99,69.63,68.85,67.31,69.52,74.23,81.26,78.89,74.78,65.43,59.77,61.65,60.01,53.1,48.78,47.44,46.23,40.24,41.7,51.05,69.5,75.73,74.85,73.8,70.8,66.84,66.84,64.88,65.1,69.46,83.8,78.08,71.71,66.24,58.46,53.9,51.92,41.1,38.38
49.59,42.55,39.1,38.44,33.53,42.02,46.92,48.21,69.72,73.87,72.92,70.35,70.0,68.75,66.46,67.55,68.0,68.28,75.01,78.65,69.99,64.18,57.06,58.58,55.19,52.23,46.68,44.74,42.69,42.7,47.2,58.32,78.62,82.26,78.58,77.17,75.94,70.55,69.91,69.69,72.52,75.15,91.81,87.13,79.05,70.38,60.77,59.49,57.53,56.64,53.31,51.71,49.61,49.62,53.35,59.66,76.92,80.44,75.24,74.24,72.99,69.63,68.85,67.31,69.52,74.23,81.26,78.89,74.78,65.43,59.77,61.65,60.01,53.1,48.78,47.44,46.23,40.24,41.7,51.05,69.5,75.73,74.85,73.8,70.8,66.84,66.84,64.88,65.1,69.46,83.8,78.08,71.71,66.24,58.46,53.9,51.92,41.1,38.38,39.15
42.55,39.1,38.44,33.53,42.02,46.92,48.21,69.72,73.87,72.92,70.35,70.0,68.75,66.46,67.55,68.0,68.28,75.01,78.65,69.99,64.18,57.06,58.58,55.19,52.23,46.68,44.74,42.69,42.7,47.2,58.32,78.62,82.26,78.58,77.17,75.94,70.55,69.91,69.69,72.52,75.15,91.81,87.13,79.05,70.38,60.77,59.49,57.53,56.64,53.31,51.71,49.61,49.62,53.35,59.66,76.92,80.44,75.24,74.24,72.99,69.63,68.85,67.31,69.52,74.23,81.26,78.89,74.78,65.43,59.77,61.65,60.01,53.1,48.78,47.44,46.23,40.24,41.7,51.05,69.5,75.73,74.85,73.8,70.8,66.84,66.84,64.88,65.1,69.46,83.8,78.08,71.71,66.24,58.46,53.9,51.92,41.1,38.38,39.15,41.02
39.1,38.44,33.53,42.02,46.92,48.21,69.72,73.87,72.92,70.35,70.0,68.75,66.46,67.55,68.0,68.28,75.01,78.65,69.99,64.18,57.06,58.58,55.19,52.23,46.68,44.74,42.69,42.7,47.2,58.32,78.62,82.26,78.58,77.17,75.94,70.55,69.91,69.69,72.52,75.15,91.81,87.13,79.05,70.38,60.77,59.49,57.53,56.64,53.31,51.71,49.61,49.62,53.35,59.66,76.92,80.44,75.24,74.24,72.99,69.63,68.85,67.31,69.52,74.23,81.26,78.89,74.78,65.43,59.77,61.65,60.01,53.1,48.78,47.44,46.23,40.24,41.7,51.05,69.5,75.73,74.85,73.8,70.8,66.84,66.84,64.88,65.1,69.46,83.8,78.08,71.71,66.24,58.46,53.9,51.92,41.1,38.38,39.15,41.02,40.0
38.44,33.53,42.02,46.92,48.21,69.72,73.87,72.92,70.35,70.0,68.75,66.46,67.55,68.0,68.28,75.01,78.65,69.99,64.18,57.06,58.58,55.19,52.23,46.68,44.74,42.69,42.7,47.2,58.32,78.62,82.26,78.58,77.17,75.94,70.55,69.91,69.69,72.52,75.15,91.81,87.13,79.05,70.38,60.77,59.49,57.53,56.64,53.31,51.71,49.61,49.62,53.35,59.66,76.92,80.44,75.24,74.24,72.99,69.63,68.85,67.31,69.52,74.23,81.26,78.89,74.78,65.43,59.77,61.65,60.01,53.1,48.78,47.44,46.23,40.24,41.7,51.05,69.5,75.73,74.85,73.8,70.8,66.84,66.84,64.88,65.1,69.46,83.8,78.08,71.71,66.24,58.46,53.9,51.92,41.1,38.38,39.15,41.02,40.0,40.55
33.53,42.02,46.92,48.21,69.72,73.87,72.92,70.35,70.0,68.75,66.46,67.55,68.0,68.28,75.01,78.65,69.99,64.18,57.06,58.58,55.19,52.23,46.68,44.74,42.69,42.7,47.2,58.32,78.62,82.26,78.58,77.17,75.94,70.55,69.91,69.69,72.52,75.15,91.81,87.13,79.05,70.38,60.77,59.49,57.53,56.64,53.31,51.71,49.61,49.62,53.35,59.66,76.92,80.44,75.24,74.24,72.99,69.63,68.85,67.31,69.52,74.23,81.26,78.89,74.78,65.43,59.77,61.65,60.01,53.1,48.78,47.44,46.23,40.24,41.7,51.05,69.5,75.73,74.85,73.8,70.8,66.84,66.84,64.88,65.1,69.46,83.8,78.08,71.71,66.24,58.46,53.9,51.92,41.1,38.38,39.15,41.02,40.0,40.55,40.32
42.02,46.92,48.21,69.72,73.87,72.92,70.35,70.0,68.75,66.46,67.55,68.0,68.28,75.01,78.65,69.99,64.18,57.06,58.58,55.19,52.23,46.68,44.74,42.69,42.7,47.2,58.32,78.62,82.26,78.58,77.17,75.94,70.55,69.91,69.69,72.52,75.15,91.81,87.13,79.05,70.38,60.77,59.49,57.53,56.64,53.31,51.71,49.61,49.62,53.35,59.66,76.92,80.44,75.24,74.24,72.99,69.63,68.85,67.31,69.52,74.23,81.26,78.89,74.78,65.43,59.77,61.65,60.01,53.1,48.78,47.44,46.23,40.24,41.7,51.05,69.5,75.73,74.85,73.8,70.8,66.84,66.84,64.88,65.1,69.46,83.8,78.08,71.71,66.24,58.46,53.9,51.92,41.1,38.38,39.15,41.02,40.0,40.55,40.32,43.54
46.92,48.21,69.72,73.87,72.92,70.35,70.0,68.75,66.46,67.55,68.0,68.28,75.01,78.65,69.99,64.18,57.06,58.58,55.19,52.23,46.68,44.74,42.69,42.7,47.2,58.32,78.62,82.26,78.58,77.17,75.94,70.55,69.91,69.69,72.52,75.15,91.81,87.13,79.05,70.38,60.77,59.49,57.53,56.64,53.31,51.71,49.61,49.62,53.35,59.66,76.92,80.44,75.24,74.24,72.99,69.63,68.85,67.31,69.52,74.23,81.26,78.89,74.78,65.43,59.77,61.65,60.01,53.1,48.78,47.44,46.23,40.24,41.7,51.05,69.5,75.73,74.85,73.8,70.8,66.84,66.84,64.88,65.1,69.46,83.8,78.08,71.71,66.24,58.46,53.9,51.92,41.1,38.38,39.15,41.02,40.0,40.55,40.32,43.54,47.1
48.21,69.72,73.87,72.92,70.35,70.0,68.75,66.46,67.55,68.0,68.28,75.01,78.65,69.99,64.18,57.06,58.58,55.19,52.23,46.68,44.74,42.69,42.7,47.2,58.32,78.62,82.26,78.58,77.17,75.94,70.55,69.91,69.69,72.52,75.15,91.81,87.13,79.05,70.38,60.77,59.49,57.53,56.64,53.31,51.71,49.61,49.62,53.35,59.66,76.92,80.44,75.24,74.24,72.99,69.63,68.85,67.31,69.52,74.23,81.26,78.89,74.78,65.43,59.77,61.65,60.01,53.1,48.78,47.44,46.23,40.24,41.7,51.05,69.5,75.73,74.85,73.8,70.8,66.84,66.84,64.88,65.1,69.46,83.8,78.08,71.71,66.24,58.46,53.9,51.92,41.1,38.38,39.15,41.02,40.0,40.55,40.32,43.54,47.1,54.76
69.72,73.87,72.92,70.35,70.0,68.75,66.46,67.55,68.0,68.28,75.01,78.65,69.99,64.18,57.06,58.58,55.19,52.23,46.68,44.74,42.69,42.7,47.2,58.32,78.62,82.26,78.58,77.17,75.94,70.55,69.91,69.69,72.52,75.15,91.81,87.13,79.05,70.38,60.77,59.49,57.53,56.64,53.31,51.71,49.61,49.62,53.35,59.66,76.92,80.44,75.24,74.24,72.99,69.63,68.85,67.31,69.52,74.23,81.26,78.89,74.78,65.43,59.77,61.65,60.01,53.1,48.78,47.44,46.23,40.24,41.7,51.05,69.5,75.73,74.85,73.8,70.8,66.84,66.84,64.88,65.1,69.46,83.8,78.08,71.71,66.24,58.46,53.9,51.92,41.1,38.38,39.15,41.02,40.0,40.55,40.32,43.54,47.1,54.76,54.41
73.87,72.92,70.35,70.0,68.75,66.46,67.55,68.0,68.28,75.01,78.65,69.99,64.18,57.06,58.58,55.19,52.23,46.68,44.74,42.69,42.7,47.2,58.32,78.62,82.26,78.58,77.17,75.94,70.55,69.91,69.69,72.52,75.15,91.81,87.13,79.05,70.38,60.77,59.49,57.53,56.64,53.31,51.71,49.61,49.62,53.35,59.66,76.92,80.44,75.24,74.24,72.99,69.63,68.85,67.31,69.52,74.23,81.26,78.89,74.78,65.43,59.77,61.65,60.01,53.1,48.78,47.44,46.23,40.24,41.7,51.05,69.5,75.73,74.85,73.8,70.8,66.84,66.84,64.88,65.1,69.46,83.8,78.08,71.71,66.24,58.46,53.9,51.92,41.1,38.38,39.15,41.02,40.0,40.55,40.32,43.54,47.1,54.76,54.41,57.28
72.92,70.35,70.0,68.75,66.46,67.55,68.0,68.28,75.01,78.65,69.99,64.18,57.06,58.58,55.19,52.23,46.68,44.74,42.69,42.7,47.2,58.32,78.62,82.26,78.58,77.17,75.94,70.55,69.91,69.69,72.52,75.15,91.81,87.13,79.05,70.38,60.77,59.49,57.53,56.64,53.31,51.71,49.61,49.62,53.35,59.66,76.92,80.44,75.24,74.24,72.99,69.63,68.85,67.31,69.52,74.23,81.26,78.89,74.78,65.43,59.77,61.65,60.01,53.1,48.78,47.44,46.23,40.24,41.7,51.05,69.5,75.73,74.85,73.8,70.8,66.84,66.84,64.88,65.1,69.46,83.8,78.08,71.71,66.24,58.46,53.9,51.92,41.1,38.38,39.15,41.02,40.0,40.55,40.32,43.54,47.1,54.76,54.41,57.28,53.85
70.35,70.0,68.75,66.46,67.55,68.0,68.28,75.01,78.65,69.99,64.18,57.06,58.58,55.19,52.23,46.68,44.74,42.69,42.7,47.2,58.32,78.62,82.26,78.58,77.17,75.94,70.55,69.91,69.69,72.52,75.15,91.81,87.13,79.05,70.38,60.77,59.49,57.53,56.64,53.31,51.71,49.61,49.62,53.35,59.66,76.92,80.44,75.24,74.24,72.99,69.63,68.85,67.31,69.52,74.23,81.26,78.89,74.78,65.43,59.77,61.65,60.01,53.1,48.78,47.44,46.23,40.24,41.7,51.05,69.5,75.73,74.85,73.8,70.8,66.84,66.84,64.88,65.1,69.46,83.8,78.08,71.71,66.24,58.46,53.9,51.92,41.1,38.38,39.15,41.02,40.0,40.55,40.32,43.54,47.1,54.76,54.41,57.28,53.85,47.12
70.0,68.75,66.46,67.55,68.0,68.28,75.01,78.65,69.99,64.18,57.06,58.58,55.19,52.23,46.68,44.74,42.69,42.7,47.2,58.32,78.62,82.26,78.58,77.17,75.94,70.55,69.91,69.69,72.52,75.15,91.81,87.13,79.05,70.38,60.77,59.49,57.53,56.64,53.31,51.71,49.61,49.62,53.35,59.66,76.92,80.44,75.24,74.24,72.99,69.63,68.85,67.31,69.52,74.23,81.26,78.89,74.78,65.43,59.77,61.65,60.01,53.1,48.78,47.44,46.23,40.24,41.7,51.05,69.5,75.73,74.85,73.8,70.8,66.84,66.84,64.88,65.1,69.46,83.8,78.08,71.71,66.24,58.46,53.9,51.92,41.1,38.38,39.15,41.02,40.0,40.55,40.32,43.54,47.1,54.76,54.41,57.28,53.85,47.12,49.68
68.75,66.46,67.55,68.0,68.28,75.01,78.65,69.99,64.18,57.06,58.58,55.19,52.23,46.68,44.74,42.69,42.7,47.2,58.32,78.62,82.26,78.58,77.17,75.94,70.55,69.91,69.69,72.52,75.15,91.81,87.13,79.05,70.38,60.77,59.49,57.53,56.64,53.31,51.71,49.61,49.62,53.35,59.66,76.92,80.44,75.24,74.24,72.99,69.63,68.85,67.31,69.52,74.23,81.26,78.89,74.78,65.43,59.77,61.65,60.01,53.1,48.78,47.44,46.23,40.24,41.7,51.05,69.5,75.73,74.85,73.8,70.8,66.84,66.84,64.88,65.1,69.46,83.8,78.08,71.71,66.24,58.46,53.9,51.92,41.1,38.38,39.15,41.02,40.0,40.55,40.32,43.54,47.1,54.76,54.41,57.28,53.85,47.12,49.68,50.68
66.46,67.55,68.0,68.28,75.01,78.65,69.99,64.18,57.06,58.58,55.19,52.23,46.68,44.74,42.69,42.7,47.2,58.32,78.62,82.26,78.58,77.17,75.94,70.55,69.91,69.69,72.52,75.15,91.81,87.13,79.05,70.38,60.77,59.49,57.53,56.64,53.31,51.71,49.61,49.62,53.35,59.66,76.92,80.44,75.24,74.24,72.99,69.63,68.85,67.31,69.52,74.23,81.26,78.89,74.78,65.43,59.77,61.65,60.01,53.1,48.78,47.44,46.23,40.24,41.7,51.05,69.5,75.73,74.85,73.8,70.8,66.84,66.84,64.88,65.1,69.46,83.8,78.08,71.71,66.24,58.46,53.9,51.92,41.1,38.38,39.15,41.02,40.0,40.55,40.32,43.54,47.1,54.76,54.41,57.28,53.85,47.12,49.68,50.68,54.8
67.55,68.0,68.28,75.01,78.65,69.99,64.18,57.06,58.58,55.19,52.23,46.68,44.74,42.69,42.7,47.2,58.32,78.62,82.26,78.58,77.17,75.94,70.55,69.91,69.69,72.52,75.15,91.81,87.13,79.05,70.38,60.77,59.49,57.53,56.64,53.31,51.71,49.61,49.62,53.35,59.66,76.92,80.44,75.24,74.24,72.99,69.63,68.85,67.31,69.52,74.23,81.26,78.89,74.78,65.43,59.77,61.65,60.01,53.1,48.78,47.44,46.23,40.24,41.7,51.05,69.5,75.73,74.85,73.8,70.8,66.84,66.84,64.88,65.1,69.46,83.8,78.08,71.71,66.24,58.46,53.9,51.92,41.1,38.38,39.15,41.02,40.0,40.55,40.32,43.54,47.1,54.76,54.41,57.28,53.85,47.12,49.68,50.68,54.8,61.01
68.0,68.28,75.01,78.65,69.99,64.18,57.06,58.58,55.19,52.23,46.68,44.74,42.69,42.7,47.2,58.32,78.62,82.26,78.58,77.17,75.94,70.55,69.91,69.69,72.52,75.15,91.81,87.13,79.05,70.38,60.77,59.49,57.53,56.64,53.31,51.71,49.61,49.62,53.35,59.66,76.92,80.44,75.24,74.24,72.99,69.63,68.85,67.31,69.52,74.23,81.26,78.89,74.78,65.43,59.77,61.65,60.01,53.1,48.78,47.44,46.23,40.24,41.7,51.05,69.5,75.73,74.85,73.8,70.8,66.84,66.84,64.88,65.1,69.46,83.8,78.08,71.71,66.24,58.46,53.9,51.92,41.1,38.38,39.15,41.02,40.0,40.55,40.32,43.54,47.1,54.76,54.41,57.28,53.85,47.12,49.68,50.68,54.8,61.01,63.09
68.28,75.01,78.65,69.99,64.18,57.06,58.58,55.19,52.23,46.68,44.74,42.69,42.7,47.2,58.32,78.62,82.26,78.58,77.17,75.94,70.55,69.91,69.69,72.52,75.15,91.81,87.13,79.05,70.38,60.77,59.49,57.53,56.64,53.31,51.71,49.61,49.62,53.35,59.66,76.92,80.44,75.24,74.24,72.99,69.63,68.85,67.31,69.52,74.23,81.26,78.89,74.78,65.43,59.77,61.65,60.01,53.1,48.78,47.44,46.23,40.24,41.7,51.05,69.5,75.73,74.85,73.8,70.8,66.84,66.84,64.88,65.1,69.46,83.8,78.08,71.71,66.24,58.46,53.9,51.92,41.1,38.38,39.15,41.02,40.0,40.55,40.32,43.54,47.1,54.76,54.41,57.28,53.85,47.12,49.68,50.68,54.8,61.01,63.09,53.62
75.01,78.65,69.99,64.18,57.06,58.58,55.19,52.23,46.68,44.74,42.69,42.7,47.2,58.32,78.62,82.26,78.58,77.17,75.94,70.55,69.91,69.69,72.52,75.15,91.81,87.13,79.05,70.38,60.77,59.49,57.53,56.64,53.31,51.71,49.61,49.62,53.35,59.66,76.92,80.44,75.24,74.24,72.99,69.63,68.85,67.31,69.52,74.23,81.26,78.89,74.78,65.43,59.77,61.65,60.01,53.1,48.78,47.44,46.23,40.24,41.7,51.05,69.5,75.73,74.85,73.8,70.8,66.84,66.84,64.88,65.1,69.46,83.8,78.08,71.71,66.24,58.46,53.9,51.92,41.1,38.38,39.15,41.02,40.0,40.55,40.32,43.54,47.1,54.76,54.41,57.28,53.85,47.12,49.68,50.68,54.8,61.01,63.09,53.62,44.83
78.65,69.99,64.18,57.06,58.58,55.19,52.23,46.68,44.74,42.69,42.7,47.2,58.32,78.62,82.26,78.58,77.17,75.94,70.55,69.91,69.69,72.52,75.15,91.81,87.13,79.05,70.38,60.77,59.49,57.53,56.64,53.31,51.71,49.61,49.62,53.35,59.66,76.92,80.44,75.24,74.24,72.99,69.63,68.85,67.31,69.52,74.23,81.26,78.89,74.78,65.43,59.77,61.65,60.01,53.1,48.78,47.44,46.23,40.24,41.7,51.05,69.5,75.73,74.85,73.8,70.8,66.84,66.84,64.88,65.1,69.46,83.8,78.08,71.71,66.24,58.46,53.9,51.92,41.1,38.38,39.15,41.02,40.0,40.55,40.32,43.54,47.1,54.76,54.41,57.28,53.85,47.12,49.68,50.68,54.8,61.01,63.09,53.62,44.83,41.1
69.99,64.18,57.06,58.58,55.19,52.23,46.68,44.74,42.69,42.7,47.2,58.32,78.62,82.26,78.58,77.17,75.94,70.55,69.91,69.69,72.52,75.15,91.81,87.13,79.05,70.38,60.77,59.49,57.53,56.64,53.31,51.71,49.61,49.62,53.35,59.66,76.92,80.44,75.24,74.24,72.99,69.63,68.85,67.31,69.52,74.23,81.26,78.89,74.78,65.43,59.77,61.65,60.01,53.1,48.78,47.44,46.23,40.24,41.7,51.05,69.5,75.73,74.85,73.8,70.8,66.84,66.84,64.88,65.1,69.46,83.8,78.08,71.71,66.24,58.46,53.9,51.92,41.1,38.38,39.15,41.02,40.0,40.55,40.32,43.54,47.1,54.76,54.41,57.28,53.85,47.12,49.68,50.68,54.8,61.01,63.09,53.62,44.83,41.1,41.1
64.18,57.06,58.58,55.19,52.23,46.68,44.74,42.69,42.7,47.2,58.32,78.62,82.26,78.58,77.17,75.94,70.55,69.91,69.69,72.52,75.15,91.81,87.13,79.05,70.38,60.77,59.49,57.53,56.64,53.31,51.71,49.61,49.62,53.35,59.66,76.92,80.44,75.24,74.24,72.99,69.63,68.85,67.31,69.52,74.23,81.26,78.89,74.78,65.43,59.77,61.65,60.01,53.1,48.78,47.44,46.23,40.24,41.7,51.05,69.5,75.73,74.85,73.8,70.8,66.84,66.84,64.88,65.1,69.46,83.8,78.08,71.71,66.24,58.46,53.9,51.92,41.1,38.38,39.15,41.02,40.0,40.55,40.32,43.54,47.1,54.76,54.41,57.28,53.85,47.12,49.68,50.68,54.8,61.01,63.09,53.62,44.83,41.1,41.1,45.0
57.06,58.58,55.19,52.23,46.68,44.74,42.69,42.7,47.2,58.32,78.62,82.26,78.58,77.17,75.94,70.55,69.91,69.69,72.52,75.15,91.81,87.13,79.05,70.38,60.77,59.49,57.53,56.64,53.31,51.71,49.61,49.62,53.35,59.66,76.92,80.44,75.24,74.24,72.99,69.63,68.85,67.31,69.52,74.23,81.26,78.89,74.78,65.43,59.77,61.65,60.01,53.1,48.78,47.44,46.23,40.24,41.7,51.05,69.5,75.73,74.85,73.8,70.8,66.84,66.84,64.88,65.1,69.46,83.8,78.08,71.71,66.24,58.46,53.9,51.92,41.1,38.38,39.15,41.02,40.0,40.55,40.32,43.54,47.1,54.76,54.41,57.28,53.85,47.12,49.68,50.68,54.8,61.01,63.09,53.62,44.83,41.1,41.1,45.0,39.02
58.58,55.19,52.23,46.68,44.74,42.69,42.7,47.2,58.32,78.62,82.26,78.58,77.17,75.94,70.55,69.91,69.69,72.52,75.15,91.81,87.13,79.05,70.38,60.77,59.49,57.53,56.64,53.31,51.71,49.61,49.62,53.35,59.66,76.92,80.44,75.24,74.24,72.99,69.63,68.85,67.31,69.52,74.23,81.26,78.89,74.78,65.43,59.77,61.65,60.01,53.1,48.78,47.44,46.23,40.24,41.7,51.05,69.5,75.73,74.85,73.8,70.8,66.84,66.84,64.88,65.1,69.46,83.8,78.08,71.71,66.24,58.46,53.9,51.92,41.1,38.38,39.15,41.02,40.0,40.55,40.32,43.54,47.1,54.76,54.41,57.28,53.85,47.12,49.68,50.68,54.8,61.01,63.09,53.62,44.83,41.1,41.1,45.0,39.02,36.45
55.19,52.23,46.68,44.74,42.69,42.7,47.2,58.32,78.62,82.26,78.58,77.17,75.94,70.55,69.91,69.69,72.52,75.15,91.81,87.13,79.05,70.38,60.77,59.49,57.53,56.64,53.31,51.71,49.61,49.62,53.35,59.66,76.92,80.44,75.24,74.24,72.99,69.63,68.85,67.31,69.52,74.23,81.26,78.89,74.78,65.43,59.77,61.65,60.01,53.1,48.78,47.44,46.23,40.24,41.7,51.05,69.5,75.73,74.85,73.8,70.8,66.84,66.84,64.88,65.1,69.46,83.8,78.08,71.71,66.24,58.46,53.9,51.92,41.1,38.38,39.15,41.02,40.0,40.55,40.32,43.54,47.1,54.76,54.41,57.28,53.85,47.12,49.68,50.68,54.8,61.01,63.09,53.62,44.83,41.1,41.1,45.0,39.02,36.45,36.59
52.23,46.68,44.74,42.69,42.7,47.2,58.32,78.62,82.26,78.58,77.17,75.94,70.55,69.91,69.69,72.52,75.15,91.81,87.13,79.05,70.38,60.77,59.49,57.53,56.64,53.31,51.71,49.61,49.62,53.35,59.66,76.92,80.44,75.24,74.24,72.99,69.63,68.85,67.31,69.52,74.23,81.26,78.89,74.78,65.43,59.77,61.65,60.01,53.1,48.78,47.44,46.23,40.24,41.7,51.05,69.5,75.73,74.85,73.8,70.8,66.84,66.84,64.88,65.1,69.46,83.8,78.08,71.71,66.24,58.46,53.9,51.92,41.1,38.38,39.15,41.02,40.0,40.55,40.32,43.54,47.1,54.76,54.41,57.28,53.85,47.12,49.68,50.68,54.8,61.01,63.09,53.62,44.83,41.1,41.1,45.0,39.02,36.45,36.59,35.41
46.68,44.74,42.69,42.7,47.2,58.32,78.62,82.26,78.58,77.17,75.94,70.55,69.91,69.69,72.52,75.15,91.81,87.13,79.05,70.38,60.77,59.49,57.53,56.64,53.31,51.71,49.61,49.62,53.35,59.66,76.92,80.44,75.24,74.24,72.99,69.63,68.85,67.31,69.52,74.23,81.26,78.89,74.78,65.43,59.77,61.65,60.01,53.1,48.78,47.44,46.23,40.24,41.7,51.05,69.5,75.73,74.85,73.8,70.8,66.84,66.84,64.88,65.1,69.46,83.8,78.08,71.71,66.24,58.46,53.9,51.92,41.1,38.38,39.15,41.02,40.0,40.55,40.32,43.54,47.1,54.76,54.41,57.28,53.85,47.12,49.68,50.68,54.8,61.01,63.09,53.62,44.83,41.1,41.1,45.0,39.02,36.45,36.59,35.41,34.87
44.74,42.69,42.7,47.2,58.32,78.62,82.26,78.58,77.17,75.94,70.55,69.91,69.69,72.52,75.15,91.81,87.13,79.05,70.38,60.77,59.49,57.53,56.64,53.31,51.71,49.61,49.62,53.35,59.66,76.92,80.44,75.24,74.24,72.99,69.63,68.85,67.31,69.52,74.23,81.26,78.89,74.78,65.43,59.77,61.65,60.01,53.1,48.78,47.44,46.23,40.24,41.7,51.05,69.5,75.73,74.85,73.8,70.8,66.84,66.84,64.88,65.1,69.46,83.8,78.08,71.71,66.24,58.46,53.9,51.92,41.1,38.38,39.15,41.02,40.0,40.55,40.32,43.54,47.1,54.76,54.41,57.28,53.85,47.12,49.68,50.68,54.8,61.01,63.09,53.62,44.83,41.1,41.1,45.0,39.02,36.45,36.59,35.41,34.87,39.34
42.69,42.7,47.2,58.32,78.62,82.26,78.58,77.17,75.94,70.55,69.91,69.69,72.52,75.15,91.81,87.13,79.05,70.38,60.77,59.49,57.53,56.64,53.31,51.71,49.61,49.62,53.35,59.66,76.92,80.44,75.24,74.24,72.99,69.63,68.85,67.31,69.52,74.23,81.26,78.89,74.78,65.43,59.77,61.65,60.01,53.1,48.78,47.44,46.23,40.24,41.7,51.05,69.5,75.73,74.85,73.8,70.8,66.84,66.84,64.88,65.1,69.46,83.8,78.08,71.71,66.24,58.46,53.9,51.92,41.1,38.38,39.15,41.02,40.0,40.55,40.32,43.54,47.1,54.76,54.41,57.28,53.85,47.12,49.68,50.68,54.8,61.01,63.09,53.62,44.83,41.1,41.1,45.0,39.02,36.45,36.59,35.41,34.87,39.34,40.36
42.7,47.2,58.32,78.62,82.26,78.58,77.17,75.94,70.55,69.91,69.69,72.52,75.15,91.81,87.13,79.05,70.38,60.77,59.49,57.53,56.64,53.31,51.71,49.61,49.62,53.35,59.66,76.92,80.44,75.24,74.24,72.99,69.63,68.85,67.31,69.52,74.23,81.26,78.89,74.78,65.43,59.77,61.65,60.01,53.1,48.78,47.44,46.23,40.24,41.7,51.05,69.5,75.73,74.85,73.8,70.8,66.84,66.84,64.88,65.1,69.46,83.8,78.08,71.71,66.24,58.46,53.9,51.92,41.1,38.38,39.15,41.02,40.0,40.55,40.32,43.54,47.1,54.76,54.41,57.28,53.85,47.12,49.68,50.68,54.8,61.01,63.09,53.62,44.83,41.1,41.1,45.0,39.02,36.45,36.59,35.41,34.87,39.34,40.36,38.11
47.2,58.32,78.62,82.26,78.58,77.17,75.94,70.55,69.91,69.69,72.52,75.15,91.81,87.13,79.05,70.38,60.77,59.49,57.53,56.64,53.31,51.71,49.61,49.62,53.35,59.66,76.92,80.44,75.24,74.24,72.99,69.63,68.85,67.31,69.52,74.23,81.26,78.89,74.78,65.43,59.77,61.65,60.01,53.1,48.78,47.44,46.23,40.24,41.7,51.05,69.5,75.73,74.85,73.8,70.8,66.84,66.84,64.88,65.1,69.46,83.8,78.08,71.71,66.24,58.46,53.9,51.92,41.1,38.38,39.15,41.02,40.0,40.55,40.32,43.54,47.1,54.76,54.41,57.28,53.85,47.12,49.68,50.68,54.8,61.01,63.09,53.62,44.83,41.1,41.1,45.0,39.02,36.45,36.59,35.41,34.87,39.34,40.36,38.11,36.88
58.32,78.62,82.26,78.58,77.17,75.94,70.55,69.91,69.69,72.52,75.15,91.81,87.13,79.05,70.38,60.77,59.49,57.53,56.64,53.31,51.71,49.61,49.62,53.35,59.66,76.92,80.44,75.24,74.24,72.99,69.63,68.85,67.31,69.52,74.23,81.26,78.89,74.78,65.43,59.77,61.65,60.01,53.1,48.78,47.44,46.23,40.24,41.7,51.05,69.5,75.73,74.85,73.8,70.8,66.84,66.84,64.88,65.1,69.46,83.8,78.08,71.71,66.24,58.46,53.9,51.92,41.1,38.38,39.15,41.02,40.0,40.55,40.32,43.54,47.1,54.76,54.41,57.28,53.85,47.12,49.68,50.68,54.8,61.01,63.09,53.62,44.83,41.1,41.1,45.0,39.02,36.45,36.59,35.41,34.87,39.34,40.36,38.11,36.88,44.63
78.62,82.26,78.58,77.17,75.94,70.55,69.91,69.69,72.52,75.15,91.81,87.13,79.05,70.38,60.77,59.49,57.53,56.64,53.31,51.71,49.61,49.62,53.35,59.66,76.92,80.44,75.24,74.24,72.99,69.63,68.85,67.31,69.52,74.23,81.26,78.89,74.78,65.43,59.77,61.65,60.01,53.1,48.78,47.44,46.23,40.24,41.7,51.05,69.5,75.73,74.85,73.8,70.8,66.84,66.84,64.88,65.1,69.46,83.8,78.08,71.71,66.24,58.46,53.9,51.92,41.1,38.38,39.15,41.02,40.0,40.55,40.32,43.54,47.1,54.76,54.41,57.28,53.85,47.12,49.68,50.68,54.8,61.01,63.09,53.62,44.83,41.1,41.1,45.0,39.02,36.45,36.59,35.41,34.87,39.34,40.36,38.11,36.88,44.63,45.58
82.26,78.58,77.17,75.94,70.55,69.91,69.69,72.52,75.15,91.81,87.13,79.05,70.38,60.77,59.49,57.53,56.64,53.31,51.71,49.61,49.62,53.35,59.66,76.92,80.44,75.24,74.24,72.99,69.63,68.85,67.31,69.52,74.23,81.26,78.89,74.78,65.43,59.77,61.65,60.01,53.1,48.78,47.44,46.23,40.24,41.7,51.05,69.5,75.73,74.85,73.8,70.8,66.84,66.84,64.88,65.1,69.46,83.8,78.08,71.71,66.24,58.46,53.9,51.92,41.1,38.38,39.15,41.02,40.0,40.55,40.32,43.54,47.1,54.76,54.41,57.28,53.85,47.12,49.68,50.68,54.8,61.01,63.09,53.62,44.83,41.1,41.1,45.0,39.02,36.45,36.59,35.41,34.87,39.34,40.36,38.11,36.88,44.63,45.58,52.27
78.58,77.17,75.94,70.55,69.91,69.69,72.52,75.15,91.81,87.13,79.05,70.38,60.77,59.49,57.53,56.64,53.31,51.71,49.61,49.62,53.35,59.66,76.92,80.44,75.24,74.24,72.99,69.63,68.85,67.31,69.52,74.23,81.26,78.89,74.78,65.43,59.77,61.65,60.01,53.1,48.78,47.44,46.23,40.24,41.7,51.05,69.5,75.73,74.85,73.8,70.8,66.84,66.84,64.88,65.1,69.46,83.8,78.08,71.71,66.24,58.46,53.9,51.92,41.1,38.38,39.15,41.02,40.0,40.55,40.32,43.54,47.1,54.76,54.41,57.28,53.85,47.12,49.68,50.68,54.8,61.01,63.09,53.62,44.83,41.1,41.1,45.0,39.02,36.45,36.59,35.41,34.87,39.34,40.36,38.11,36.88,44.63,45.58,52.27,52.0
77.17,75.94,70.55,69.91,69.69,72.52,75.15,91.81,87.13,79.05,70.38,60.77,59.49,57.53,56.64,53.31,51.71,49.61,49.62,53.35,59.66,76.92,80.44,75.24,74.24,72.99,69.63,68.85,67.31,69.52,74.23,81.26,78.89,74.78,65.43,59.77,61.65,60.01,53.1,48.78,47.44,46.23,40.24,41.7,51.05,69.5,75.73,74.85,73.8,70.8,66.84,66.84,64.88,65.1,69.46,83.8,78.08,71.71,66.24,58.46,53.9,51.92,41.1,38.38,39.15,41.02,40.0,40.55,40.32,43.54,47.1,54.76,54.41,57.28,53.85,47.12,49.68,50.68,54.8,61.01,63.09,53.62,44.83,41.1,41.1,45.0,39.02,36.45,36.59,35.41,34.87,39.34,40.36,38.11,36.88,44.63,45.58,52.27,52.0,49.78
75.94,70.55,69.91,69.69,72.52,75.15,91.81,87.13,79.05,70.38,60.77,59.49,57.53,56.64,53.31,51.71,49.61,49.62,53.35,59.66,76.92,80.44,75.24,74.24,72.99,69.63,68.85,67.31,69.52,74.23,81.26,78.89,74.78,65.43,59.77,61.65,60.01,53.1,48.78,47.44,46.23,40.24,41.7,51.05,69.5,75.73,74.85,73.8,70.8,66.84,66.84,64.88,65.1,69.46,83.8,78.08,71.71,66.24,58.46,53.9,51.92,41.1,38.38,39.15,41.02,40.0,40.55,40.32,43.54,47.1,54.76,54.41,57.28,53.85,47.12,49.68,50.68,54.8,61.01,63.09,53.62,44.83,41.1,41.1,45.0,39.02,36.45,36.59,35.41,34.87,39.34,40.36,38.11,36.88,44.63,45.58,52.27,52.0,49.78,45.82
70.55,69.91,69.69,72.52,75.15,91.81,87.13,79.05,70.38,60.77,59.49,57.53,56.64,53.31,51.71,49.61,49.62,53.35,59.66,76.92,80.44,75.24,74.24,72.99,69.63,68.85,67.31,69.52,74.23,81.26,78.89,74.78,65.43,59.77,61.65,60.01,53.1,48.78,47.44,46.23,40.24,41.7,51.05,69.5,75.73,74.85,73.8,70.8,66.84,66.84,64.88,65.1,69.46,83.8,78.08,71.71,66.24,58.46,53.9,51.92,41.1,38.38,39.15,41.02,40.0,40.55,40.32,43.54,47.1,54.76,54.41,57.28,53.85,47.12,49.68,50.68,54.8,61.01,63.09,53.62,44.83,41.1,41.1,45.0,39.02,36.45,36.59,35.41,34.87,39.34,40.36,38.11,36.88,44.63,45.58,52.27,52.0,49.78,45.82,47.43
69.91,69.69,72.52,75.15,91.81,87.13,79.05,70.38,60.77,59.49,57.53,56.64,53.31,51.71,49.61,49.62,53.35,59.66,76.92,80.44,75.24,74.24,72.99,69.63,68.85,67.31,69.52,74.23,81.26,78.89,74.78,65.43,59.77,61.65,60.01,53.1,48.78,47.44,46.23,40.24,41.7,51.05,69.5,75.73,74.85,73.8,70.8,66.84,66.84,64.88,65.1,69.46,83.8,78.08,71.71,66.24,58.46,53.9,51.92,41.1,38.38,39.15,41.02,40.0,40.55,40.32,43.54,47.1,54.76,54.41,57.28,53.85,47.12,49.68,50.68,54.8,61.01,63.09,53.62,44.83,41.1,41.1,45.0,39.02,36.45,36.59,35.41,34.87,39.34,40.36,38.11,36.88,44.63,45.58,52.27,52.0,49.78,45.82,47.43,49.98
69.69,72.52,75.15,91.81,87.13,79.05,70.38,60.77,59.49,57.53,56.64,53.31,51.71,49.61,49.62,53.35,59.66,76.92,80.44,75.24,74.24,72.99,69.63,68.85,67.31,69.52,74.23,81.26,78.89,74.78,65.43,59.77,61.65,60.01,53.1,48.78,47.44,46.23,40.24,41.7,51.05,69.5,75.73,74.85,73.8,70.8,66.84,66.84,64.88,65.1,69.46,83.8,78.08,71.71,66.24,58.46,53.9,51.92,41.1,38.38,39.15,41.02,40.0,40.55,40.32,43.54,47.1,54.76,54.41,57.28,53.85,47.12,49.68,50.68,54.8,61.01,63.09,53.62,44.83,41.1,41.1,45.0,39.02,36.45,36.59,35.41,34.87,39.34,40.36,38.11,36.88,44.63,45.58,52.27,52.0,49.78,45.82,47.43,49.98,57.44
72.52,75.15,91.81,87.13,79.05,70.38,60.77,59.49,57.53,56.64,53.31,51.71,49.61,49.62,53.35,59.66,76.92,80.44,75.24,74.24,72.99,69.63,68.85,67.31,69.52,74.23,81.26,78.89,74.78,65.43,59.77,61.65,60.01,53.1,48.78,47.44,46.23,40.24,41.7,51.05,69.5,75.73,74.85,73.8,70.8,66.84,66.84,64.88,65.1,69.46,83.8,78.08,71.71,66.24,58.46,53.9,51.92,41.1,38.38,39.15,41.02,40.0,40.55,40.32,43.54,47.1,54.76,54.41,57.28,53.85,47.12,49.68,50.68,54.8,61.01,63.09,53.62,44.83,41.1,41.1,45.0,39.02,36.45,36.59,35.41,34.87,39.34,40.36,38.11,36.88,44.63,45.58,52.27,52.0,49.78,45.82,47.43,49.98,57.44,52.86
75.15,91.81,87.13,79.05,70.38,60.77,59.49,57.53,56.64,53.31,51.71,49.61,49.62,53.35,59.66,76.92,80.44,75.24,74.24,72.99,69.63,68.85,67.31,69.52,74.23,81.26,78.89,74.78,65.43,59.77,61.65,60.01,53.1,48.78,47.44,46.23,40.24,41.7,51.05,69.5,75.73,74.85,73.8,70.8,66.84,66.84,64.88,65.1,69.46,83.8,78.08,71.71,66.24,58.46,53.9,51.92,41.1,38.38,39.15,41.02,40.0,40.55,40.32,43.54,47.1,54.76,54.41,57.28,53.85,47.12,49.68,50.68,54.8,61.01,63.09,53.62,44.83,41.1,41.1,45.0,39.02,36.45,36.59,35.41,34.87,39.34,40.36,38.11,36.88,44.63,45.58,52.27,52.0,49.78,45.82,47.43,49.98,57.44,52.86,48.9
91.81,87.13,79.05,70.38,60.77,59.49,57.53,56.64,53.31,51.71,49.61,49.62,53.35,59.66,76.92,80.44,75.24,74.24,72.99,69.63,68.85,67.31,69.52,74.23,81.26,78.89,74.78,65.43,59.77,61.65,60.01,53.1,48.78,47.44,46.23,40.24,41.7,51.05,69.5,75.73,74.85,73.8,70.8,66.84,66.84,64.88,65.1,69.46,83.8,78.08,71.71,66.24,58.46,53.9,51.92,41.1,38.38,39.15,41.02,40.0,40.55,40.32,43.54,47.1,54.76,54.41,57.28,53.85,47.12,49.68,50.68,54.8,61.01,63.09,53.62,44.83,41.1,41.1,45.0,39.02,36.45,36.59,35.41,34.87,39.34,40.36,38.11,36.88,44.63,45.58,52.27,52.0,49.78,45.82,47.43,49.98,57.44,52.86,48.9,48.59
87.13,79.05,70.38,60.77,59.49,57.53,56.64,53.31,51.71,49.61,49.62,53.35,59.66,76.92,80.44,75.24,74.24,72.99,69.63,68.85,67.31,69.52,74.23,81.26,78.89,74.78,65.43,59.77,61.65,60.01,53.1,48.78,47.44,46.23,40.24,41.7,51.05,69.5,75.73,74.85,73.8,70.8,66.84,66.84,64.88,65.1,69.46,83.8,78.08,71.71,66.24,58.46,53.9,51.92,41.1,38.38,39.15,41.02,40.0,40.55,40.32,43.54,47.1,54.76,54.41,57.28,53.85,47.12,49.68,50.68,54.8,61.01,63.09,53.62,44.83,41.1,41.1,45.0,39.02,36.45,36.59,35.41,34.87,39.34,40.36,38.11,36.88,44.63,45.58,52.27,52.0,49.78,45.82,47.43,49.98,57.44,52.86,48.9,48.59,45.4
79.05,70.38,60.77,59.49,57.53,56.64,53.31,51.71,49.61,49.62,53.35,59.66,76.92,80.44,75.24,74.24,72.99,69.63,68.85,67.31,69.52,74.23,81.26,78.89,74.78,65.43,59.77,61.65,60.01,53.1,48.78,47.44,46.23,40.24,41.7,51.05,69.5,75.73,74.85,73.8,70.8,66.84,66.84,64.88,65.1,69.46,83.8,78.08,71.71,66.24,58.46,53.9,51.92,41.1,38.38,39.15,41.02,40.0,40.55,40.32,43.54,47.1,54.76,54.41,57.28,53.85,47.12,49.68,50.68,54.8,61.01,63.09,53.62,44.83,41.1,41.1,45.0,39.02,36.45,36.59,35.41,34.87,39.34,40.36,38.11,36.88,44.63,45.58,52.27,52.0,49.78,45.82,47.43,49.98,57.44,52.86,48.9,48.59,45.4,46.39
70.38,60.77,59.49,57.53,56.64,53.31,51.71,49.61,49.62,53.35,59.66,76.92,80.44,75.24,74.24,72.99,69.63,68.85,67.31,69.52,74.23,81.26,78.89,74.78,65.43,59.77,61.65,60.01,53.1,48.78,47.44,46.23,40.24,41.7,51.05,69.5,75.73,74.85,73.8,70.8,66.84,66.84,64.88,65.1,69.46,83.8,78.08,71.71,66.24,58.46,53.9,51.92,41.1,38.38,39.15,41.02,40.0,40.55,40.32,43.54,47.1,54.76,54.41,57.28,53.85,47.12,49.68,50.68,54.8,61.01,63.09,53.62,44.83,41.1,41.1,45.0,39.02,36.45,36.59,35.41,34.87,39.34,40.36,38.11,36.88,44.63,45.58,52.27,52.0,49.78,45.82,47.43,49.98,57.44,52.86,48.9,48.59,45.4,46.39,41.05
60.77,59.49,57.53,56.64,53.31,51.71,49.61,49.62,53.35,59.66,76.92,80.44,75.24,74.24,72.99,69.63,68.85,67.31,69.52,74.23,81.26,78.89,74.78,65.43,59.77,61.65,60.01,53.1,48.78,47.44,46.23,40.24,41.7,51.05,69.5,75.73,74.85,73.8,70.8,66.84,66.84,64.88,65.1,69.46,83.8,78.08,71.71,66.24,58.46,53.9,51.92,41.1,38.38,39.15,41.02,40.0,40.55,40.32,43.54,47.1,54.76,54.41,57.28,53.85,47.12,49.68,50.68,54.8,61.01,63.09,53.62,44.83,41.1,41.1,45.0,39.02,36.45,36.59,35.41,34.87,39.34,40.36,38.11,36.88,44.63,45.58,52.27,52.0,49.78,45.82,47.43,49.98,57.44,52.86,48.9,48.59,45.4,46.39,41.05,39.18
59.49,57.53,56.64,53.31,51.71,49.61,49.62,53.35,59.66,76.92,80.44,75.24,74.24,72.99,69.63,68.85,67.31,69.52,74.23,81.26,78.89,74.78,65.43,59.77,61.65,60.01,53.1,48.78,47.44,46.23,40.24,41.7,51.05,69.5,75.73,74.85,73.8,70.8,66.84,66.84,64.88,65.1,69.46,83.8,78.08,71.71,66.24,58.46,53.9,51.92,41.1,38.38,39.15,41.02,40.0,40.55,40.32,43.54,47.1,54.76,54.41,57.28,53.85,47.12,49.68,50.68,54.8,61.01,63.09,53.62,44.83,41.1,41.1,45.0,39.02,36.45,36.59,35.41,34.87,39.34,40.36,38.11,36.88,44.63,45.58,52.27,52.0,49.78,45.82,47.43,49.98,57.44,52.86,48.9,48.59,45.4,46.39,41.05,39.18,38.45
57.53,56.64,53.31,51.71,49.61,49.62,53.35,59.66,76.92,80.44,75.24,74.24,72.99,69.63,68.85,67.31,69.52,74.23,81.26,78.89,74.78,65.43,59.77,61.65,60.01,53.1,48.78,47.44,46.23,40.24,41.7,51.05,69.5,75.73,74.85,73.8,70.8,66.84,66.84,64.88,65.1,69.46,83.8,78.08,71.71,66.24,58.46,53.9,51.92,41.1,38.38,39.15,41.02,40.0,40.55,40.32,43.54,47.1,54.76,54.41,57.28,53.85,47.12,49.68,50.68,54.8,61.01,63.09,53.62,44.83,41.1,41.1,45.0,39.02,36.45,36.59,35.41,34.87,39.34,40.36,38.11,36.88,44.63,45.58,52.27,52.0,49.78,45.82,47.43,49.98,57.44,52.86,48.9,48.59,45.4,46.39,41.05,39.18,38.45,38.4
56.64,53.31,51.71,49.61,49.62,53.35,59.66,76.92,80.44,75.24,74.24,72.99,69.63,68.85,67.31,69.52,74.23,81.26,78.89,74.78,65.43,59.77,61.65,60.01,53.1,48.78,47.44,46.23,40.24,41.7,51.05,69.5,75.73,74.85,73.8,70.8,66.84,66.84,64.88,65.1,69.46,83.8,78.08,71.71,66.24,58.46,53.9,51.92,41.1,38.38,39.15,41.02,40.0,40.55,40.32,43.54,47.1,54.76,54.41,57.28,53.85,47.12,49.68,50.68,54.8,61.01,63.09,53.62,44.83,41.1,41.1,45.0,39.02,36.45,36.59,35.41,34.87,39.34,40.36,38.11,36.88,44.63,45.58,52.27,52.0,49.78,45.82,47.43,49.98,57.44,52.86,48.9,48.59,45.4,46.39,41.05,39.18,38.45,38.4,35.18
53.31,51.71,49.61,49.62,53.35,59.66,76.92,80.44,75.24,74.24,72.99,69.63,68.85,67.31,69.52,74.23,81.26,78.89,74.78,65.43,59.77,61.65,60.01,53.1,48.78,47.44,46.23,40.24,41.7,51.05,69.5,75.73,74.85,73.8,70.8,66.84,66.84,64.88,65.1,69.46,83.8,78.08,71.71,66.24,58.46,53.9,51.92,41.1,38.38,39.15,41.02,40.0,40.55,40.32,43.54,47.1,54.76,54.41,57.28,53.85,47.12,49.68,50.68,54.8,61.01,63.09,53.62,44.83,41.1,41.1,45.0,39.02,36.45,36.59,35.41,34.87,39.34,40.36,38.11,36.88,44.63,45.58,52.27,52.0,49.78,45.82,47.43,49.98,57.44,52.86,48.9,48.59,45.4,46.39,41.05,39.18,38.45,38.4,35.18,36.4
51.71,49.61,49.62,53.35,59.66,76.92,80.44,75.24,74.24,72.99,69.63,68.85,67.31,69.52,74.23,81.26,78.89,74.78,65.43,59.77,61.65,60.01,53.1,48.78,47.44,46.23,40.24,41.7,51.05,69.5,75.73,74.85,73.8,70.8,66.84,66.84,64.88,65.1,69.46,83.8,78.08,71.71,66.24,58.46,53.9,51.92,41.1,38.38,39.15,41.02,40.0,40.55,40.32,43.54,47.1,54.76,54.41,57.28,53.85,47.12,49.68,50.68,54.8,61.01,63.09,53.62,44.83,41.1,41.1,45.0,39.02,36.45,36.59,35.41,34.87,39.34,40.36,38.11,36.88,44.63,45.58,52.27,52.0,49.78,45.82,47.43,49.98,57.44,52.86,48.9,48.59,45.4,46.39,41.05,39.18,38.45,38.4,35.18,36.4,38.52
49.61,49.62,53.35,59.66,76.92,80.44,75.24,74.24,72.99,69.63,68.85,67.31,69.52,74.23,81.26,78.89,74.78,65.43,59.77,61.65,60.01,53.1,48.78,47.44,46.23,40.24,41.7,51.05,69.5,75.73,74.85,73.8,70.8,66.84,66.84,64.88,65.1,69.46,83.8,78.08,71.71,66.24,58.46,53.9,51.92,41.1,38.38,39.15,41.02,40.0,40.55,40.32,43.54,47.1,54.76,54.41,57.28,53.85,47.12,49.68,50.68,54.8,61.01,63.09,53.62,44.83,41.1,41.1,45.0,39.02,36.45,36.59,35.41,34.87,39.34,40.36,38.11,36.88,44.63,45.58,52.27,52.0,49.78,45.82,47.43,49.98,57.44,52.86,48.9,48.59,45.4,46.39,41.05,39.18,38.45,38.4,35.18,36.4,38.52,56.2
49.62,53.35,59.66,76.92,80.44,75.24,74.24,72.99,69.63,68.85,67.31,69.52,74.23,81.26,78.89,74.78,65.43,59.77,61.65,60.01,53.1,48.78,47.44,46.23,40.24,41.7,51.05,69.5,75.73,74.85,73.8,70.8,66.84,66.84,64.88,65.1,69.46,83.8,78.08,71.71,66.24,58.46,53.9,51.92,41.1,38.38,39.15,41.02,40.0,40.55,40.32,43.54,47.1,54.76,54.41,57.28,53.85,47.12,49.68,50.68,54.8,61.01,63.09,53.62,44.83,41.1,41.1,45.0,39.02,36.45,36.59,35.41,34.87,39.34,40.36,38.11,36.88,44.63,45.58,52.27,52.0,49.78,45.82,47.43,49.98,57.44,52.86,48.9,48.59,45.4,46.39,41.05,39.18,38.45,38.4,35.18,36.4,38.52,56.2,73.6
53.35,59.66,76.92,80.44,75.24,74.24,72.99,69.63,68.85,67.31,69.52,74.23,81.26,78.89,74.78,65.43,59.77,61.65,60.01,53.1,48.78,47.44,46.23,40.24,41.7,51.05,69.5,75.73,74.85,73.8,70.8,66.84,66.84,64.88,65.1,69.46,83.8,78.08,71.71,66.24,58.46,53.9,51.92,41.1,38.38,39.15,41.02,40.0,40.55,40.32,43.54,47.1,54.76,54.41,57.28,53.85,47.12,49.68,50.68,54.8,61.01,63.09,53.62,44.83,41.1,41.1,45.0,39.02,36.45,36.59,35.41,34.87,39.34,40.36,38.11,36.88,44.63,45.58,52.27,52.0,49.78,45.82,47.43,49.98,57.44,52.86,48.9,48.59,45.4,46.39,41.05,39.18,38.45,38.4,35.18,36.4,38.52,56.2,73.6,80.97
59.66,76.92,80.44,75.24,74.24,72.99,69.63,68.85,67.31,69.52,74.23,81.26,78.89,74.78,65.43,59.77,61.65,60.01,53.1,48.78,47.44,46.23,40.24,41.7,51.05,69.5,75.73,74.85,73.8,70.8,66.84,66.84,64.88,65.1,69.46,83.8,78.08,71.71,66.24,58.46,53.9,51.92,41.1,38.38,39.15,41.02,40.0,40.55,40.32,43.54,47.1,54.76,54.41,57.28,53.85,47.12,49.68,50.68,54.8,61.01,63.09,53.62,44.83,41.1,41.1,45.0,39.02,36.45,36.59,35.41,34.87,39.34,40.36,38.11,36.88,44.63,45.58,52.27,52.0,49.78,45.82,47.43,49.98,57.44,52.86,48.9,48.59,45.4,46.39,41.05,39.18,38.45,38.4,35.18,36.4,38.52,56.2,73.6,80.97,75.1
76.92,80.44,75.24,74.24,72.99,69.63,68.85,67.31,69.52,74.23,81.26,78.89,74.78,65.43,59.77,61.65,60.01,53.1,48.78,47.44,46.23,40.24,41.7,51.05,69.5,75.73,74.85,73.8,70.8,66.84,66.84,64.88,65.1,69.46,83.8,78.08,71.71,66.24,58.46,53.9,51.92,41.1,38.38,39.15,41.02,40.0,40.55,40.32,43.54,47.1,54.76,54.41,57.28,53.85,47.12,49.68,50.68,54.8,61.01,63.09,53.62,44.83,41.1,41.1,45.0,39.02,36.45,36.59,35.41,34.87,39.34,40.36,38.11,36.88,44.63,45.58,52.27,52.0,49.78,45.82,47.43,49.98,57.44,52.86,48.9,48.59,45.4,46.39,41.05,39.18,38.45,38.4,35.18,36.4,38.52,56.2,73.6,80.97,75.1,74.99
80.44,75.24,74.24,72.99,69.63,68.85,67.31,69.52,74.23,81.26,78.89,74.78,65.43,59.77,61.65,60.01,53.1,48.78,47.44,46.23,40.24,41.7,51.05,69.5,75.73,74.85,73.8,70.8,66.84,66.84,64.88,65.1,69.46,83.8,78.08,71.71,66.24,58.46,53.9,51.92,41.1,38.38,39.15,41.02,40.0,40.55,40.32,43.54,47.1,54.76,54.41,57.28,53.85,47.12,49.68,50.68,54.8,61.01,63.09,53.62,44.83,41.1,41.1,45.0,39.02,36.45,36.59,35.41,34.87,39.34,40.36,38.11,36.88,44.63,45.58,52.27,52.0,49.78,45.82,47.43,49.98,57.44,52.86,48.9,48.59,45.4,46.39,41.05,39.18,38.45,38.4,35.18,36.4,38.52,56.2,73.6,80.97,75.1,74.99,76.48
75.24,74.24,72.99,69.63,68.85,67.31,69.52,74.23,81.26,78.89,74.78,65.43,59.77,61.65,60.01,53.1,48.78,47.44,46.23,40.24,41.7,51.05,69.5,75.73,74.85,73.8,70.8,66.84,66.84,64.88,65.1,69.46,83.8,78.08,71.71,66.24,58.46,53.9,51.92,41.1,38.38,39.15,41.02,40.0,40.55,40.32,43.54,47.1,54.76,54.41,57.28,53.85,47.12,49.68,50.68,54.8,61.01,63.09,53.62,44.83,41.1,41.1,45.0,39.02,36.45,36.59,35.41,34.87,39.34,40.36,38.11,36.88,44.63,45.58,52.27,52.0,49.78,45.82,47.43,49.98,57.44,52.86,48.9,48.59,45.4,46.39,41.05,39.18,38.45,38.4,35.18,36.4,38.52,56.2,73.6,80.97,75.1,74.99,76.48,74.71
74.24,72.99,69.63,68.85,67.31,69.52,74.23,81.26,78.89,74.78,65.43,59.77,61.65,60.01,53.1,48.78,47.44,46.23,40.24,41.7,51.05,69.5,75.73,74.85,73.8,70.8,66.84,66.84,64.88,65.1,69.46,83.8,78.08,71.71,66.24,58.46,53.9,51.92,41.1,38.38,39.15,41.02,40.0,40.55,40.32,43.54,47.1,54.76,54.41,57.28,53.85,47.12,49.68,50.68,54.8,61.01,63.09,53.62,44.83,41.1,41.1,45.0,39.02,36.45,36.59,35.41,34.87,39.34,40.36,38.11,36.88,44.63,45.58,52.27,52.0,49.78,45.82,47.43,49.98,57.44,52.86,48.9,48.59,45.4,46.39,41.05,39.18,38.45,38.4,35.18,36.4,38.52,56.2,73.6,80.97,75.1,74.99,76.48,74.71,71.48
72.99,69.63,68.85,67.31,69.52,74.23,81.26,78.89,74.78,65.43,59.77,61.65,60.01,53.1,48.78,47.44,46.23,40.24,41.7,51.05,69.5,75.73,74.85,73.8,70.8,66.84,66.84,64.88,65.1,69.46,83.8,78.08,71.71,66.24,58.46,53.9,51.92,41.1,38.38,39.15,41.02,40.0,40.55,40.32,43.54,47.1,54.76,54.41,57.28,53.85,47.12,49.68,50.68,54.8,61.01,63.09,53.62,44.83,41.1,41.1,45.0,39.02,36.45,36.59,35.41,34.87,39.34,40.36,38.11,36.88,44.63,45.58,52.27,52.0,49.78,45.82,47.43,49.98,57.44,52.86,48.9,48.59,45.4,46.39,41.05,39.18,38.45,38.4,35.18,36.4,38.52,56.2,73.6,80.97,75.1,74.99,76.48,74.71,71.48,72.71
69.63,68.85,67.31,69.52,74.23,81.26,78.89,74.78,65.43,59.77,61.65,60.01,53.1,48.78,47.44,46.23,40.24,41.7,51.05,69.5,75.73,74.85,73.8,70.8,66.84,66.84,64.88,65.1,69.46,83.8,78.08,71.71,66.24,58.46,53.9,51.92,41.1,38.38,39.15,41.02,40.0,40.55,40.32,43.54,47.1,54.76,54.41,57.28,53.85,47.12,49.68,50.68,54.8,61.01,63.09,53.62,44.83,41.1,41.1,45.0,39.02,36.45,36.59,35.41,34.87,39.34,40.36,38.11,36.88,44.63,45.58,52.27,52.0,49.78,45.82,47.43,49.98,57.44,52.86,48.9,48.59,45.4,46.39,41.05,39.18,38.45,38.4,35.18,36.4,38.52,56.2,73.6,80.97,75.1,74.99,76.48,74.71,71.48,72.71,72.99
68.85,67.31,69.52,74.23,81.26,78.89,74.78,65.43,59.77,61.65,60.01,53.1,48.78,47.44,46.23,40.24,41.7,51.05,69.5,75.73,74.85,73.8,70.8,66.84,66.84,64.88,65.1,69.46,83.8,78.08,71.71,66.24,58.46,53.9,51.92,41.1,38.38,39.15,41.02,40.0,40.55,40.32,43.54,47.1,54.76,54.41,57.28,53.85,47.12,49.68,50.68,54.8,61.01,63.09,53.62,44.83,41.1,41.1,45.0,39.02,36.45,36.59,35.41,34.87,39.34,40.36,38.11,36.88,44.63,45.58,52.27,52.0,49.78,45.82,47.43,49.98,57.44,52.86,48.9,48.59,45.4,46.39,41.05,39.18,38.45,38.4,35.18,36.4,38.52,56.2,73.6,80.97,75.1,74.99,76.48,74.71,71.48,72.71,72.99,69.24
67.31,69.52,74.23,81.26,78.89,74.78,65.43,59.77,61.65,60.01,53.1,48.78,47.44,46.23,40.24,41.7,51.05,69.5,75.73,74.85,73.8,70.8,66.84,66.84,64.88,65.1,69.46,83.8,78.08,71.71,66.24,58.46,53.9,51.92,41.1,38.38,39.15,41.02,40.0,40.55,40.32,43.54,47.1,54.76,54.41,57.28,53.85,47.12,49.68,50.68,54.8,61.01,63.09,53.62,44.83,41.1,41.1,45.0,39.02,36.45,36.59,35.41,34.87,39.34,40.36,38.11,36.88,44.63,45.58,52.27,52.0,49.78,45.82,47.43,49.98,57.44,52.86,48.9,48.59,45.4,46.39,41.05,39.18,38.45,38.4,35.18,36.4,38.52,56.2,73.6,80.97,75.1,74.99,76.48,74.71,71.48,72.71,72.99,69.24,79.71
69.52,74.23,81.26,78.89,74.78,65.43,59.77,61.65,60.01,53.1,48.78,47.44,46.23,40.24,41.7,51.05,69.5,75.73,74.85,73.8,70.8,66.84,66.84,64.88,65.1,69.46,83.8,78.08,71.71,66.24,58.46,53.9,51.92,41.1,38.38,39.15,41.02,40.0,40.55,40.32,43.54,47.1,54.76,54.41,57.28,53.85,47.12,49.68,50.68,54.8,61.01,63.09,53.62,44.83,41.1,41.1,45.0,39.02,36.45,36.59,35.41,34.87,39.34,40.36,38.11,36.88,44.63,45.58,52.27,52.0,49.78,45.82,47.43,49.98,57.44,52.86,48.9,48.59,45.4,46.39,41.05,39.18,38.45,38.4,35.18,36.4,38.52,56.2,73.6,80.97,75.1,74.99,76.48,74.71,71.48,72.71,72.99,69.24,79.71,84.35
74.23,81.26,78.89,74.78,65.43,59.77,61.65,60.01,53.1,48.78,47.44,46.23,40.24,41.7,51.05,69.5,75.73,74.85,73.8,70.8,66.84,66.84,64.88,65.1,69.46,83.8,78.08,71.71,66.24,58.46,53.9,51.92,41.1,38.38,39.15,41.02,40.0,40.55,40.32,43.54,47.1,54.76,54.41,57.28,53.85,47.12,49.68,50.68,54.8,61.01,63.09,53.62,44.83,41.1,41.1,45.0,39.02,36.45,36.59,35.41,34.87,39.34,40.36,38.11,36.88,44.63,45.58,52.27,52.0,49.78,45.82,47.43,49.98,57.44,52.86,48.9,48.59,45.4,46.39,41.05,39.18,38.45,38.4,35.18,36.4,38.52,56.2,73.6,80.97,75.1,74.99,76.48,74.71,71.48,72.71,72.99,69.24,79.71,84.35,85.14
81.26,78.89,74.78,65.43,59.77,61.65,60.01,53.1,48.78,47.44,46.23,40.24,41.7,51.05,69.5,75.73,74.85,73.8,70.8,66.84,66.84,64.88,65.1,69.46,83.8,78.08,71.71,66.24,58.46,53.9,51.92,41.1,38.38,39.15,41.02,40.0,40.55,40.32,43.54,47.1,54.76,54.41,57.28,53.85,47.12,49.68,50.68,54.8,61.01,63.09,53.62,44.83,41.1,41.1,45.0,39.02,36.45,36.59,35.41,34.87,39.34,40.36,38.11,36.88,44.63,45.58,52.27,52.0,49.78,45.82,47.43,49.98,57.44,52.86,48.9,48.59,45.4,46.39,41.05,39.18,38.45,38.4,35.18,36.4,38.52,56.2,73.6,80.97,75.1,74.99,76.48,74.71,71.48,72.71,72.99,69.24,79.71,84.35,85.14,72.35
78.89,74.78,65.43,59.77,61.65,60.01,53.1,48.78,47.44,46.23,40.24,41.7,51.05,69.5,75.73,74.85,73.8,70.8,66.84,66.84,64.88,65.1,69.46,83.8,78.08,71.71,66.24,58.46,53.9,51.92,41.1,38.38,39.15,41.02,40.0,40.55,40.32,43.54,47.1,54.76,54.41,57.28,53.85,47.12,49.68,50.68,54.8,61.01,63.09,53.62,44.83,41.1,41.1,45.0,39.02,36.45,36.59,35.41,34.87,39.34,40.36,38.11,36.88,44.63,45.58,52.27,52.0,49.78,45.82,47.43,49.98,57.44,52.86,48.9,48.59,45.4,46.39,41.05,39.18,38.45,38.4,35.18,36.4,38.52,56.2,73.6,80.97,75.1,74.99,76.48,74.71,71.48,72.71,72.99,69.24,79.71,84.35,85.14,72.35,66.55
74.78,65.43,59.77,61.65,60.01,53.1,48.78,47.44,46.23,40.24,41.7,51.05,69.5,75.73,74.85,73.8,70.8,66.84,66.84,64.88,65.1,69.46,83.8,78.08,71.71,66.24,58.46,53.9,51.92,41.1,38.38,39.15,41.02,40.0,40.55,40.32,43.54,47.1,54.76,54.41,57.28,53.85,47.12,49.68,50.68,54.8,61.01,63.09,53.62,44.83,41.1,41.1,45.0,39.02,36.45,36.59,35.41,34.87,39.34,40.36,38.11,36.88,44.63,45.58,52.27,52.0,49.78,45.82,47.43,49.98,57.44,52.86,48.9,48.59,45.4,46.39,41.05,39.18,38.45,38.4,35.18,36.4,38.52,56.2,73.6,80.97,75.1,74.99,76.48,74.71,71.48,72.71,72.99,69.24,79.71,84.35,85.14,72.35,66.55,63.87
65.43,59.77,61.65,60.01,53.1,48.78,47.44,46.23,40.24,41.7,51.05,69.5,75.73,74.85,73.8,70.8,66.84,66.84,64.88,65.1,69.46,83.8,78.08,71.71,66.24,58.46,53.9,51.92,41.1,38.38,39.15,41.02,40.0,40.55,40.32,43.54,47.1,54.76,54.41,57.28,53.85,47.12,49.68,50.68,54.8,61.01,63.09,53.62,44.83,41.1,41.1,45.0,39.02,36.45,36.59,35.41,34.87,39.34,40.36,38.11,36.88,44.63,45.58,52.27,52.0,49.78,45.82,47.43,49.98,57.44,52.86,48.9,48.59,45.4,46.39,41.05,39.18,38.45,38.4,35.18,36.4,38.52,56.2,73.6,80.97,75.1,74.99,76.48,74.71,71.48,72.71,72.99,69.24,79.71,84.35,85.14,72.35,66.55,63.87,62.58
59.77,61.65,60.01,53.1,48.78,47.44,46.23,40.24,41.7,51.05,69.5,75.73,74.85,73.8,70.8,66.84,66.84,64.88,65.1,69.46,83.8,78.08,71.71,66.24,58.46,53.9,51.92,41.1,38.38,39.15,41.02,40.0,40.55,40.32,43.54,47.1,54.76,54.41,57.28,53.85,47.12,49.68,50.68,54.8,61.01,63.09,53.62,44.83,41.1,41.1,45.0,39.02,36.45,36.59,35.41,34.87,39.34,40.36,38.11,36.88,44.63,45.58,52.27,52.0,49.78,45.82,47.43,49.98,57.44,52.86,48.9,48.59,45.4,46.39,41.05,39.18,38.45,38.4,35.18,36.4,38.52,56.2,73.6,80.97,75.1,74.99,76.48,74.71,71.48,72.71,72.99,69.24,79.71,84.35,85.14,72.35,66.55,63.87,62.58,47.27
61.65,60.01,53.1,48.78,47.44,46.23,40.24,41.7,51.05,69.5,75.73,74.85,73.8,70.8,66.84,66.84,64.88,65.1,69.46,83.8,78.08,71.71,66.24,58.46,53.9,51.92,41.1,38.38,39.15,41.02,40.0,40.55,40.32,43.54,47.1,54.76,54.41,57.28,53.85,47.12,49.68,50.68,54.8,61.01,63.09,53.62,44.83,41.1,41.1,45.0,39.02,36.45,36.59,35.41,34.87,39.34,40.36,38.11,36.88,44.63,45.58,52.27,52.0,49.78,45.82,47.43,49.98,57.44,52.86,48.9,48.59,45.4,46.39,41.05,39.18,38.45,38.4,35.18,36.4,38.52,56.2,73.6,80.97,75.1,74.99,76.48,74.71,71.48,72.71,72.99,69.24,79.71,84.35,85.14,72.35,66.55,63.87,62.58,47.27,44.15
60.01,53.1,48.78,47.44,46.23,40.24,41.7,51.05,69.5,75.73,74.85,73.8,70.8,66.84,66.84,64.88,65.1,69.46,83.8,78.08,71.71,66.24,58.46,53.9,51.92,41.1,38.38,39.15,41.02,40.0,40.55,40.32,43.54,47.1,54.76,54.41,57.28,53.85,47.12,49.68,50.68,54.8,61.01,63.09,53.62,44.83,41.1,41.1,45.0,39.02,36.45,36.59,35.41,34.87,39.34,40.36,38.11,36.88,44.63,45.58,52.27,52.0,49.78,45.82,47.43,49.98,57.44,52.86,48.9,48.59,45.4,46.39,41.05,39.18,38.45,38.4,35.18,36.4,38.52,56.2,73.6,80.97,75.1,74.99,76.48,74.71,71.48,72.71,72.99,69.24,79.71,84.35,85.14,72.35,66.55,63.87,62.58,47.27,44.15,42.8
53.1,48.78,47.44,46.23,40.24,41.7,51.05,69.5,75.73,74.85,73.8,70.8,66.84,66.84,64.88,65.1,69.46,83.8,78.08,71.71,66.24,58.46,53.9,51.92,41.1,38.38,39.15,41.02,40.0,40.55,40.32,43.54,47.1,54.76,54.41,57.28,53.85,47.12,49.68,50.68,54.8,61.01,63.09,53.62,44.83,41.1,41.1,45.0,39.02,36.45,36.59,35.41,34.87,39.34,40.36,38.11,36.88,44.63,45.58,52.27,52.0,49.78,45.82,47.43,49.98,57.44,52.86,48.9,48.59,45.4,46.39,41.05,39.18,38.45,38.4,35.18,36.4,38.52,56.2,73.6,80.97,75.1,74.99,76.48,74.71,71.48,72.71,72.99,69.24,79.71,84.35,85.14,72.35,66.55,63.87,62.58,47.27,44.15,42.8,40.96
48.78,47.44,46.23,40.24,41.7,51.05,69.5,75.73,74.85,73.8,70.8,66.84,66.84,64.88,65.1,69.46,83.8,78.08,71.71,66.24,58.46,53.9,51.92,41.1,38.38,39.15,41.02,40.0,40.55,40.32,43.54,47.1,54.76,54.41,57.28,53.85,47.12,49.68,50.68,54.8,61.01,63.09,53.62,44.83,41.1,41.1,45.0,39.02,36.45,36.59,35.41,34.87,39.34,40.36,38.11,36.88,44.63,45.58,52.27,52.0,49.78,45.82,47.43,49.98,57.44,52.86,48.9,48.59,45.4,46.39,41.05,39.18,38.45,38.4,35.18,36.4,38.52,56.2,73.6,80.97,75.1,74.99,76.48,74.71,71.48,72.71,72.99,69.24,79.71,84.35,85.14,72.35,66.55,63.87,62.58,47.27,44.15,42.8,40.96,41.61
47.44,46.23,40.24,41.7,51.05,69.5,75.73,74.85,73.8,70.8,66.84,66.84,64.88,65.1,69.46,83.8,78.08,71.71,66.24,58.46,53.9,51.92,41.1,38.38,39.15,41.02,40.0,40.55,40.32,43.54,47.1,54.76,54.41,57.28,53.85,47.12,49.68,50.68,54.8,61.01,63.09,53.62,44.83,41.1,41.1,45.0,39.02,36.45,36.59,35.41,34.87,39.34,40.36,38.11,36.88,44.63,45.58,52.27,52.0,49.78,45.82,47.43,49.98,57.44,52.86,48.9,48.59,45.4,46.39,41.05,39.18,38.45,38.4,35.18,36.4,38.52,56.2,73.6,80.97,75.1,74.99,76.48,74.71,71.48,72.71,72.99,69.24,79.71,84.35,85.14,72.35,66.55,63.87,62.58,47.27,44.15,42.8,40.96,41.61,49.84
46.23,40.24,41.7,51.05,69.5,75.73,74.85,73.8,70.8,66.84,66.84,64.88,65.1,69.46,83.8,78.08,71.71,66.24,58.46,53.9,51.92,41.1,38.38,39.15,41.02,40.0,40.55,40.32,43.54,47.1,54.76,54.41,57.28,53.85,47.12,49.68,50.68,54.8,61.01,63.09,53.62,44.83,41.1,41.1,45.0,39.02,36.45,36.59,35.41,34.87,39.34,40.36,38.11,36.88,44.63,45.58,52.27,52.0,49.78,45.82,47.43,49.98,57.44,52.86,48.9,48.59,45.4,46.39,41.05,39.18,38.45,38.4,35.18,36.4,38.52,56.2,73.6,80.97,75.1,74.99,76.48,74.71,71.48,72.71,72.99,69.24,79.71,84.35,85.14,72.35,66.55,63.87,62.58,47.27,44.15,42.8,40.96,41.61,49.84,57.54
40.24,41.7,51.05,69.5,75.73,74.85,73.8,70.8,66.84,66.84,64.88,65.1,69.46,83.8,78.08,71.71,66.24,58.46,53.9,51.92,41.1,38.38,39.15,41.02,40.0,40.55,40.32,43.54,47.1,54.76,54.41,57.28,53.85,47.12,49.68,50.68,54.8,61.01,63.09,53.62,44.83,41.1,41.1,45.0,39.02,36.45,36.59,35.41,34.87,39.34,40.36,38.11,36.88,44.63,45.58,52.27,52.0,49.78,45.82,47.43,49.98,57.44,52.86,48.9,48.59,45.4,46.39,41.05,39.18,38.45,38.4,35.18,36.4,38.52,56.2,73.6,80.97,75.1,74.99,76.48,74.71,71.48,72.71,72.99,69.24,79.71,84.35,85.14,72.35,66.55,63.87,62.58,47.27,44.15,42.8,40.96,41.61,49.84,57.54,69.99
41.7,51.05,69.5,75.73,74.85,73.8,70.8,66.84,66.84,64.88,65.1,69.46,83.8,78.08,71.71,66.24,58.46,53.9,51.92,41.1,38.38,39.15,41.02,40.0,40.55,40.32,43.54,47.1,54.76,54.41,57.28,53.85,47.12,49.68,50.68,54.8,61.01,63.09,53.62,44.83,41.1,41.1,45.0,39.02,36.45,36.59,35.41,34.87,39.34,40.36,38.11,36.88,44.63,45.58,52.27,52.0,49.78,45.82,47.43,49.98,57.44,52.86,48.9,48.59,45.4,46.39,41.05,39.18,38.45,38.4,35.18,36.4,38.52,56.2,73.6,80.97,75.1,74.99,76.48,74.71,71.48,72.71,72.99,69.24,79.71,84.35,85.14,72.35,66.55,63.87,62.58,47.27,44.15,42.8,40.96,41.61,49.84,57.54,69.99,77.5
51.05,69.5,75.73,74.85,73.8,70.8,66.84,66.84,64.88,65.1,69.46,83.8,78.08,71.71,66.24,58.46,53.9,51.92,41.1,38.38,39.15,41.02,40.0,40.55,40.32,43.54,47.1,54.76,54.41,57.28,53.85,47.12,49.68,50.68,54.8,61.01,63.09,53.62,44.83,41.1,41.1,45.0,39.02,36.45,36.59,35.41,34.87,39.34,40.36,38.11,36.88,44.63,45.58,52.27,52.0,49.78,45.82,47.43,49.98,57.44,52.86,48.9,48.59,45.4,46.39,41.05,39.18,38.45,38.4,35.18,36.4,38.52,56.2,73.6,80.97,75.1,74.99,76.48,74.71,71.48,72.71,72.99,69.24,79.71,84.35,85.14,72.35,66.55,63.87,62.58,47.27,44.15,42.8,40.96,41.61,49.84,57.54,69.99,77.5,74.08
69.5,75.73,74.85,73.8,70.8,66.84,66.84,64.88,65.1,69.46,83.8,78.08,71.71,66.24,58.46,53.9,51.92,41.1,38.38,39.15,41.02,40.0,40.55,40.32,43.54,47.1,54.76,54.41,57.28,53.85,47.12,49.68,50.68,54.8,61.01,63.09,53.62,44.83,41.1,41.1,45.0,39.02,36.45,36.59,35.41,34.87,39.34,40.36,38.11,36.88,44.63,45.58,52.27,52.0,49.78,45.82,47.43,49.98,57.44,52.86,48.9,48.59,45.4,46.39,41.05,39.18,38.45,38.4,35.18,36.4,38.52,56.2,73.6,80.97,75.1,74.99,76.48,74.71,71.48,72.71,72.99,69.24,79.71,84.35,85.14,72.35,66.55,63.87,62.58,47.27,44.15,42.8,40.96,41.61,49.84,57.54,69.99,77.5,74.08,71.26
75.73,74.85,73.8,70.8,66.84,66.84,64.88,65.1,69.46,83.8,78.08,71.71,66.24,58.46,53.9,51.92,41.1,38.38,39.15,41.02,40.0,40.55,40.32,43.54,47.1,54.76,54.41,57.28,53.85,47.12,49.68,50.68,54.8,61.01,63.09,53.62,44.83,41.1,41.1,45.0,39.02,36.45,36.59,35.41,34.87,39.34,40.36,38.11,36.88,44.63,45.58,52.27,52.0,49.78,45.82,47.43,49.98,57.44,52.86,48.9,48.59,45.4,46.39,41.05,39.18,38.45,38.4,35.18,36.4,38.52,56.2,73.6,80.97,75.1,74.99,76.48,74.71,71.48,72.71,72.99,69.24,79.71,84.35,85.14,72.35,66.55,63.87,62.58,47.27,44.15,42.8,40.96,41.61,49.84,57.54,69.99,77.5,74.08,71.26,73.46
74.85,73.8,70.8,66.84,66.84,64.88,65.1,69.46,83.8,78.08,71.71,66.24,58.46,53.9,51.92,41.1,38.38,39.15,41.02,40.0,40.55,40.32,43.54,47.1,54.76,54.41,57.28,53.85,47.12,49.68,50.68,54.8,61.01,63.09,53.62,44.83,41.1,41.1,45.0,39.02,36.45,36.59,35.41,34.87,39.34,40.36,38.11,36.88,44.63,45.58,52.27,52.0,49.78,45.82,47.43,49.98,57.44,52.86,48.9,48.59,45.4,46.39,41.05,39.18,38.45,38.4,35.18,36.4,38.52,56.2,73.6,80.97,75.1,74.99,76.48,74.71,71.48,72.71,72.99,69.24,79.71,84.35,85.14,72.35,66.55,63.87,62.58,47.27,44.15,42.8,40.96,41.61,49.84,57.54,69.99,77.5,74.08,71.26,73.46,72.06
73.8,70.8,66.84,66.84,64.88,65.1,69.46,83.8,78.08,71.71,66.24,58.46,53.9,51.92,41.1,38.38,39.15,41.02,40.0,40.55,40.32,43.54,47.1,54.76,54.41,57.28,53.85,47.12,49.68,50.68,54.8,61.01,63.09,53.62,44.83,41.1,41.1,45.0,39.02,36.45,36.59,35.41,34.87,39.34,40.36,38.11,36.88,44.63,45.58,52.27,52.0,49.78,45.82,47.43,49.98,57.44,52.86,48.9,48.59,45.4,46.39,41.05,39.18,38.45,38.4,35.18,36.4,38.52,56.2,73.6,80.97,75.1,74.99,76.48,74.71,71.48,72.71,72.99,69.24,79.71,84.35,85.14,72.35,66.55,63.87,62.58,47.27,44.15,42.8,40.96,41.61,49.84,57.54,69.99,77.5,74.08,71.26,73.46,72.06,69.87
70.8,66.84,66.84,64.88,65.1,69.46,83.8,78.08,71.71,66.24,58.46,53.9,51.92,41.1,38.38,39.15,41.02,40.0,40.55,40.32,43.54,47.1,54.76,54.41,57.28,53.85,47.12,49.68,50.68,54.8,61.01,63.09,53.62,44.83,41.1,41.1,45.0,39.02,36.45,36.59,35.41,34.87,39.34,40.36,38.11,36.88,44.63,45.58,52.27,52.0,49.78,45.82,47.43,49.98,57.44,52.86,48.9,48.59,45.4,46.39,41.05,39.18,38.45,38.4,35.18,36.4,38.52,56.2,73.6,80.97,75.1,74.99,76.48,74.71,71.48,72.71,72.99,69.24,79.71,84.35,85.14,72.35,66.55,63.87,62.58,47.27,44.15,42.8,40.96,41.61,49.84,57.54,69.99,77.5,74.08,71.26,73.46,72.06,69.87,72.04
66.84,66.84,64.88,65.1,69.46,83.8,78.08,71.71,66.24,58.46,53.9,51.92,41.1,38.38,39.15,41.02,40.0,40.55,40.32,43.54,47.1,54.76,54.41,57.28,53.85,47.12,49.68,50.68,54.8,61.01,63.09,53.62,44.83,41.1,41.1,45.0,39.02,36.45,36.59,35.41,34.87,39.34,40.36,38.11,36.88,44.63,45.58,52.27,52.0,49.78,45.82,47.43,49.98,57.44,52.86,48.9,48.59,45.4,46.39,41.05,39.18,38.45,38.4,35.18,36.4,38.52,56.2,73.6,80.97,75.1,74.99,76.48,74.71,71.48,72.71,72.99,69.24,79.71,84.35,85.14,72.35,66.55,63.87,62.58,47.27,44.15,42.8,40.96,41.61,49.84,57.54,69.99,77.5,74.08,71.26,73.46,72.06,69.87,72.04,73.57
66.84,64.88,65.1,69.46,83.8,78.08,71.71,66.24,58.46,53.9,51.92,41.1,38.38,39.15,41.02,40.0,40.55,40.32,43.54,47.1,54.76,54.41,57.28,53.85,47.12,49.68,50.68,54.8,61.01,63.09,53.62,44.83,41.1,41.1,45.0,39.02,36.45,36.59,35.41,34.87,39.34,40.36,38.11,36.88,44.63,45.58,52.27,52.0,49.78,45.82,47.43,49.98,57.44,52.86,48.9,48.59,45.4,46.39,41.05,39.18,38.45,38.4,35.18,36.4,38.52,56.2,73.6,80.97,75.1,74.99,76.48,74.71,71.48,72.71,72.99,69.24,79.71,84.35,85.14,72.35,66.55,63.87,62.58,47.27,44.15,42.8,40.96,41.61,49.84,57.54,69.99,77.5,74.08,71.26,73.46,72.06,69.87,72.04,73.57,76.82
64.88,65.1,69.46,83.8,78.08,71.71,66.24,58.46,53.9,51.92,41.1,38.38,39.15,41.02,40.0,40.55,40.32,43.54,47.1,54.76,54.41,57.28,53.85,47.12,49.68,50.68,54.8,61.01,63.09,53.62,44.83,41.1,41.1,45.0,39.02,36.45,36.59,35.41,34.87,39.34,40.36,38.11,36.88,44.63,45.58,52.27,52.0,49.78,45.82,47.43,49.98,57.44,52.86,48.9,48.59,45.4,46.39,41.05,39.18,38.45,38.4,35.18,36.4,38.52,56.2,73.6,80.97,75.1,74.99,76.48,74.71,71.48,72.71,72.99,69.24,79.71,84.35,85.14,72.35,66.55,63.87,62.58,47.27,44.15,42.8,40.96,41.61,49.84,57.54,69.99,77.5,74.08,71.26,73.46,72.06,69.87,72.04,73.57,76.82,80.69
65.1,69.46,83.8,78.08,71.71,66.24,58.46,53.9,51.92,41.1,38.38,39.15,41.02,40.0,40.55,40.32,43.54,47.1,54.76,54.41,57.28,53.85,47.12,49.68,50.68,54.8,61.01,63.09,53.62,44.83,41.1,41.1,45.0,39.02,36.45,36.59,35.41,34.87,39.34,40.36,38.11,36.88,44.63,45.58,52.27,52.0,49.78,45.82,47.43,49.98,57.44,52.86,48.9,48.59,45.4,46.39,41.05,39.18,38.45,38.4,35.18,36.4,38.52,56.2,73.6,80.97,75.1,74.99,76.48,74.71,71.48,72.71,72.99,69.24,79.71,84.35,85.14,72.35,66.55,63.87,62.58,47.27,44.15,42.8,40.96,41.61,49.84,57.54,69.99,77.5,74.08,71.26,73.46,72.06,69.87,72.04,73.57,76.82,80.69,91.9
69.46,83.8,78.08,71.71,66.24,58.46,53.9,51.92,41.1,38.38,39.15,41.02,40.0,40.55,40.32,43.54,47.1,54.76,54.41,57.28,53.85,47.12,49.68,50.68,54.8,61.01,63.09,53.62,44.83,41.1,41.1,45.0,39.02,36.45,36.59,35.41,34.87,39.34,40.36,38.11,36.88,44.63,45.58,52.27,52.0,49.78,45.82,47.43,49.98,57.44,52.86,48.9,48.59,45.4,46.39,41.05,39.18,38.45,38.4,35.18,36.4,38.52,56.2,73.6,80.97,75.1,74.99,76.48,74.71,71.48,72.71,72.99,69.24,79.71,84.35,85.14,72.35,66.55,63.87,62.58,47.27,44.15,42.8,40.96,41.61,49.84,57.54,69.99,77.5,74.08,71.26,73.46,72.06,69.87,72.04,73.57,76.82,80.69,91.9,77.4
83.8,78.08,71.71,66.24,58.46,53.9,51.92,41.1,38.38,39.15,41.02,40.0,40.55,40.32,43.54,47.1,54.76,54.41,57.28,53.85,47.12,49.68,50.68,54.8,61.01,63.09,53.62,44.83,41.1,41.1,45.0,39.02,36.45,36.59,35.41,34.87,39.34,40.36,38.11,36.88,44.63,45.58,52.27,52.0,49.78,45.82,47.43,49.98,57.44,52.86,48.9,48.59,45.4,46.39,41.05,39.18,38.45,38.4,35.18,36.4,38.52,56.2,73.6,80.97,75.1,74.99,76.48,74.71,71.48,72.71,72.99,69.24,79.71,84.35,85.14,72.35,66.55,63.87,62.58,47.27,44.15,42.8,40.96,41.61,49.84,57.54,69.99,77.5,74.08,71.26,73.46,72.06,69.87,72.04,73.57,76.82,80.69,91.9,77.4,71.13
78.08,71.71,66.24,58.46,53.9,51.92,41.1,38.38,39.15,41.02,40.0,40.55,40.32,43.54,47.1,54.76,54.41,57.28,53.85,47.12,49.68,50.68,54.8,61.01,63.09,53.62,44.83,41.1,41.1,45.0,39.02,36.45,36.59,35.41,34.87,39.34,40.36,38.11,36.88,44.63,45.58,52.27,52.0,49.78,45.82,47.43,49.98,57.44,52.86,48.9,48.59,45.4,46.39,41.05,39.18,38.45,38.4,35.18,36.4,38.52,56.2,73.6,80.97,75.1,74.99,76.48,74.71,71.48,72.71,72.99,69.24,79.71,84.35,85.14,72.35,66.55,63.87,62.58,47.27,44.15,42.8,40.96,41.61,49.84,57.54,69.99,77.5,74.08,71.26,73.46,72.06,69.87,72.04,73.57,76.82,80.69,91.9,77.4,71.13,63.12
71.71,66.24,58.46,53.9,51.92,41.1,38.38,39.15,41.02,40.0,40.55,40.32,43.54,47.1,54.76,54.41,57.28,53.85,47.12,49.68,50.68,54.8,61.01,63.09,53.62,44.83,41.1,41.1,45.0,39.02,36.45,36.59,35.41,34.87,39.34,40.36,38.11,36.88,44.63,45.58,52.27,52.0,49.78,45.82,47.43,49.98,57.44,52.86,48.9,48.59,45.4,46.39,41.05,39.18,38.45,38.4,35.18,36.4,38.52,56.2,73.6,80.97,75.1,74.99,76.48,74.71,71.48,72.71,72.99,69.24,79.71,84.35,85.14,72.35,66.55,63.87,62.58,47.27,44.15,42.8,40.96,41.61,49.84,57.54,69.99,77.5,74.08,71.26,73.46,72.06,69.87,72.04,73.57,76.82,80.69,91.9,77.4,71.13,63.12,62.75
66.24,58.46,53.9,51.92,41.1,38.38,39.15,41.02,40.0,40.55,40.32,43.54,47.1,54.76,54.41,57.28,53.85,47.12,49.68,50.68,54.8,61.01,63.09,53.62,44.83,41.1,41.1,45.0,39.02,36.45,36.59,35.41,34.87,39.34,40.36,38.11,36.88,44.63,45.58,52.27,52.0,49.78,45.82,47.43,49.98,57.44,52.86,48.9,48.59,45.4,46.39,41.05,39.18,38.45,38.4,35.18,36.4,38.52,56.2,73.6,80.97,75.1,74.99,76.48,74.71,71.48,72.71,72.99,69.24,79.71,84.35,85.14,72.35,66.55,63.87,62.58,47.27,44.15,42.8,40.96,41.61,49.84,57.54,69.99,77.5,74.08,71.26,73.46,72.06,69.87,72.04,73.57,76.82,80.69,91.9,77.4,71.13,63.12,62.75,58.64
58.46,53.9,51.92,41.1,38.38,39.15,41.02,40.0,40.55,40.32,43.54,47.1,54.76,54.41,57.28,53.85,47.12,49.68,50.68,54.8,61.01,63.09,53.62,44.83,41.1,41.1,45.0,39.02,36.45,36.59,35.41,34.87,39.34,40.36,38.11,36.88,44.63,45.58,52.27,52.0,49.78,45.82,47.43,49.98,57.44,52.86,48.9,48.59,45.4,46.39,41.05,39.18,38.45,38.4,35.18,36.4,38.52,56.2,73.6,80.97,75.1,74.99,76.48,74.71,71.48,72.71,72.99,69.24,79.71,84.35,85.14,72.35,66.55,63.87,62.58,47.27,44.15,42.8,40.96,41.61,49.84,57.54,69.99,77.5,74.08,71.26,73.46,72.06,69.87,72.04,73.57,76.82,80.69,91.9,77.4,71.13,63.12,62.75,58.64,48.59
53.9,51.92,41.1,38.38,39.15,41.02,40.0,40.55,40.32,43.54,47.1,54.76,54.41,57.28,53.85,47.12,49.68,50.68,54.8,61.01,63.09,53.62,44.83,41.1,41.1,45.0,39.02,36.45,36.59,35.41,34.87,39.34,40.36,38.11,36.88,44.63,45.58,52.27,52.0,49.78,45.82,47.43,49.98,57.44,52.86,48.9,48.59,45.4,46.39,41.05,39.18,38.45,38.4,35.18,36.4,38.52,56.2,73.6,80.97,75.1,74.99,76.48,74.71,71.48,72.71,72.99,69.24,79.71,84.35,85.14,72.35,66.55,63.87,62.58,47.27,44.15,42.8,40.96,41.61,49.84,57.54,69.99,77.5,74.08,71.26,73.46,72.06,69.87,72.04,73.57,76.82,80.69,91.9,77.4,71.13,63.12,62.75,58.64,48.59,41.0
51.92,41.1,38.38,39.15,41.02,40.0,40.55,40.32,43.54,47.1,54.76,54.41,57.28,53.85,47.12,49.68,50.68,54.8,61.01,63.09,53.62,44.83,41.1,41.1,45.0,39.02,36.45,36.59,35.41,34.87,39.34,40.36,38.11,36.88,44.63,45.58,52.27,52.0,49.78,45.82,47.43,49.98,57.44,52.86,48.9,48.59,45.4,46.39,41.05,39.18,38.45,38.4,35.18,36.4,38.52,56.2,73.6,80.97,75.1,74.99,76.48,74.71,71.48,72.71,72.99,69.24,79.71,84.35,85.14,72.35,66.55,63.87,62.58,47.27,44.15,42.8,40.96,41.61,49.84,57.54,69.99,77.5,74.08,71.26,73.46,72.06,69.87,72.04,73.57,76.82,80.69,91.9,77.4,71.13,63.12,62.75,58.64,48.59,41.0,40.98
41.1,38.38,39.15,41.02,40.0,40.55,40.32,43.54,47.1,54.76,54.41,57.28,53.85,47.12,49.68,50.68,54.8,61.01,63.09,53.62,44.83,41.1,41.1,45.0,39.02,36.45,36.59,35.41,34.87,39.34,40.36,38.11,36.88,44.63,45.58,52.27,52.0,49.78,45.82,47.43,49.98,57.44,52.86,48.9,48.59,45.4,46.39,41.05,39.18,38.45,38.4,35.18,36.4,38.52,56.2,73.6,80.97,75.1,74.99,76.48,74.71,71.48,72.71,72.99,69.24,79.71,84.35,85.14,72.35,66.55,63.87,62.58,47.27,44.15,42.8,40.96,41.61,49.84,57.54,69.99,77.5,74.08,71.26,73.46,72.06,69.87,72.04,73.57,76.82,80.69,91.9,77.4,71.13,63.12,62.75,58.64,48.59,41.0,40.98,40.19
38.38,39.15,41.02,40.0,40.55,40.32,43.54,47.1,54.76,54.41,57.28,53.85,47.12,49.68,50.68,54.8,61.01,63.09,53.62,44.83,41.1,41.1,45.0,39.02,36.45,36.59,35.41,34.87,39.34,40.36,38.11,36.88,44.63,45.58,52.27,52.0,49.78,45.82,47.43,49.98,57.44,52.86,48.9,48.59,45.4,46.39,41.05,39.18,38.45,38.4,35.18,36.4,38.52,56.2,73.6,80.97,75.1,74.99,76.48,74.71,71.48,72.71,72.99,69.24,79.71,84.35,85.14,72.35,66.55,63.87,62.58,47.27,44.15,42.8,40.96,41.61,49.84,57.54,69.99,77.5,74.08,71.26,73.46,72.06,69.87,72.04,73.57,76.82,80.69,91.9,77.4,71.13,63.12,62.75,58.64,48.59,41.0,40.98,40.19,38.16
39.15,41.02,40.0,40.55,40.32,43.54,47.1,54.76,54.41,57.28,53.85,47.12,49.68,50.68,54.8,61.01,63.09,53.62,44.83,41.1,41.1,45.0,39.02,36.45,36.59,35.41,34.87,39.34,40.36,38.11,36.88,44.63,45.58,52.27,52.0,49.78,45.82,47.43,49.98,57.44,52.86,48.9,48.59,45.4,46.39,41.05,39.18,38.45,38.4,35.18,36.4,38.52,56.2,73.6,80.97,75.1,74.99,76.48,74.71,71.48,72.71,72.99,69.24,79.71,84.35,85.14,72.35,66.55,63.87,62.58,47.27,44.15,42.8,40.96,41.61,49.84,57.54,69.99,77.5,74.08,71.26,73.46,72.06,69.87,72.04,73.57,76.82,80.69,91.9,77.4,71.13,63.12,62.75,58.64,48.59,41.0,40.98,40.19,38.16,41.0
41.02,40.0,40.55,40.32,43.54,47.1,54.76,54.41,57.28,53.85,47.12,49.68,50.68,54.8,61.01,63.09,53.62,44.83,41.1,41.1,45.0,39.02,36.45,36.59,35.41,34.87,39.34,40.36,38.11,36.88,44.63,45.58,52.27,52.0,49.78,45.82,47.43,49.98,57.44,52.86,48.9,48.59,45.4,46.39,41.05,39.18,38.45,38.4,35.18,36.4,38.52,56.2,73.6,80.97,75.1,74.99,76.48,74.71,71.48,72.71,72.99,69.24,79.71,84.35,85.14,72.35,66.55,63.87,62.58,47.27,44.15,42.8,40.96,41.61,49.84,57.54,69.99,77.5,74.08,71.26,73.46,72.06,69.87,72.04,73.57,76.82,80.69,91.9,77.4,71.13,63.12,62.75,58.64,48.59,41.0,40.98,40.19,38.16,41.0,54.99
40.0,40.55,40.32,43.54,47.1,54.76,54.41,57.28,53.85,47.12,49.68,50.68,54.8,61.01,63.09,53.62,44.83,41.1,41.1,45.0,39.02,36.45,36.59,35.41,34.87,39.34,40.36,38.11,36.88,44.63,45.58,52.27,52.0,49.78,45.82,47.43,49.98,57.44,52.86,48.9,48.59,45.4,46.39,41.05,39.18,38.45,38.4,35.18,36.4,38.52,56.2,73.6,80.97,75.1,74.99,76.48,74.71,71.48,72.71,72.99,69.24,79.71,84.35,85.14,72.35,66.55,63.87,62.58,47.27,44.15,42.8,40.96,41.61,49.84,57.54,69.99,77.5,74.08,71.26,73.46,72.06,69.87,72.04,73.57,76.82,80.69,91.9,77.4,71.13,63.12,62.75,58.64,48.59,41.0,40.98,40.19,38.16,41.0,54.99,63.23
40.55,40.32,43.54,47.1,54.76,54.41,57.28,53.85,47.12,49.68,50.68,54.8,61.01,63.09,53.62,44.83,41.1,41.1,45.0,39.02,36.45,36.59,35.41,34.87,39.34,40.36,38.11,36.88,44.63,45.58,52.27,52.0,49.78,45.82,47.43,49.98,57.44,52.86,48.9,48.59,45.4,46.39,41.05,39.18,38.45,38.4,35.18,36.4,38.52,56.2,73.6,80.97,75.1,74.99,76.48,74.71,71.48,72.71,72.99,69.24,79.71,84.35,85.14,72.35,66.55,63.87,62.58,47.27,44.15,42.8,40.96,41.61,49.84,57.54,69.99,77.5,74.08,71.26,73.46,72.06,69.87,72.04,73.57,76.82,80.69,91.9,77.4,71.13,63.12,62.75,58.64,48.59,41.0,40.98,40.19,38.16,41.0,54.99,63.23,65.49
40.32,43.54,47.1,54.76,54.41,57.28,53.85,47.12,49.68,50.68,54.8,61.01,63.09,53.62,44.83,41.1,41.1,45.0,39.02,36.45,36.59,35.41,34.87,39.34,40.36,38.11,36.88,44.63,45.58,52.27,52.0,49.78,45.82,47.43,49.98,57.44,52.86,48.9,48.59,45.4,46.39,41.05,39.18,38.45,38.4,35.18,36.4,38.52,56.2,73.6,80.97,75.1,74.99,76.48,74.71,71.48,72.71,72.99,69.24,79.71,84.35,85.14,72.35,66.55,63.87,62.58,47.27,44.15,42.8,40.96,41.61,49.84,57.54,69.99,77.5,74.08,71.26,73.46,72.06,69.87,72.04,73.57,76.82,80.69,91.9,77.4,71.13,63.12,62.75,58.64,48.59,41.0,40.98,40.19,38.16,41.0,54.99,63.23,65.49,58.76
43.54,47.1,54.76,54.41,57.28,53.85,47.12,49.68,50.68,54.8,61.01,63.09,53.62,44.83,41.1,41.1,45.0,39.02,36.45,36.59,35.41,34.87,39.34,40.36,38.11,36.88,44.63,45.58,52.27,52.0,49.78,45.82,47.43,49.98,57.44,52.86,48.9,48.59,45.4,46.39,41.05,39.18,38.45,38.4,35.18,36.4,38.52,56.2,73.6,80.97,75.1,74.99,76.48,74.71,71.48,72.71,72.99,69.24,79.71,84.35,85.14,72.35,66.55,63.87,62.58,47.27,44.15,42.8,40.96,41.61,49.84,57.54,69.99,77.5,74.08,71.26,73.46,72.06,69.87,72.04,73.57,76.82,80.69,91.9,77.4,71.13,63.12,62.75,58.64,48.59,41.0,40.98,40.19,38.16,41.0,54.99,63.23,65.49,58.76,58.97
47.1,54.76,54.41,57.28,53.85,47.12,49.68,50.68,54.8,61.01,63.09,53.62,44.83,41.1,41.1,45.0,39.02,36.45,36.59,35.41,34.87,39.34,40.36,38.11,36.88,44.63,45.58,52.27,52.0,49.78,45.82,47.43,49.98,57.44,52.86,48.9,48.59,45.4,46.39,41.05,39.18,38.45,38.4,35.18,36.4,38.52,56.2,73.6,80.97,75.1,74.99,76.48,74.71,71.48,72.71,72.99,69.24,79.71,84.35,85.14,72.35,66.55,63.87,62.58,47.27,44.15,42.8,40.96,41.61,49.84,57.54,69.99,77.5,74.08,71.26,73.46,72.06,69.87,72.04,73.57,76.82,80.69,91.9,77.4,71.13,63.12,62.75,58.64,48.59,41.0,40.98,40.19,38.16,41.0,54.99,63.23,65.49,58.76,58.97,54.63
54.76,54.41,57.28,53.85,47.12,49.68,50.68,54.8,61.01,63.09,53.62,44.83,41.1,41.1,45.0,39.02,36.45,36.59,35.41,34.87,39.34,40.36,38.11,36.88,44.63,45.58,52.27,52.0,49.78,45.82,47.43,49.98,57.44,52.86,48.9,48.59,45.4,46.39,41.05,39.18,38.45,38.4,35.18,36.4,38.52,56.2,73.6,80.97,75.1,74.99,76.48,74.71,71.48,72.71,72.99,69.24,79.71,84.35,85.14,72.35,66.55,63.87,62.58,47.27,44.15,42.8,40.96,41.61,49.84,57.54,69.99,77.5,74.08,71.26,73.46,72.06,69.87,72.04,73.57,76.82,80.69,91.9,77.4,71.13,63.12,62.75,58.64,48.59,41.0,40.98,40.19,38.16,41.0,54.99,63.23,65.49,58.76,58.97,54.63,52.19
54.41,57.28,53.85,47.12,49.68,50.68,54.8,61.01,63.09,53.62,44.83,41.1,41.1,45.0,39.02,36.45,36.59,35.41,34.87,39.34,40.36,38.11,36.88,44.63,45.58,52.27,52.0,49.78,45.82,47.43,49.98,57.44,52.86,48.9,48.59,45.4,46.39,41.05,39.18,38.45,38.4,35.18,36.4,38.52,56.2,73.6,80.97,75.1,74.99,76.48,74.71,71.48,72.71,72.99,69.24,79.71,84.35,85.14,72.35,66.55,63.87,62.58,47.27,44.15,42.8,40.96,41.61,49.84,57.54,69.99,77.5,74.08,71.26,73.46,72.06,69.87,72.04,73.57,76.82,80.69,91.9,77.4,71.13,63.12,62.75,58.64,48.59,41.0,40.98,40.19,38.16,41.0,54.99,63.23,65.49,58.76,58.97,54.63,52.19,52.84
57.28,53.85,47.12,49.68,50.68,54.8,61.01,63.09,53.62,44.83,41.1,41.1,45.0,39.02,36.45,36.59,35.41,34.87,39.34,40.36,38.11,36.88,44.63,45.58,52.27,52.0,49.78,45.82,47.43,49.98,57.44,52.86,48.9,48.59,45.4,46.39,41.05,39.18,38.45,38.4,35.18,36.4,38.52,56.2,73.6,80.97,75.1,74.99,76.48,74.71,71.48,72.71,72.99,69.24,79.71,84.35,85.14,72.35,66.55,63.87,62.58,47.27,44.15,42.8,40.96,41.61,49.84,57.54,69.99,77.5,74.08,71.26,73.46,72.06,69.87,72.04,73.57,76.82,80.69,91.9,77.4,71.13,63.12,62.75,58.64,48.59,41.0,40.98,40.19,38.16,41.0,54.99,63.23,65.49,58.76,58.97,54.63,52.19,52.84,51.76
53.85,47.12,49.68,50.68,54.8,61.01,63.09,53.62,44.83,41.1,41.1,45.0,39.02,36.45,36.59,35.41,34.87,39.34,40.36,38.11,36.88,44.63,45.58,52.27,52.0,49.78,45.82,47.43,49.98,57.44,52.86,48.9,48.59,45.4,46.39,41.05,39.18,38.45,38.4,35.18,36.4,38.52,56.2,73.6,80.97,75.1,74.99,76.48,74.71,71.48,72.71,72.99,69.24,79.71,84.35,85.14,72.35,66.55,63.87,62.58,47.27,44.15,42.8,40.96,41.61,49.84,57.54,69.99,77.5,74.08,71.26,73.46,72.06,69.87,72.04,73.57,76.82,80.69,91.9,77.4,71.13,63.12,62.75,58.64,48.59,41.0,40.98,40.19,38.16,41.0,54.99,63.23,65.49,58.76,58.97,54.63,52.19,52.84,51.76,58.52
47.12,49.68,50.68,54.8,61.01,63.09,53.62,44.83,41.1,41.1,45.0,39.02,36.45,36.59,35.41,34.87,39.34,40.36,38.11,36.88,44.63,45.58,52.27,52.0,49.78,45.82,47.43,49.98,57.44,52.86,48.9,48.59,45.4,46.39,41.05,39.18,38.45,38.4,35.18,36.4,38.52,56.2,73.6,80.97,75.1,74.99,76.48,74.71,71.48,72.71,72.99,69.24,79.71,84.35,85.14,72.35,66.55,63.87,62.58,47.27,44.15,42.8,40.96,41.61,49.84,57.54,69.99,77.5,74.08,71.26,73.46,72.06,69.87,72.04,73.57,76.82,80.69,91.9,77.4,71.13,63.12,62.75,58.64,48.59,41.0,40.98,40.19,38.16,41.0,54.99,63.23,65.49,58.76,58.97,54.63,52.19,52.84,51.76,58.52,58.26
49.68,50.68,54.8,61.01,63.09,53.62,44.83,41.1,41.1,45.0,39.02,36.45,36.59,35.41,34.87,39.34,40.36,38.11,36.88,44.63,45.58,52.27,52.0,49.78,45.82,47.43,49.98,57.44,52.86,48.9,48.59,45.4,46.39,41.05,39.18,38.45,38.4,35.18,36.4,38.52,56.2,73.6,80.97,75.1,74.99,76.48,74.71,71.48,72.71,72.99,69.24,79.71,84.35,85.14,72.35,66.55,63.87,62.58,47.27,44.15,42.8,40.96,41.61,49.84,57.54,69.99,77.5,74.08,71.26,73.46,72.06,69.87,72.04,73.57,76.82,80.69,91.9,77.4,71.13,63.12,62.75,58.64,48.59,41.0,40.98,40.19,38.16,41.0,54.99,63.23,65.49,58.76,58.97,54.63,52.19,52.84,51.76,58.52,58.26,63.32
50.68,54.8,61.01,63.09,53.62,44.83,41.1,41.1,45.0,39.02,36.45,36.59,35.41,34.87,39.34,40.36,38.11,36.88,44.63,45.58,52.27,52.0,49.78,45.82,47.43,49.98,57.44,52.86,48.9,48.59,45.4,46.39,41.05,39.18,38.45,38.4,35.18,36.4,38.52,56.2,73.6,80.97,75.1,74.99,76.48,74.71,71.48,72.71,72.99,69.24,79.71,84.35,85.14,72.35,66.55,63.87,62.58,47.27,44.15,42.8,40.96,41.61,49.84,57.54,69.99,77.5,74.08,71.26,73.46,72.06,69.87,72.04,73.57,76.82,80.69,91.9,77.4,71.13,63.12,62.75,58.64,48.59,41.0,40.98,40.19,38.16,41.0,54.99,63.23,65.49,58.76,58.97,54.63,52.19,52.84,51.76,58.52,58.26,63.32,62.58
54.8,61.01,63.09,53.62,44.83,41.1,41.1,45.0,39.02,36.45,36.59,35.41,34.87,39.34,40.36,38.11,36.88,44.63,45.58,52.27,52.0,49.78,45.82,47.43,49.98,57.44,52.86,48.9,48.59,45.4,46.39,41.05,39.18,38.45,38.4,35.18,36.4,38.52,56.2,73.6,80.97,75.1,74.99,76.48,74.71,71.48,72.71,72.99,69.24,79.71,84.35,85.14,72.35,66.55,63.87,62.58,47.27,44.15,42.8,40.96,41.61,49.84,57.54,69.99,77.5,74.08,71.26,73.46,72.06,69.87,72.04,73.57,76.82,80.69,91.9,77.4,71.13,63.12,62.75,58.64,48.59,41.0,40.98,40.19,38.16,41.0,54.99,63.23,65.49,58.76,58.97,54.63,52.19,52.84,51.76,58.52,58.26,63.32,62.58,64.04
61.01,63.09,53.62,44.83,41.1,41.1,45.0,39.02,36.45,36.59,35.41,34.87,39.34,40.36,38.11,36.88,44.63,45.58,52.27,52.0,49.78,45.82,47.43,49.98,57.44,52.86,48.9,48.59,45.4,46.39,41.05,39.18,38.45,38.4,35.18,36.4,38.52,56.2,73.6,80.97,75.1,74.99,76.48,74.71,71.48,72.71,72.99,69.24,79.71,84.35,85.14,72.35,66.55,63.87,62.58,47.27,44.15,42.8,40.96,41.61,49.84,57.54,69.99,77.5,74.08,71.26,73.46,72.06,69.87,72.04,73.57,76.82,80.69,91.9,77.4,71.13,63.12,62.75,58.64,48.59,41.0,40.98,40.19,38.16,41.0,54.99,63.23,65.49,58.76,58.97,54.63,52.19,52.84,51.76,58.52,58.26,63.32,62.58,64.04,62.0
63.09,53.62,44.83,41.1,41.1,45.0,39.02,36.45,36.59,35.41,34.87,39.34,40.36,38.11,36.88,44.63,45.58,52.27,52.0,49.78,45.82,47.43,49.98,57.44,52.86,48.9,48.59,45.4,46.39,41.05,39.18,38.45,38.4,35.18,36.4,38.52,56.2,73.6,80.97,75.1,74.99,76.48,74.71,71.48,72.71,72.99,69.24,79.71,84.35,85.14,72.35,66.55,63.87,62.58,47.27,44.15,42.8,40.96,41.61,49.84,57.54,69.99,77.5,74.08,71.26,73.46,72.06,69.87,72.04,73.57,76.82,80.69,91.9,77.4,71.13,63.12,62.75,58.64,48.59,41.0,40.98,40.19,38.16,41.0,54.99,63.23,65.49,58.76,58.97,54.63,52.19,52.84,51.76,58.52,58.26,63.32,62.58,64.04,62.0,53.35
53.62,44.83,41.1,41.1,45.0,39.02,36.45,36.59,35.41,34.87,39.34,40.36,38.11,36.88,44.63,45.58,52.27,52.0,49.78,45.82,47.43,49.98,57.44,52.86,48.9,48.59,45.4,46.39,41.05,39.18,38.45,38.4,35.18,36.4,38.52,56.2,73.6,80.97,75.1,74.99,76.48,74.71,71.48,72.71,72.99,69.24,79.71,84.35,85.14,72.35,66.55,63.87,62.58,47.27,44.15,42.8,40.96,41.61,49.84,57.54,69.99,77.5,74.08,71.26,73.46,72.06,69.87,72.04,73.57,76.82,80.69,91.9,77.4,71.13,63.12,62.75,58.64,48.59,41.0,40.98,40.19,38.16,41.0,54.99,63.23,65.49,58.76,58.97,54.63,52.19,52.84,51.76,58.52,58.26,63.32,62.58,64.04,62.0,53.35,60.0
44.83,41.1,41.1,45.0,39.02,36.45,36.59,35.41,34.87,39.34,40.36,38.11,36.88,44.63,45.58,52.27,52.0,49.78,45.82,47.43,49.98,57.44,52.86,48.9,48.59,45.4,46.39,41.05,39.18,38.45,38.4,35.18,36.4,38.52,56.2,73.6,80.97,75.1,74.99,76.48,74.71,71.48,72.71,72.99,69.24,79.71,84.35,85.14,72.35,66.55,63.87,62.58,47.27,44.15,42.8,40.96,41.61,49.84,57.54,69.99,77.5,74.08,71.26,73.46,72.06,69.87,72.04,73.57,76.82,80.69,91.9,77.4,71.13,63.12,62.75,58.64,48.59,41.0,40.98,40.19,38.16,41.0,54.99,63.23,65.49,58.76,58.97,54.63,52.19,52.84,51.76,58.52,58.26,63.32,62.58,64.04,62.0,53.35,60.0,62.57
41.1,41.1,45.0,39.02,36.45,36.59,35.41,34.87,39.34,40.36,38.11,36.88,44.63,45.58,52.27,52.0,49.78,45.82,47.43,49.98,57.44,52.86,48.9,48.59,45.4,46.39,41.05,39.18,38.45,38.4,35.18,36.4,38.52,56.2,73.6,80.97,75.1,74.99,76.48,74.71,71.48,72.71,72.99,69.24,79.71,84.35,85.14,72.35,66.55,63.87,62.58,47.27,44.15,42.8,40.96,41.61,49.84,57.54,69.99,77.5,74.08,71.26,73.46,72.06,69.87,72.04,73.57,76.82,80.69,91.9,77.4,71.13,63.12,62.75,58.64,48.59,41.0,40.98,40.19,38.16,41.0,54.99,63.23,65.49,58.76,58.97,54.63,52.19,52.84,51.76,58.52,58.26,63.32,62.58,64.04,62.0,53.35,60.0,62.57,45.18
41.1,45.0,39.02,36.45,36.59,35.41,34.87,39.34,40.36,38.11,36.88,44.63,45.58,52.27,52.0,49.78,45.82,47.43,49.98,57.44,52.86,48.9,48.59,45.4,46.39,41.05,39.18,38.45,38.4,35.18,36.4,38.52,56.2,73.6,80.97,75.1,74.99,76.48,74.71,71.48,72.71,72.99,69.24,79.71,84.35,85.14,72.35,66.55,63.87,62.58,47.27,44.15,42.8,40.96,41.61,49.84,57.54,69.99,77.5,74.08,71.26,73.46,72.06,69.87,72.04,73.57,76.82,80.69,91.9,77.4,71.13,63.12,62.75,58.64,48.59,41.0,40.98,40.19,38.16,41.0,54.99,63.23,65.49,58.76,58.97,54.63,52.19,52.84,51.76,58.52,58.26,63.32,62.58,64.04,62.0,53.35,60.0,62.57,45.18,41.8
45.0,39.02,36.45,36.59,35.41,34.87,39.34,40.36,38.11,36.88,44.63,45.58,52.27,52.0,49.78,45.82,47.43,49.98,57.44,52.86,48.9,48.59,45.4,46.39,41.05,39.18,38.45,38.4,35.18,36.4,38.52,56.2,73.6,80.97,75.1,74.99,76.48,74.71,71.48,72.71,72.99,69.24,79.71,84.35,85.14,72.35,66.55,63.87,62.58,47.27,44.15,42.8,40.96,41.61,49.84,57.54,69.99,77.5,74.08,71.26,73.46,72.06,69.87,72.04,73.57,76.82,80.69,91.9,77.4,71.13,63.12,62.75,58.64,48.59,41.0,40.98,40.19,38.16,41.0,54.99,63.23,65.49,58.76,58.97,54.63,52.19,52.84,51.76,58.52,58.26,63.32,62.58,64.04,62.0,53.35,60.0,62.57,45.18,41.8,40.24
39.02,36.45,36.59,35.41,34.87,39.34,40.36,38.11,36.88,44.63,45.58,52.27,52.0,49.78,45.82,47.43,49.98,57.44,52.86,48.9,48.59,45.4,46.39,41.05,39.18,38.45,38.4,35.18,36.4,38.52,56.2,73.6,80.97,75.1,74.99,76.48,74.71,71.48,72.71,72.99,69.24,79.71,84.35,85.14,72.35,66.55,63.87,62.58,47.27,44.15,42.8,40.96,41.61,49.84,57.54,69.99,77.5,74.08,71.26,73.46,72.06,69.87,72.04,73.57,76.82,80.69,91.9,77.4,71.13,63.12,62.75,58.64,48.59,41.0,40.98,40.19,38.16,41.0,54.99,63.23,65.49,58.76,58.97,54.63,52.19,52.84,51.76,58.52,58.26,63.32,62.58,64.04,62.0,53.35,60.0,62.57,45.18,41.8,40.24,40.34
36.45,36.59,35.41,34.87,39.34,40.36,38.11,36.88,44.63,45.58,52.27,52.0,49.78,45.82,47.43,49.98,57.44,52.86,48.9,48.59,45.4,46.39,41.05,39.18,38.45,38.4,35.18,36.4,38.52,56.2,73.6,80.97,75.1,74.99,76.48,74.71,71.48,72.71,72.99,69.24,79.71,84.35,85.14,72.35,66.55,63.87,62.58,47.27,44.15,42.8,40.96,41.61,49.84,57.54,69.99,77.5,74.08,71.26,73.46,72.06,69.87,72.04,73.57,76.82,80.69,91.9,77.4,71.13,63.12,62.75,58.64,48.59,41.0,40.98,40.19,38.16,41.0,54.99,63.23,65.49,58.76,58.97,54.63,52.19,52.84,51.76,58.52,58.26,63.32,62.58,64.04,62.0,53.35,60.0,62.57,45.18,41.8,40.24,40.34,41.12
36.59,35.41,34.87,39.34,40.36,38.11,36.88,44.63,45.58,52.27,52.0,49.78,45.82,47.43,49.98,57.44,52.86,48.9,48.59,45.4,46.39,41.05,39.18,38.45,38.4,35.18,36.4,38.52,56.2,73.6,80.97,75.1,74.99,76.48,74.71,71.48,72.71,72.99,69.24,79.71,84.35,85.14,72.35,66.55,63.87,62.58,47.27,44.15,42.8,40.96,41.61,49.84,57.54,69.99,77.5,74.08,71.26,73.46,72.06,69.87,72.04,73.57,76.82,80.69,91.9,77.4,71.13,63.12,62.75,58.64,48.59,41.0,40.98,40.19,38.16,41.0,54.99,63.23,65.49,58.76,58.97,54.63,52.19,52.84,51.76,58.52,58.26,63.32,62.58,64.04,62.0,53.35,60.0,62.57,45.18,41.8,40.24,40.34,41.12,41.8
35.41,34.87,39.34,40.36,38.11,36.88,44.63,45.58,52.27,52.0,49.78,45.82,47.43,49.98,57.44,52.86,48.9,48.59,45.4,46.39,41.05,39.18,38.45,38.4,35.18,36.4,38.52,56.2,73.6,80.97,75.1,74.99,76.48,74.71,71.48,72.71,72.99,69.24,79.71,84.35,85.14,72.35,66.55,63.87,62.58,47.27,44.15,42.8,40.96,41.61,49.84,57.54,69.99,77.5,74.08,71.26,73.46,72.06,69.87,72.04,73.57,76.82,80.69,91.9,77.4,71.13,63.12,62.75,58.64,48.59,41.0,40.98,40.19,38.16,41.0,54.99,63.23,65.49,58.76,58.97,54.63,52.19,52.84,51.76,58.52,58.26,63.32,62.58,64.04,62.0,53.35,60.0,62.57,45.18,41.8,40.24,40.34,41.12,41.8,47.05
34.87,39.34,40.36,38.11,36.88,44.63,45.58,52.27,52.0,49.78,45.82,47.43,49.98,57.44,52.86,48.9,48.59,45.4,46.39,41.05,39.18,38.45,38.4,35.18,36.4,38.52,56.2,73.6,80.97,75.1,74.99,76.48,74.71,71.48,72.71,72.99,69.24,79.71,84.35,85.14,72.35,66.55,63.87,62.58,47.27,44.15,42.8,40.96,41.61,49.84,57.54,69.99,77.5,74.08,71.26,73.46,72.06,69.87,72.04,73.57,76.82,80.69,91.9,77.4,71.13,63.12,62.75,58.64,48.59,41.0,40.98,40.19,38.16,41.0,54.99,63.23,65.49,58.76,58.97,54.63,52.19,52.84,51.76,58.52,58.26,63.32,62.58,64.04,62.0,53.35,60.0,62.57,45.18,41.8,40.24,40.34,41.12,41.8,47.05,70.08
39.34,40.36,38.11,36.88,44.63,45.58,52.27,52.0,49.78,45.82,47.43,49.98,57.44,52.86,48.9,48.59,45.4,46.39,41.05,39.18,38.45,38.4,35.18,36.4,38.52,56.2,73.6,80.97,75.1,74.99,76.48,74.71,71.48,72.71,72.99,69.24,79.71,84.35,85.14,72.35,66.55,63.87,62.58,47.27,44.15,42.8,40.96,41.61,49.84,57.54,69.99,77.5,74.08,71.26,73.46,72.06,69.87,72.04,73.57,76.82,80.69,91.9,77.4,71.13,63.12,62.75,58.64,48.59,41.0,40.98,40.19,38.16,41.0,54.99,63.23,65.49,58.76,58.97,54.63,52.19,52.84,51.76,58.52,58.26,63.32,62.58,64.04,62.0,53.35,60.0,62.57,45.18,41.8,40.24,40.34,41.12,41.8,47.05,70.08,78.9
40.36,38.11,36.88,44.63,45.58,52.27,52.0,49.78,45.82,47.43,49.98,57.44,52.86,48.9,48.59,45.4,46.39,41.05,39.18,38.45,38.4,35.18,36.4,38.52,56.2,73.6,80.97,75.1,74.99,76.48,74.71,71.48,72.71,72.99,69.24,79.71,84.35,85.14,72.35,66.55,63.87,62.58,47.27,44.15,42.8,40.96,41.61,49.84,57.54,69.99,77.5,74.08,71.26,73.46,72.06,69.87,72.04,73.57,76.82,80.69,91.9,77.4,71.13,63.12,62.75,58.64,48.59,41.0,40.98,40.19,38.16,41.0,54.99,63.23,65.49,58.76,58.97,54.63,52.19,52.84,51.76,58.52,58.26,63.32,62.58,64.04,62.0,53.35,60.0,62.57,45.18,41.8,40.24,40.34,41.12,41.8,47.05,70.08,78.9,86.03
38.11,36.88,44.63,45.58,52.27,52.0,49.78,45.82,47.43,49.98,57.44,52.86,48.9,48.59,45.4,46.39,41.05,39.18,38.45,38.4,35.18,36.4,38.52,56.2,73.6,80.97,75.1,74.99,76.48,74.71,71.48,72.71,72.99,69.24,79.71,84.35,85.14,72.35,66.55,63.87,62.58,47.27,44.15,42.8,40.96,41.61,49.84,57.54,69.99,77.5,74.08,71.26,73.46,72.06,69.87,72.04,73.57,76.82,80.69,91.9,77.4,71.13,63.12,62.75,58.64,48.59,41.0,40.98,40.19,38.16,41.0,54.99,63.23,65.49,58.76,58.97,54.63,52.19,52.84,51.76,58.52,58.26,63.32,62.58,64.04,62.0,53.35,60.0,62.57,45.18,41.8,40.24,40.34,41.12,41.8,47.05,70.08,78.9,86.03,81.16
36.88,44.63,45.58,52.27,52.0,49.78,45.82,47.43,49.98,57.44,52.86,48.9,48.59,45.4,46.39,41.05,39.18,38.45,38.4,35.18,36.4,38.52,56.2,73.6,80.97,75.1,74.99,76.48,74.71,71.48,72.71,72.99,69.24,79.71,84.35,85.14,72.35,66.55,63.87,62.58,47.27,44.15,42.8,40.96,41.61,49.84,57.54,69.99,77.5,74.08,71.26,73.46,72.06,69.87,72.04,73.57,76.82,80.69,91.9,77.4,71.13,63.12,62.75,58.64,48.59,41.0,40.98,40.19,38.16,41.0,54.99,63.23,65.49,58.76,58.97,54.63,52.19,52.84,51.76,58.52,58.26,63.32,62.58,64.04,62.0,53.35,60.0,62.57,45.18,41.8,40.24,40.34,41.12,41.8,47.05,70.08,78.9,86.03,81.16,80.77
44.63,45.58,52.27,52.0,49.78,45.82,47.43,49.98,57.44,52.86,48.9,48.59,45.4,46.39,41.05,39.18,38.45,38.4,35.18,36.4,38.52,56.2,73.6,80.97,75.1,74.99,76.48,74.71,71.48,72.71,72.99,69.24,79.71,84.35,85.14,72.35,66.55,63.87,62.58,47.27,44.15,42.8,40.96,41.61,49.84,57.54,69.99,77.5,74.08,71.26,73.46,72.06,69.87,72.04,73.57,76.82,80.69,91.9,77.4,71.13,63.12,62.75,58.64,48.59,41.0,40.98,40.19,38.16,41.0,54.99,63.23,65.49,58.76,58.97,54.63,52.19,52.84,51.76,58.52,58.26,63.32,62.58,64.04,62.0,53.35,60.0,62.57,45.18,41.8,40.24,40.34,41.12,41.8,47.05,70.08,78.9,86.03,81.16,80.77,78.9
45.58,52.27,52.0,49.78,45.82,47.43,49.98,57.44,52.86,48.9,48.59,45.4,46.39,41.05,39.18,38.45,38.4,35.18,36.4,38.52,56.2,73.6,80.97,75.1,74.99,76.48,74.71,71.48,72.71,72.99,69.24,79.71,84.35,85.14,72.35,66.55,63.87,62.58,47.27,44.15,42.8,40.96,41.61,49.84,57.54,69.99,77.5,74.08,71.26,73.46,72.06,69.87,72.04,73.57,76.82,80.69,91.9,77.4,71.13,63.12,62.75,58.64,48.59,41.0,40.98,40.19,38.16,41.0,54.99,63.23,65.49,58.76,58.97,54.63,52.19,52.84,51.76,58.52,58.26,63.32,62.58,64.04,62.0,53.35,60.0,62.57,45.18,41.8,40.24,40.34,41.12,41.8,47.05,70.08,78.9,86.03,81.16,80.77,78.9,78.9
52.27,52.0,49.78,45.82,47.43,49.98,57.44,52.86,48.9,48.59,45.4,46.39,41.05,39.18,38.45,38.4,35.18,36.4,38.52,56.2,73.6,80.97,75.1,74.99,76.48,74.71,71.48,72.71,72.99,69.24,79.71,84.35,85.14,72.35,66.55,63.87,62.58,47.27,44.15,42.8,40.96,41.61,49.84,57.54,69.99,77.5,74.08,71.26,73.46,72.06,69.87,72.04,73.57,76.82,80.69,91.9,77.4,71.13,63.12,62.75,58.64,48.59,41.0,40.98,40.19,38.16,41.0,54.99,63.23,65.49,58.76,58.97,54.63,52.19,52.84,51.76,58.52,58.26,63.32,62.58,64.04,62.0,53.35,60.0,62.57,45.18,41.8,40.24,40.34,41.12,41.8,47.05,70.08,78.9,86.03,81.16,80.77,78.9,78.9,77.95
52.0,49.78,45.82,47.43,49.98,57.44,52.86,48.9,48.59,45.4,46.39,41.05,39.18,38.45,38.4,35.18,36.4,38.52,56.2,73.6,80.97,75.1,74.99,76.48,74.71,71.48,72.71,72.99,69.24,79.71,84.35,85.14,72.35,66.55,63.87,62.58,47.27,44.15,42.8,40.96,41.61,49.84,57.54,69.99,77.5,74.08,71.26,73.46,72.06,69.87,72.04,73.57,76.82,80.69,91.9,77.4,71.13,63.12,62.75,58.64,48.59,41.0,40.98,40.19,38.16,41.0,54.99,63.23,65.49,58.76,58.97,54.63,52.19,52.84,51.76,58.52,58.26,63.32,62.58,64.04,62.0,53.35,60.0,62.57,45.18,41.8,40.24,40.34,41.12,41.8,47.05,70.08,78.9,86.03,81.16,80.77,78.9,78.9,77.95,77.97
49.78,45.82,47.43,49.98,57.44,52.86,48.9,48.59,45.4,46.39,41.05,39.18,38.45,38.4,35.18,36.4,38.52,56.2,73.6,80.97,75.1,74.99,76.48,74.71,71.48,72.71,72.99,69.24,79.71,84.35,85.14,72.35,66.55,63.87,62.58,47.27,44.15,42.8,40.96,41.61,49.84,57.54,69.99,77.5,74.08,71.26,73.46,72.06,69.87,72.04,73.57,76.82,80.69,91.9,77.4,71.13,63.12,62.75,58.64,48.59,41.0,40.98,40.19,38.16,41.0,54.99,63.23,65.49,58.76,58.97,54.63,52.19,52.84,51.76,58.52,58.26,63.32,62.58,64.04,62.0,53.35,60.0,62.57,45.18,41.8,40.24,40.34,41.12,41.8,47.05,70.08,78.9,86.03,81.16,80.77,78.9,78.9,77.95,77.97,76.01
45.82,47.43,49.98,57.44,52.86,48.9,48.59,45.4,46.39,41.05,39.18,38.45,38.4,35.18,36.4,38.52,56.2,73.6,80.97,75.1,74.99,76.48,74.71,71.48,72.71,72.99,69.24,79.71,84.35,85.14,72.35,66.55,63.87,62.58,47.27,44.15,42.8,40.96,41.61,49.84,57.54,69.99,77.5,74.08,71.26,73.46,72.06,69.87,72.04,73.57,76.82,80.69,91.9,77.4,71.13,63.12,62.75,58.64,48.59,41.0,40.98,40.19,38.16,41.0,54.99,63.23,65.49,58.76,58.97,54.63,52.19,52.84,51.76,58.52,58.26,63.32,62.58,64.04,62.0,53.35,60.0,62.57,45.18,41.8,40.24,40.34,41.12,41.8,47.05,70.08,78.9,86.03,81.16,80.77,78.9,78.9,77.95,77.97,76.01,83.81
47.43,49.98,57.44,52.86,48.9,48.59,45.4,46.39,41.05,39.18,38.45,38.4,35.18,36.4,38.52,56.2,73.6,80.97,75.1,74.99,76.48,74.71,71.48,72.71,72.99,69.24,79.71,84.35,85.14,72.35,66.55,63.87,62.58,47.27,44.15,42.8,40.96,41.61,49.84,57.54,69.99,77.5,74.08,71.26,73.46,72.06,69.87,72.04,73.57,76.82,80.69,91.9,77.4,71.13,63.12,62.75,58.64,48.59,41.0,40.98,40.19,38.16,41.0,54.99,63.23,65.49,58.76,58.97,54.63,52.19,52.84,51.76,58.52,58.26,63.32,62.58,64.04,62.0,53.35,60.0,62.57,45.18,41.8,40.24,40.34,41.12,41.8,47.05,70.08,78.9,86.03,81.16,80.77,78.9,78.9,77.95,77.97,76.01,83.81,86.91
49.98,57.44,52.86,48.9,48.59,45.4,46.39,41.05,39.18,38.45,38.4,35.18,36.4,38.52,56.2,73.6,80.97,75.1,74.99,76.48,74.71,71.48,72.71,72.99,69.24,79.71,84.35,85.14,72.35,66.55,63.87,62.58,47.27,44.15,42.8,40.96,41.61,49.84,57.54,69.99,77.5,74.08,71.26,73.46,72.06,69.87,72.04,73.57,76.82,80.69,91.9,77.4,71.13,63.12,62.75,58.64,48.59,41.0,40.98,40.19,38.16,41.0,54.99,63.23,65.49,58.76,58.97,54.63,52.19,52.84,51.76,58.52,58.26,63.32,62.58,64.04,62.0,53.35,60.0,62.57,45.18,41.8,40.24,40.34,41.12,41.8,47.05,70.08,78.9,86.03,81.16,80.77,78.9,78.9,77.95,77.97,76.01,83.81,86.91,78.9
57.44,52.86,48.9,48.59,45.4,46.39,41.05,39.18,38.45,38.4,35.18,36.4,38.52,56.2,73.6,80.97,75.1,74.99,76.48,74.71,71.48,72.71,72.99,69.24,79.71,84.35,85.14,72.35,66.55,63.87,62.58,47.27,44.15,42.8,40.96,41.61,49.84,57.54,69.99,77.5,74.08,71.26,73.46,72.06,69.87,72.04,73.57,76.82,80.69,91.9,77.4,71.13,63.12,62.75,58.64,48.59,41.0,40.98,40.19,38.16,41.0,54.99,63.23,65.49,58.76,58.97,54.63,52.19,52.84,51.76,58.52,58.26,63.32,62.58,64.04,62.0,53.35,60.0,62.57,45.18,41.8,40.24,40.34,41.12,41.8,47.05,70.08,78.9,86.03,81.16,80.77,78.9,78.9,77.95,77.97,76.01,83.81,86.91,78.9,55.4
52.86,48.9,48.59,45.4,46.39,41.05,39.18,38.45,38.4,35.18,36.4,38.52,56.2,73.6,80.97,75.1,74.99,76.48,74.71,71.48,72.71,72.99,69.24,79.71,84.35,85.14,72.35,66.55,63.87,62.58,47.27,44.15,42.8,40.96,41.61,49.84,57.54,69.99,77.5,74.08,71.26,73.46,72.06,69.87,72.04,73.57,76.82,80.69,91.9,77.4,71.13,63.12,62.75,58.64,48.59,41.0,40.98,40.19,38.16,41.0,54.99,63.23,65.49,58.76,58.97,54.63,52.19,52.84,51.76,58.52,58.26,63.32,62.58,64.04,62.0,53.35,60.0,62.57,45.18,41.8,40.24,40.34,41.12,41.8,47.05,70.08,78.9,86.03,81.16,80.77,78.9,78.9,77.95,77.97,76.01,83.81,86.91,78.9,55.4,51.05
48.9,48.59,45.4,46.39,41.05,39.18,38.45,38.4,35.18,36.4,38.52,56.2,73.6,80.97,75.1,74.99,76.48,74.71,71.48,72.71,72.99,69.24,79.71,84.35,85.14,72.35,66.55,63.87,62.58,47.27,44.15,42.8,40.96,41.61,49.84,57.54,69.99,77.5,74.08,71.26,73.46,72.06,69.87,72.04,73.57,76.82,80.69,91.9,77.4,71.13,63.12,62.75,58.64,48.59,41.0,40.98,40.19,38.16,41.0,54.99,63.23,65.49,58.76,58.97,54.63,52.19,52.84,51.76,58.52,58.26,63.32,62.58,64.04,62.0,53.35,60.0,62.57,45.18,41.8,40.24,40.34,41.12,41.8,47.05,70.08,78.9,86.03,81.16,80.77,78.9,78.9,77.95,77.97,76.01,83.81,86.91,78.9,55.4,51.05,52.67
48.59,45.4,46.39,41.05,39.18,38.45,38.4,35.18,36.4,38.52,56.2,73.6,80.97,75.1,74.99,76.48,74.71,71.48,72.71,72.99,69.24,79.71,84.35,85.14,72.35,66.55,63.87,62.58,47.27,44.15,42.8,40.96,41.61,49.84,57.54,69.99,77.5,74.08,71.26,73.46,72.06,69.87,72.04,73.57,76.82,80.69,91.9,77.4,71.13,63.12,62.75,58.64,48.59,41.0,40.98,40.19,38.16,41.0,54.99,63.23,65.49,58.76,58.97,54.63,52.19,52.84,51.76,58.52,58.26,63.32,62.58,64.04,62.0,53.35,60.0,62.57,45.18,41.8,40.24,40.34,41.12,41.8,47.05,70.08,78.9,86.03,81.16,80.77,78.9,78.9,77.95,77.97,76.01,83.81,86.91,78.9,55.4,51.05,52.67,48.45
45.4,46.39,41.05,39.18,38.45,38.4,35.18,36.4,38.52,56.2,73.6,80.97,75.1,74.99,76.48,74.71,71.48,72.71,72.99,69.24,79.71,84.35,85.14,72.35,66.55,63.87,62.58,47.27,44.15,42.8,40.96,41.61,49.84,57.54,69.99,77.5,74.08,71.26,73.46,72.06,69.87,72.04,73.57,76.82,80.69,91.9,77.4,71.13,63.12,62.75,58.64,48.59,41.0,40.98,40.19,38.16,41.0,54.99,63.23,65.49,58.76,58.97,54.63,52.19,52.84,51.76,58.52,58.26,63.32,62.58,64.04,62.0,53.35,60.0,62.57,45.18,41.8,40.24,40.34,41.12,41.8,47.05,70.08,78.9,86.03,81.16,80.77,78.9,78.9,77.95,77.97,76.01,83.81,86.91,78.9,55.4,51.05,52.67,48.45,43.9
46.39,41.05,39.18,38.45,38.4,35.18,36.4,38.52,56.2,73.6,80.97,75.1,74.99,76.48,74.71,71.48,72.71,72.99,69.24,79.71,84.35,85.14,72.35,66.55,63.87,62.58,47.27,44.15,42.8,40.96,41.61,49.84,57.54,69.99,77.5,74.08,71.26,73.46,72.06,69.87,72.04,73.57,76.82,80.69,91.9,77.4,71.13,63.12,62.75,58.64,48.59,41.0,40.98,40.19,38.16,41.0,54.99,63.23,65.49,58.76,58.97,54.63,52.19,52.84,51.76,58.52,58.26,63.32,62.58,64.04,62.0,53.35,60.0,62.57,45.18,41.8,40.24,40.34,41.12,41.8,47.05,70.08,78.9,86.03,81.16,80.77,78.9,78.9,77.95,77.97,76.01,83.81,86.91,78.9,55.4,51.05,52.67,48.45,43.9,38.86
41.05,39.18,38.45,38.4,35.18,36.4,38.52,56.2,73.6,80.97,75.1,74.99,76.48,74.71,71.48,72.71,72.99,69.24,79.71,84.35,85.14,72.35,66.55,63.87,62.58,47.27,44.15,42.8,40.96,41.61,49.84,57.54,69.99,77.5,74.08,71.26,73.46,72.06,69.87,72.04,73.57,76.82,80.69,91.9,77.4,71.13,63.12,62.75,58.64,48.59,41.0,40.98,40.19,38.16,41.0,54.99,63.23,65.49,58.76,58.97,54.63,52.19,52.84,51.76,58.52,58.26,63.32,62.58,64.04,62.0,53.35,60.0,62.57,45.18,41.8,40.24,40.34,41.12,41.8,47.05,70.08,78.9,86.03,81.16,80.77,78.9,78.9,77.95,77.97,76.01,83.81,86.91,78.9,55.4,51.05,52.67,48.45,43.9,38.86,40.0
39.18,38.45,38.4,35.18,36.4,38.52,56.2,73.6,80.97,75.1,74.99,76.48,74.71,71.48,72.71,72.99,69.24,79.71,84.35,85.14,72.35,66.55,63.87,62.58,47.27,44.15,42.8,40.96,41.61,49.84,57.54,69.99,77.5,74.08,71.26,73.46,72.06,69.87,72.04,73.57,76.82,80.69,91.9,77.4,71.13,63.12,62.75,58.64,48.59,41.0,40.98,40.19,38.16,41.0,54.99,63.23,65.49,58.76,58.97,54.63,52.19,52.84,51.76,58.52,58.26,63.32,62.58,64.04,62.0,53.35,60.0,62.57,45.18,41.8,40.24,40.34,41.12,41.8,47.05,70.08,78.9,86.03,81.16,80.77,78.9,78.9,77.95,77.97,76.01,83.81,86.91,78.9,55.4,51.05,52.67,48.45,43.9,38.86,40.0,41.0
38.45,38.4,35.18,36.4,38.52,56.2,73.6,80.97,75.1,74.99,76.48,74.71,71.48,72.71,72.99,69.24,79.71,84.35,85.14,72.35,66.55,63.87,62.58,47.27,44.15,42.8,40.96,41.61,49.84,57.54,69.99,77.5,74.08,71.26,73.46,72.06,69.87,72.04,73.57,76.82,80.69,91.9,77.4,71.13,63.12,62.75,58.64,48.59,41.0,40.98,40.19,38.16,41.0,54.99,63.23,65.49,58.76,58.97,54.63,52.19,52.84,51.76,58.52,58.26,63.32,62.58,64.04,62.0,53.35,60.0,62.57,45.18,41.8,40.24,40.34,41.12,41.8,47.05,70.08,78.9,86.03,81.16,80.77,78.9,78.9,77.95,77.97,76.01,83.81,86.91,78.9,55.4,51.05,52.67,48.45,43.9,38.86,40.0,41.0,41.0
38.4,35.18,36.4,38.52,56.2,73.6,80.97,75.1,74.99,76.48,74.71,71.48,72.71,72.99,69.24,79.71,84.35,85.14,72.35,66.55,63.87,62.58,47.27,44.15,42.8,40.96,41.61,49.84,57.54,69.99,77.5,74.08,71.26,73.46,72.06,69.87,72.04,73.57,76.82,80.69,91.9,77.4,71.13,63.12,62.75,58.64,48.59,41.0,40.98,40.19,38.16,41.0,54.99,63.23,65.49,58.76,58.97,54.63,52.19,52.84,51.76,58.52,58.26,63.32,62.58,64.04,62.0,53.35,60.0,62.57,45.18,41.8,40.24,40.34,41.12,41.8,47.05,70.08,78.9,86.03,81.16,80.77,78.9,78.9,77.95,77.97,76.01,83.81,86.91,78.9,55.4,51.05,52.67,48.45,43.9,38.86,40.0,41.0,41.0,37.43
35.18,36.4,38.52,56.2,73.6,80.97,75.1,74.99,76.48,74.71,71.48,72.71,72.99,69.24,79.71,84.35,85.14,72.35,66.55,63.87,62.58,47.27,44.15,42.8,40.96,41.61,49.84,57.54,69.99,77.5,74.08,71.26,73.46,72.06,69.87,72.04,73.57,76.82,80.69,91.9,77.4,71.13,63.12,62.75,58.64,48.59,41.0,40.98,40.19,38.16,41.0,54.99,63.23,65.49,58.76,58.97,54.63,52.19,52.84,51.76,58.52,58.26,63.32,62.58,64.04,62.0,53.35,60.0,62.57,45.18,41.8,40.24,40.34,41.12,41.8,47.05,70.08,78.9,86.03,81.16,80.77,78.9,78.9,77.95,77.97,76.01,83.81,86.91,78.9,55.4,51.05,52.67,48.45,43.9,38.86,40.0,41.0,41.0,37.43,44.68
36.4,38.52,56.2,73.6,80.97,75.1,74.99,76.48,74.71,71.48,72.71,72.99,69.24,79.71,84.35,85.14,72.35,66.55,63.87,62.58,47.27,44.15,42.8,40.96,41.61,49.84,57.54,69.99,77.5,74.08,71.26,73.46,72.06,69.87,72.04,73.57,76.82,80.69,91.9,77.4,71.13,63.12,62.75,58.64,48.59,41.0,40.98,40.19,38.16,41.0,54.99,63.23,65.49,58.76,58.97,54.63,52.19,52.84,51.76,58.52,58.26,63.32,62.58,64.04,62.0,53.35,60.0,62.57,45.18,41.8,40.24,40.34,41.12,41.8,47.05,70.08,78.9,86.03,81.16,80.77,78.9,78.9,77.95,77.97,76.01,83.81,86.91,78.9,55.4,51.05,52.67,48.45,43.9,38.86,40.0,41.0,41.0,37.43,44.68,58.7
38.52,56.2,73.6,80.97,75.1,74.99,76.48,74.71,71.48,72.71,72.99,69.24,79.71,84.35,85.14,72.35,66.55,63.87,62.58,47.27,44.15,42.8,40.96,41.61,49.84,57.54,69.99,77.5,74.08,71.26,73.46,72.06,69.87,72.04,73.57,76.82,80.69,91.9,77.4,71.13,63.12,62.75,58.64,48.59,41.0,40.98,40.19,38.16,41.0,54.99,63.23,65.49,58.76,58.97,54.63,52.19,52.84,51.76,58.52,58.26,63.32,62.58,64.04,62.0,53.35,60.0,62.57,45.18,41.8,40.24,40.34,41.12,41.8,47.05,70.08,78.9,86.03,81.16,80.77,78.9,78.9,77.95,77.97,76.01,83.81,86.91,78.9,55.4,51.05,52.67,48.45,43.9,38.86,40.0,41.0,41.0,37.43,44.68,58.7,66.59
56.2,73.6,80.97,75.1,74.99,76.48,74.71,71.48,72.71,72.99,69.24,79.71,84.35,85.14,72.35,66.55,63.87,62.58,47.27,44.15,42.8,40.96,41.61,49.84,57.54,69.99,77.5,74.08,71.26,73.46,72.06,69.87,72.04,73.57,76.82,80.69,91.9,77.4,71.13,63.12,62.75,58.64,48.59,41.0,40.98,40.19,38.16,41.0,54.99,63.23,65.49,58.76,58.97,54.63,52.19,52.84,51.76,58.52,58.26,63.32,62.58,64.04,62.0,53.35,60.0,62.57,45.18,41.8,40.24,40.34,41.12,41.8,47.05,70.08,78.9,86.03,81.16,80.77,78.9,78.9,77.95,77.97,76.01,83.81,86.91,78.9,55.4,51.05,52.67,48.45,43.9,38.86,40.0,41.0,41.0,37.43,44.68,58.7,66.59,65.21
73.6,80.97,75.1,74.99,76.48,74.71,71.48,72.71,72.99,69.24,79.71,84.35,85.14,72.35,66.55,63.87,62.58,47.27,44.15,42.8,40.96,41.61,49.84,57.54,69.99,77.5,74.08,71.26,73.46,72.06,69.87,72.04,73.57,76.82,80.69,91.9,77.4,71.13,63.12,62.75,58.64,48.59,41.0,40.98,40.19,38.16,41.0,54.99,63.23,65.49,58.76,58.97,54.63,52.19,52.84,51.76,58.52,58.26,63.32,62.58,64.04,62.0,53.35,60.0,62.57,45.18,41.8,40.24,40.34,41.12,41.8,47.05,70.08,78.9,86.03,81.16,80.77,78.9,78.9,77.95,77.97,76.01,83.81,86.91,78.9,55.4,51.05,52.67,48.45,43.9,38.86,40.0,41.0,41.0,37.43,44.68,58.7,66.59,65.21,59.79
80.97,75.1,74.99,76.48,74.71,71.48,72.71,72.99,69.24,79.71,84.35,85.14,72.35,66.55,63.87,62.58,47.27,44.15,42.8,40.96,41.61,49.84,57.54,69.99,77.5,74.08,71.26,73.46,72.06,69.87,72.04,73.57,76.82,80.69,91.9,77.4,71.13,63.12,62.75,58.64,48.59,41.0,40.98,40.19,38.16,41.0,54.99,63.23,65.49,58.76,58.97,54.63,52.19,52.84,51.76,58.52,58.26,63.32,62.58,64.04,62.0,53.35,60.0,62.57,45.18,41.8,40.24,40.34,41.12,41.8,47.05,70.08,78.9,86.03,81.16,80.77,78.9,78.9,77.95,77.97,76.01,83.81,86.91,78.9,55.4,51.05,52.67,48.45,43.9,38.86,40.0,41.0,41.0,37.43,44.68,58.7,66.59,65.21,59.79,57.65
75.1,74.99,76.48,74.71,71.48,72.71,72.99,69.24,79.71,84.35,85.14,72.35,66.55,63.87,62.58,47.27,44.15,42.8,40.96,41.61,49.84,57.54,69.99,77.5,74.08,71.26,73.46,72.06,69.87,72.04,73.57,76.82,80.69,91.9,77.4,71.13,63.12,62.75,58.64,48.59,41.0,40.98,40.19,38.16,41.0,54.99,63.23,65.49,58.76,58.97,54.63,52.19,52.84,51.76,58.52,58.26,63.32,62.58,64.04,62.0,53.35,60.0,62.57,45.18,41.8,40.24,40.34,41.12,41.8,47.05,70.08,78.9,86.03,81.16,80.77,78.9,78.9,77.95,77.97,76.01,83.81,86.91,78.9,55.4,51.05,52.67,48.45,43.9,38.86,40.0,41.0,41.0,37.43,44.68,58.7,66.59,65.21,59.79,57.65,53.96
74.99,76.48,74.71,71.48,72.71,72.99,69.24,79.71,84.35,85.14,72.35,66.55,63.87,62.58,47.27,44.15,42.8,40.96,41.61,49.84,57.54,69.99,77.5,74.08,71.26,73.46,72.06,69.87,72.04,73.57,76.82,80.69,91.9,77.4,71.13,63.12,62.75,58.64,48.59,41.0,40.98,40.19,38.16,41.0,54.99,63.23,65.49,58.76,58.97,54.63,52.19,52.84,51.76,58.52,58.26,63.32,62.58,64.04,62.0,53.35,60.0,62.57,45.18,41.8,40.24,40.34,41.12,41.8,47.05,70.08,78.9,86.03,81.16,80.77,78.9,78.9,77.95,77.97,76.01,83.81,86.91,78.9,55.4,51.05,52.67,48.45,43.9,38.86,40.0,41.0,41.0,37.43,44.68,58.7,66.59,65.21,59.79,57.65,53.96,51.53
76.48,74.71,71.48,72.71,72.99,69.24,79.71,84.35,85.14,72.35,66.55,63.87,62.58,47.27,44.15,42.8,40.96,41.61,49.84,57.54,69.99,77.5,74.08,71.26,73.46,72.06,69.87,72.04,73.57,76.82,80.69,91.9,77.4,71.13,63.12,62.75,58.64,48.59,41.0,40.98,40.19,38.16,41.0,54.99,63.23,65.49,58.76,58.97,54.63,52.19,52.84,51.76,58.52,58.26,63.32,62.58,64.04,62.0,53.35,60.0,62.57,45.18,41.8,40.24,40.34,41.12,41.8,47.05,70.08,78.9,86.03,81.16,80.77,78.9,78.9,77.95,77.97,76.01,83.81,86.91,78.9,55.4,51.05,52.67,48.45,43.9,38.86,40.0,41.0,41.0,37.43,44.68,58.7,66.59,65.21,59.79,57.65,53.96,51.53,43.1
74.71,71.48,72.71,72.99,69.24,79.71,84.35,85.14,72.35,66.55,63.87,62.58,47.27,44.15,42.8,40.96,41.61,49.84,57.54,69.99,77.5,74.08,71.26,73.46,72.06,69.87,72.04,73.57,76.82,80.69,91.9,77.4,71.13,63.12,62.75,58.64,48.59,41.0,40.98,40.19,38.16,41.0,54.99,63.23,65.49,58.76,58.97,54.63,52.19,52.84,51.76,58.52,58.26,63.32,62.58,64.04,62.0,53.35,60.0,62.57,45.18,41.8,40.24,40.34,41.12,41.8,47.05,70.08,78.9,86.03,81.16,80.77,78.9,78.9,77.95,77.97,76.01,83.81,86.91,78.9,55.4,51.05,52.67,48.45,43.9,38.86,40.0,41.0,41.0,37.43,44.68,58.7,66.59,65.21,59.79,57.65,53.96,51.53,43.1,43.1
71.48,72.71,72.99,69.24,79.71,84.35,85.14,72.35,66.55,63.87,62.58,47.27,44.15,42.8,40.96,41.61,49.84,57.54,69.99,77.5,74.08,71.26,73.46,72.06,69.87,72.04,73.57,76.82,80.69,91.9,77.4,71.13,63.12,62.75,58.64,48.59,41.0,40.98,40.19,38.16,41.0,54.99,63.23,65.49,58.76,58.97,54.63,52.19,52.84,51.76,58.52,58.26,63.32,62.58,64.04,62.0,53.35,60.0,62.57,45.18,41.8,40.24,40.34,41.12,41.8,47.05,70.08,78.9,86.03,81.16,80.77,78.9,78.9,77.95,77.97,76.01,83.81,86.91,78.9,55.4,51.05,52.67,48.45,43.9,38.86,40.0,41.0,41.0,37.43,44.68,58.7,66.59,65.21,59.79,57.65,53.96,51.53,43.1,43.1,50.5
72.71,72.99,69.24,79.71,84.35,85.14,72.35,66.55,63.87,62.58,47.27,44.15,42.8,40.96,41.61,49.84,57.54,69.99,77.5,74.08,71.26,73.46,72.06,69.87,72.04,73.57,76.82,80.69,91.9,77.4,71.13,63.12,62.75,58.64,48.59,41.0,40.98,40.19,38.16,41.0,54.99,63.23,65.49,58.76,58.97,54.63,52.19,52.84,51.76,58.52,58.26,63.32,62.58,64.04,62.0,53.35,60.0,62.57,45.18,41.8,40.24,40.34,41.12,41.8,47.05,70.08,78.9,86.03,81.16,80.77,78.9,78.9,77.95,77.97,76.01,83.81,86.91,78.9,55.4,51.05,52.67,48.45,43.9,38.86,40.0,41.0,41.0,37.43,44.68,58.7,66.59,65.21,59.79,57.65,53.96,51.53,43.1,43.1,50.5,55.41
72.99,69.24,79.71,84.35,85.14,72.35,66.55,63.87,62.58,47.27,44.15,42.8,40.96,41.61,49.84,57.54,69.99,77.5,74.08,71.26,73.46,72.06,69.87,72.04,73.57,76.82,80.69,91.9,77.4,71.13,63.12,62.75,58.64,48.59,41.0,40.98,40.19,38.16,41.0,54.99,63.23,65.49,58.76,58.97,54.63,52.19,52.84,51.76,58.52,58.26,63.32,62.58,64.04,62.0,53.35,60.0,62.57,45.18,41.8,40.24,40.34,41.12,41.8,47.05,70.08,78.9,86.03,81.16,80.77,78.9,78.9,77.95,77.97,76.01,83.81,86.91,78.9,55.4,51.05,52.67,48.45,43.9,38.86,40.0,41.0,41.0,37.43,44.68,58.7,66.59,65.21,59.79,57.65,53.96,51.53,43.1,43.1,50.5,55.41,51.05
69.24,79.71,84.35,85.14,72.35,66.55,63.87,62.58,47.27,44.15,42.8,40.96,41.61,49.84,57.54,69.99,77.5,74.08,71.26,73.46,72.06,69.87,72.04,73.57,76.82,80.69,91.9,77.4,71.13,63.12,62.75,58.64,48.59,41.0,40.98,40.19,38.16,41.0,54.99,63.23,65.49,58.76,58.97,54.63,52.19,52.84,51.76,58.52,58.26,63.32,62.58,64.04,62.0,53.35,60.0,62.57,45.18,41.8,40.24,40.34,41.12,41.8,47.05,70.08,78.9,86.03,81.16,80.77,78.9,78.9,77.95,77.97,76.01,83.81,86.91,78.9,55.4,51.05,52.67,48.45,43.9,38.86,40.0,41.0,41.0,37.43,44.68,58.7,66.59,65.21,59.79,57.65,53.96,51.53,43.1,43.1,50.5,55.41,51.05,46.67
79.71,84.35,85.14,72.35,66.55,63.87,62.58,47.27,44.15,42.8,40.96,41.61,49.84,57.54,69.99,77.5,74.08,71.26,73.46,72.06,69.87,72.04,73.57,76.82,80.69,91.9,77.4,71.13,63.12,62.75,58.64,48.59,41.0,40.98,40.19,38.16,41.0,54.99,63.23,65.49,58.76,58.97,54.63,52.19,52.84,51.76,58.52,58.26,63.32,62.58,64.04,62.0,53.35,60.0,62.57,45.18,41.8,40.24,40.34,41.12,41.8,47.05,70.08,78.9,86.03,81.16,80.77,78.9,78.9,77.95,77.97,76.01,83.81,86.91,78.9,55.4,51.05,52.67,48.45,43.9,38.86,40.0,41.0,41.0,37.43,44.68,58.7,66.59,65.21,59.79,57.65,53.96,51.53,43.1,43.1,50.5,55.41,51.05,46.67,43.85
84.35,85.14,72.35,66.55,63.87,62.58,47.27,44.15,42.8,40.96,41.61,49.84,57.54,69.99,77.5,74.08,71.26,73.46,72.06,69.87,72.04,73.57,76.82,80.69,91.9,77.4,71.13,63.12,62.75,58.64,48.59,41.0,40.98,40.19,38.16,41.0,54.99,63.23,65.49,58.76,58.97,54.63,52.19,52.84,51.76,58.52,58.26,63.32,62.58,64.04,62.0,53.35,60.0,62.57,45.18,41.8,40.24,40.34,41.12,41.8,47.05,70.08,78.9,86.03,81.16,80.77,78.9,78.9,77.95,77.97,76.01,83.81,86.91,78.9,55.4,51.05,52.67,48.45,43.9,38.86,40.0,41.0,41.0,37.43,44.68,58.7,66.59,65.21,59.79,57.65,53.96,51.53,43.1,43.1,50.5,55.41,51.05,46.67,43.85,39.56
85.14,72.35,66.55,63.87,62.58,47.27,44.15,42.8,40.96,41.61,49.84,57.54,69.99,77.5,74.08,71.26,73.46,72.06,69.87,72.04,73.57,76.82,80.69,91.9,77.4,71.13,63.12,62.75,58.64,48.59,41.0,40.98,40.19,38.16,41.0,54.99,63.23,65.49,58.76,58.97,54.63,52.19,52.84,51.76,58.52,58.26,63.32,62.58,64.04,62.0,53.35,60.0,62.57,45.18,41.8,40.24,40.34,41.12,41.8,47.05,70.08,78.9,86.03,81.16,80.77,78.9,78.9,77.95,77.97,76.01,83.81,86.91,78.9,55.4,51.05,52.67,48.45,43.9,38.86,40.0,41.0,41.0,37.43,44.68,58.7,66.59,65.21,59.79,57.65,53.96,51.53,43.1,43.1,50.5,55.41,51.05,46.67,43.85,39.56,37.73
72.35,66.55,63.87,62.58,47.27,44.15,42.8,40.96,41.61,49.84,57.54,69.99,77.5,74.08,71.26,73.46,72.06,69.87,72.04,73.57,76.82,80.69,91.9,77.4,71.13,63.12,62.75,58.64,48.59,41.0,40.98,40.19,38.16,41.0,54.99,63.23,65.49,58.76,58.97,54.63,52.19,52.84,51.76,58.52,58.26,63.32,62.58,64.04,62.0,53.35,60.0,62.57,45.18,41.8,40.24,40.34,41.12,41.8,47.05,70.08,78.9,86.03,81.16,80.77,78.9,78.9,77.95,77.97,76.01,83.81,86.91,78.9,55.4,51.05,52.67,48.45,43.9,38.86,40.0,41.0,41.0,37.43,44.68,58.7,66.59,65.21,59.79,57.65,53.96,51.53,43.1,43.1,50.5,55.41,51.05,46.67,43.85,39.56,37.73,34.38
66.55,63.87,62.58,47.27,44.15,42.8,40.96,41.61,49.84,57.54,69.99,77.5,74.08,71.26,73.46,72.06,69.87,72.04,73.57,76.82,80.69,91.9,77.4,71.13,63.12,62.75,58.64,48.59,41.0,40.98,40.19,38.16,41.0,54.99,63.23,65.49,58.76,58.97,54.63,52.19,52.84,51.76,58.52,58.26,63.32,62.58,64.04,62.0,53.35,60.0,62.57,45.18,41.8,40.24,40.34,41.12,41.8,47.05,70.08,78.9,86.03,81.16,80.77,78.9,78.9,77.95,77.97,76.01,83.81,86.91,78.9,55.4,51.05,52.67,48.45,43.9,38.86,40.0,41.0,41.0,37.43,44.68,58.7,66.59,65.21,59.79,57.65,53.96,51.53,43.1,43.1,50.5,55.41,51.05,46.67,43.85,39.56,37.73,34.38,33.8
63.87,62.58,47.27,44.15,42.8,40.96,41.61,49.84,57.54,69.99,77.5,74.08,71.26,73.46,72.06,69.87,72.04,73.57,76.82,80.69,91.9,77.4,71.13,63.12,62.75,58.64,48.59,41.0,40.98,40.19,38.16,41.0,54.99,63.23,65.49,58.76,58.97,54.63,52.19,52.84,51.76,58.52,58.26,63.32,62.58,64.04,62.0,53.35,60.0,62.57,45.18,41.8,40.24,40.34,41.12,41.8,47.05,70.08,78.9,86.03,81.16,80.77,78.9,78.9,77.95,77.97,76.01,83.81,86.91,78.9,55.4,51.05,52.67,48.45,43.9,38.86,40.0,41.0,41.0,37.43,44.68,58.7,66.59,65.21,59.79,57.65,53.96,51.53,43.1,43.1,50.5,55.41,51.05,46.67,43.85,39.56,37.73,34.38,33.8,33.8
62.58,47.27,44.15,42.8,40.96,41.61,49.84,57.54,69.99,77.5,74.08,71.26,73.46,72.06,69.87,72.04,73.57,76.82,80.69,91.9,77.4,71.13,63.12,62.75,58.64,48.59,41.0,40.98,40.19,38.16,41.0,54.99,63.23,65.49,58.76,58.97,54.63,52.19,52.84,51.76,58.52,58.26,63.32,62.58,64.04,62.0,53.35,60.0,62.57,45.18,41.8,40.24,40.34,41.12,41.8,47.05,70.08,78.9,86.03,81.16,80.77,78.9,78.9,77.95,77.97,76.01,83.81,86.91,78.9,55.4,51.05,52.67,48.45,43.9,38.86,40.0,41.0,41.0,37.43,44.68,58.7,66.59,65.21,59.79,57.65,53.96,51.53,43.1,43.1,50.5,55.41,51.05,46.67,43.85,39.56,37.73,34.38,33.8,33.8,31.99
47.27,44.15,42.8,40.96,41.61,49.84,57.54,69.99,77.5,74.08,71.26,73.46,72.06,69.87,72.04,73.57,76.82,80.69,91.9,77.4,71.13,63.12,62.75,58.64,48.59,41.0,40.98,40.19,38.16,41.0,54.99,63.23,65.49,58.76,58.97,54.63,52.19,52.84,51.76,58.52,58.26,63.32,62.58,64.04,62.0,53.35,60.0,62.57,45.18,41.8,40.24,40.34,41.12,41.8,47.05,70.08,78.9,86.03,81.16,80.77,78.9,78.9,77.95,77.97,76.01,83.81,86.91,78.9,55.4,51.05,52.67,48.45,43.9,38.86,40.0,41.0,41.0,37.43,44.68,58.7,66.59,65.21,59.79,57.65,53.96,51.53,43.1,43.1,50.5,55.41,51.05,46.67,43.85,39.56,37.73,34.38,33.8,33.8,31.99,29.94
44.15,42.8,40.96,41.61,49.84,57.54,69.99,77.5,74.08,71.26,73.46,72.06,69.87,72.04,73.57,76.82,80.69,91.9,77.4,71.13,63.12,62.75,58.64,48.59,41.0,40.98,40.19,38.16,41.0,54.99,63.23,65.49,58.76,58.97,54.63,52.19,52.84,51.76,58.52,58.26,63.32,62.58,64.04,62.0,53.35,60.0,62.57,45.18,41.8,40.24,40.34,41.12,41.8,47.05,70.08,78.9,86.03,81.16,80.77,78.9,78.9,77.95,77.97,76.01,83.81,86.91,78.9,55.4,51.05,52.67,48.45,43.9,38.86,40.0,41.0,41.0,37.43,44.68,58.7,66.59,65.21,59.79,57.65,53.96,51.53,43.1,43.1,50.5,55.41,51.05,46.67,43.85,39.56,37.73,34.38,33.8,33.8,31.99,29.94,30.13
42.8,40.96,41.61,49.84,57.54,69.99,77.5,74.08,71.26,73.46,72.06,69.87,72.04,73.57,76.82,80.69,91.9,77.4,71.13,63.12,62.75,58.64,48.59,41.0,40.98,40.19,38.16,41.0,54.99,63.23,65.49,58.76,58.97,54.63,52.19,52.84,51.76,58.52,58.26,63.32,62.58,64.04,62.0,53.35,60.0,62.57,45.18,41.8,40.24,40.34,41.12,41.8,47.05,70.08,78.9,86.03,81.16,80.77,78.9,78.9,77.95,77.97,76.01,83.81,86.91,78.9,55.4,51.05,52.67,48.45,43.9,38.86,40.0,41.0,41.0,37.43,44.68,58.7,66.59,65.21,59.79,57.65,53.96,51.53,43.1,43.1,50.5,55.41,51.05,46.67,43.85,39.56,37.73,34.38,33.8,33.8,31.99,29.94,30.13,30.29
40.96,41.61,49.84,57.54,69.99,77.5,74.08,71.26,73.46,72.06,69.87,72.04,73.57,76.82,80.69,91.9,77.4,71.13,63.12,62.75,58.64,48.59,41.0,40.98,40.19,38.16,41.0,54.99,63.23,65.49,58.76,58.97,54.63,52.19,52.84,51.76,58.52,58.26,63.32,62.58,64.04,62.0,53.35,60.0,62.57,45.18,41.8,40.24,40.34,41.12,41.8,47.05,70.08,78.9,86.03,81.16,80.77,78.9,78.9,77.95,77.97,76.01,83.81,86.91,78.9,55.4,51.05,52.67,48.45,43.9,38.86,40.0,41.0,41.0,37.43,44.68,58.7,66.59,65.21,59.79,57.65,53.96,51.53,43.1,43.1,50.5,55.41,51.05,46.67,43.85,39.56,37.73,34.38,33.8,33.8,31.99,29.94,30.13,30.29,32.15
41.61,49.84,57.54,69.99,77.5,74.08,71.26,73.46,72.06,69.87,72.04,73.57,76.82,80.69,91.9,77.4,71.13,63.12,62.75,58.64,48.59,41.0,40.98,40.19,38.16,41.0,54.99,63.23,65.49,58.76,58.97,54.63,52.19,52.84,51.76,58.52,58.26,63.32,62.58,64.04,62.0,53.35,60.0,62.57,45.18,41.8,40.24,40.34,41.12,41.8,47.05,70.08,78.9,86.03,81.16,80.77,78.9,78.9,77.95,77.97,76.01,83.81,86.91,78.9,55.4,51.05,52.67,48.45,43.9,38.86,40.0,41.0,41.0,37.43,44.68,58.7,66.59,65.21,59.79,57.65,53.96,51.53,43.1,43.1,50.5,55.41,51.05,46.67,43.85,39.56,37.73,34.38,33.8,33.8,31.99,29.94,30.13,30.29,32.15,34.93
49.84,57.54,69.99,77.5,74.08,71.26,73.46,72.06,69.87,72.04,73.57,76.82,80.69,91.9,77.4,71.13,63.12,62.75,58.64,48.59,41.0,40.98,40.19,38.16,41.0,54.99,63.23,65.49,58.76,58.97,54.63,52.19,52.84,51.76,58.52,58.26,63.32,62.58,64.04,62.0,53.35,60.0,62.57,45.18,41.8,40.24,40.34,41.12,41.8,47.05,70.08,78.9,86.03,81.16,80.77,78.9,78.9,77.95,77.97,76.01,83.81,86.91,78.9,55.4,51.05,52.67,48.45,43.9,38.86,40.0,41.0,41.0,37.43,44.68,58.7,66.59,65.21,59.79,57.65,53.96,51.53,43.1,43.1,50.5,55.41,51.05,46.67,43.85,39.56,37.73,34.38,33.8,33.8,31.99,29.94,30.13,30.29,32.15,34.93,39.41
57.54,69.99,77.5,74.08,71.26,73.46,72.06,69.87,72.04,73.57,76.82,80.69,91.9,77.4,71.13,63.12,62.75,58.64,48.59,41.0,40.98,40.19,38.16,41.0,54.99,63.23,65.49,58.76,58.97,54.63,52.19,52.84,51.76,58.52,58.26,63.32,62.58,64.04,62.0,53.35,60.0,62.57,45.18,41.8,40.24,40.34,41.12,41.8,47.05,70.08,78.9,86.03,81.16,80.77,78.9,78.9,77.95,77.97,76.01,83.81,86.91,78.9,55.4,51.05,52.67,48.45,43.9,38.86,40.0,41.0,41.0,37.43,44.68,58.7,66.59,65.21,59.79,57.65,53.96,51.53,43.1,43.1,50.5,55.41,51.05,46.67,43.85,39.56,37.73,34.38,33.8,33.8,31.99,29.94,30.13,30.29,32.15,34.93,39.41,49.73
69.99,77.5,74.08,71.26,73.46,72.06,69.87,72.04,73.57,76.82,80.69,91.9,77.4,71.13,63.12,62.75,58.64,48.59,41.0,40.98,40.19,38.16,41.0,54.99,63.23,65.49,58.76,58.97,54.63,52.19,52.84,51.76,58.52,58.26,63.32,62.58,64.04,62.0,53.35,60.0,62.57,45.18,41.8,40.24,40.34,41.12,41.8,47.05,70.08,78.9,86.03,81.16,80.77,78.9,78.9,77.95,77.97,76.01,83.81,86.91,78.9,55.4,51.05,52.67,48.45,43.9,38.86,40.0,41.0,41.0,37.43,44.68,58.7,66.59,65.21,59.79,57.65,53.96,51.53,43.1,43.1,50.5,55.41,51.05,46.67,43.85,39.56,37.73,34.38,33.8,33.8,31.99,29.94,30.13,30.29,32.15,34.93,39.41,49.73,51.23
77.5,74.08,71.26,73.46,72.06,69.87,72.04,73.57,76.82,80.69,91.9,77.4,71.13,63.12,62.75,58.64,48.59,41.0,40.98,40.19,38.16,41.0,54.99,63.23,65.49,58.76,58.97,54.63,52.19,52.84,51.76,58.52,58.26,63.32,62.58,64.04,62.0,53.35,60.0,62.57,45.18,41.8,40.24,40.34,41.12,41.8,47.05,70.08,78.9,86.03,81.16,80.77,78.9,78.9,77.95,77.97,76.01,83.81,86.91,78.9,55.4,51.05,52.67,48.45,43.9,38.86,40.0,41.0,41.0,37.43,44.68,58.7,66.59,65.21,59.79,57.65,53.96,51.53,43.1,43.1,50.5,55.41,51.05,46.67,43.85,39.56,37.73,34.38,33.8,33.8,31.99,29.94,30.13,30.29,32.15,34.93,39.41,49.73,51.23,50.1
74.08,71.26,73.46,72.06,69.87,72.04,73.57,76.82,80.69,91.9,77.4,71.13,63.12,62.75,58.64,48.59,41.0,40.98,40.19,38.16,41.0,54.99,63.23,65.49,58.76,58.97,54.63,52.19,52.84,51.76,58.52,58.26,63.32,62.58,64.04,62.0,53.35,60.0,62.57,45.18,41.8,40.24,40.34,41.12,41.8,47.05,70.08,78.9,86.03,81.16,80.77,78.9,78.9,77.95,77.97,76.01,83.81,86.91,78.9,55.4,51.05,52.67,48.45,43.9,38.86,40.0,41.0,41.0,37.43,44.68,58.7,66.59,65.21,59.79,57.65,53.96,51.53,43.1,43.1,50.5,55.41,51.05,46.67,43.85,39.56,37.73,34.38,33.8,33.8,31.99,29.94,30.13,30.29,32.15,34.93,39.41,49.73,51.23,50.1,50.0
71.26,73.46,72.06,69.87,72.04,73.57,76.82,80.69,91.9,77.4,71.13,63.12,62.75,58.64,48.59,41.0,40.98,40.19,38.16,41.0,54.99,63.23,65.49,58.76,58.97,54.63,52.19,52.84,51.76,58.52,58.26,63.32,62.58,64.04,62.0,53.35,60.0,62.57,45.18,41.8,40.24,40.34,41.12,41.8,47.05,70.08,78.9,86.03,81.16,80.77,78.9,78.9,77.95,77.97,76.01,83.81,86.91,78.9,55.4,51.05,52.67,48.45,43.9,38.86,40.0,41.0,41.0,37.43,44.68,58.7,66.59,65.21,59.79,57.65,53.96,51.53,43.1,43.1,50.5,55.41,51.05,46.67,43.85,39.56,37.73,34.38,33.8,33.8,31.99,29.94,30.13,30.29,32.15,34.93,39.41,49.73,51.23,50.1,50.0,51.2
73.46,72.06,69.87,72.04,73.57,76.82,80.69,91.9,77.4,71.13,63.12,62.75,58.64,48.59,41.0,40.98,40.19,38.16,41.0,54.99,63.23,65.49,58.76,58.97,54.63,52.19,52.84,51.76,58.52,58.26,63.32,62.58,64.04,62.0,53.35,60.0,62.57,45.18,41.8,40.24,40.34,41.12,41.8,47.05,70.08,78.9,86.03,81.16,80.77,78.9,78.9,77.95,77.97,76.01,83.81,86.91,78.9,55.4,51.05,52.67,48.45,43.9,38.86,40.0,41.0,41.0,37.43,44.68,58.7,66.59,65.21,59.79,57.65,53.96,51.53,43.1,43.1,50.5,55.41,51.05,46.67,43.85,39.56,37.73,34.38,33.8,33.8,31.99,29.94,30.13,30.29,32.15,34.93,39.41,49.73,51.23,50.1,50.0,51.2,38.01
72.06,69.87,72.04,73.57,76.82,80.69,91.9,77.4,71.13,63.12,62.75,58.64,48.59,41.0,40.98,40.19,38.16,41.0,54.99,63.23,65.49,58.76,58.97,54.63,52.19,52.84,51.76,58.52,58.26,63.32,62.58,64.04,62.0,53.35,60.0,62.57,45.18,41.8,40.24,40.34,41.12,41.8,47.05,70.08,78.9,86.03,81.16,80.77,78.9,78.9,77.95,77.97,76.01,83.81,86.91,78.9,55.4,51.05,52.67,48.45,43.9,38.86,40.0,41.0,41.0,37.43,44.68,58.7,66.59,65.21,59.79,57.65,53.96,51.53,43.1,43.1,50.5,55.41,51.05,46.67,43.85,39.56,37.73,34.38,33.8,33.8,31.99,29.94,30.13,30.29,32.15,34.93,39.41,49.73,51.23,50.1,50.0,51.2,38.01,37.82
69.87,72.04,73.57,76.82,80.69,91.9,77.4,71.13,63.12,62.75,58.64,48.59,41.0,40.98,40.19,38.16,41.0,54.99,63.23,65.49,58.76,58.97,54.63,52.19,52.84,51.76,58.52,58.26,63.32,62.58,64.04,62.0,53.35,60.0,62.57,45.18,41.8,40.24,40.34,41.12,41.8,47.05,70.08,78.9,86.03,81.16,80.77,78.9,78.9,77.95,77.97,76.01,83.81,86.91,78.9,55.4,51.05,52.67,48.45,43.9,38.86,40.0,41.0,41.0,37.43,44.68,58.7,66.59,65.21,59.79,57.65,53.96,51.53,43.1,43.1,50.5,55.41,51.05,46.67,43.85,39.56,37.73,34.38,33.8,33.8,31.99,29.94,30.13,30.29,32.15,34.93,39.41,49.73,51.23,50.1,50.0,51.2,38.01,37.82,42.0
72.04,73.57,76.82,80.69,91.9,77.4,71.13,63.12,62.75,58.64,48.59,41.0,40.98,40.19,38.16,41.0,54.99,63.23,65.49,58.76,58.97,54.63,52.19,52.84,51.76,58.52,58.26,63.32,62.58,64.04,62.0,53.35,60.0,62.57,45.18,41.8,40.24,40.34,41.12,41.8,47.05,70.08,78.9,86.03,81.16,80.77,78.9,78.9,77.95,77.97,76.01,83.81,86.91,78.9,55.4,51.05,52.67,48.45,43.9,38.86,40.0,41.0,41.0,37.43,44.68,58.7,66.59,65.21,59.79,57.65,53.96,51.53,43.1,43.1,50.5,55.41,51.05,46.67,43.85,39.56,37.73,34.38,33.8,33.8,31.99,29.94,30.13,30.29,32.15,34.93,39.41,49.73,51.23,50.1,50.0,51.2,38.01,37.82,42.0,58.75
73.57,76.82,80.69,91.9,77.4,71.13,63.12,62.75,58.64,48.59,41.0,40.98,40.19,38.16,41.0,54.99,63.23,65.49,58.76,58.97,54.63,52.19,52.84,51.76,58.52,58.26,63.32,62.58,64.04,62.0,53.35,60.0,62.57,45.18,41.8,40.24,40.34,41.12,41.8,47.05,70.08,78.9,86.03,81.16,80.77,78.9,78.9,77.95,77.97,76.01,83.81,86.91,78.9,55.4,51.05,52.67,48.45,43.9,38.86,40.0,41.0,41.0,37.43,44.68,58.7,66.59,65.21,59.79,57.65,53.96,51.53,43.1,43.1,50.5,55.41,51.05,46.67,43.85,39.56,37.73,34.38,33.8,33.8,31.99,29.94,30.13,30.29,32.15,34.93,39.41,49.73,51.23,50.1,50.0,51.2,38.01,37.82,42.0,58.75,55.32
76.82,80.69,91.9,77.4,71.13,63.12,62.75,58.64,48.59,41.0,40.98,40.19,38.16,41.0,54.99,63.23,65.49,58.76,58.97,54.63,52.19,52.84,51.76,58.52,58.26,63.32,62.58,64.04,62.0,53.35,60.0,62.57,45.18,41.8,40.24,40.34,41.12,41.8,47.05,70.08,78.9,86.03,81.16,80.77,78.9,78.9,77.95,77.97,76.01,83.81,86.91,78.9,55.4,51.05,52.67,48.45,43.9,38.86,40.0,41.0,41.0,37.43,44.68,58.7,66.59,65.21,59.79,57.65,53.96,51.53,43.1,43.1,50.5,55.41,51.05,46.67,43.85,39.56,37.73,34.38,33.8,33.8,31.99,29.94,30.13,30.29,32.15,34.93,39.41,49.73,51.23,50.1,50.0,51.2,38.01,37.82,42.0,58.75,55.32,59.55
80.69,91.9,77.4,71.13,63.12,62.75,58.64,48.59,41.0,40.98,40.19,38.16,41.0,54.99,63.23,65.49,58.76,58.97,54.63,52.19,52.84,51.76,58.52,58.26,63.32,62.58,64.04,62.0,53.35,60.0,62.57,45.18,41.8,40.24,40.34,41.12,41.8,47.05,70.08,78.9,86.03,81.16,80.77,78.9,78.9,77.95,77.97,76.01,83.81,86.91,78.9,55.4,51.05,52.67,48.45,43.9,38.86,40.0,41.0,41.0,37.43,44.68,58.7,66.59,65.21,59.79,57.65,53.96,51.53,43.1,43.1,50.5,55.41,51.05,46.67,43.85,39.56,37.73,34.38,33.8,33.8,31.99,29.94,30.13,30.29,32.15,34.93,39.41,49.73,51.23,50.1,50.0,51.2,38.01,37.82,42.0,58.75,55.32,59.55,46.94
91.9,77.4,71.13,63.12,62.75,58.64,48.59,41.0,40.98,40.19,38.16,41.0,54.99,63.23,65.49,58.76,58.97,54.63,52.19,52.84,51.76,58.52,58.26,63.32,62.58,64.04,62.0,53.35,60.0,62.57,45.18,41.8,40.24,40.34,41.12,41.8,47.05,70.08,78.9,86.03,81.16,80.77,78.9,78.9,77.95,77.97,76.01,83.81,86.91,78.9,55.4,51.05,52.67,48.45,43.9,38.86,40.0,41.0,41.0,37.43,44.68,58.7,66.59,65.21,59.79,57.65,53.96,51.53,43.1,43.1,50.5,55.41,51.05,46.67,43.85,39.56,37.73,34.38,33.8,33.8,31.99,29.94,30.13,30.29,32.15,34.93,39.41,49.73,51.23,50.1,50.0,51.2,38.01,37.82,42.0,58.75,55.32,59.55,46.94,39.94
77.4,71.13,63.12,62.75,58.64,48.59,41.0,40.98,40.19,38.16,41.0,54.99,63.23,65.49,58.76,58.97,54.63,52.19,52.84,51.76,58.52,58.26,63.32,62.58,64.04,62.0,53.35,60.0,62.57,45.18,41.8,40.24,40.34,41.12,41.8,47.05,70.08,78.9,86.03,81.16,80.77,78.9,78.9,77.95,77.97,76.01,83.81,86.91,78.9,55.4,51.05,52.67,48.45,43.9,38.86,40.0,41.0,41.0,37.43,44.68,58.7,66.59,65.21,59.79,57.65,53.96,51.53,43.1,43.1,50.5,55.41,51.05,46.67,43.85,39.56,37.73,34.38,33.8,33.8,31.99,29.94,30.13,30.29,32.15,34.93,39.41,49.73,51.23,50.1,50.0,51.2,38.01,37.82,42.0,58.75,55.32,59.55,46.94,39.94,50.14
71.13,63.12,62.75,58.64,48.59,41.0,40.98,40.19,38.16,41.0,54.99,63.23,65.49,58.76,58.97,54.63,52.19,52.84,51.76,58.52,58.26,63.32,62.58,64.04,62.0,53.35,60.0,62.57,45.18,41.8,40.24,40.34,41.12,41.8,47.05,70.08,78.9,86.03,81.16,80.77,78.9,78.9,77.95,77.97,76.01,83.81,86.91,78.9,55.4,51.05,52.67,48.45,43.9,38.86,40.0,41.0,41.0,37.43,44.68,58.7,66.59,65.21,59.79,57.65,53.96,51.53,43.1,43.1,50.5,55.41,51.05,46.67,43.85,39.56,37.73,34.38,33.8,33.8,31.99,29.94,30.13,30.29,32.15,34.93,39.41,49.73,51.23,50.1,50.0,51.2,38.01,37.82,42.0,58.75,55.32,59.55,46.94,39.94,50.14,50.09
63.12,62.75,58.64,48.59,41.0,40.98,40.19,38.16,41.0,54.99,63.23,65.49,58.76,58.97,54.63,52.19,52.84,51.76,58.52,58.26,63.32,62.58,64.04,62.0,53.35,60.0,62.57,45.18,41.8,40.24,40.34,41.12,41.8,47.05,70.08,78.9,86.03,81.16,80.77,78.9,78.9,77.95,77.97,76.01,83.81,86.91,78.9,55.4,51.05,52.67,48.45,43.9,38.86,40.0,41.0,41.0,37.43,44.68,58.7,66.59,65.21,59.79,57.65,53.96,51.53,43.1,43.1,50.5,55.41,51.05,46.67,43.85,39.56,37.73,34.38,33.8,33.8,31.99,29.94,30.13,30.29,32.15,34.93,39.41,49.73,51.23,50.1,50.0,51.2,38.01,37.82,42.0,58.75,55.32,59.55,46.94,39.94,50.14,50.09,34.0
62.75,58.64,48.59,41.0,40.98,40.19,38.16,41.0,54.99,63.23,65.49,58.76,58.97,54.63,52.19,52.84,51.76,58.52,58.26,63.32,62.58,64.04,62.0,53.35,60.0,62.57,45.18,41.8,40.24,40.34,41.12,41.8,47.05,70.08,78.9,86.03,81.16,80.77,78.9,78.9,77.95,77.97,76.01,83.81,86.91,78.9,55.4,51.05,52.67,48.45,43.9,38.86,40.0,41.0,41.0,37.43,44.68,58.7,66.59,65.21,59.79,57.65,53.96,51.53,43.1,43.1,50.5,55.41,51.05,46.67,43.85,39.56,37.73,34.38,33.8,33.8,31.99,29.94,30.13,30.29,32.15,34.93,39.41,49.73,51.23,50.1,50.0,51.2,38.01,37.82,42.0,58.75,55.32,59.55,46.94,39.94,50.14,50.09,34.0,29.49
58.64,48.59,41.0,40.98,40.19,38.16,41.0,54.99,63.23,65.49,58.76,58.97,54.63,52.19,52.84,51.76,58.52,58.26,63.32,62.58,64.04,62.0,53.35,60.0,62.57,45.18,41.8,40.24,40.34,41.12,41.8,47.05,70.08,78.9,86.03,81.16,80.77,78.9,78.9,77.95,77.97,76.01,83.81,86.91,78.9,55.4,51.05,52.67,48.45,43.9,38.86,40.0,41.0,41.0,37.43,44.68,58.7,66.59,65.21,59.79,57.65,53.96,51.53,43.1,43.1,50.5,55.41,51.05,46.67,43.85,39.56,37.73,34.38,33.8,33.8,31.99,29.94,30.13,30.29,32.15,34.93,39.41,49.73,51.23,50.1,50.0,51.2,38.01,37.82,42.0,58.75,55.32,59.55,46.94,39.94,50.14,50.09,34.0,29.49,28.8
48.59,41.0,40.98,40.19,38.16,41.0,54.99,63.23,65.49,58.76,58.97,54.63,52.19,52.84,51.76,58.52,58.26,63.32,62.58,64.04,62.0,53.35,60.0,62.57,45.18,41.8,40.24,40.34,41.12,41.8,47.05,70.08,78.9,86.03,81.16,80.77,78.9,78.9,77.95,77.97,76.01,83.81,86.91,78.9,55.4,51.05,52.67,48.45,43.9,38.86,40.0,41.0,41.0,37.43,44.68,58.7,66.59,65.21,59.79,57.65,53.96,51.53,43.1,43.1,50.5,55.41,51.05,46.67,43.85,39.56,37.73,34.38,33.8,33.8,31.99,29.94,30.13,30.29,32.15,34.93,39.41,49.73,51.23,50.1,50.0,51.2,38.01,37.82,42.0,58.75,55.32,59.55,46.94,39.94,50.14,50.09,34.0,29.49,28.8,26.7
41.0,40.98,40.19,38.16,41.0,54.99,63.23,65.49,58.76,58.97,54.63,52.19,52.84,51.76,58.52,58.26,63.32,62.58,64.04,62.0,53.35,60.0,62.57,45.18,41.8,40.24,40.34,41.12,41.8,47.05,70.08,78.9,86.03,81.16,80.77,78.9,78.9,77.95,77.97,76.01,83.81,86.91,78.9,55.4,51.05,52.67,48.45,43.9,38.86,40.0,41.0,41.0,37.43,44.68,58.7,66.59,65.21,59.79,57.65,53.96,51.53,43.1,43.1,50.5,55.41,51.05,46.67,43.85,39.56,37.73,34.38,33.8,33.8,31.99,29.94,30.13,30.29,32.15,34.93,39.41,49.73,51.23,50.1,50.0,51.2,38.01,37.82,42.0,58.75,55.32,59.55,46.94,39.94,50.14,50.09,34.0,29.49,28.8,26.7,19.78
40.98,40.19,38.16,41.0,54.99,63.23,65.49,58.76,58.97,54.63,52.19,52.84,51.76,58.52,58.26,63.32,62.58,64.04,62.0,53.35,60.0,62.57,45.18,41.8,40.24,40.34,41.12,41.8,47.05,70.08,78.9,86.03,81.16,80.77,78.9,78.9,77.95,77.97,76.01,83.81,86.91,78.9,55.4,51.05,52.67,48.45,43.9,38.86,40.0,41.0,41.0,37.43,44.68,58.7,66.59,65.21,59.79,57.65,53.96,51.53,43.1,43.1,50.5,55.41,51.05,46.67,43.85,39.56,37.73,34.38,33.8,33.8,31.99,29.94,30.13,30.29,32.15,34.93,39.41,49.73,51.23,50.1,50.0,51.2,38.01,37.82,42.0,58.75,55.32,59.55,46.94,39.94,50.14,50.09,34.0,29.49,28.8,26.7,19.78,16.12
40.19,38.16,41.0,54.99,63.23,65.49,58.76,58.97,54.63,52.19,52.84,51.76,58.52,58.26,63.32,62.58,64.04,62.0,53.35,60.0,62.57,45.18,41.8,40.24,40.34,41.12,41.8,47.05,70.08,78.9,86.03,81.16,80.77,78.9,78.9,77.95,77.97,76.01,83.81,86.91,78.9,55.4,51.05,52.67,48.45,43.9,38.86,40.0,41.0,41.0,37.43,44.68,58.7,66.59,65.21,59.79,57.65,53.96,51.53,43.1,43.1,50.5,55.41,51.05,46.67,43.85,39.56,37.73,34.38,33.8,33.8,31.99,29.94,30.13,30.29,32.15,34.93,39.41,49.73,51.23,50.1,50.0,51.2,38.01,37.82,42.0,58.75,55.32,59.55,46.94,39.94,50.14,50.09,34.0,29.49,28.8,26.7,19.78,16.12,17.1
38.16,41.0,54.99,63.23,65.49,58.76,58.97,54.63,52.19,52.84,51.76,58.52,58.26,63.32,62.58,64.04,62.0,53.35,60.0,62.57,45.18,41.8,40.24,40.34,41.12,41.8,47.05,70.08,78.9,86.03,81.16,80.77,78.9,78.9,77.95,77.97,76.01,83.81,86.91,78.9,55.4,51.05,52.67,48.45,43.9,38.86,40.0,41.0,41.0,37.43,44.68,58.7,66.59,65.21,59.79,57.65,53.96,51.53,43.1,43.1,50.5,55.41,51.05,46.67,43.85,39.56,37.73,34.38,33.8,33.8,31.99,29.94,30.13,30.29,32.15,34.93,39.41,49.73,51.23,50.1,50.0,51.2,38.01,37.82,42.0,58.75,55.32,59.55,46.94,39.94,50.14,50.09,34.0,29.49,28.8,26.7,19.78,16.12,17.1,22.24
41.0,54.99,63.23,65.49,58.76,58.97,54.63,52.19,52.84,51.76,58.52,58.26,63.32,62.58,64.04,62.0,53.35,60.0,62.57,45.18,41.8,40.24,40.34,41.12,41.8,47.05,70.08,78.9,86.03,81.16,80.77,78.9,78.9,77.95,77.97,76.01,83.81,86.91,78.9,55.4,51.05,52.67,48.45,43.9,38.86,40.0,41.0,41.0,37.43,44.68,58.7,66.59,65.21,59.79,57.65,53.96,51.53,43.1,43.1,50.5,55.41,51.05,46.67,43.85,39.56,37.73,34.38,33.8,33.8,31.99,29.94,30.13,30.29,32.15,34.93,39.41,49.73,51.23,50.1,50.0,51.2,38.01,37.82,42.0,58.75,55.32,59.55,46.94,39.94,50.14,50.09,34.0,29.49,28.8,26.7,19.78,16.12,17.1,22.24,20.83
54.99,63.23,65.49,58.76,58.97,54.63,52.19,52.84,51.76,58.52,58.26,63.32,62.58,64.04,62.0,53.35,60.0,62.57,45.18,41.8,40.24,40.34,41.12,41.8,47.05,70.08,78.9,86.03,81.16,80.77,78.9,78.9,77.95,77.97,76.01,83.81,86.91,78.9,55.4,51.05,52.67,48.45,43.9,38.86,40.0,41.0,41.0,37.43,44.68,58.7,66.59,65.21,59.79,57.65,53.96,51.53,43.1,43.1,50.5,55.41,51.05,46.67,43.85,39.56,37.73,34.38,33.8,33.8,31.99,29.94,30.13,30.29,32.15,34.93,39.41,49.73,51.23,50.1,50.0,51.2,38.01,37.82,42.0,58.75,55.32,59.55,46.94,39.94,50.14,50.09,34.0,29.49,28.8,26.7,19.78,16.12,17.1,22.24,20.83,35.04
63.23,65.49,58.76,58.97,54.63,52.19,52.84,51.76,58.52,58.26,63.32,62.58,64.04,62.0,53.35,60.0,62.57,45.18,41.8,40.24,40.34,41.12,41.8,47.05,70.08,78.9,86.03,81.16,80.77,78.9,78.9,77.95,77.97,76.01,83.81,86.91,78.9,55.4,51.05,52.67,48.45,43.9,38.86,40.0,41.0,41.0,37.43,44.68,58.7,66.59,65.21,59.79,57.65,53.96,51.53,43.1,43.1,50.5,55.41,51.05,46.67,43.85,39.56,37.73,34.38,33.8,33.8,31.99,29.94,30.13,30.29,32.15,34.93,39.41,49.73,51.23,50.1,50.0,51.2,38.01,37.82,42.0,58.75,55.32,59.55,46.94,39.94,50.14,50.09,34.0,29.49,28.8,26.7,19.78,16.12,17.1,22.24,20.83,35.04,39.94
65.49,58.76,58.97,54.63,52.19,52.84,51.76,58.52,58.26,63.32,62.58,64.04,62.0,53.35,60.0,62.57,45.18,41.8,40.24,40.34,41.12,41.8,47.05,70.08,78.9,86.03,81.16,80.77,78.9,78.9,77.95,77.97,76.01,83.81,86.91,78.9,55.4,51.05,52.67,48.45,43.9,38.86,40.0,41.0,41.0,37.43,44.68,58.7,66.59,65.21,59.79,57.65,53.96,51.53,43.1,43.1,50.5,55.41,51.05,46.67,43.85,39.56,37.73,34.38,33.8,33.8,31.99,29.94,30.13,30.29,32.15,34.93,39.41,49.73,51.23,50.1,50.0,51.2,38.01,37.82,42.0,58.75,55.32,59.55,46.94,39.94,50.14,50.09,34.0,29.49,28.8,26.7,19.78,16.12,17.1,22.24,20.83,35.04,39.94,42.39
58.76,58.97,54.63,52.19,52.84,51.76,58.52,58.26,63.32,62.58,64.04,62.0,53.35,60.0,62.57,45.18,41.8,40.24,40.34,41.12,41.8,47.05,70.08,78.9,86.03,81.16,80.77,78.9,78.9,77.95,77.97,76.01,83.81,86.91,78.9,55.4,51.05,52.67,48.45,43.9,38.86,40.0,41.0,41.0,37.43,44.68,58.7,66.59,65.21,59.79,57.65,53.96,51.53,43.1,43.1,50.5,55.41,51.05,46.67,43.85,39.56,37.73,34.38,33.8,33.8,31.99,29.94,30.13,30.29,32.15,34.93,39.41,49.73,51.23,50.1,50.0,51.2,38.01,37.82,42.0,58.75,55.32,59.55,46.94,39.94,50.14,50.09,34.0,29.49,28.8,26.7,19.78,16.12,17.1,22.24,20.83,35.04,39.94,42.39,44.74
58.97,54.63,52.19,52.84,51.76,58.52,58.26,63.32,62.58,64.04,62.0,53.35,60.0,62.57,45.18,41.8,40.24,40.34,41.12,41.8,47.05,70.08,78.9,86.03,81.16,80.77,78.9,78.9,77.95,77.97,76.01,83.81,86.91,78.9,55.4,51.05,52.67,48.45,43.9,38.86,40.0,41.0,41.0,37.43,44.68,58.7,66.59,65.21,59.79,57.65,53.96,51.53,43.1,43.1,50.5,55.41,51.05,46.67,43.85,39.56,37.73,34.38,33.8,33.8,31.99,29.94,30.13,30.29,32.15,34.93,39.41,49.73,51.23,50.1,50.0,51.2,38.01,37.82,42.0,58.75,55.32,59.55,46.94,39.94,50.14,50.09,34.0,29.49,28.8,26.7,19.78,16.12,17.1,22.24,20.83,35.04,39.94,42.39,44.74,38.65
54.63,52.19,52.84,51.76,58.52,58.26,63.32,62.58,64.04,62.0,53.35,60.0,62.57,45.18,41.8,40.24,40.34,41.12,41.8,47.05,70.08,78.9,86.03,81.16,80.77,78.9,78.9,77.95,77.97,76.01,83.81,86.91,78.9,55.4,51.05,52.67,48.45,43.9,38.86,40.0,41.0,41.0,37.43,44.68,58.7,66.59,65.21,59.79,57.65,53.96,51.53,43.1,43.1,50.5,55.41,51.05,46.67,43.85,39.56,37.73,34.38,33.8,33.8,31.99,29.94,30.13,30.29,32.15,34.93,39.41,49.73,51.23,50.1,50.0,51.2,38.01,37.82,42.0,58.75,55.32,59.55,46.94,39.94,50.14,50.09,34.0,29.49,28.8,26.7,19.78,16.12,17.1,22.24,20.83,35.04,39.94,42.39,44.74,38.65,28.54
52.19,52.84,51.76,58.52,58.26,63.32,62.58,64.04,62.0,53.35,60.0,62.57,45.18,41.8,40.24,40.34,41.12,41.8,47.05,70.08,78.9,86.03,81.16,80.77,78.9,78.9,77.95,77.97,76.01,83.81,86.91,78.9,55.4,51.05,52.67,48.45,43.9,38.86,40.0,41.0,41.0,37.43,44.68,58.7,66.59,65.21,59.79,57.65,53.96,51.53,43.1,43.1,50.5,55.41,51.05,46.67,43.85,39.56,37.73,34.38,33.8,33.8,31.99,29.94,30.13,30.29,32.15,34.93,39.41,49.73,51.23,50.1,50.0,51.2,38.01,37.82,42.0,58.75,55.32,59.55,46.94,39.94,50.14,50.09,34.0,29.49,28.8,26.7,19.78,16.12,17.1,22.24,20.83,35.04,39.94,42.39,44.74,38.65,28.54,24.12
52.84,51.76,58.52,58.26,63.32,62.58,64.04,62.0,53.35,60.0,62.57,45.18,41.8,40.24,40.34,41.12,41.8,47.05,70.08,78.9,86.03,81.16,80.77,78.9,78.9,77.95,77.97,76.01,83.81,86.91,78.9,55.4,51.05,52.67,48.45,43.9,38.86,40.0,41.0,41.0,37.43,44.68,58.7,66.59,65.21,59.79,57.65,53.96,51.53,43.1,43.1,50.5,55.41,51.05,46.67,43.85,39.56,37.73,34.38,33.8,33.8,31.99,29.94,30.13,30.29,32.15,34.93,39.41,49.73,51.23,50.1,50.0,51.2,38.01,37.82,42.0,58.75,55.32,59.55,46.94,39.94,50.14,50.09,34.0,29.49,28.8,26.7,19.78,16.12,17.1,22.24,20.83,35.04,39.94,42.39,44.74,38.65,28.54,24.12,26.09
51.76,58.52,58.26,63.32,62.58,64.04,62.0,53.35,60.0,62.57,45.18,41.8,40.24,40.34,41.12,41.8,47.05,70.08,78.9,86.03,81.16,80.77,78.9,78.9,77.95,77.97,76.01,83.81,86.91,78.9,55.4,51.05,52.67,48.45,43.9,38.86,40.0,41.0,41.0,37.43,44.68,58.7,66.59,65.21,59.79,57.65,53.96,51.53,43.1,43.1,50.5,55.41,51.05,46.67,43.85,39.56,37.73,34.38,33.8,33.8,31.99,29.94,30.13,30.29,32.15,34.93,39.41,49.73,51.23,50.1,50.0,51.2,38.01,37.82,42.0,58.75,55.32,59.55,46.94,39.94,50.14,50.09,34.0,29.49,28.8,26.7,19.78,16.12,17.1,22.24,20.83,35.04,39.94,42.39,44.74,38.65,28.54,24.12,26.09,44.75
58.52,58.26,63.32,62.58,64.04,62.0,53.35,60.0,62.57,45.18,41.8,40.24,40.34,41.12,41.8,47.05,70.08,78.9,86.03,81.16,80.77,78.9,78.9,77.95,77.97,76.01,83.81,86.91,78.9,55.4,51.05,52.67,48.45,43.9,38.86,40.0,41.0,41.0,37.43,44.68,58.7,66.59,65.21,59.79,57.65,53.96,51.53,43.1,43.1,50.5,55.41,51.05,46.67,43.85,39.56,37.73,34.38,33.8,33.8,31.99,29.94,30.13,30.29,32.15,34.93,39.41,49.73,51.23,50.1,50.0,51.2,38.01,37.82,42.0,58.75,55.32,59.55,46.94,39.94,50.14,50.09,34.0,29.49,28.8,26.7,19.78,16.12,17.1,22.24,20.83,35.04,39.94,42.39,44.74,38.65,28.54,24.12,26.09,44.75,44.99
58.26,63.32,62.58,64.04,62.0,53.35,60.0,62.57,45.18,41.8,40.24,40.34,41.12,41.8,47.05,70.08,78.9,86.03,81.16,80.77,78.9,78.9,77.95,77.97,76.01,83.81,86.91,78.9,55.4,51.05,52.67,48.45,43.9,38.86,40.0,41.0,41.0,37.43,44.68,58.7,66.59,65.21,59.79,57.65,53.96,51.53,43.1,43.1,50.5,55.41,51.05,46.67,43.85,39.56,37.73,34.38,33.8,33.8,31.99,29.94,30.13,30.29,32.15,34.93,39.41,49.73,51.23,50.1,50.0,51.2,38.01,37.82,42.0,58.75,55.32,59.55,46.94,39.94,50.14,50.09,34.0,29.49,28.8,26.7,19.78,16.12,17.1,22.24,20.83,35.04,39.94,42.39,44.74,38.65,28.54,24.12,26.09,44.75,44.99,42.0
63.32,62.58,64.04,62.0,53.35,60.0,62.57,45.18,41.8,40.24,40.34,41.12,41.8,47.05,70.08,78.9,86.03,81.16,80.77,78.9,78.9,77.95,77.97,76.01,83.81,86.91,78.9,55.4,51.05,52.67,48.45,43.9,38.86,40.0,41.0,41.0,37.43,44.68,58.7,66.59,65.21,59.79,57.65,53.96,51.53,43.1,43.1,50.5,55.41,51.05,46.67,43.85,39.56,37.73,34.38,33.8,33.8,31.99,29.94,30.13,30.29,32.15,34.93,39.41,49.73,51.23,50.1,50.0,51.2,38.01,37.82,42.0,58.75,55.32,59.55,46.94,39.94,50.14,50.09,34.0,29.49,28.8,26.7,19.78,16.12,17.1,22.24,20.83,35.04,39.94,42.39,44.74,38.65,28.54,24.12,26.09,44.75,44.99,42.0,38.0
62.58,64.04,62.0,53.35,60.0,62.57,45.18,41.8,40.24,40.34,41.12,41.8,47.05,70.08,78.9,86.03,81.16,80.77,78.9,78.9,77.95,77.97,76.01,83.81,86.91,78.9,55.4,51.05,52.67,48.45,43.9,38.86,40.0,41.0,41.0,37.43,44.68,58.7,66.59,65.21,59.79,57.65,53.96,51.53,43.1,43.1,50.5,55.41,51.05,46.67,43.85,39.56,37.73,34.38,33.8,33.8,31.99,29.94,30.13,30.29,32.15,34.93,39.41,49.73,51.23,50.1,50.0,51.2,38.01,37.82,42.0,58.75,55.32,59.55,46.94,39.94,50.14,50.09,34.0,29.49,28.8,26.7,19.78,16.12,17.1,22.24,20.83,35.04,39.94,42.39,44.74,38.65,28.54,24.12,26.09,44.75,44.99,42.0,38.0,34.39
64.04,62.0,53.35,60.0,62.57,45.18,41.8,40.24,40.34,41.12,41.8,47.05,70.08,78.9,86.03,81.16,80.77,78.9,78.9,77.95,77.97,76.01,83.81,86.91,78.9,55.4,51.05,52.67,48.45,43.9,38.86,40.0,41.0,41.0,37.43,44.68,58.7,66.59,65.21,59.79,57.65,53.96,51.53,43.1,43.1,50.5,55.41,51.05,46.67,43.85,39.56,37.73,34.38,33.8,33.8,31.99,29.94,30.13,30.29,32.15,34.93,39.41,49.73,51.23,50.1,50.0,51.2,38.01,37.82,42.0,58.75,55.32,59.55,46.94,39.94,50.14,50.09,34.0,29.49,28.8,26.7,19.78,16.12,17.1,22.24,20.83,35.04,39.94,42.39,44.74,38.65,28.54,24.12,26.09,44.75,44.99,42.0,38.0,34.39,35.0
62.0,53.35,60.0,62.57,45.18,41.8,40.24,40.34,41.12,41.8,47.05,70.08,78.9,86.03,81.16,80.77,78.9,78.9,77.95,77.97,76.01,83.81,86.91,78.9,55.4,51.05,52.67,48.45,43.9,38.86,40.0,41.0,41.0,37.43,44.68,58.7,66.59,65.21,59.79,57.65,53.96,51.53,43.1,43.1,50.5,55.41,51.05,46.67,43.85,39.56,37.73,34.38,33.8,33.8,31.99,29.94,30.13,30.29,32.15,34.93,39.41,49.73,51.23,50.1,50.0,51.2,38.01,37.82,42.0,58.75,55.32,59.55,46.94,39.94,50.14,50.09,34.0,29.49,28.8,26.7,19.78,16.12,17.1,22.24,20.83,35.04,39.94,42.39,44.74,38.65,28.54,24.12,26.09,44.75,44.99,42.0,38.0,34.39,35.0,32.7
53.35,60.0,62.57,45.18,41.8,40.24,40.34,41.12,41.8,47.05,70.08,78.9,86.03,81.16,80.77,78.9,78.9,77.95,77.97,76.01,83.81,86.91,78.9,55.4,51.05,52.67,48.45,43.9,38.86,40.0,41.0,41.0,37.43,44.68,58.7,66.59,65.21,59.79,57.65,53.96,51.53,43.1,43.1,50.5,55.41,51.05,46.67,43.85,39.56,37.73,34.38,33.8,33.8,31.99,29.94,30.13,30.29,32.15,34.93,39.41,49.73,51.23,50.1,50.0,51.2,38.01,37.82,42.0,58.75,55.32,59.55,46.94,39.94,50.14,50.09,34.0,29.49,28.8,26.7,19.78,16.12,17.1,22.24,20.83,35.04,39.94,42.39,44.74,38.65,28.54,24.12,26.09,44.75,44.99,42.0,38.0,34.39,35.0,32.7,29.55
60.0,62.57,45.18,41.8,40.24,40.34,41.12,41.8,47.05,70.08,78.9,86.03,81.16,80.77,78.9,78.9,77.95,77.97,76.01,83.81,86.91,78.9,55.4,51.05,52.67,48.45,43.9,38.86,40.0,41.0,41.0,37.43,44.68,58.7,66.59,65.21,59.79,57.65,53.96,51.53,43.1,43.1,50.5,55.41,51.05,46.67,43.85,39.56,37.73,34.38,33.8,33.8,31.99,29.94,30.13,30.29,32.15,34.93,39.41,49.73,51.23,50.1,50.0,51.2,38.01,37.82,42.0,58.75,55.32,59.55,46.94,39.94,50.14,50.09,34.0,29.49,28.8,26.7,19.78,16.12,17.1,22.24,20.83,35.04,39.94,42.39,44.74,38.65,28.54,24.12,26.09,44.75,44.99,42.0,38.0,34.39,35.0,32.7,29.55,25.7
62.57,45.18,41.8,40.24,40.34,41.12,41.8,47.05,70.08,78.9,86.03,81.16,80.77,78.9,78.9,77.95,77.97,76.01,83.81,86.91,78.9,55.4,51.05,52.67,48.45,43.9,38.86,40.0,41.0,41.0,37.43,44.68,58.7,66.59,65.21,59.79,57.65,53.96,51.53,43.1,43.1,50.5,55.41,51.05,46.67,43.85,39.56,37.73,34.38,33.8,33.8,31.99,29.94,30.13,30.29,32.15,34.93,39.41,49.73,51.23,50.1,50.0,51.2,38.01,37.82,42.0,58.75,55.32,59.55,46.94,39.94,50.14,50.09,34.0,29.49,28.8,26.7,19.78,16.12,17.1,22.24,20.83,35.04,39.94,42.39,44.74,38.65,28.54,24.12,26.09,44.75,44.99,42.0,38.0,34.39,35.0,32.7,29.55,25.7,26.31
45.18,41.8,40.24,40.34,41.12,41.8,47.05,70.08,78.9,86.03,81.16,80.77,78.9,78.9,77.95,77.97,76.01,83.81,86.91,78.9,55.4,51.05,52.67,48.45,43.9,38.86,40.0,41.0,41.0,37.43,44.68,58.7,66.59,65.21,59.79,57.65,53.96,51.53,43.1,43.1,50.5,55.41,51.05,46.67,43.85,39.56,37.73,34.38,33.8,33.8,31.99,29.94,30.13,30.29,32.15,34.93,39.41,49.73,51.23,50.1,50.0,51.2,38.01,37.82,42.0,58.75,55.32,59.55,46.94,39.94,50.14,50.09,34.0,29.49,28.8,26.7,19.78,16.12,17.1,22.24,20.83,35.04,39.94,42.39,44.74,38.65,28.54,24.12,26.09,44.75,44.99,42.0,38.0,34.39,35.0,32.7,29.55,25.7,26.31,21.97
41.8,40.24,40.34,41.12,41.8,47.05,70.08,78.9,86.03,81.16,80.77,78.9,78.9,77.95,77.97,76.01,83.81,86.91,78.9,55.4,51.05,52.67,48.45,43.9,38.86,40.0,41.0,41.0,37.43,44.68,58.7,66.59,65.21,59.79,57.65,53.96,51.53,43.1,43.1,50.5,55.41,51.05,46.67,43.85,39.56,37.73,34.38,33.8,33.8,31.99,29.94,30.13,30.29,32.15,34.93,39.41,49.73,51.23,50.1,50.0,51.2,38.01,37.82,42.0,58.75,55.32,59.55,46.94,39.94,50.14,50.09,34.0,29.49,28.8,26.7,19.78,16.12,17.1,22.24,20.83,35.04,39.94,42.39,44.74,38.65,28.54,24.12,26.09,44.75,44.99,42.0,38.0,34.39,35.0,32.7,29.55,25.7,26.31,21.97,15.35
40.24,40.34,41.12,41.8,47.05,70.08,78.9,86.03,81.16,80.77,78.9,78.9,77.95,77.97,76.01,83.81,86.91,78.9,55.4,51.05,52.67,48.45,43.9,38.86,40.0,41.0,41.0,37.43,44.68,58.7,66.59,65.21,59.79,57.65,53.96,51.53,43.1,43.1,50.5,55.41,51.05,46.67,43.85,39.56,37.73,34.38,33.8,33.8,31.99,29.94,30.13,30.29,32.15,34.93,39.41,49.73,51.23,50.1,50.0,51.2,38.01,37.82,42.0,58.75,55.32,59.55,46.94,39.94,50.14,50.09,34.0,29.49,28.8,26.7,19.78,16.12,17.1,22.24,20.83,35.04,39.94,42.39,44.74,38.65,28.54,24.12,26.09,44.75,44.99,42.0,38.0,34.39,35.0,32.7,29.55,25.7,26.31,21.97,15.35,22.66
40.34,41.12,41.8,47.05,70.08,78.9,86.03,81.16,80.77,78.9,78.9,77.95,77.97,76.01,83.81,86.91,78.9,55.4,51.05,52.67,48.45,43.9,38.86,40.0,41.0,41.0,37.43,44.68,58.7,66.59,65.21,59.79,57.65,53.96,51.53,43.1,43.1,50.5,55.41,51.05,46.67,43.85,39.56,37.73,34.38,33.8,33.8,31.99,29.94,30.13,30.29,32.15,34.93,39.41,49.73,51.23,50.1,50.0,51.2,38.01,37.82,42.0,58.75,55.32,59.55,46.94,39.94,50.14,50.09,34.0,29.49,28.8,26.7,19.78,16.12,17.1,22.24,20.83,35.04,39.94,42.39,44.74,38.65,28.54,24.12,26.09,44.75,44.99,42.0,38.0,34.39,35.0,32.7,29.55,25.7,26.31,21.97,15.35,22.66,25.54
41.12,41.8,47.05,70.08,78.9,86.03,81.16,80.77,78.9,78.9,77.95,77.97,76.01,83.81,86.91,78.9,55.4,51.05,52.67,48.45,43.9,38.86,40.0,41.0,41.0,37.43,44.68,58.7,66.59,65.21,59.79,57.65,53.96,51.53,43.1,43.1,50.5,55.41,51.05,46.67,43.85,39.56,37.73,34.38,33.8,33.8,31.99,29.94,30.13,30.29,32.15,34.93,39.41,49.73,51.23,50.1,50.0,51.2,38.01,37.82,42.0,58.75,55.32,59.55,46.94,39.94,50.14,50.09,34.0,29.49,28.8,26.7,19.78,16.12,17.1,22.24,20.83,35.04,39.94,42.39,44.74,38.65,28.54,24.12,26.09,44.75,44.99,42.0,38.0,34.39,35.0,32.7,29.55,25.7,26.31,21.97,15.35,22.66,25.54,30.44
41.8,47.05,70.08,78.9,86.03,81.16,80.77,78.9,78.9,77.95,77.97,76.01,83.81,86.91,78.9,55.4,51.05,52.67,48.45,43.9,38.86,40.0,41.0,41.0,37.43,44.68,58.7,66.59,65.21,59.79,57.65,53.96,51.53,43.1,43.1,50.5,55.41,51.05,46.67,43.85,39.56,37.73,34.38,33.8,33.8,31.99,29.94,30.13,30.29,32.15,34.93,39.41,49.73,51.23,50.1,50.0,51.2,38.01,37.82,42.0,58.75,55.32,59.55,46.94,39.94,50.14,50.09,34.0,29.49,28.8,26.7,19.78,16.12,17.1,22.24,20.83,35.04,39.94,42.39,44.74,38.65,28.54,24.12,26.09,44.75,44.99,42.0,38.0,34.39,35.0,32.7,29.55,25.7,26.31,21.97,15.35,22.66,25.54,30.44,45.71
47.05,70.08,78.9,86.03,81.16,80.77,78.9,78.9,77.95,77.97,76.01,83.81,86.91,78.9,55.4,51.05,52.67,48.45,43.9,38.86,40.0,41.0,41.0,37.43,44.68,58.7,66.59,65.21,59.79,57.65,53.96,51.53,43.1,43.1,50.5,55.41,51.05,46.67,43.85,39.56,37.73,34.38,33.8,33.8,31.99,29.94,30.13,30.29,32.15,34.93,39.41,49.73,51.23,50.1,50.0,51.2,38.01,37.82,42.0,58.75,55.32,59.55,46.94,39.94,50.14,50.09,34.0,29.49,28.8,26.7,19.78,16.12,17.1,22.24,20.83,35.04,39.94,42.39,44.74,38.65,28.54,24.12,26.09,44.75,44.99,42.0,38.0,34.39,35.0,32.7,29.55,25.7,26.31,21.97,15.35,22.66,25.54,30.44,45.71,46.12
70.08,78.9,86.03,81.16,80.77,78.9,78.9,77.95,77.97,76.01,83.81,86.91,78.9,55.4,51.05,52.67,48.45,43.9,38.86,40.0,41.0,41.0,37.43,44.68,58.7,66.59,65.21,59.79,57.65,53.96,51.53,43.1,43.1,50.5,55.41,51.05,46.67,43.85,39.56,37.73,34.38,33.8,33.8,31.99,29.94,30.13,30.29,32.15,34.93,39.41,49.73,51.23,50.1,50.0,51.2,38.01,37.82,42.0,58.75,55.32,59.55,46.94,39.94,50.14,50.09,34.0,29.49,28.8,26.7,19.78,16.12,17.1,22.24,20.83,35.04,39.94,42.39,44.74,38.65,28.54,24.12,26.09,44.75,44.99,42.0,38.0,34.39,35.0,32.7,29.55,25.7,26.31,21.97,15.35,22.66,25.54,30.44,45.71,46.12,47.92
78.9,86.03,81.16,80.77,78.9,78.9,77.95,77.97,76.01,83.81,86.91,78.9,55.4,51.05,52.67,48.45,43.9,38.86,40.0,41.0,41.0,37.43,44.68,58.7,66.59,65.21,59.79,57.65,53.96,51.53,43.1,43.1,50.5,55.41,51.05,46.67,43.85,39.56,37.73,34.38,33.8,33.8,31.99,29.94,30.13,30.29,32.15,34.93,39.41,49.73,51.23,50.1,50.0,51.2,38.01,37.82,42.0,58.75,55.32,59.55,46.94,39.94,50.14,50.09,34.0,29.49,28.8,26.7,19.78,16.12,17.1,22.24,20.83,35.04,39.94,42.39,44.74,38.65,28.54,24.12,26.09,44.75,44.99,42.0,38.0,34.39,35.0,32.7,29.55,25.7,26.31,21.97,15.35,22.66,25.54,30.44,45.71,46.12,47.92,48.17
86.03,81.16,80.77,78.9,78.9,77.95,77.97,76.01,83.81,86.91,78.9,55.4,51.05,52.67,48.45,43.9,38.86,40.0,41.0,41.0,37.43,44.68,58.7,66.59,65.21,59.79,57.65,53.96,51.53,43.1,43.1,50.5,55.41,51.05,46.67,43.85,39.56,37.73,34.38,33.8,33.8,31.99,29.94,30.13,30.29,32.15,34.93,39.41,49.73,51.23,50.1,50.0,51.2,38.01,37.82,42.0,58.75,55.32,59.55,46.94,39.94,50.14,50.09,34.0,29.49,28.8,26.7,19.78,16.12,17.1,22.24,20.83,35.04,39.94,42.39,44.74,38.65,28.54,24.12,26.09,44.75,44.99,42.0,38.0,34.39,35.0,32.7,29.55,25.7,26.31,21.97,15.35,22.66,25.54,30.44,45.71,46.12,47.92,48.17,45.73
81.16,80.77,78.9,78.9,77.95,77.97,76.01,83.81,86.91,78.9,55.4,51.05,52.67,48.45,43.9,38.86,40.0,41.0,41.0,37.43,44.68,58.7,66.59,65.21,59.79,57.65,53.96,51.53,43.1,43.1,50.5,55.41,51.05,46.67,43.85,39.56,37.73,34.38,33.8,33.8,31.99,29.94,30.13,30.29,32.15,34.93,39.41,49.73,51.23,50.1,50.0,51.2,38.01,37.82,42.0,58.75,55.32,59.55,46.94,39.94,50.14,50.09,34.0,29.49,28.8,26.7,19.78,16.12,17.1,22.24,20.83,35.04,39.94,42.39,44.74,38.65,28.54,24.12,26.09,44.75,44.99,42.0,38.0,34.39,35.0,32.7,29.55,25.7,26.31,21.97,15.35,22.66,25.54,30.44,45.71,46.12,47.92,48.17,45.73,35.99
80.77,78.9,78.9,77.95,77.97,76.01,83.81,86.91,78.9,55.4,51.05,52.67,48.45,43.9,38.86,40.0,41.0,41.0,37.43,44.68,58.7,66.59,65.21,59.79,57.65,53.96,51.53,43.1,43.1,50.5,55.41,51.05,46.67,43.85,39.56,37.73,34.38,33.8,33.8,31.99,29.94,30.13,30.29,32.15,34.93,39.41,49.73,51.23,50.1,50.0,51.2,38.01,37.82,42.0,58.75,55.32,59.55,46.94,39.94,50.14,50.09,34.0,29.49,28.8,26.7,19.78,16.12,17.1,22.24,20.83,35.04,39.94,42.39,44.74,38.65,28.54,24.12,26.09,44.75,44.99,42.0,38.0,34.39,35.0,32.7,29.55,25.7,26.31,21.97,15.35,22.66,25.54,30.44,45.71,46.12,47.92,48.17,45.73,35.99,34.94
78.9,78.9,77.95,77.97,76.01,83.81,86.91,78.9,55.4,51.05,52.67,48.45,43.9,38.86,40.0,41.0,41.0,37.43,44.68,58.7,66.59,65.21,59.79,57.65,53.96,51.53,43.1,43.1,50.5,55.41,51.05,46.67,43.85,39.56,37.73,34.38,33.8,33.8,31.99,29.94,30.13,30.29,32.15,34.93,39.41,49.73,51.23,50.1,50.0,51.2,38.01,37.82,42.0,58.75,55.32,59.55,46.94,39.94,50.14,50.09,34.0,29.49,28.8,26.7,19.78,16.12,17.1,22.24,20.83,35.04,39.94,42.39,44.74,38.65,28.54,24.12,26.09,44.75,44.99,42.0,38.0,34.39,35.0,32.7,29.55,25.7,26.31,21.97,15.35,22.66,25.54,30.44,45.71,46.12,47.92,48.17,45.73,35.99,34.94,47.33
78.9,77.95,77.97,76.01,83.81,86.91,78.9,55.4,51.05,52.67,48.45,43.9,38.86,40.0,41.0,41.0,37.43,44.68,58.7,66.59,65.21,59.79,57.65,53.96,51.53,43.1,43.1,50.5,55.41,51.05,46.67,43.85,39.56,37.73,34.38,33.8,33.8,31.99,29.94,30.13,30.29,32.15,34.93,39.41,49.73,51.23,50.1,50.0,51.2,38.01,37.82,42.0,58.75,55.32,59.55,46.94,39.94,50.14,50.09,34.0,29.49,28.8,26.7,19.78,16.12,17.1,22.24,20.83,35.04,39.94,42.39,44.74,38.65,28.54,24.12,26.09,44.75,44.99,42.0,38.0,34.39,35.0,32.7,29.55,25.7,26.31,21.97,15.35,22.66,25.54,30.44,45.71,46.12,47.92,48.17,45.73,35.99,34.94,47.33,49.37
77.95,77.97,76.01,83.81,86.91,78.9,55.4,51.05,52.67,48.45,43.9,38.86,40.0,41.0,41.0,37.43,44.68,58.7,66.59,65.21,59.79,57.65,53.96,51.53,43.1,43.1,50.5,55.41,51.05,46.67,43.85,39.56,37.73,34.38,33.8,33.8,31.99,29.94,30.13,30.29,32.15,34.93,39.41,49.73,51.23,50.1,50.0,51.2,38.01,37.82,42.0,58.75,55.32,59.55,46.94,39.94,50.14,50.09,34.0,29.49,28.8,26.7,19.78,16.12,17.1,22.24,20.83,35.04,39.94,42.39,44.74,38.65,28.54,24.12,26.09,44.75,44.99,42.0,38.0,34.39,35.0,32.7,29.55,25.7,26.31,21.97,15.35,22.66,25.54,30.44,45.71,46.12,47.92,48.17,45.73,35.99,34.94,47.33,49.37,56.12
77.97,76.01,83.81,86.91,78.9,55.4,51.05,52.67,48.45,43.9,38.86,40.0,41.0,41.0,37.43,44.68,58.7,66.59,65.21,59.79,57.65,53.96,51.53,43.1,43.1,50.5,55.41,51.05,46.67,43.85,39.56,37.73,34.38,33.8,33.8,31.99,29.94,30.13,30.29,32.15,34.93,39.41,49.73,51.23,50.1,50.0,51.2,38.01,37.82,42.0,58.75,55.32,59.55,46.94,39.94,50.14,50.09,34.0,29.49,28.8,26.7,19.78,16.12,17.1,22.24,20.83,35.04,39.94,42.39,44.74,38.65,28.54,24.12,26.09,44.75,44.99,42.0,38.0,34.39,35.0,32.7,29.55,25.7,26.31,21.97,15.35,22.66,25.54,30.44,45.71,46.12,47.92,48.17,45.73,35.99,34.94,47.33,49.37,56.12,56.19
76.01,83.81,86.91,78.9,55.4,51.05,52.67,48.45,43.9,38.86,40.0,41.0,41.0,37.43,44.68,58.7,66.59,65.21,59.79,57.65,53.96,51.53,43.1,43.1,50.5,55.41,51.05,46.67,43.85,39.56,37.73,34.38,33.8,33.8,31.99,29.94,30.13,30.29,32.15,34.93,39.41,49.73,51.23,50.1,50.0,51.2,38.01,37.82,42.0,58.75,55.32,59.55,46.94,39.94,50.14,50.09,34.0,29.49,28.8,26.7,19.78,16.12,17.1,22.24,20.83,35.04,39.94,42.39,44.74,38.65,28.54,24.12,26.09,44.75,44.99,42.0,38.0,34.39,35.0,32.7,29.55,25.7,26.31,21.97,15.35,22.66,25.54,30.44,45.71,46.12,47.92,48.17,45.73,35.99,34.94,47.33,49.37,56.12,56.19,50.03
83.81,86.91,78.9,55.4,51.05,52.67,48.45,43.9,38.86,40.0,41.0,41.0,37.43,44.68,58.7,66.59,65.21,59.79,57.65,53.96,51.53,43.1,43.1,50.5,55.41,51.05,46.67,43.85,39.56,37.73,34.38,33.8,33.8,31.99,29.94,30.13,30.29,32.15,34.93,39.41,49.73,51.23,50.1,50.0,51.2,38.01,37.82,42.0,58.75,55.32,59.55,46.94,39.94,50.14,50.09,34.0,29.49,28.8,26.7,19.78,16.12,17.1,22.24,20.83,35.04,39.94,42.39,44.74,38.65,28.54,24.12,26.09,44.75,44.99,42.0,38.0,34.39,35.0,32.7,29.55,25.7,26.31,21.97,15.35,22.66,25.54,30.44,45.71,46.12,47.92,48.17,45.73,35.99,34.94,47.33,49.37,56.12,56.19,50.03,44.72
86.91,78.9,55.4,51.05,52.67,48.45,43.9,38.86,40.0,41.0,41.0,37.43,44.68,58.7,66.59,65.21,59.79,57.65,53.96,51.53,43.1,43.1,50.5,55.41,51.05,46.67,43.85,39.56,37.73,34.38,33.8,33.8,31.99,29.94,30.13,30.29,32.15,34.93,39.41,49.73,51.23,50.1,50.0,51.2,38.01,37.82,42.0,58.75,55.32,59.55,46.94,39.94,50.14,50.09,34.0,29.49,28.8,26.7,19.78,16.12,17.1,22.24,20.83,35.04,39.94,42.39,44.74,38.65,28.54,24.12,26.09,44.75,44.99,42.0,38.0,34.39,35.0,32.7,29.55,25.7,26.31,21.97,15.35,22.66,25.54,30.44,45.71,46.12,47.92,48.17,45.73,35.99,34.94,47.33,49.37,56.12,56.19,50.03,44.72,37.99
78.9,55.4,51.05,52.67,48.45,43.9,38.86,40.0,41.0,41.0,37.43,44.68,58.7,66.59,65.21,59.79,57.65,53.96,51.53,43.1,43.1,50.5,55.41,51.05,46.67,43.85,39.56,37.73,34.38,33.8,33.8,31.99,29.94,30.13,30.29,32.15,34.93,39.41,49.73,51.23,50.1,50.0,51.2,38.01,37.82,42.0,58.75,55.32,59.55,46.94,39.94,50.14,50.09,34.0,29.49,28.8,26.7,19.78,16.12,17.1,22.24,20.83,35.04,39.94,42.39,44.74,38.65,28.54,24.12,26.09,44.75,44.99,42.0,38.0,34.39,35.0,32.7,29.55,25.7,26.31,21.97,15.35,22.66,25.54,30.44,45.71,46.12,47.92,48.17,45.73,35.99,34.94,47.33,49.37,56.12,56.19,50.03,44.72,37.99,40.0
55.4,51.05,52.67,48.45,43.9,38.86,40.0,41.0,41.0,37.43,44.68,58.7,66.59,65.21,59.79,57.65,53.96,51.53,43.1,43.1,50.5,55.41,51.05,46.67,43.85,39.56,37.73,34.38,33.8,33.8,31.99,29.94,30.13,30.29,32.15,34.93,39.41,49.73,51.23,50.1,50.0,51.2,38.01,37.82,42.0,58.75,55.32,59.55,46.94,39.94,50.14,50.09,34.0,29.49,28.8,26.7,19.78,16.12,17.1,22.24,20.83,35.04,39.94,42.39,44.74,38.65,28.54,24.12,26.09,44.75,44.99,42.0,38.0,34.39,35.0,32.7,29.55,25.7,26.31,21.97,15.35,22.66,25.54,30.44,45.71,46.12,47.92,48.17,45.73,35.99,34.94,47.33,49.37,56.12,56.19,50.03,44.72,37.99,40.0,50.71
51.05,52.67,48.45,43.9,38.86,40.0,41.0,41.0,37.43,44.68,58.7,66.59,65.21,59.79,57.65,53.96,51.53,43.1,43.1,50.5,55.41,51.05,46.67,43.85,39.56,37.73,34.38,33.8,33.8,31.99,29.94,30.13,30.29,32.15,34.93,39.41,49.73,51.23,50.1,50.0,51.2,38.01,37.82,42.0,58.75,55.32,59.55,46.94,39.94,50.14,50.09,34.0,29.49,28.8,26.7,19.78,16.12,17.1,22.24,20.83,35.04,39.94,42.39,44.74,38.65,28.54,24.12,26.09,44.75,44.99,42.0,38.0,34.39,35.0,32.7,29.55,25.7,26.31,21.97,15.35,22.66,25.54,30.44,45.71,46.12,47.92,48.17,45.73,35.99,34.94,47.33,49.37,56.12,56.19,50.03,44.72,37.99,40.0,50.71,35.3
52.67,48.45,43.9,38.86,40.0,41.0,41.0,37.43,44.68,58.7,66.59,65.21,59.79,57.65,53.96,51.53,43.1,43.1,50.5,55.41,51.05,46.67,43.85,39.56,37.73,34.38,33.8,33.8,31.99,29.94,30.13,30.29,32.15,34.93,39.41,49.73,51.23,50.1,50.0,51.2,38.01,37.82,42.0,58.75,55.32,59.55,46.94,39.94,50.14,50.09,34.0,29.49,28.8,26.7,19.78,16.12,17.1,22.24,20.83,35.04,39.94,42.39,44.74,38.65,28.54,24.12,26.09,44.75,44.99,42.0,38.0,34.39,35.0,32.7,29.55,25.7,26.31,21.97,15.35,22.66,25.54,30.44,45.71,46.12,47.92,48.17,45.73,35.99,34.94,47.33,49.37,56.12,56.19,50.03,44.72,37.99,40.0,50.71,35.3,38.33
48.45,43.9,38.86,40.0,41.0,41.0,37.43,44.68,58.7,66.59,65.21,59.79,57.65,53.96,51.53,43.1,43.1,50.5,55.41,51.05,46.67,43.85,39.56,37.73,34.38,33.8,33.8,31.99,29.94,30.13,30.29,32.15,34.93,39.41,49.73,51.23,50.1,50.0,51.2,38.01,37.82,42.0,58.75,55.32,59.55,46.94,39.94,50.14,50.09,34.0,29.49,28.8,26.7,19.78,16.12,17.1,22.24,20.83,35.04,39.94,42.39,44.74,38.65,28.54,24.12,26.09,44.75,44.99,42.0,38.0,34.39,35.0,32.7,29.55,25.7,26.31,21.97,15.35,22.66,25.54,30.44,45.71,46.12,47.92,48.17,45.73,35.99,34.94,47.33,49.37,56.12,56.19,50.03,44.72,37.99,40.0,50.71,35.3,38.33,41.04
43.9,38.86,40.0,41.0,41.0,37.43,44.68,58.7,66.59,65.21,59.79,57.65,53.96,51.53,43.1,43.1,50.5,55.41,51.05,46.67,43.85,39.56,37.73,34.38,33.8,33.8,31.99,29.94,30.13,30.29,32.15,34.93,39.41,49.73,51.23,50.1,50.0,51.2,38.01,37.82,42.0,58.75,55.32,59.55,46.94,39.94,50.14,50.09,34.0,29.49,28.8,26.7,19.78,16.12,17.1,22.24,20.83,35.04,39.94,42.39,44.74,38.65,28.54,24.12,26.09,44.75,44.99,42.0,38.0,34.39,35.0,32.7,29.55,25.7,26.31,21.97,15.35,22.66,25.54,30.44,45.71,46.12,47.92,48.17,45.73,35.99,34.94,47.33,49.37,56.12,56.19,50.03,44.72,37.99,40.0,50.71,35.3,38.33,41.04,34.62
38.86,40.0,41.0,41.0,37.43,44.68,58.7,66.59,65.21,59.79,57.65,53.96,51.53,43.1,43.1,50.5,55.41,51.05,46.67,43.85,39.56,37.73,34.38,33.8,33.8,31.99,29.94,30.13,30.29,32.15,34.93,39.41,49.73,51.23,50.1,50.0,51.2,38.01,37.82,42.0,58.75,55.32,59.55,46.94,39.94,50.14,50.09,34.0,29.49,28.8,26.7,19.78,16.12,17.1,22.24,20.83,35.04,39.94,42.39,44.74,38.65,28.54,24.12,26.09,44.75,44.99,42.0,38.0,34.39,35.0,32.7,29.55,25.7,26.31,21.97,15.35,22.66,25.54,30.44,45.71,46.12,47.92,48.17,45.73,35.99,34.94,47.33,49.37,56.12,56.19,50.03,44.72,37.99,40.0,50.71,35.3,38.33,41.04,34.62,29.69
40.0,41.0,41.0,37.43,44.68,58.7,66.59,65.21,59.79,57.65,53.96,51.53,43.1,43.1,50.5,55.41,51.05,46.67,43.85,39.56,37.73,34.38,33.8,33.8,31.99,29.94,30.13,30.29,32.15,34.93,39.41,49.73,51.23,50.1,50.0,51.2,38.01,37.82,42.0,58.75,55.32,59.55,46.94,39.94,50.14,50.09,34.0,29.49,28.8,26.7,19.78,16.12,17.1,22.24,20.83,35.04,39.94,42.39,44.74,38.65,28.54,24.12,26.09,44.75,44.99,42.0,38.0,34.39,35.0,32.7,29.55,25.7,26.31,21.97,15.35,22.66,25.54,30.44,45.71,46.12,47.92,48.17,45.73,35.99,34.94,47.33,49.37,56.12,56.19,50.03,44.72,37.99,40.0,50.71,35.3,38.33,41.04,34.62,29.69,28.35
41.0,41.0,37.43,44.68,58.7,66.59,65.21,59.79,57.65,53.96,51.53,43.1,43.1,50.5,55.41,51.05,46.67,43.85,39.56,37.73,34.38,33.8,33.8,31.99,29.94,30.13,30.29,32.15,34.93,39.41,49.73,51.23,50.1,50.0,51.2,38.01,37.82,42.0,58.75,55.32,59.55,46.94,39.94,50.14,50.09,34.0,29.49,28.8,26.7,19.78,16.12,17.1,22.24,20.83,35.04,39.94,42.39,44.74,38.65,28.54,24.12,26.09,44.75,44.99,42.0,38.0,34.39,35.0,32.7,29.55,25.7,26.31,21.97,15.35,22.66,25.54,30.44,45.71,46.12,47.92,48.17,45.73,35.99,34.94,47.33,49.37,56.12,56.19,50.03,44.72,37.99,40.0,50.71,35.3,38.33,41.04,34.62,29.69,28.35,30.99
41.0,37.43,44.68,58.7,66.59,65.21,59.79,57.65,53.96,51.53,43.1,43.1,50.5,55.41,51.05,46.67,43.85,39.56,37.73,34.38,33.8,33.8,31.99,29.94,30.13,30.29,32.15,34.93,39.41,49.73,51.23,50.1,50.0,51.2,38.01,37.82,42.0,58.75,55.32,59.55,46.94,39.94,50.14,50.09,34.0,29.49,28.8,26.7,19.78,16.12,17.1,22.24,20.83,35.04,39.94,42.39,44.74,38.65,28.54,24.12,26.09,44.75,44.99,42.0,38.0,34.39,35.0,32.7,29.55,25.7,26.31,21.97,15.35,22.66,25.54,30.44,45.71,46.12,47.92,48.17,45.73,35.99,34.94,47.33,49.37,56.12,56.19,50.03,44.72,37.99,40.0,50.71,35.3,38.33,41.04,34.62,29.69,28.35,30.99,42.08
37.43,44.68,58.7,66.59,65.21,59.79,57.65,53.96,51.53,43.1,43.1,50.5,55.41,51.05,46.67,43.85,39.56,37.73,34.38,33.8,33.8,31.99,29.94,30.13,30.29,32.15,34.93,39.41,49.73,51.23,50.1,50.0,51.2,38.01,37.82,42.0,58.75,55.32,59.55,46.94,39.94,50.14,50.09,34.0,29.49,28.8,26.7,19.78,16.12,17.1,22.24,20.83,35.04,39.94,42.39,44.74,38.65,28.54,24.12,26.09,44.75,44.99,42.0,38.0,34.39,35.0,32.7,29.55,25.7,26.31,21.97,15.35,22.66,25.54,30.44,45.71,46.12,47.92,48.17,45.73,35.99,34.94,47.33,49.37,56.12,56.19,50.03,44.72,37.99,40.0,50.71,35.3,38.33,41.04,34.62,29.69,28.35,30.99,42.08,45.27
44.68,58.7,66.59,65.21,59.79,57.65,53.96,51.53,43.1,43.1,50.5,55.41,51.05,46.67,43.85,39.56,37.73,34.38,33.8,33.8,31.99,29.94,30.13,30.29,32.15,34.93,39.41,49.73,51.23,50.1,50.0,51.2,38.01,37.82,42.0,58.75,55.32,59.55,46.94,39.94,50.14,50.09,34.0,29.49,28.8,26.7,19.78,16.12,17.1,22.24,20.83,35.04,39.94,42.39,44.74,38.65,28.54,24.12,26.09,44.75,44.99,42.0,38.0,34.39,35.0,32.7,29.55,25.7,26.31,21.97,15.35,22.66,25.54,30.44,45.71,46.12,47.92,48.17,45.73,35.99,34.94,47.33,49.37,56.12,56.19,50.03,44.72,37.99,40.0,50.71,35.3,38.33,41.04,34.62,29.69,28.35,30.99,42.08,45.27,46.56
58.7,66.59,65.21,59.79,57.65,53.96,51.53,43.1,43.1,50.5,55.41,51.05,46.67,43.85,39.56,37.73,34.38,33.8,33.8,31.99,29.94,30.13,30.29,32.15,34.93,39.41,49.73,51.23,50.1,50.0,51.2,38.01,37.82,42.0,58.75,55.32,59.55,46.94,39.94,50.14,50.09,34.0,29.49,28.8,26.7,19.78,16.12,17.1,22.24,20.83,35.04,39.94,42.39,44.74,38.65,28.54,24.12,26.09,44.75,44.99,42.0,38.0,34.39,35.0,32.7,29.55,25.7,26.31,21.97,15.35,22.66,25.54,30.44,45.71,46.12,47.92,48.17,45.73,35.99,34.94,47.33,49.37,56.12,56.19,50.03,44.72,37.99,40.0,50.71,35.3,38.33,41.04,34.62,29.69,28.35,30.99,42.08,45.27,46.56,46.44
66.59,65.21,59.79,57.65,53.96,51.53,43.1,43.1,50.5,55.41,51.05,46.67,43.85,39.56,37.73,34.38,33.8,33.8,31.99,29.94,30.13,30.29,32.15,34.93,39.41,49.73,51.23,50.1,50.0,51.2,38.01,37.82,42.0,58.75,55.32,59.55,46.94,39.94,50.14,50.09,34.0,29.49,28.8,26.7,19.78,16.12,17.1,22.24,20.83,35.04,39.94,42.39,44.74,38.65,28.54,24.12,26.09,44.75,44.99,42.0,38.0,34.39,35.0,32.7,29.55,25.7,26.31,21.97,15.35,22.66,25.54,30.44,45.71,46.12,47.92,48.17,45.73,35.99,34.94,47.33,49.37,56.12,56.19,50.03,44.72,37.99,40.0,50.71,35.3,38.33,41.04,34.62,29.69,28.35,30.99,42.08,45.27,46.56,46.44,41.46
65.21,59.79,57.65,53.96,51.53,43.1,43.1,50.5,55.41,51.05,46.67,43.85,39.56,37.73,34.38,33.8,33.8,31.99,29.94,30.13,30.29,32.15,34.93,39.41,49.73,51.23,50.1,50.0,51.2,38.01,37.82,42.0,58.75,55.32,59.55,46.94,39.94,50.14,50.09,34.0,29.49,28.8,26.7,19.78,16.12,17.1,22.24,20.83,35.04,39.94,42.39,44.74,38.65,28.54,24.12,26.09,44.75,44.99,42.0,38.0,34.39,35.0,32.7,29.55,25.7,26.31,21.97,15.35,22.66,25.54,30.44,45.71,46.12,47.92,48.17,45.73,35.99,34.94,47.33,49.37,56.12,56.19,50.03,44.72,37.99,40.0,50.71,35.3,38.33,41.04,34.62,29.69,28.35,30.99,42.08,45.27,46.56,46.44,41.46,38.83
59.79,57.65,53.96,51.53,43.1,43.1,50.5,55.41,51.05,46.67,43.85,39.56,37.73,34.38,33.8,33.8,31.99,29.94,30.13,30.29,32.15,34.93,39.41,49.73,51.23,50.1,50.0,51.2,38.01,37.82,42.0,58.75,55.32,59.55,46.94,39.94,50.14,50.09,34.0,29.49,28.8,26.7,19.78,16.12,17.1,22.24,20.83,35.04,39.94,42.39,44.74,38.65,28.54,24.12,26.09,44.75,44.99,42.0,38.0,34.39,35.0,32.7,29.55,25.7,26.31,21.97,15.35,22.66,25.54,30.44,45.71,46.12,47.92,48.17,45.73,35.99,34.94,47.33,49.37,56.12,56.19,50.03,44.72,37.99,40.0,50.71,35.3,38.33,41.04,34.62,29.69,28.35,30.99,42.08,45.27,46.56,46.44,41.46,38.83,53.0
57.65,53.96,51.53,43.1,43.1,50.5,55.41,51.05,46.67,43.85,39.56,37.73,34.38,33.8,33.8,31.99,29.94,30.13,30.29,32.15,34.93,39.41,49.73,51.23,50.1,50.0,51.2,38.01,37.82,42.0,58.75,55.32,59.55,46.94,39.94,50.14,50.09,34.0,29.49,28.8,26.7,19.78,16.12,17.1,22.24,20.83,35.04,39.94,42.39,44.74,38.65,28.54,24.12,26.09,44.75,44.99,42.0,38.0,34.39,35.0,32.7,29.55,25.7,26.31,21.97,15.35,22.66,25.54,30.44,45.71,46.12,47.92,48.17,45.73,35.99,34.94,47.33,49.37,56.12,56.19,50.03,44.72,37.99,40.0,50.71,35.3,38.33,41.04,34.62,29.69,28.35,30.99,42.08,45.27,46.56,46.44,41.46,38.83,53.0,51.27
53.96,51.53,43.1,43.1,50.5,55.41,51.05,46.67,43.85,39.56,37.73,34.38,33.8,33.8,31.99,29.94,30.13,30.29,32.15,34.93,39.41,49.73,51.23,50.1,50.0,51.2,38.01,37.82,42.0,58.75,55.32,59.55,46.94,39.94,50.14,50.09,34.0,29.49,28.8,26.7,19.78,16.12,17.1,22.24,20.83,35.04,39.94,42.39,44.74,38.65,28.54,24.12,26.09,44.75,44.99,42.0,38.0,34.39,35.0,32.7,29.55,25.7,26.31,21.97,15.35,22.66,25.54,30.44,45.71,46.12,47.92,48.17,45.73,35.99,34.94,47.33,49.37,56.12,56.19,50.03,44.72,37.99,40.0,50.71,35.3,38.33,41.04,34.62,29.69,28.35,30.99,42.08,45.27,46.56,46.44,41.46,38.83,53.0,51.27,51.82
51.53,43.1,43.1,50.5,55.41,51.05,46.67,43.85,39.56,37.73,34.38,33.8,33.8,31.99,29.94,30.13,30.29,32.15,34.93,39.41,49.73,51.23,50.1,50.0,51.2,38.01,37.82,42.0,58.75,55.32,59.55,46.94,39.94,50.14,50.09,34.0,29.49,28.8,26.7,19.78,16.12,17.1,22.24,20.83,35.04,39.94,42.39,44.74,38.65,28.54,24.12,26.09,44.75,44.99,42.0,38.0,34.39,35.0,32.7,29.55,25.7,26.31,21.97,15.35,22.66,25.54,30.44,45.71,46.12,47.92,48.17,45.73,35.99,34.94,47.33,49.37,56.12,56.19,50.03,44.72,37.99,40.0,50.71,35.3,38.33,41.04,34.62,29.69,28.35,30.99,42.08,45.27,46.56,46.44,41.46,38.83,53.0,51.27,51.82,65.19
43.1,43.1,50.5,55.41,51.05,46.67,43.85,39.56,37.73,34.38,33.8,33.8,31.99,29.94,30.13,30.29,32.15,34.93,39.41,49.73,51.23,50.1,50.0,51.2,38.01,37.82,42.0,58.75,55.32,59.55,46.94,39.94,50.14,50.09,34.0,29.49,28.8,26.7,19.78,16.12,17.1,22.24,20.83,35.04,39.94,42.39,44.74,38.65,28.54,24.12,26.09,44.75,44.99,42.0,38.0,34.39,35.0,32.7,29.55,25.7,26.31,21.97,15.35,22.66,25.54,30.44,45.71,46.12,47.92,48.17,45.73,35.99,34.94,47.33,49.37,56.12,56.19,50.03,44.72,37.99,40.0,50.71,35.3,38.33,41.04,34.62,29.69,28.35,30.99,42.08,45.27,46.56,46.44,41.46,38.83,53.0,51.27,51.82,65.19,69.99
43.1,50.5,55.41,51.05,46.67,43.85,39.56,37.73,34.38,33.8,33.8,31.99,29.94,30.13,30.29,32.15,34.93,39.41,49.73,51.23,50.1,50.0,51.2,38.01,37.82,42.0,58.75,55.32,59.55,46.94,39.94,50.14,50.09,34.0,29.49,28.8,26.7,19.78,16.12,17.1,22.24,20.83,35.04,39.94,42.39,44.74,38.65,28.54,24.12,26.09,44.75,44.99,42.0,38.0,34.39,35.0,32.7,29.55,25.7,26.31,21.97,15.35,22.66,25.54,30.44,45.71,46.12,47.92,48.17,45.73,35.99,34.94,47.33,49.37,56.12,56.19,50.03,44.72,37.99,40.0,50.71,35.3,38.33,41.04,34.62,29.69,28.35,30.99,42.08,45.27,46.56,46.44,41.46,38.83,53.0,51.27,51.82,65.19,69.99,72.89
50.5,55.41,51.05,46.67,43.85,39.56,37.73,34.38,33.8,33.8,31.99,29.94,30.13,30.29,32.15,34.93,39.41,49.73,51.23,50.1,50.0,51.2,38.01,37.82,42.0,58.75,55.32,59.55,46.94,39.94,50.14,50.09,34.0,29.49,28.8,26.7,19.78,16.12,17.1,22.24,20.83,35.04,39.94,42.39,44.74,38.65,28.54,24.12,26.09,44.75,44.99,42.0,38.0,34.39,35.0,32.7,29.55,25.7,26.31,21.97,15.35,22.66,25.54,30.44,45.71,46.12,47.92,48.17,45.73,35.99,34.94,47.33,49.37,56.12,56.19,50.03,44.72,37.99,40.0,50.71,35.3,38.33,41.04,34.62,29.69,28.35,30.99,42.08,45.27,46.56,46.44,41.46,38.83,53.0,51.27,51.82,65.19,69.99,72.89,72.15
55.41,51.05,46.67,43.85,39.56,37.73,34.38,33.8,33.8,31.99,29.94,30.13,30.29,32.15,34.93,39.41,49.73,51.23,50.1,50.0,51.2,38.01,37.82,42.0,58.75,55.32,59.55,46.94,39.94,50.14,50.09,34.0,29.49,28.8,26.7,19.78,16.12,17.1,22.24,20.83,35.04,39.94,42.39,44.74,38.65,28.54,24.12,26.09,44.75,44.99,42.0,38.0,34.39,35.0,32.7,29.55,25.7,26.31,21.97,15.35,22.66,25.54,30.44,45.71,46.12,47.92,48.17,45.73,35.99,34.94,47.33,49.37,56.12,56.19,50.03,44.72,37.99,40.0,50.71,35.3,38.33,41.04,34.62,29.69,28.35,30.99,42.08,45.27,46.56,46.44,41.46,38.83,53.0,51.27,51.82,65.19,69.99,72.89,72.15,52.07
51.05,46.67,43.85,39.56,37.73,34.38,33.8,33.8,31.99,29.94,30.13,30.29,32.15,34.93,39.41,49.73,51.23,50.1,50.0,51.2,38.01,37.82,42.0,58.75,55.32,59.55,46.94,39.94,50.14,50.09,34.0,29.49,28.8,26.7,19.78,16.12,17.1,22.24,20.83,35.04,39.94,42.39,44.74,38.65,28.54,24.12,26.09,44.75,44.99,42.0,38.0,34.39,35.0,32.7,29.55,25.7,26.31,21.97,15.35,22.66,25.54,30.44,45.71,46.12,47.92,48.17,45.73,35.99,34.94,47.33,49.37,56.12,56.19,50.03,44.72,37.99,40.0,50.71,35.3,38.33,41.04,34.62,29.69,28.35,30.99,42.08,45.27,46.56,46.44,41.46,38.83,53.0,51.27,51.82,65.19,69.99,72.89,72.15,52.07,44.0
46.67,43.85,39.56,37.73,34.38,33.8,33.8,31.99,29.94,30.13,30.29,32.15,34.93,39.41,49.73,51.23,50.1,50.0,51.2,38.01,37.82,42.0,58.75,55.32,59.55,46.94,39.94,50.14,50.09,34.0,29.49,28.8,26.7,19.78,16.12,17.1,22.24,20.83,35.04,39.94,42.39,44.74,38.65,28.54,24.12,26.09,44.75,44.99,42.0,38.0,34.39,35.0,32.7,29.55,25.7,26.31,21.97,15.35,22.66,25.54,30.44,45.71,46.12,47.92,48.17,45.73,35.99,34.94,47.33,49.37,56.12,56.19,50.03,44.72,37.99,40.0,50.71,35.3,38.33,41.04,34.62,29.69,28.35,30.99,42.08,45.27,46.56,46.44,41.46,38.83,53.0,51.27,51.82,65.19,69.99,72.89,72.15,52.07,44.0,56.41
43.85,39.56,37.73,34.38,33.8,33.8,31.99,29.94,30.13,30.29,32.15,34.93,39.41,49.73,51.23,50.1,50.0,51.2,38.01,37.82,42.0,58.75,55.32,59.55,46.94,39.94,50.14,50.09,34.0,29.49,28.8,26.7,19.78,16.12,17.1,22.24,20.83,35.04,39.94,42.39,44.74,38.65,28.54,24.12,26.09,44.75,44.99,42.0,38.0,34.39,35.0,32.7,29.55,25.7,26.31,21.97,15.35,22.66,25.54,30.44,45.71,46.12,47.92,48.17,45.73,35.99,34.94,47.33,49.37,56.12,56.19,50.03,44.72,37.99,40.0,50.71,35.3,38.33,41.04,34.62,29.69,28.35,30.99,42.08,45.27,46.56,46.44,41.46,38.83,53.0,51.27,51.82,65.19,69.99,72.89,72.15,52.07,44.0,56.41,63.25
39.56,37.73,34.38,33.8,33.8,31.99,29.94,30.13,30.29,32.15,34.93,39.41,49.73,51.23,50.1,50.0,51.2,38.01,37.82,42.0,58.75,55.32,59.55,46.94,39.94,50.14,50.09,34.0,29.49,28.8,26.7,19.78,16.12,17.1,22.24,20.83,35.04,39.94,42.39,44.74,38.65,28.54,24.12,26.09,44.75,44.99,42.0,38.0,34.39,35.0,32.7,29.55,25.7,26.31,21.97,15.35,22.66,25.54,30.44,45.71,46.12,47.92,48.17,45.73,35.99,34.94,47.33,49.37,56.12,56.19,50.03,44.72,37.99,40.0,50.71,35.3,38.33,41.04,34.62,29.69,28.35,30.99,42.08,45.27,46.56,46.44,41.46,38.83,53.0,51.27,51.82,65.19,69.99,72.89,72.15,52.07,44.0,56.41,63.25,37.12
37.73,34.38,33.8,33.8,31.99,29.94,30.13,30.29,32.15,34.93,39.41,49.73,51.23,50.1,50.0,51.2,38.01,37.82,42.0,58.75,55.32,59.55,46.94,39.94,50.14,50.09,34.0,29.49,28.8,26.7,19.78,16.12,17.1,22.24,20.83,35.04,39.94,42.39,44.74,38.65,28.54,24.12,26.09,44.75,44.99,42.0,38.0,34.39,35.0,32.7,29.55,25.7,26.31,21.97,15.35,22.66,25.54,30.44,45.71,46.12,47.92,48.17,45.73,35.99,34.94,47.33,49.37,56.12,56.19,50.03,44.72,37.99,40.0,50.71,35.3,38.33,41.04,34.62,29.69,28.35,30.99,42.08,45.27,46.56,46.44,41.46,38.83,53.0,51.27,51.82,65.19,69.99,72.89,72.15,52.07,44.0,56.41,63.25,37.12,36.03
34.38,33.8,33.8,31.99,29.94,30.13,30.29,32.15,34.93,39.41,49.73,51.23,50.1,50.0,51.2,38.01,37.82,42.0,58.75,55.32,59.55,46.94,39.94,50.14,50.09,34.0,29.49,28.8,26.7,19.78,16.12,17.1,22.24,20.83,35.04,39.94,42.39,44.74,38.65,28.54,24.12,26.09,44.75,44.99,42.0,38.0,34.39,35.0,32.7,29.55,25.7,26.31,21.97,15.35,22.66,25.54,30.44,45.71,46.12,47.92,48.17,45.73,35.99,34.94,47.33,49.37,56.12,56.19,50.03,44.72,37.99,40.0,50.71,35.3,38.33,41.04,34.62,29.69,28.35,30.99,42.08,45.27,46.56,46.44,41.46,38.83,53.0,51.27,51.82,65.19,69.99,72.89,72.15,52.07,44.0,56.41,63.25,37.12,36.03,34.15
33.8,33.8,31.99,29.94,30.13,30.29,32.15,34.93,39.41,49.73,51.23,50.1,50.0,51.2,38.01,37.82,42.0,58.75,55.32,59.55,46.94,39.94,50.14,50.09,34.0,29.49,28.8,26.7,19.78,16.12,17.1,22.24,20.83,35.04,39.94,42.39,44.74,38.65,28.54,24.12,26.09,44.75,44.99,42.0,38.0,34.39,35.0,32.7,29.55,25.7,26.31,21.97,15.35,22.66,25.54,30.44,45.71,46.12,47.92,48.17,45.73,35.99,34.94,47.33,49.37,56.12,56.19,50.03,44.72,37.99,40.0,50.71,35.3,38.33,41.04,34.62,29.69,28.35,30.99,42.08,45.27,46.56,46.44,41.46,38.83,53.0,51.27,51.82,65.19,69.99,72.89,72.15,52.07,44.0,56.41,63.25,37.12,36.03,34.15,36.03
33.8,31.99,29.94,30.13,30.29,32.15,34.93,39.41,49.73,51.23,50.1,50.0,51.2,38.01,37.82,42.0,58.75,55.32,59.55,46.94,39.94,50.14,50.09,34.0,29.49,28.8,26.7,19.78,16.12,17.1,22.24,20.83,35.04,39.94,42.39,44.74,38.65,28.54,24.12,26.09,44.75,44.99,42.0,38.0,34.39,35.0,32.7,29.55,25.7,26.31,21.97,15.35,22.66,25.54,30.44,45.71,46.12,47.92,48.17,45.73,35.99,34.94,47.33,49.37,56.12,56.19,50.03,44.72,37.99,40.0,50.71,35.3,38.33,41.04,34.62,29.69,28.35,30.99,42.08,45.27,46.56,46.44,41.46,38.83,53.0,51.27,51.82,65.19,69.99,72.89,72.15,52.07,44.0,56.41,63.25,37.12,36.03,34.15,36.03,33.95
31.99,29.94,30.13,30.29,32.15,34.93,39.41,49.73,51.23,50.1,50.0,51.2,38.01,37.82,42.0,58.75,55.32,59.55,46.94,39.94,50.14,50.09,34.0,29.49,28.8,26.7,19.78,16.12,17.1,22.24,20.83,35.04,39.94,42.39,44.74,38.65,28.54,24.12,26.09,44.75,44.99,42.0,38.0,34.39,35.0,32.7,29.55,25.7,26.31,21.97,15.35,22.66,25.54,30.44,45.71,46.12,47.92,48.17,45.73,35.99,34.94,47.33,49.37,56.12,56.19,50.03,44.72,37.99,40.0,50.71,35.3,38.33,41.04,34.62,29.69,28.35,30.99,42.08,45.27,46.56,46.44,41.46,38.83,53.0,51.27,51.82,65.19,69.99,72.89,72.15,52.07,44.0,56.41,63.25,37.12,36.03,34.15,36.03,33.95,34.82
29.94,30.13,30.29,32.15,34.93,39.41,49.73,51.23,50.1,50.0,51.2,38.01,37.82,42.0,58.75,55.32,59.55,46.94,39.94,50.14,50.09,34.0,29.49,28.8,26.7,19.78,16.12,17.1,22.24,20.83,35.04,39.94,42.39,44.74,38.65,28.54,24.12,26.09,44.75,44.99,42.0,38.0,34.39,35.0,32.7,29.55,25.7,26.31,21.97,15.35,22.66,25.54,30.44,45.71,46.12,47.92,48.17,45.73,35.99,34.94,47.33,49.37,56.12,56.19,50.03,44.72,37.99,40.0,50.71,35.3,38.33,41.04,34.62,29.69,28.35,30.99,42.08,45.27,46.56,46.44,41.46,38.83,53.0,51.27,51.82,65.19,69.99,72.89,72.15,52.07,44.0,56.41,63.25,37.12,36.03,34.15,36.03,33.95,34.82,43.7
30.13,30.29,32.15,34.93,39.41,49.73,51.23,50.1,50.0,51.2,38.01,37.82,42.0,58.75,55.32,59.55,46.94,39.94,50.14,50.09,34.0,29.49,28.8,26.7,19.78,16.12,17.1,22.24,20.83,35.04,39.94,42.39,44.74,38.65,28.54,24.12,26.09,44.75,44.99,42.0,38.0,34.39,35.0,32.7,29.55,25.7,26.31,21.97,15.35,22.66,25.54,30.44,45.71,46.12,47.92,48.17,45.73,35.99,34.94,47.33,49.37,56.12,56.19,50.03,44.72,37.99,40.0,50.71,35.3,38.33,41.04,34.62,29.69,28.35,30.99,42.08,45.27,46.56,46.44,41.46,38.83,53.0,51.27,51.82,65.19,69.99,72.89,72.15,52.07,44.0,56.41,63.25,37.12,36.03,34.15,36.03,33.95,34.82,43.7,51.0
30.29,32.15,34.93,39.41,49.73,51.23,50.1,50.0,51.2,38.01,37.82,42.0,58.75,55.32,59.55,46.94,39.94,50.14,50.09,34.0,29.49,28.8,26.7,19.78,16.12,17.1,22.24,20.83,35.04,39.94,42.39,44.74,38.65,28.54,24.12,26.09,44.75,44.99,42.0,38.0,34.39,35.0,32.7,29.55,25.7,26.31,21.97,15.35,22.66,25.54,30.44,45.71,46.12,47.92,48.17,45.73,35.99,34.94,47.33,49.37,56.12,56.19,50.03,44.72,37.99,40.0,50.71,35.3,38.33,41.04,34.62,29.69,28.35,30.99,42.08,45.27,46.56,46.44,41.46,38.83,53.0,51.27,51.82,65.19,69.99,72.89,72.15,52.07,44.0,56.41,63.25,37.12,36.03,34.15,36.03,33.95,34.82,43.7,51.0,53.0
32.15,34.93,39.41,49.73,51.23,50.1,50.0,51.2,38.01,37.82,42.0,58.75,55.32,59.55,46.94,39.94,50.14,50.09,34.0,29.49,28.8,26.7,19.78,16.12,17.1,22.24,20.83,35.04,39.94,42.39,44.74,38.65,28.54,24.12,26.09,44.75,44.99,42.0,38.0,34.39,35.0,32.7,29.55,25.7,26.31,21.97,15.35,22.66,25.54,30.44,45.71,46.12,47.92,48.17,45.73,35.99,34.94,47.33,49.37,56.12,56.19,50.03,44.72,37.99,40.0,50.71,35.3,38.33,41.04,34.62,29.69,28.35,30.99,42.08,45.27,46.56,46.44,41.46,38.83,53.0,51.27,51.82,65.19,69.99,72.89,72.15,52.07,44.0,56.41,63.25,37.12,36.03,34.15,36.03,33.95,34.82,43.7,51.0,53.0,57.34
34.93,39.41,49.73,51.23,50.1,50.0,51.2,38.01,37.82,42.0,58.75,55.32,59.55,46.94,39.94,50.14,50.09,34.0,29.49,28.8,26.7,19.78,16.12,17.1,22.24,20.83,35.04,39.94,42.39,44.74,38.65,28.54,24.12,26.09,44.75,44.99,42.0,38.0,34.39,35.0,32.7,29.55,25.7,26.31,21.97,15.35,22.66,25.54,30.44,45.71,46.12,47.92,48.17,45.73,35.99,34.94,47.33,49.37,56.12,56.19,50.03,44.72,37.99,40.0,50.71,35.3,38.33,41.04,34.62,29.69,28.35,30.99,42.08,45.27,46.56,46.44,41.46,38.83,53.0,51.27,51.82,65.19,69.99,72.89,72.15,52.07,44.0,56.41,63.25,37.12,36.03,34.15,36.03,33.95,34.82,43.7,51.0,53.0,57.34,58.69
39.41,49.73,51.23,50.1,50.0,51.2,38.01,37.82,42.0,58.75,55.32,59.55,46.94,39.94,50.14,50.09,34.0,29.49,28.8,26.7,19.78,16.12,17.1,22.24,20.83,35.04,39.94,42.39,44.74,38.65,28.54,24.12,26.09,44.75,44.99,42.0,38.0,34.39,35.0,32.7,29.55,25.7,26.31,21.97,15.35,22.66,25.54,30.44,45.71,46.12,47.92,48.17,45.73,35.99,34.94,47.33,49.37,56.12,56.19,50.03,44.72,37.99,40.0,50.71,35.3,38.33,41.04,34.62,29.69,28.35,30.99,42.08,45.27,46.56,46.44,41.46,38.83,53.0,51.27,51.82,65.19,69.99,72.89,72.15,52.07,44.0,56.41,63.25,37.12,36.03,34.15,36.03,33.95,34.82,43.7,51.0,53.0,57.34,58.69,59.13
49.73,51.23,50.1,50.0,51.2,38.01,37.82,42.0,58.75,55.32,59.55,46.94,39.94,50.14,50.09,34.0,29.49,28.8,26.7,19.78,16.12,17.1,22.24,20.83,35.04,39.94,42.39,44.74,38.65,28.54,24.12,26.09,44.75,44.99,42.0,38.0,34.39,35.0,32.7,29.55,25.7,26.31,21.97,15.35,22.66,25.54,30.44,45.71,46.12,47.92,48.17,45.73,35.99,34.94,47.33,49.37,56.12,56.19,50.03,44.72,37.99,40.0,50.71,35.3,38.33,41.04,34.62,29.69,28.35,30.99,42.08,45.27,46.56,46.44,41.46,38.83,53.0,51.27,51.82,65.19,69.99,72.89,72.15,52.07,44.0,56.41,63.25,37.12,36.03,34.15,36.03,33.95,34.82,43.7,51.0,53.0,57.34,58.69,59.13,59.2
51.23,50.1,50.0,51.2,38.01,37.82,42.0,58.75,55.32,59.55,46.94,39.94,50.14,50.09,34.0,29.49,28.8,26.7,19.78,16.12,17.1,22.24,20.83,35.04,39.94,42.39,44.74,38.65,28.54,24.12,26.09,44.75,44.99,42.0,38.0,34.39,35.0,32.7,29.55,25.7,26.31,21.97,15.35,22.66,25.54,30.44,45.71,46.12,47.92,48.17,45.73,35.99,34.94,47.33,49.37,56.12,56.19,50.03,44.72,37.99,40.0,50.71,35.3,38.33,41.04,34.62,29.69,28.35,30.99,42.08,45.27,46.56,46.44,41.46,38.83,53.0,51.27,51.82,65.19,69.99,72.89,72.15,52.07,44.0,56.41,63.25,37.12,36.03,34.15,36.03,33.95,34.82,43.7,51.0,53.0,57.34,58.69,59.13,59.2,55.82
50.1,50.0,51.2,38.01,37.82,42.0,58.75,55.32,59.55,46.94,39.94,50.14,50.09,34.0,29.49,28.8,26.7,19.78,16.12,17.1,22.24,20.83,35.04,39.94,42.39,44.74,38.65,28.54,24.12,26.09,44.75,44.99,42.0,38.0,34.39,35.0,32.7,29.55,25.7,26.31,21.97,15.35,22.66,25.54,30.44,45.71,46.12,47.92,48.17,45.73,35.99,34.94,47.33,49.37,56.12,56.19,50.03,44.72,37.99,40.0,50.71,35.3,38.33,41.04,34.62,29.69,28.35,30.99,42.08,45.27,46.56,46.44,41.46,38.83,53.0,51.27,51.82,65.19,69.99,72.89,72.15,52.07,44.0,56.41,63.25,37.12,36.03,34.15,36.03,33.95,34.82,43.7,51.0,53.0,57.34,58.69,59.13,59.2,55.82,50.77
50.0,51.2,38.01,37.82,42.0,58.75,55.32,59.55,46.94,39.94,50.14,50.09,34.0,29.49,28.8,26.7,19.78,16.12,17.1,22.24,20.83,35.04,39.94,42.39,44.74,38.65,28.54,24.12,26.09,44.75,44.99,42.0,38.0,34.39,35.0,32.7,29.55,25.7,26.31,21.97,15.35,22.66,25.54,30.44,45.71,46.12,47.92,48.17,45.73,35.99,34.94,47.33,49.37,56.12,56.19,50.03,44.72,37.99,40.0,50.71,35.3,38.33,41.04,34.62,29.69,28.35,30.99,42.08,45.27,46.56,46.44,41.46,38.83,53.0,51.27,51.82,65.19,69.99,72.89,72.15,52.07,44.0,56.41,63.25,37.12,36.03,34.15,36.03,33.95,34.82,43.7,51.0,53.0,57.34,58.69,59.13,59.2,55.82,50.77,51.6
51.2,38.01,37.82,42.0,58.75,55.32,59.55,46.94,39.94,50.14,50.09,34.0,29.49,28.8,26.7,19.78,16.12,17.1,22.24,20.83,35.04,39.94,42.39,44.74,38.65,28.54,24.12,26.09,44.75,44.99,42.0,38.0,34.39,35.0,32.7,29.55,25.7,26.31,21.97,15.35,22.66,25.54,30.44,45.71,46.12,47.92,48.17,45.73,35.99,34.94,47.33,49.37,56.12,56.19,50.03,44.72,37.99,40.0,50.71,35.3,38.33,41.04,34.62,29.69,28.35,30.99,42.08,45.27,46.56,46.44,41.46,38.83,53.0,51.27,51.82,65.19,69.99,72.89,72.15,52.07,44.0,56.41,63.25,37.12,36.03,34.15,36.03,33.95,34.82,43.7,51.0,53.0,57.34,58.69,59.13,59.2,55.82,50.77,51.6,55.2
38.01,37.82,42.0,58.75,55.32,59.55,46.94,39.94,50.14,50.09,34.0,29.49,28.8,26.7,19.78,16.12,17.1,22.24,20.83,35.04,39.94,42.39,44.74,38.65,28.54,24.12,26.09,44.75,44.99,42.0,38.0,34.39,35.0,32.7,29.55,25.7,26.31,21.97,15.35,22.66,25.54,30.44,45.71,46.12,47.92,48.17,45.73,35.99,34.94,47.33,49.37,56.12,56.19,50.03,44.72,37.99,40.0,50.71,35.3,38.33,41.04,34.62,29.69,28.35,30.99,42.08,45.27,46.56,46.44,41.46,38.83,53.0,51.27,51.82,65.19,69.99,72.89,72.15,52.07,44.0,56.41,63.25,37.12,36.03,34.15,36.03,33.95,34.82,43.7,51.0,53.0,57.34,58.69,59.13,59.2,55.82,50.77,51.6,55.2,63.29
37.82,42.0,58.75,55.32,59.55,46.94,39.94,50.14,50.09,34.0,29.49,28.8,26.7,19.78,16.12,17.1,22.24,20.83,35.04,39.94,42.39,44.74,38.65,28.54,24.12,26.09,44.75,44.99,42.0,38.0,34.39,35.0,32.7,29.55,25.7,26.31,21.97,15.35,22.66,25.54,30.44,45.71,46.12,47.92,48.17,45.73,35.99,34.94,47.33,49.37,56.12,56.19,50.03,44.72,37.99,40.0,50.71,35.3,38.33,41.04,34.62,29.69,28.35,30.99,42.08,45.27,46.56,46.44,41.46,38.83,53.0,51.27,51.82,65.19,69.99,72.89,72.15,52.07,44.0,56.41,63.25,37.12,36.03,34.15,36.03,33.95,34.82,43.7,51.0,53.0,57.34,58.69,59.13,59.2,55.82,50.77,51.6,55.2,63.29,63.7
42.0,58.75,55.32,59.55,46.94,39.94,50.14,50.09,34.0,29.49,28.8,26.7,19.78,16.12,17.1,22.24,20.83,35.04,39.94,42.39,44.74,38.65,28.54,24.12,26.09,44.75,44.99,42.0,38.0,34.39,35.0,32.7,29.55,25.7,26.31,21.97,15.35,22.66,25.54,30.44,45.71,46.12,47.92,48.17,45.73,35.99,34.94,47.33,49.37,56.12,56.19,50.03,44.72,37.99,40.0,50.71,35.3,38.33,41.04,34.62,29.69,28.35,30.99,42.08,45.27,46.56,46.44,41.46,38.83,53.0,51.27,51.82,65.19,69.99,72.89,72.15,52.07,44.0,56.41,63.25,37.12,36.03,34.15,36.03,33.95,34.82,43.7,51.0,53.0,57.34,58.69,59.13,59.2,55.82,50.77,51.6,55.2,63.29,63.7,59.82
58.75,55.32,59.55,46.94,39.94,50.14,50.09,34.0,29.49,28.8,26.7,19.78,16.12,17.1,22.24,20.83,35.04,39.94,42.39,44.74,38.65,28.54,24.12,26.09,44.75,44.99,42.0,38.0,34.39,35.0,32.7,29.55,25.7,26.31,21.97,15.35,22.66,25.54,30.44,45.71,46.12,47.92,48.17,45.73,35.99,34.94,47.33,49.37,56.12,56.19,50.03,44.72,37.99,40.0,50.71,35.3,38.33,41.04,34.62,29.69,28.35,30.99,42.08,45.27,46.56,46.44,41.46,38.83,53.0,51.27,51.82,65.19,69.99,72.89,72.15,52.07,44.0,56.41,63.25,37.12,36.03,34.15,36.03,33.95,34.82,43.7,51.0,53.0,57.34,58.69,59.13,59.2,55.82,50.77,51.6,55.2,63.29,63.7,59.82,61.2
55.32,59.55,46.94,39.94,50.14,50.09,34.0,29.49,28.8,26.7,19.78,16.12,17.1,22.24,20.83,35.04,39.94,42.39,44.74,38.65,28.54,24.12,26.09,44.75,44.99,42.0,38.0,34.39,35.0,32.7,29.55,25.7,26.31,21.97,15.35,22.66,25.54,30.44,45.71,46.12,47.92,48.17,45.73,35.99,34.94,47.33,49.37,56.12,56.19,50.03,44.72,37.99,40.0,50.71,35.3,38.33,41.04,34.62,29.69,28.35,30.99,42.08,45.27,46.56,46.44,41.46,38.83,53.0,51.27,51.82,65.19,69.99,72.89,72.15,52.07,44.0,56.41,63.25,37.12,36.03,34.15,36.03,33.95,34.82,43.7,51.0,53.0,57.34,58.69,59.13,59.2,55.82,50.77,51.6,55.2,63.29,63.7,59.82,61.2,50.0
59.55,46.94,39.94,50.14,50.09,34.0,29.49,28.8,26.7,19.78,16.12,17.1,22.24,20.83,35.04,39.94,42.39,44.74,38.65,28.54,24.12,26.09,44.75,44.99,42.0,38.0,34.39,35.0,32.7,29.55,25.7,26.31,21.97,15.35,22.66,25.54,30.44,45.71,46.12,47.92,48.17,45.73,35.99,34.94,47.33,49.37,56.12,56.19,50.03,44.72,37.99,40.0,50.71,35.3,38.33,41.04,34.62,29.69,28.35,30.99,42.08,45.27,46.56,46.44,41.46,38.83,53.0,51.27,51.82,65.19,69.99,72.89,72.15,52.07,44.0,56.41,63.25,37.12,36.03,34.15,36.03,33.95,34.82,43.7,51.0,53.0,57.34,58.69,59.13,59.2,55.82,50.77,51.6,55.2,63.29,63.7,59.82,61.2,50.0,43.18
46.94,39.94,50.14,50.09,34.0,29.49,28.8,26.7,19.78,16.12,17.1,22.24,20.83,35.04,39.94,42.39,44.74,38.65,28.54,24.12,26.09,44.75,44.99,42.0,38.0,34.39,35.0,32.7,29.55,25.7,26.31,21.97,15.35,22.66,25.54,30.44,45.71,46.12,47.92,48.17,45.73,35.99,34.94,47.33,49.37,56.12,56.19,50.03,44.72,37.99,40.0,50.71,35.3,38.33,41.04,34.62,29.69,28.35,30.99,42.08,45.27,46.56,46.44,41.46,38.83,53.0,51.27,51.82,65.19,69.99,72.89,72.15,52.07,44.0,56.41,63.25,37.12,36.03,34.15,36.03,33.95,34.82,43.7,51.0,53.0,57.34,58.69,59.13,59.2,55.82,50.77,51.6,55.2,63.29,63.7,59.82,61.2,50.0,43.18,43.77
39.94,50.14,50.09,34.0,29.49,28.8,26.7,19.78,16.12,17.1,22.24,20.83,35.04,39.94,42.39,44.74,38.65,28.54,24.12,26.09,44.75,44.99,42.0,38.0,34.39,35.0,32.7,29.55,25.7,26.31,21.97,15.35,22.66,25.54,30.44,45.71,46.12,47.92,48.17,45.73,35.99,34.94,47.33,49.37,56.12,56.19,50.03,44.72,37.99,40.0,50.71,35.3,38.33,41.04,34.62,29.69,28.35,30.99,42.08,45.27,46.56,46.44,41.46,38.83,53.0,51.27,51.82,65.19,69.99,72.89,72.15,52.07,44.0,56.41,63.25,37.12,36.03,34.15,36.03,33.95,34.82,43.7,51.0,53.0,57.34,58.69,59.13,59.2,55.82,50.77,51.6,55.2,63.29,63.7,59.82,61.2,50.0,43.18,43.77,42.28
50.14,50.09,34.0,29.49,28.8,26.7,19.78,16.12,17.1,22.24,20.83,35.04,39.94,42.39,44.74,38.65,28.54,24.12,26.09,44.75,44.99,42.0,38.0,34.39,35.0,32.7,29.55,25.7,26.31,21.97,15.35,22.66,25.54,30.44,45.71,46.12,47.92,48.17,45.73,35.99,34.94,47.33,49.37,56.12,56.19,50.03,44.72,37.99,40.0,50.71,35.3,38.33,41.04,34.62,29.69,28.35,30.99,42.08,45.27,46.56,46.44,41.46,38.83,53.0,51.27,51.82,65.19,69.99,72.89,72.15,52.07,44.0,56.41,63.25,37.12,36.03,34.15,36.03,33.95,34.82,43.7,51.0,53.0,57.34,58.69,59.13,59.2,55.82,50.77,51.6,55.2,63.29,63.7,59.82,61.2,50.0,43.18,43.77,42.28,39.3
50.09,34.0,29.49,28.8,26.7,19.78,16.12,17.1,22.24,20.83,35.04,39.94,42.39,44.74,38.65,28.54,24.12,26.09,44.75,44.99,42.0,38.0,34.39,35.0,32.7,29.55,25.7,26.31,21.97,15.35,22.66,25.54,30.44,45.71,46.12,47.92,48.17,45.73,35.99,34.94,47.33,49.37,56.12,56.19,50.03,44.72,37.99,40.0,50.71,35.3,38.33,41.04,34.62,29.69,28.35,30.99,42.08,45.27,46.56,46.44,41.46,38.83,53.0,51.27,51.82,65.19,69.99,72.89,72.15,52.07,44.0,56.41,63.25,37.12,36.03,34.15,36.03,33.95,34.82,43.7,51.0,53.0,57.34,58.69,59.13,59.2,55.82,50.77,51.6,55.2,63.29,63.7,59.82,61.2,50.0,43.18,43.77,42.28,39.3,36.83
34.0,29.49,28.8,26.7,19.78,16.12,17.1,22.24,20.83,35.04,39.94,42.39,44.74,38.65,28.54,24.12,26.09,44.75,44.99,42.0,38.0,34.39,35.0,32.7,29.55,25.7,26.31,21.97,15.35,22.66,25.54,30.44,45.71,46.12,47.92,48.17,45.73,35.99,34.94,47.33,49.37,56.12,56.19,50.03,44.72,37.99,40.0,50.71,35.3,38.33,41.04,34.62,29.69,28.35,30.99,42.08,45.27,46.56,46.44,41.46,38.83,53.0,51.27,51.82,65.19,69.99,72.89,72.15,52.07,44.0,56.41,63.25,37.12,36.03,34.15,36.03,33.95,34.82,43.7,51.0,53.0,57.34,58.69,59.13,59.2,55.82,50.77,51.6,55.2,63.29,63.7,59.82,61.2,50.0,43.18,43.77,42.28,39.3,36.83,34.11
29.49,28.8,26.7,19.78,16.12,17.1,22.24,20.83,35.04,39.94,42.39,44.74,38.65,28.54,24.12,26.09,44.75,44.99,42.0,38.0,34.39,35.0,32.7,29.55,25.7,26.31,21.97,15.35,22.66,25.54,30.44,45.71,46.12,47.92,48.17,45.73,35.99,34.94,47.33,49.37,56.12,56.19,50.03,44.72,37.99,40.0,50.71,35.3,38.33,41.04,34.62,29.69,28.35,30.99,42.08,45.27,46.56,46.44,41.46,38.83,53.0,51.27,51.82,65.19,69.99,72.89,72.15,52.07,44.0,56.41,63.25,37.12,36.03,34.15,36.03,33.95,34.82,43.7,51.0,53.0,57.34,58.69,59.13,59.2,55.82,50.77,51.6,55.2,63.29,63.7,59.82,61.2,50.0,43.18,43.77,42.28,39.3,36.83,34.11,34.99
28.8,26.7,19.78,16.12,17.1,22.24,20.83,35.04,39.94,42.39,44.74,38.65,28.54,24.12,26.09,44.75,44.99,42.0,38.0,34.39,35.0,32.7,29.55,25.7,26.31,21.97,15.35,22.66,25.54,30.44,45.71,46.12,47.92,48.17,45.73,35.99,34.94,47.33,49.37,56.12,56.19,50.03,44.72,37.99,40.0,50.71,35.3,38.33,41.04,34.62,29.69,28.35,30.99,42.08,45.27,46.56,46.44,41.46,38.83,53.0,51.27,51.82,65.19,69.99,72.89,72.15,52.07,44.0,56.41,63.25,37.12,36.03,34.15,36.03,33.95,34.82,43.7,51.0,53.0,57.34,58.69,59.13,59.2,55.82,50.77,51.6,55.2,63.29,63.7,59.82,61.2,50.0,43.18,43.77,42.28,39.3,36.83,34.11,34.99,37.64
26.7,19.78,16.12,17.1,22.24,20.83,35.04,39.94,42.39,44.74,38.65,28.54,24.12,26.09,44.75,44.99,42.0,38.0,34.39,35.0,32.7,29.55,25.7,26.31,21.97,15.35,22.66,25.54,30.44,45.71,46.12,47.92,48.17,45.73,35.99,34.94,47.33,49.37,56.12,56.19,50.03,44.72,37.99,40.0,50.71,35.3,38.33,41.04,34.62,29.69,28.35,30.99,42.08,45.27,46.56,46.44,41.46,38.83,53.0,51.27,51.82,65.19,69.99,72.89,72.15,52.07,44.0,56.41,63.25,37.12,36.03,34.15,36.03,33.95,34.82,43.7,51.0,53.0,57.34,58.69,59.13,59.2,55.82,50.77,51.6,55.2,63.29,63.7,59.82,61.2,50.0,43.18,43.77,42.28,39.3,36.83,34.11,34.99,37.64,41.05
19.78,16.12,17.1,22.24,20.83,35.04,39.94,42.39,44.74,38.65,28.54,24.12,26.09,44.75,44.99,42.0,38.0,34.39,35.0,32.7,29.55,25.7,26.31,21.97,15.35,22.66,25.54,30.44,45.71,46.12,47.92,48.17,45.73,35.99,34.94,47.33,49.37,56.12,56.19,50.03,44.72,37.99,40.0,50.71,35.3,38.33,41.04,34.62,29.69,28.35,30.99,42.08,45.27,46.56,46.44,41.46,38.83,53.0,51.27,51.82,65.19,69.99,72.89,72.15,52.07,44.0,56.41,63.25,37.12,36.03,34.15,36.03,33.95,34.82,43.7,51.0,53.0,57.34,58.69,59.13,59.2,55.82,50.77,51.6,55.2,63.29,63.7,59.82,61.2,50.0,43.18,43.77,42.28,39.3,36.83,34.11,34.99,37.64,41.05,49.3
16.12,17.1,22.24,20.83,35.04,39.94,42.39,44.74,38.65,28.54,24.12,26.09,44.75,44.99,42.0,38.0,34.39,35.0,32.7,29.55,25.7,26.31,21.97,15.35,22.66,25.54,30.44,45.71,46.12,47.92,48.17,45.73,35.99,34.94,47.33,49.37,56.12,56.19,50.03,44.72,37.99,40.0,50.71,35.3,38.33,41.04,34.62,29.69,28.35,30.99,42.08,45.27,46.56,46.44,41.46,38.83,53.0,51.27,51.82,65.19,69.99,72.89,72.15,52.07,44.0,56.41,63.25,37.12,36.03,34.15,36.03,33.95,34.82,43.7,51.0,53.0,57.34,58.69,59.13,59.2,55.82,50.77,51.6,55.2,63.29,63.7,59.82,61.2,50.0,43.18,43.77,42.28,39.3,36.83,34.11,34.99,37.64,41.05,49.3,53.3
17.1,22.24,20.83,35.04,39.94,42.39,44.74,38.65,28.54,24.12,26.09,44.75,44.99,42.0,38.0,34.39,35.0,32.7,29.55,25.7,26.31,21.97,15.35,22.66,25.54,30.44,45.71,46.12,47.92,48.17,45.73,35.99,34.94,47.33,49.37,56.12,56.19,50.03,44.72,37.99,40.0,50.71,35.3,38.33,41.04,34.62,29.69,28.35,30.99,42.08,45.27,46.56,46.44,41.46,38.83,53.0,51.27,51.82,65.19,69.99,72.89,72.15,52.07,44.0,56.41,63.25,37.12,36.03,34.15,36.03,33.95,34.82,43.7,51.0,53.0,57.34,58.69,59.13,59.2,55.82,50.77,51.6,55.2,63.29,63.7,59.82,61.2,50.0,43.18,43.77,42.28,39.3,36.83,34.11,34.99,37.64,41.05,49.3,53.3,53.93
22.24,20.83,35.04,39.94,42.39,44.74,38.65,28.54,24.12,26.09,44.75,44.99,42.0,38.0,34.39,35.0,32.7,29.55,25.7,26.31,21.97,15.35,22.66,25.54,30.44,45.71,46.12,47.92,48.17,45.73,35.99,34.94,47.33,49.37,56.12,56.19,50.03,44.72,37.99,40.0,50.71,35.3,38.33,41.04,34.62,29.69,28.35,30.99,42.08,45.27,46.56,46.44,41.46,38.83,53.0,51.27,51.82,65.19,69.99,72.89,72.15,52.07,44.0,56.41,63.25,37.12,36.03,34.15,36.03,33.95,34.82,43.7,51.0,53.0,57.34,58.69,59.13,59.2,55.82,50.77,51.6,55.2,63.29,63.7,59.82,61.2,50.0,43.18,43.77,42.28,39.3,36.83,34.11,34.99,37.64,41.05,49.3,53.3,53.93,56.63
20.83,35.04,39.94,42.39,44.74,38.65,28.54,24.12,26.09,44.75,44.99,42.0,38.0,34.39,35.0,32.7,29.55,25.7,26.31,21.97,15.35,22.66,25.54,30.44,45.71,46.12,47.92,48.17,45.73,35.99,34.94,47.33,49.37,56.12,56.19,50.03,44.72,37.99,40.0,50.71,35.3,38.33,41.04,34.62,29.69,28.35,30.99,42.08,45.27,46.56,46.44,41.46,38.83,53.0,51.27,51.82,65.19,69.99,72.89,72.15,52.07,44.0,56.41,63.25,37.12,36.03,34.15,36.03,33.95,34.82,43.7,51.0,53.0,57.34,58.69,59.13,59.2,55.82,50.77,51.6,55.2,63.29,63.7,59.82,61.2,50.0,43.18,43.77,42.28,39.3,36.83,34.11,34.99,37.64,41.05,49.3,53.3,53.93,56.63,55.66
35.04,39.94,42.39,44.74,38.65,28.54,24.12,26.09,44.75,44.99,42.0,38.0,34.39,35.0,32.7,29.55,25.7,26.31,21.97,15.35,22.66,25.54,30.44,45.71,46.12,47.92,48.17,45.73,35.99,34.94,47.33,49.37,56.12,56.19,50.03,44.72,37.99,40.0,50.71,35.3,38.33,41.04,34.62,29.69,28.35,30.99,42.08,45.27,46.56,46.44,41.46,38.83,53.0,51.27,51.82,65.19,69.99,72.89,72.15,52.07,44.0,56.41,63.25,37.12,36.03,34.15,36.03,33.95,34.82,43.7,51.0,53.0,57.34,58.69,59.13,59.2,55.82,50.77,51.6,55.2,63.29,63.7,59.82,61.2,50.0,43.18,43.77,42.28,39.3,36.83,34.11,34.99,37.64,41.05,49.3,53.3,53.93,56.63,55.66,48.0
39.94,42.39,44.74,38.65,28.54,24.12,26.09,44.75,44.99,42.0,38.0,34.39,35.0,32.7,29.55,25.7,26.31,21.97,15.35,22.66,25.54,30.44,45.71,46.12,47.92,48.17,45.73,35.99,34.94,47.33,49.37,56.12,56.19,50.03,44.72,37.99,40.0,50.71,35.3,38.33,41.04,34.62,29.69,28.35,30.99,42.08,45.27,46.56,46.44,41.46,38.83,53.0,51.27,51.82,65.19,69.99,72.89,72.15,52.07,44.0,56.41,63.25,37.12,36.03,34.15,36.03,33.95,34.82,43.7,51.0,53.0,57.34,58.69,59.13,59.2,55.82,50.77,51.6,55.2,63.29,63.7,59.82,61.2,50.0,43.18,43.77,42.28,39.3,36.83,34.11,34.99,37.64,41.05,49.3,53.3,53.93,56.63,55.66,48.0,46.53
42.39,44.74,38.65,28.54,24.12,26.09,44.75,44.99,42.0,38.0,34.39,35.0,32.7,29.55,25.7,26.31,21.97,15.35,22.66,25.54,30.44,45.71,46.12,47.92,48.17,45.73,35.99,34.94,47.33,49.37,56.12,56.19,50.03,44.72,37.99,40.0,50.71,35.3,38.33,41.04,34.62,29.69,28.35,30.99,42.08,45.27,46.56,46.44,41.46,38.83,53.0,51.27,51.82,65.19,69.99,72.89,72.15,52.07,44.0,56.41,63.25,37.12,36.03,34.15,36.03,33.95,34.82,43.7,51.0,53.0,57.34,58.69,59.13,59.2,55.82,50.77,51.6,55.2,63.29,63.7,59.82,61.2,50.0,43.18,43.77,42.28,39.3,36.83,34.11,34.99,37.64,41.05,49.3,53.3,53.93,56.63,55.66,48.0,46.53,49.6
44.74,38.65,28.54,24.12,26.09,44.75,44.99,42.0,38.0,34.39,35.0,32.7,29.55,25.7,26.31,21.97,15.35,22.66,25.54,30.44,45.71,46.12,47.92,48.17,45.73,35.99,34.94,47.33,49.37,56.12,56.19,50.03,44.72,37.99,40.0,50.71,35.3,38.33,41.04,34.62,29.69,28.35,30.99,42.08,45.27,46.56,46.44,41.46,38.83,53.0,51.27,51.82,65.19,69.99,72.89,72.15,52.07,44.0,56.41,63.25,37.12,36.03,34.15,36.03,33.95,34.82,43.7,51.0,53.0,57.34,58.69,59.13,59.2,55.82,50.77,51.6,55.2,63.29,63.7,59.82,61.2,50.0,43.18,43.77,42.28,39.3,36.83,34.11,34.99,37.64,41.05,49.3,53.3,53.93,56.63,55.66,48.0,46.53,49.6,51.63
38.65,28.54,24.12,26.09,44.75,44.99,42.0,38.0,34.39,35.0,32.7,29.55,25.7,26.31,21.97,15.35,22.66,25.54,30.44,45.71,46.12,47.92,48.17,45.73,35.99,34.94,47.33,49.37,56.12,56.19,50.03,44.72,37.99,40.0,50.71,35.3,38.33,41.04,34.62,29.69,28.35,30.99,42.08,45.27,46.56,46.44,41.46,38.83,53.0,51.27,51.82,65.19,69.99,72.89,72.15,52.07,44.0,56.41,63.25,37.12,36.03,34.15,36.03,33.95,34.82,43.7,51.0,53.0,57.34,58.69,59.13,59.2,55.82,50.77,51.6,55.2,63.29,63.7,59.82,61.2,50.0,43.18,43.77,42.28,39.3,36.83,34.11,34.99,37.64,41.05,49.3,53.3,53.93,56.63,55.66,48.0,46.53,49.6,51.63,54.43
28.54,24.12,26.09,44.75,44.99,42.0,38.0,34.39,35.0,32.7,29.55,25.7,26.31,21.97,15.35,22.66,25.54,30.44,45.71,46.12,47.92,48.17,45.73,35.99,34.94,47.33,49.37,56.12,56.19,50.03,44.72,37.99,40.0,50.71,35.3,38.33,41.04,34.62,29.69,28.35,30.99,42.08,45.27,46.56,46.44,41.46,38.83,53.0,51.27,51.82,65.19,69.99,72.89,72.15,52.07,44.0,56.41,63.25,37.12,36.03,34.15,36.03,33.95,34.82,43.7,51.0,53.0,57.34,58.69,59.13,59.2,55.82,50.77,51.6,55.2,63.29,63.7,59.82,61.2,50.0,43.18,43.77,42.28,39.3,36.83,34.11,34.99,37.64,41.05,49.3,53.3,53.93,56.63,55.66,48.0,46.53,49.6,51.63,54.43,63.95
24.12,26.09,44.75,44.99,42.0,38.0,34.39,35.0,32.7,29.55,25.7,26.31,21.97,15.35,22.66,25.54,30.44,45.71,46.12,47.92,48.17,45.73,35.99,34.94,47.33,49.37,56.12,56.19,50.03,44.72,37.99,40.0,50.71,35.3,38.33,41.04,34.62,29.69,28.35,30.99,42.08,45.27,46.56,46.44,41.46,38.83,53.0,51.27,51.82,65.19,69.99,72.89,72.15,52.07,44.0,56.41,63.25,37.12,36.03,34.15,36.03,33.95,34.82,43.7,51.0,53.0,57.34,58.69,59.13,59.2,55.82,50.77,51.6,55.2,63.29,63.7,59.82,61.2,50.0,43.18,43.77,42.28,39.3,36.83,34.11,34.99,37.64,41.05,49.3,53.3,53.93,56.63,55.66,48.0,46.53,49.6,51.63,54.43,63.95,64.35
26.09,44.75,44.99,42.0,38.0,34.39,35.0,32.7,29.55,25.7,26.31,21.97,15.35,22.66,25.54,30.44,45.71,46.12,47.92,48.17,45.73,35.99,34.94,47.33,49.37,56.12,56.19,50.03,44.72,37.99,40.0,50.71,35.3,38.33,41.04,34.62,29.69,28.35,30.99,42.08,45.27,46.56,46.44,41.46,38.83,53.0,51.27,51.82,65.19,69.99,72.89,72.15,52.07,44.0,56.41,63.25,37.12,36.03,34.15,36.03,33.95,34.82,43.7,51.0,53.0,57.34,58.69,59.13,59.2,55.82,50.77,51.6,55.2,63.29,63.7,59.82,61.2,50.0,43.18,43.77,42.28,39.3,36.83,34.11,34.99,37.64,41.05,49.3,53.3,53.93,56.63,55.66,48.0,46.53,49.6,51.63,54.43,63.95,64.35,56.72
44.75,44.99,42.0,38.0,34.39,35.0,32.7,29.55,25.7,26.31,21.97,15.35,22.66,25.54,30.44,45.71,46.12,47.92,48.17,45.73,35.99,34.94,47.33,49.37,56.12,56.19,50.03,44.72,37.99,40.0,50.71,35.3,38.33,41.04,34.62,29.69,28.35,30.99,42.08,45.27,46.56,46.44,41.46,38.83,53.0,51.27,51.82,65.19,69.99,72.89,72.15,52.07,44.0,56.41,63.25,37.12,36.03,34.15,36.03,33.95,34.82,43.7,51.0,53.0,57.34,58.69,59.13,59.2,55.82,50.77,51.6,55.2,63.29,63.7,59.82,61.2,50.0,43.18,43.77,42.28,39.3,36.83,34.11,34.99,37.64,41.05,49.3,53.3,53.93,56.63,55.66,48.0,46.53,49.6,51.63,54.43,63.95,64.35,56.72,48.5
44.99,42.0,38.0,34.39,35.0,32.7,29.55,25.7,26.31,21.97,15.35,22.66,25.54,30.44,45.71,46.12,47.92,48.17,45.73,35.99,34.94,47.33,49.37,56.12,56.19,50.03,44.72,37.99,40.0,50.71,35.3,38.33,41.04,34.62,29.69,28.35,30.99,42.08,45.27,46.56,46.44,41.46,38.83,53.0,51.27,51.82,65.19,69.99,72.89,72.15,52.07,44.0,56.41,63.25,37.12,36.03,34.15,36.03,33.95,34.82,43.7,51.0,53.0,57.34,58.69,59.13,59.2,55.82,50.77,51.6,55.2,63.29,63.7,59.82,61.2,50.0,43.18,43.77,42.28,39.3,36.83,34.11,34.99,37.64,41.05,49.3,53.3,53.93,56.63,55.66,48.0,46.53,49.6,51.63,54.43,63.95,64.35,56.72,48.5,45.66
42.0,38.0,34.39,35.0,32.7,29.55,25.7,26.31,21.97,15.35,22.66,25.54,30.44,45.71,46.12,47.92,48.17,45.73,35.99,34.94,47.33,49.37,56.12,56.19,50.03,44.72,37.99,40.0,50.71,35.3,38.33,41.04,34.62,29.69,28.35,30.99,42.08,45.27,46.56,46.44,41.46,38.83,53.0,51.27,51.82,65.19,69.99,72.89,72.15,52.07,44.0,56.41,63.25,37.12,36.03,34.15,36.03,33.95,34.82,43.7,51.0,53.0,57.34,58.69,59.13,59.2,55.82,50.77,51.6,55.2,63.29,63.7,59.82,61.2,50.0,43.18,43.77,42.28,39.3,36.83,34.11,34.99,37.64,41.05,49.3,53.3,53.93,56.63,55.66,48.0,46.53,49.6,51.63,54.43,63.95,64.35,56.72,48.5,45.66,46.94
38.0,34.39,35.0,32.7,29.55,25.7,26.31,21.97,15.35,22.66,25.54,30.44,45.71,46.12,47.92,48.17,45.73,35.99,34.94,47.33,49.37,56.12,56.19,50.03,44.72,37.99,40.0,50.71,35.3,38.33,41.04,34.62,29.69,28.35,30.99,42.08,45.27,46.56,46.44,41.46,38.83,53.0,51.27,51.82,65.19,69.99,72.89,72.15,52.07,44.0,56.41,63.25,37.12,36.03,34.15,36.03,33.95,34.82,43.7,51.0,53.0,57.34,58.69,59.13,59.2,55.82,50.77,51.6,55.2,63.29,63.7,59.82,61.2,50.0,43.18,43.77,42.28,39.3,36.83,34.11,34.99,37.64,41.05,49.3,53.3,53.93,56.63,55.66,48.0,46.53,49.6,51.63,54.43,63.95,64.35,56.72,48.5,45.66,46.94,44.08
34.39,35.0,32.7,29.55,25.7,26.31,21.97,15.35,22.66,25.54,30.44,45.71,46.12,47.92,48.17,45.73,35.99,34.94,47.33,49.37,56.12,56.19,50.03,44.72,37.99,40.0,50.71,35.3,38.33,41.04,34.62,29.69,28.35,30.99,42.08,45.27,46.56,46.44,41.46,38.83,53.0,51.27,51.82,65.19,69.99,72.89,72.15,52.07,44.0,56.41,63.25,37.12,36.03,34.15,36.03,33.95,34.82,43.7,51.0,53.0,57.34,58.69,59.13,59.2,55.82,50.77,51.6,55.2,63.29,63.7,59.82,61.2,50.0,43.18,43.77,42.28,39.3,36.83,34.11,34.99,37.64,41.05,49.3,53.3,53.93,56.63,55.66,48.0,46.53,49.6,51.63,54.43,63.95,64.35,56.72,48.5,45.66,46.94,44.08,44.3
35.0,32.7,29.55,25.7,26.31,21.97,15.35,22.66,25.54,30.44,45.71,46.12,47.92,48.17,45.73,35.99,34.94,47.33,49.37,56.12,56.19,50.03,44.72,37.99,40.0,50.71,35.3,38.33,41.04,34.62,29.69,28.35,30.99,42.08,45.27,46.56,46.44,41.46,38.83,53.0,51.27,51.82,65.19,69.99,72.89,72.15,52.07,44.0,56.41,63.25,37.12,36.03,34.15,36.03,33.95,34.82,43.7,51.0,53.0,57.34,58.69,59.13,59.2,55.82,50.77,51.6,55.2,63.29,63.7,59.82,61.2,50.0,43.18,43.77,42.28,39.3,36.83,34.11,34.99,37.64,41.05,49.3,53.3,53.93,56.63,55.66,48.0,46.53,49.6,51.63,54.43,63.95,64.35,56.72,48.5,45.66,46.94,44.08,44.3,44.3
32.7,29.55,25.7,26.31,21.97,15.35,22.66,25.54,30.44,45.71,46.12,47.92,48.17,45.73,35.99,34.94,47.33,49.37,56.12,56.19,50.03,44.72,37.99,40.0,50.71,35.3,38.33,41.04,34.62,29.69,28.35,30.99,42.08,45.27,46.56,46.44,41.46,38.83,53.0,51.27,51.82,65.19,69.99,72.89,72.15,52.07,44.0,56.41,63.25,37.12,36.03,34.15,36.03,33.95,34.82,43.7,51.0,53.0,57.34,58.69,59.13,59.2,55.82,50.77,51.6,55.2,63.29,63.7,59.82,61.2,50.0,43.18,43.77,42.28,39.3,36.83,34.11,34.99,37.64,41.05,49.3,53.3,53.93,56.63,55.66,48.0,46.53,49.6,51.63,54.43,63.95,64.35,56.72,48.5,45.66,46.94,44.08,44.3,44.3,41.26
29.55,25.7,26.31,21.97,15.35,22.66,25.54,30.44,45.71,46.12,47.92,48.17,45.73,35.99,34.94,47.33,49.37,56.12,56.19,50.03,44.72,37.99,40.0,50.71,35.3,38.33,41.04,34.62,29.69,28.35,30.99,42.08,45.27,46.56,46.44,41.46,38.83,53.0,51.27,51.82,65.19,69.99,72.89,72.15,52.07,44.0,56.41,63.25,37.12,36.03,34.15,36.03,33.95,34.82,43.7,51.0,53.0,57.34,58.69,59.13,59.2,55.82,50.77,51.6,55.2,63.29,63.7,59.82,61.2,50.0,43.18,43.77,42.28,39.3,36.83,34.11,34.99,37.64,41.05,49.3,53.3,53.93,56.63,55.66,48.0,46.53,49.6,51.63,54.43,63.95,64.35,56.72,48.5,45.66,46.94,44.08,44.3,44.3,41.26,40.62
25.7,26.31,21.97,15.35,22.66,25.54,30.44,45.71,46.12,47.92,48.17,45.73,35.99,34.94,47.33,49.37,56.12,56.19,50.03,44.72,37.99,40.0,50.71,35.3,38.33,41.04,34.62,29.69,28.35,30.99,42.08,45.27,46.56,46.44,41.46,38.83,53.0,51.27,51.82,65.19,69.99,72.89,72.15,52.07,44.0,56.41,63.25,37.12,36.03,34.15,36.03,33.95,34.82,43.7,51.0,53.0,57.34,58.69,59.13,59.2,55.82,50.77,51.6,55.2,63.29,63.7,59.82,61.2,50.0,43.18,43.77,42.28,39.3,36.83,34.11,34.99,37.64,41.05,49.3,53.3,53.93,56.63,55.66,48.0,46.53,49.6,51.63,54.43,63.95,64.35,56.72,48.5,45.66,46.94,44.08,44.3,44.3,41.26,40.62,40.07
26.31,21.97,15.35,22.66,25.54,30.44,45.71,46.12,47.92,48.17,45.73,35.99,34.94,47.33,49.37,56.12,56.19,50.03,44.72,37.99,40.0,50.71,35.3,38.33,41.04,34.62,29.69,28.35,30.99,42.08,45.27,46.56,46.44,41.46,38.83,53.0,51.27,51.82,65.19,69.99,72.89,72.15,52.07,44.0,56.41,63.25,37.12,36.03,34.15,36.03,33.95,34.82,43.7,51.0,53.0,57.34,58.69,59.13,59.2,55.82,50.77,51.6,55.2,63.29,63.7,59.82,61.2,50.0,43.18,43.77,42.28,39.3,36.83,34.11,34.99,37.64,41.05,49.3,53.3,53.93,56.63,55.66,48.0,46.53,49.6,51.63,54.43,63.95,64.35,56.72,48.5,45.66,46.94,44.08,44.3,44.3,41.26,40.62,40.07,41.02
21.97,15.35,22.66,25.54,30.44,45.71,46.12,47.92,48.17,45.73,35.99,34.94,47.33,49.37,56.12,56.19,50.03,44.72,37.99,40.0,50.71,35.3,38.33,41.04,34.62,29.69,28.35,30.99,42.08,45.27,46.56,46.44,41.46,38.83,53.0,51.27,51.82,65.19,69.99,72.89,72.15,52.07,44.0,56.41,63.25,37.12,36.03,34.15,36.03,33.95,34.82,43.7,51.0,53.0,57.34,58.69,59.13,59.2,55.82,50.77,51.6,55.2,63.29,63.7,59.82,61.2,50.0,43.18,43.77,42.28,39.3,36.83,34.11,34.99,37.64,41.05,49.3,53.3,53.93,56.63,55.66,48.0,46.53,49.6,51.63,54.43,63.95,64.35,56.72,48.5,45.66,46.94,44.08,44.3,44.3,41.26,40.62,40.07,41.02,44.3
15.35,22.66,25.54,30.44,45.71,46.12,47.92,48.17,45.73,35.99,34.94,47.33,49.37,56.12,56.19,50.03,44.72,37.99,40.0,50.71,35.3,38.33,41.04,34.62,29.69,28.35,30.99,42.08,45.27,46.56,46.44,41.46,38.83,53.0,51.27,51.82,65.19,69.99,72.89,72.15,52.07,44.0,56.41,63.25,37.12,36.03,34.15,36.03,33.95,34.82,43.7,51.0,53.0,57.34,58.69,59.13,59.2,55.82,50.77,51.6,55.2,63.29,63.7,59.82,61.2,50.0,43.18,43.77,42.28,39.3,36.83,34.11,34.99,37.64,41.05,49.3,53.3,53.93,56.63,55.66,48.0,46.53,49.6,51.63,54.43,63.95,64.35,56.72,48.5,45.66,46.94,44.08,44.3,44.3,41.26,40.62,40.07,41.02,44.3,47.0
22.66,25.54,30.44,45.71,46.12,47.92,48.17,45.73,35.99,34.94,47.33,49.37,56.12,56.19,50.03,44.72,37.99,40.0,50.71,35.3,38.33,41.04,34.62,29.69,28.35,30.99,42.08,45.27,46.56,46.44,41.46,38.83,53.0,51.27,51.82,65.19,69.99,72.89,72.15,52.07,44.0,56.41,63.25,37.12,36.03,34.15,36.03,33.95,34.82,43.7,51.0,53.0,57.34,58.69,59.13,59.2,55.82,50.77,51.6,55.2,63.29,63.7,59.82,61.2,50.0,43.18,43.77,42.28,39.3,36.83,34.11,34.99,37.64,41.05,49.3,53.3,53.93,56.63,55.66,48.0,46.53,49.6,51.63,54.43,63.95,64.35,56.72,48.5,45.66,46.94,44.08,44.3,44.3,41.26,40.62,40.07,41.02,44.3,47.0,59.0
25.54,30.44,45.71,46.12,47.92,48.17,45.73,35.99,34.94,47.33,49.37,56.12,56.19,50.03,44.72,37.99,40.0,50.71,35.3,38.33,41.04,34.62,29.69,28.35,30.99,42.08,45.27,46.56,46.44,41.46,38.83,53.0,51.27,51.82,65.19,69.99,72.89,72.15,52.07,44.0,56.41,63.25,37.12,36.03,34.15,36.03,33.95,34.82,43.7,51.0,53.0,57.34,58.69,59.13,59.2,55.82,50.77,51.6,55.2,63.29,63.7,59.82,61.2,50.0,43.18,43.77,42.28,39.3,36.83,34.11,34.99,37.64,41.05,49.3,53.3,53.93,56.63,55.66,48.0,46.53,49.6,51.63,54.43,63.95,64.35,56.72,48.5,45.66,46.94,44.08,44.3,44.3,41.26,40.62,40.07,41.02,44.3,47.0,59.0,60.77
30.44,45.71,46.12,47.92,48.17,45.73,35.99,34.94,47.33,49.37,56.12,56.19,50.03,44.72,37.99,40.0,50.71,35.3,38.33,41.04,34.62,29.69,28.35,30.99,42.08,45.27,46.56,46.44,41.46,38.83,53.0,51.27,51.82,65.19,69.99,72.89,72.15,52.07,44.0,56.41,63.25,37.12,36.03,34.15,36.03,33.95,34.82,43.7,51.0,53.0,57.34,58.69,59.13,59.2,55.82,50.77,51.6,55.2,63.29,63.7,59.82,61.2,50.0,43.18,43.77,42.28,39.3,36.83,34.11,34.99,37.64,41.05,49.3,53.3,53.93,56.63,55.66,48.0,46.53,49.6,51.63,54.43,63.95,64.35,56.72,48.5,45.66,46.94,44.08,44.3,44.3,41.26,40.62,40.07,41.02,44.3,47.0,59.0,60.77,55.67
45.71,46.12,47.92,48.17,45.73,35.99,34.94,47.33,49.37,56.12,56.19,50.03,44.72,37.99,40.0,50.71,35.3,38.33,41.04,34.62,29.69,28.35,30.99,42.08,45.27,46.56,46.44,41.46,38.83,53.0,51.27,51.82,65.19,69.99,72.89,72.15,52.07,44.0,56.41,63.25,37.12,36.03,34.15,36.03,33.95,34.82,43.7,51.0,53.0,57.34,58.69,59.13,59.2,55.82,50.77,51.6,55.2,63.29,63.7,59.82,61.2,50.0,43.18,43.77,42.28,39.3,36.83,34.11,34.99,37.64,41.05,49.3,53.3,53.93,56.63,55.66,48.0,46.53,49.6,51.63,54.43,63.95,64.35,56.72,48.5,45.66,46.94,44.08,44.3,44.3,41.26,40.62,40.07,41.02,44.3,47.0,59.0,60.77,55.67,55.34
46.12,47.92,48.17,45.73,35.99,34.94,47.33,49.37,56.12,56.19,50.03,44.72,37.99,40.0,50.71,35.3,38.33,41.04,34.62,29.69,28.35,30.99,42.08,45.27,46.56,46.44,41.46,38.83,53.0,51.27,51.82,65.19,69.99,72.89,72.15,52.07,44.0,56.41,63.25,37.12,36.03,34.15,36.03,33.95,34.82,43.7,51.0,53.0,57.34,58.69,59.13,59.2,55.82,50.77,51.6,55.2,63.29,63.7,59.82,61.2,50.0,43.18,43.77,42.28,39.3,36.83,34.11,34.99,37.64,41.05,49.3,53.3,53.93,56.63,55.66,48.0,46.53,49.6,51.63,54.43,63.95,64.35,56.72,48.5,45.66,46.94,44.08,44.3,44.3,41.26,40.62,40.07,41.02,44.3,47.0,59.0,60.77,55.67,55.34,52.56
47.92,48.17,45.73,35.99,34.94,47.33,49.37,56.12,56.19,50.03,44.72,37.99,40.0,50.71,35.3,38.33,41.04,34.62,29.69,28.35,30.99,42.08,45.27,46.56,46.44,41.46,38.83,53.0,51.27,51.82,65.19,69.99,72.89,72.15,52.07,44.0,56.41,63.25,37.12,36.03,34.15,36.03,33.95,34.82,43.7,51.0,53.0,57.34,58.69,59.13,59.2,55.82,50.77,51.6,55.2,63.29,63.7,59.82,61.2,50.0,43.18,43.77,42.28,39.3,36.83,34.11,34.99,37.64,41.05,49.3,53.3,53.93,56.63,55.66,48.0,46.53,49.6,51.63,54.43,63.95,64.35,56.72,48.5,45.66,46.94,44.08,44.3,44.3,41.26,40.62,40.07,41.02,44.3,47.0,59.0,60.77,55.67,55.34,52.56,47.44
48.17,45.73,35.99,34.94,47.33,49.37,56.12,56.19,50.03,44.72,37.99,40.0,50.71,35.3,38.33,41.04,34.62,29.69,28.35,30.99,42.08,45.27,46.56,46.44,41.46,38.83,53.0,51.27,51.82,65.19,69.99,72.89,72.15,52.07,44.0,56.41,63.25,37.12,36.03,34.15,36.03,33.95,34.82,43.7,51.0,53.0,57.34,58.69,59.13,59.2,55.82,50.77,51.6,55.2,63.29,63.7,59.82,61.2,50.0,43.18,43.77,42.28,39.3,36.83,34.11,34.99,37.64,41.05,49.3,53.3,53.93,56.63,55.66,48.0,46.53,49.6,51.63,54.43,63.95,64.35,56.72,48.5,45.66,46.94,44.08,44.3,44.3,41.26,40.62,40.07,41.02,44.3,47.0,59.0,60.77,55.67,55.34,52.56,47.44,48.69
45.73,35.99,34.94,47.33,49.37,56.12,56.19,50.03,44.72,37.99,40.0,50.71,35.3,38.33,41.04,34.62,29.69,28.35,30.99,42.08,45.27,46.56,46.44,41.46,38.83,53.0,51.27,51.82,65.19,69.99,72.89,72.15,52.07,44.0,56.41,63.25,37.12,36.03,34.15,36.03,33.95,34.82,43.7,51.0,53.0,57.34,58.69,59.13,59.2,55.82,50.77,51.6,55.2,63.29,63.7,59.82,61.2,50.0,43.18,43.77,42.28,39.3,36.83,34.11,34.99,37.64,41.05,49.3,53.3,53.93,56.63,55.66,48.0,46.53,49.6,51.63,54.43,63.95,64.35,56.72,48.5,45.66,46.94,44.08,44.3,44.3,41.26,40.62,40.07,41.02,44.3,47.0,59.0,60.77,55.67,55.34,52.56,47.44,48.69,52.78
35.99,34.94,47.33,49.37,56.12,56.19,50.03,44.72,37.99,40.0,50.71,35.3,38.33,41.04,34.62,29.69,28.35,30.99,42.08,45.27,46.56,46.44,41.46,38.83,53.0,51.27,51.82,65.19,69.99,72.89,72.15,52.07,44.0,56.41,63.25,37.12,36.03,34.15,36.03,33.95,34.82,43.7,51.0,53.0,57.34,58.69,59.13,59.2,55.82,50.77,51.6,55.2,63.29,63.7,59.82,61.2,50.0,43.18,43.77,42.28,39.3,36.83,34.11,34.99,37.64,41.05,49.3,53.3,53.93,56.63,55.66,48.0,46.53,49.6,51.63,54.43,63.95,64.35,56.72,48.5,45.66,46.94,44.08,44.3,44.3,41.26,40.62,40.07,41.02,44.3,47.0,59.0,60.77,55.67,55.34,52.56,47.44,48.69,52.78,55.81
34.94,47.33,49.37,56.12,56.19,50.03,44.72,37.99,40.0,50.71,35.3,38.33,41.04,34.62,29.69,28.35,30.99,42.08,45.27,46.56,46.44,41.46,38.83,53.0,51.27,51.82,65.19,69.99,72.89,72.15,52.07,44.0,56.41,63.25,37.12,36.03,34.15,36.03,33.95,34.82,43.7,51.0,53.0,57.34,58.69,59.13,59.2,55.82,50.77,51.6,55.2,63.29,63.7,59.82,61.2,50.0,43.18,43.77,42.28,39.3,36.83,34.11,34.99,37.64,41.05,49.3,53.3,53.93,56.63,55.66,48.0,46.53,49.6,51.63,54.43,63.95,64.35,56.72,48.5,45.66,46.94,44.08,44.3,44.3,41.26,40.62,40.07,41.02,44.3,47.0,59.0,60.77,55.67,55.34,52.56,47.44,48.69,52.78,55.81,63.93
47.33,49.37,56.12,56.19,50.03,44.72,37.99,40.0,50.71,35.3,38.33,41.04,34.62,29.69,28.35,30.99,42.08,45.27,46.56,46.44,41.46,38.83,53.0,51.27,51.82,65.19,69.99,72.89,72.15,52.07,44.0,56.41,63.25,37.12,36.03,34.15,36.03,33.95,34.82,43.7,51.0,53.0,57.34,58.69,59.13,59.2,55.82,50.77,51.6,55.2,63.29,63.7,59.82,61.2,50.0,43.18,43.77,42.28,39.3,36.83,34.11,34.99,37.64,41.05,49.3,53.3,53.93,56.63,55.66,48.0,46.53,49.6,51.63,54.43,63.95,64.35,56.72,48.5,45.66,46.94,44.08,44.3,44.3,41.26,40.62,40.07,41.02,44.3,47.0,59.0,60.77,55.67,55.34,52.56,47.44,48.69,52.78,55.81,63.93,61.74
49.37,56.12,56.19,50.03,44.72,37.99,40.0,50.71,35.3,38.33,41.04,34.62,29.69,28.35,30.99,42.08,45.27,46.56,46.44,41.46,38.83,53.0,51.27,51.82,65.19,69.99,72.89,72.15,52.07,44.0,56.41,63.25,37.12,36.03,34.15,36.03,33.95,34.82,43.7,51.0,53.0,57.34,58.69,59.13,59.2,55.82,50.77,51.6,55.2,63.29,63.7,59.82,61.2,50.0,43.18,43.77,42.28,39.3,36.83,34.11,34.99,37.64,41.05,49.3,53.3,53.93,56.63,55.66,48.0,46.53,49.6,51.63,54.43,63.95,64.35,56.72,48.5,45.66,46.94,44.08,44.3,44.3,41.26,40.62,40.07,41.02,44.3,47.0,59.0,60.77,55.67,55.34,52.56,47.44,48.69,52.78,55.81,63.93,61.74,57.42
56.12,56.19,50.03,44.72,37.99,40.0,50.71,35.3,38.33,41.04,34.62,29.69,28.35,30.99,42.08,45.27,46.56,46.44,41.46,38.83,53.0,51.27,51.82,65.19,69.99,72.89,72.15,52.07,44.0,56.41,63.25,37.12,36.03,34.15,36.03,33.95,34.82,43.7,51.0,53.0,57.34,58.69,59.13,59.2,55.82,50.77,51.6,55.2,63.29,63.7,59.82,61.2,50.0,43.18,43.77,42.28,39.3,36.83,34.11,34.99,37.64,41.05,49.3,53.3,53.93,56.63,55.66,48.0,46.53,49.6,51.63,54.43,63.95,64.35,56.72,48.5,45.66,46.94,44.08,44.3,44.3,41.26,40.62,40.07,41.02,44.3,47.0,59.0,60.77,55.67,55.34,52.56,47.44,48.69,52.78,55.81,63.93,61.74,57.42,57.56
56.19,50.03,44.72,37.99,40.0,50.71,35.3,38.33,41.04,34.62,29.69,28.35,30.99,42.08,45.27,46.56,46.44,41.46,38.83,53.0,51.27,51.82,65.19,69.99,72.89,72.15,52.07,44.0,56.41,63.25,37.12,36.03,34.15,36.03,33.95,34.82,43.7,51.0,53.0,57.34,58.69,59.13,59.2,55.82,50.77,51.6,55.2,63.29,63.7,59.82,61.2,50.0,43.18,43.77,42.28,39.3,36.83,34.11,34.99,37.64,41.05,49.3,53.3,53.93,56.63,55.66,48.0,46.53,49.6,51.63,54.43,63.95,64.35,56.72,48.5,45.66,46.94,44.08,44.3,44.3,41.26,40.62,40.07,41.02,44.3,47.0,59.0,60.77,55.67,55.34,52.56,47.44,48.69,52.78,55.81,63.93,61.74,57.42,57.56,52.18
50.03,44.72,37.99,40.0,50.71,35.3,38.33,41.04,34.62,29.69,28.35,30.99,42.08,45.27,46.56,46.44,41.46,38.83,53.0,51.27,51.82,65.19,69.99,72.89,72.15,52.07,44.0,56.41,63.25,37.12,36.03,34.15,36.03,33.95,34.82,43.7,51.0,53.0,57.34,58.69,59.13,59.2,55.82,50.77,51.6,55.2,63.29,63.7,59.82,61.2,50.0,43.18,43.77,42.28,39.3,36.83,34.11,34.99,37.64,41.05,49.3,53.3,53.93,56.63,55.66,48.0,46.53,49.6,51.63,54.43,63.95,64.35,56.72,48.5,45.66,46.94,44.08,44.3,44.3,41.26,40.62,40.07,41.02,44.3,47.0,59.0,60.77,55.67,55.34,52.56,47.44,48.69,52.78,55.81,63.93,61.74,57.42,57.56,52.18,54.38
