,0,1,2,3,4,5,6,7,8,9,10,11,12,13,14,15,16,17,18,19,20,21,22,23,24,25,26,27,28,29,30,31,32,33,34,35,36,37,38,39,40,41,42,43,44,45,46,47,48,49,50,51,52,53,54,55,56,57,58,59
0,0.10931827576733441,0.0,0.0,0.28290632034964913,0.16517092476227968,0.06153225560113002,0.14173437283208368,0.0,0.5776079203873987,0.285872801851449,0.0769695780892306,0.11238267062179745,0.10812284963895528,0.0,0.07979035917665406,0.0,0.017582164711917852,0.08120182496522316,0.3315321247983285,0.21089822502231328,0.0,0.09174790633691096,0.0,0.046003304096104654,0.07785437396517017,0.1594087451679964,0.06197755346390801,0.09024030731526661,0.057435090227745365,0.0,0.0,0.06995245911497296,0.0,0.27486904906510684,0.018604779261921292,0.47763116990902976,0.0,0.27243334598542884,0.3018522174259157,0.09153501266459271,0.11006840890264773,0.08914150140393547,0.0,0.0,0.17504695644814067,0.0,0.0781428503215,0.040182744128786974,0.017106739766452602,0.0754451466293292,0.1388218829300551,0.0,0.0,0.05282188549659965,0.0,0.04027675038015449,0.0,0.08659267237436928,0.0,0.031669572856400915
1,0.0,0.11968751735812233,0.3184122541840572,0.1471391595097119,0.3945452488965443,0.08173023613375247,0.1467820606673342,0.08407669886999061,0.4286259538761091,0.0359327492457639,0.1090180834333938,0.055949536666796786,0.0,0.12476723708940772,0.0,0.12195588603826567,0.10372774186611036,0.05343840218475508,0.22574709096174897,0.2967133083853645,0.14529439576291547,0.0765105928084989,0.04267480278876607,0.0,0.06280797842042157,0.22213310962854207,0.043549708706650765,0.11146806851473617,0.04507536746426386,0.0,0.0,0.0,0.034981270594280904,0.0,0.19562914651148375,0.0,0.05590576402800114,0.07596503466379981,0.18035937214561087,0.0,0.017161690034870992,0.0,0.0,0.07525963636917052,0.043817212214821516,0.16125128621005136,0.055571592102209834,0.1185917051807362,0.028345127135656165,0.0,0.1071095885195958,0.04540687044908994,0.0,0.014517555725736533,0.04416548893139563,0.08032687073547169,0.10464152511408066,0.11694346436427021,0.18050565626407175,0.0
2,0.0,0.08964751857957136,0.10837300579953331,0.1765204501967409,0.4474975767186338,0.07940120268994054,0.10480816344916838,0.06185161925476776,0.19716052734395126,0.586856642956307,0.14019871315871482,0.0,0.0,0.12139059190493333,0.1277721036749443,0.13080088289830769,0.06908444933953228,0.052038346485129484,0.09074415135548927,0.02354127228186411,0.13285548959474833,0.026994245095341107,0.06351851410331039,0.11069636063832208,0.22575140582706357,0.28539215779110993,0.16611235634095606,0.09722945167195907,0.08509986502851019,0.0,0.0,0.0,0.09502113828321887,0.32806716928567503,0.027321932327898146,0.0,0.045029741682824684,0.07335518672699265,0.1548576068192953,0.06699901605505133,0.0,0.0,0.0,0.0,0.03298629442410489,0.09286107749751825,0.0,0.0,0.0,0.0,0.12792361671880367,0.08465681909081597,0.0258694273519674,0.04632740200785835,0.16674425891169836,0.0,0.07464446471040267,0.09520038951879842,0.0,0.0
3,0.10784301093984178,0.077755571732223,0.017330922034562136,0.691570143415005,0.0,0.16401543115203376,0.11790690357917029,0.02495327292015342,0.03079299001546197,0.41755019806942356,0.12498691456363824,0.13035920044590515,0.0,0.10994359626567989,0.11943717090275931,0.06143611652343521,0.0,0.06052937748774051,0.22634432091310383,0.15596972585067917,0.1205882330579942,0.053743735030642344,0.053871912289795834,0.3119037552234048,0.13199239294321047,0.18303111423411073,0.1779039984867914,0.04870518368261433,0.04442599627782775,0.0,0.008882417665648372,0.0,0.07583823250727154,0.023813208964957148,0.1124467412058488,0.2390535325062119,0.05283222192088037,0.05568317859690522,0.0012762359945365808,0.0,0.10804982081980186,0.0,0.0,0.00521157744410045,0.0,0.0778216562574774,0.0022902783268476303,0.0,0.015474594288864472,0.028753009836486116,0.22608358953520633,0.09847186190796768,0.0,0.007218205950204193,0.05692468346512792,0.036613959805272635,0.06661362363423051,0.298544356238854,0.0,0.0
4,0.15579254471491574,0.08191284746514169,0.061798067188976305,0.042614673106061395,0.4500553216151614,0.207180069695368,0.11022569172780994,0.18974330066104259,0.11829047679767922,0.1379280720168255,0.0444925186133852,0.07646274225613192,0.0646155599903211,0.22225100463078118,0.010722160942392337,0.07150080568732617,0.09194465505771934,0.17941158826574494,0.08295168429181386,0.48601732839152434,0.10470094628504835,0.06870030583070767,0.1966595660891514,0.18017448384471446,0.10548631761784584,0.1042919931309626,0.07731979231501589,0.1319751176377247,0.09814352345446099,0.0,0.12822367019555495,0.0,0.0,0.10554289127001744,0.2275684935347723,0.009234132809610877,0.04889348929836275,0.0,0.0,0.03241230016844312,0.013712364608878383,0.24177672108855794,0.054291877903920864,0.030289833267274472,0.1534038925602453,0.030761907524056577,0.020599722681713263,0.0,0.0,0.04366683068577323,0.1307906710343055,0.0768943059059889,0.07289976881436094,0.0,0.4056549895760256,0.0,0.026057747902117127,0.0,0.17451735583323968,0.0
5,0.3466357190587073,0.14487755505114225,0.028152785686020403,0.06256992101735592,0.20663118617079024,0.3042331976968735,0.08533134154403284,0.19625466724971882,0.6242427077162392,0.06358939812692795,0.05691917820601431,0.06393656705353024,0.0,0.0,0.01987564641189251,0.24541830112880553,0.01761176751476693,0.0,0.22196808673506832,0.10711062396269566,0.14863800294082355,0.17939106353151657,0.07281561225245549,0.32797439420259594,0.11132132281028233,0.041131334465267545,0.08765586448068108,0.1039489852435635,0.0,0.0,0.0898055499108924,0.0,0.07409445490617822,0.405024677202364,0.01660334165959145,0.05047956757389042,0.0,0.022384630954028997,0.009462972299875411,0.08589111831628023,0.11317223025535204,0.0,0.07832715290320458,0.0,0.0,0.011498761348273129,0.03167867048605164,0.0,0.0,0.01960841236331796,0.24568503236662229,0.02002558657605057,0.05144566895997326,0.07398390937950321,0.0,0.0,0.0,0.12696054837636006,0.1437815966921469,0.032202650059776905
6,0.2202998039614667,0.0,0.3681905084757067,0.07736616202922177,0.06616730182649186,0.0707530027470691,0.31202121995683,0.08775189217636316,0.23557974159446848,0.322303398742262,0.13917725015456422,0.13766896371576406,0.05857978929243116,0.08958504280026126,0.06101656990751853,0.05511441515682975,0.06784635522953718,0.06050245346013881,0.1353520419271365,0.2729325763798027,0.1527837668645908,0.09630765243309007,0.2336344634406524,0.07852603566944766,0.1098791401393653,0.3254610454437244,0.3488983991529263,0.09648930711844736,0.0,0.18096820492738064,0.10142977429980517,0.17687109720119418,0.012541336527181977,0.21719634352291034,0.02315999462367412,0.0,0.0,0.1708510663248875,0.0,0.03994914593876638,0.04658894740876624,0.0,0.11870586068765537,0.07748240097236318,0.12462528280821637,0.16146000690615245,0.15954564493106013,0.09157261394955674,0.046075208666511595,0.0076789442262444356,0.11382821345626183,0.3171308699115455,0.0,0.017883371313410616,0.10714906125213075,0.1032033075199923,0.3139466175385459,0.0625869884724077,0.14327778667416702,0.0
7,0.043896809423773823,0.0666052867880963,0.2614520562583104,0.1303208426557624,0.5134009712216493,0.598943802192977,0.10690849441498446,0.08154809200200429,0.24899005530720103,0.093038342479527,0.0,0.077881823087617,0.12605730494956147,0.0,0.05195650615123437,0.24694203368509776,0.058446701380606855,0.09573846617435885,0.10081385840903051,0.07972067900779789,0.12069205200878139,0.050328623940502484,0.1707613500382059,0.10725870827476161,0.09477306099498806,0.07465510110827249,0.09934514693146708,0.020087170816659963,0.14479939145691015,0.044880150759338475,0.07086332950148053,0.021005532878114876,0.0,0.19501554554635595,0.04051857443167076,0.06738022649322999,0.23651283642049092,0.024984564296975917,0.0,0.019021897204400617,0.0,0.0,0.1532600577094777,0.012819401047957068,0.08316616285973114,0.06421573869477787,0.0,0.0,0.0,0.023031244835701327,0.038749507922817686,0.07233295901406582,0.005573127132010505,0.011982036855719205,0.14175943735413601,0.0021820112673570534,0.12337217249150491,0.0505030712568238,0.04986217309386463,0.0
8,0.04494712018447953,0.08236680488704076,0.14860845503953676,0.30762360160681085,0.1306952153564514,0.44973763301213504,0.3548402975195279,0.056992150399694845,0.12308839947821597,0.05797818383996557,0.13252123710065214,0.041813874639983734,0.0,0.08489524323946807,0.030189795742625255,0.013680086487607015,0.11786499251111757,0.13299523564151572,0.060578605982471896,0.3947724630458189,0.09009891349467934,0.022914781787382,0.267075570440651,0.03935860740018342,0.15336977764488655,0.0570480789316678,0.0,0.0,0.1992533525942972,0.0,0.1706963162135464,0.06530360584132103,0.0,0.0,0.038227740448266795,0.0927784949316653,0.16914912413342093,0.0,0.0,0.08270419303306924,0.031552048543232764,0.1326307422462138,0.10705510341434803,0.0,0.07008092091763281,0.06787091184460875,0.09531317017143927,0.0,0.0,0.5070152067745574,0.03672261304210354,0.059472752641444346,0.04503372162729552,0.18526222918693958,0.0857705389993955,0.0,0.0,0.1405284373142831,0.22454028566052175,0.01597024731596196
9,0.09615236756581308,0.20499927955124775,0.03033351899814605,0.15862713629310313,0.0953108785337116,0.43394333728753537,0.17964876695980161,0.08234171927400286,0.18265465417150054,0.3886912299816861,0.051699613626836304,0.10292704902507625,0.27253249739667956,0.053642149713098594,0.0,0.21516029438610756,0.04268803612243508,0.0,0.18855717021484064,0.08465924393323956,0.23435830790163373,0.0,0.28989280393962147,0.1893022035898302,0.21332134339789102,0.0,0.10275585075909761,0.04348321975648669,0.10744086718992753,0.03583220946336144,0.0,0.026325542548442733,0.0,0.0,0.0713410979515005,0.032920102613143876,0.11416835756819169,0.06859043726726552,0.0,0.06749235305876736,0.08299286086910801,0.02674345974308303,0.0,0.04224822156580613,0.0,0.06465706091614741,0.20059962123440012,0.0,0.013489998801802683,0.10711251350601148,0.047932975156025084,0.1071813482759991,0.0,0.07870049321325454,0.08881662899293778,0.018934050118106577,0.0,0.4735888260581915,0.0,0.0
10,0.07943494229371208,0.2856587244411584,0.3437174325487341,0.20303369958392714,0.08964622575073611,0.054718683793575834,0.2855915699496886,0.0,0.11579392285542696,0.15520456427105425,0.41492873200882224,0.060573340140325546,0.1673695426665842,0.1702349828509346,0.08105653560820907,0.561096660468792,0.0,0.132090951226372,0.25096907260615686,0.10727943454314412,0.2617115604354611,0.16493409817923108,0.16447692830222782,0.15709010075494242,0.1584750367242748,0.0940146558876132,0.008728389275385435,0.030643511732299913,0.0,0.0,0.19972342679117944,0.2002190768087321,0.06312825136832637,0.019007075085233333,0.034349384342904375,0.0,0.09831645325497887,0.16462143660406156,0.0,0.0,0.06516679319493644,0.048890101247250475,0.10779433556785589,0.0,0.10920901976385307,0.0,0.1636958650374892,0.03335183013071258,0.04776567687273853,0.0,0.0,0.025781858113750916,0.05008324293446039,0.04107528391118006,0.0,0.0,0.05494534723390429,0.0,0.08755862106259064,0.11744158847989172
11,0.020976681754785537,0.05802238906324895,0.08503887867861099,0.136532730462843,0.03462438498624569,0.5146466074442644,0.0,0.16034617674201737,0.17163380256487368,0.05120448808087557,0.1908440154882517,0.08185986011407816,0.06256830822921143,0.1831632595048114,0.11684259834399756,0.12208496526902886,0.10033367023043181,0.07624031377363827,0.15551296537607054,0.3003512879404007,0.12748620702465022,0.05804269869873774,0.13776804392173253,0.3495198893747802,0.18949395835774063,0.19475139144385054,0.11174206397648208,0.05926640070225465,0.12759042988922573,0.0,0.11027833719496526,0.025068127932159585,0.13991328061115674,0.3399058482623182,0.05479023655380707,0.0,0.011622373748321318,0.022388387672689435,0.0,0.0,0.0,0.06211465091223043,0.08911321404376223,0.2136916256153766,0.13561576976828454,0.0,0.0,0.0,0.0,0.22506330063650895,0.0,0.033441938141038234,0.0313174973269209,0.07716644217051981,0.08382659337861746,0.0,0.16178229105085834,0.0,0.09572803722349818,0.02296787676840934
12,0.0,0.1377524006682801,0.12005011082878568,0.12236408587409521,0.39746905138631916,0.06792042312500655,0.11543540803633491,0.05956712682421055,0.062139194401293764,0.07182078841488049,0.05165599229021828,0.17593588889233977,0.19226968341569883,0.1513390310082674,0.0,0.2231716778880337,0.156882895250744,0.09288430695286178,0.1568739318973313,0.08854848791139838,0.02741520120918091,0.3859785398737367,0.1315168967015117,0.0,0.16656426088996906,0.283811062039321,0.0,0.0,0.12200695529187014,0.0,0.1341013680628947,0.04727773791656705,0.06204754377582262,0.13198632915763006,0.05915262235150924,0.0355536068997192,0.07699089570715864,0.06831731717942455,0.12464753596685385,0.0,0.0,0.0,0.1508913081430003,0.14510380165172088,0.0,0.045924896443997366,0.270822898090107,0.0948159976817729,0.006252374616462782,0.24393985586373976,0.0756782063441639,0.23784971654775128,0.08755820043113095,0.22809913535094722,0.13690802471263916,0.08436856130930014,0.13637957251068147,0.2893568612197746,0.04375937902559998,0.02420847784588068
13,0.1664320621784556,0.19656768638696268,0.10151564425244816,0.10306836369476528,0.5769365557375412,0.47380848053021113,0.22847286290495572,0.03830527951344449,0.05863616566756089,0.2868119437882869,0.13515894396587014,0.022942817495709592,0.08966653425026115,0.0,0.05752606498209781,0.0,0.10184895068999479,0.05279567819593925,0.10884528717997168,0.3274716955726986,0.0,0.0,0.0,0.04491763193345876,0.20340454091901553,0.01970349668114664,0.0,0.020242449266594558,0.0,0.0,0.0798328558436121,0.12032765825234482,0.0,0.0,0.08498846420966157,0.1431967342688814,0.07238076298716312,0.46597300442323664,0.0,0.08810879095676666,0.06739257731546716,0.04306125653389331,0.0,0.0,0.2437346866879743,0.0,0.0,0.0,0.0,0.05929665311768483,0.0,0.016559600088687145,0.043400585746814116,0.03287054931955416,0.0,0.0786174117452304,0.07799560093032744,0.031455982817204145,0.1668385542937546,0.0
14,0.0932842907219336,0.0,0.6158505722030186,0.04137606315921955,0.40833623366670907,0.47225581038165587,0.23889677747065355,0.08737207623159478,0.09043038303626448,0.0906151615907296,0.17357722648780538,0.07286801188389028,0.17210110007039758,0.048843940765608364,0.024808633738202,0.09935832819362139,0.0,0.08864745697189369,0.35436254523956,0.11658823098018305,0.0,0.011760629560432596,0.055180377825122834,0.12840534284896457,0.0,0.0609867893636736,0.0,0.047549676139858124,0.0,0.18429774401239782,0.0,0.16687205907999114,0.033173016013343395,0.05753021331621455,0.08599884846708739,0.043425450838385754,0.10744953981180065,0.21504250038847655,0.0,0.0,0.012484890468366493,0.09189229971613984,0.12237422801381377,0.0,0.0,0.0,0.009278621523921983,0.0,0.018868856285608943,0.0607722444560538,0.0,0.0,0.06882738650039955,0.04291786173584096,0.07539098692665851,0.023385220157000827,0.09149071786279638,0.06704645230469346,0.0,0.16004399177309842
15,0.0,0.0668645065504431,0.10277352471802616,0.039560716991767456,0.4653249428802133,0.25522796936729075,0.2916846748977977,0.04156137666053658,0.19813749301016725,0.10471983682926524,0.16333611768881315,0.09877910358540448,0.09817425897102279,0.08412556075931228,0.1386964185158722,0.20094331470594023,0.13754749996774893,0.13679253599615776,0.10224800957001261,0.053537783588200674,0.126020838351998,0.1735271164597011,0.2183627811587815,0.1693116877857539,0.1626797454868235,0.0733905709111706,0.1609342913374585,0.19801750247836192,0.0,0.0,0.16380426491814745,0.12936208108461295,0.19014427445661355,0.0319696164001643,0.11268005302108733,0.0,0.022937840124763454,0.09742157304011441,0.07898328398928232,0.0,0.034175392924835,0.0,0.0789932532483388,0.019881798461249805,0.01301979840581232,0.34392718751011353,0.07212941972324739,0.0,0.06348738580372816,0.059241588141624654,0.11309387392670779,0.09620707103736283,0.13723443410883238,0.08887642257093045,0.1214029589530725,0.0889612492134239,0.040354868883417765,0.0,0.09045787566379568,0.09917175891832504
16,0.04779338447800364,0.1636654770295753,0.05997396737908274,0.029046028638675194,0.5057610625374389,0.11565580057577206,0.12894076702528293,0.11405807961022199,0.11080310424174969,0.4574580853631789,0.014738039466721755,0.057451435852119745,0.0,0.1898106136265426,0.1262434886848557,0.13268274534615945,0.11713408819492648,0.061832670259553024,0.20400180498873208,0.14481597290027545,0.09796336756738147,0.0,0.1638047855024125,0.0,0.11749450799601868,0.08134609662858834,0.0,0.0,0.06414426108738948,0.0,0.07833777039476802,0.11148617893540831,0.0,0.20275954212797861,0.0,0.05588162948592876,0.0,0.21203590743070833,0.0,0.0,0.22191496401441882,0.0,0.028244878553145978,0.0,0.07059458825661513,0.08755866851022226,0.008185010413862064,0.0,0.015639223970828696,0.11439239315508656,0.16559885565614416,0.08281645577764689,0.07701600641943163,0.03568891611245941,0.049637561337026,0.0,0.07932450387718774,0.07240300816386691,0.05671170566850437,0.0
17,0.06723358312058302,0.305254836746191,0.2240683957514501,0.12706442358026931,0.46343983604857975,0.030076797487832076,0.22633851547328857,0.04802192467838078,0.6007557033275035,0.13496478767662184,0.13461295999092804,0.05604317012276634,0.0,0.06863642986663214,0.029098292881363307,0.08221294206625819,0.04487596034771277,0.07348216192425326,0.11675558931961605,0.01977029260052123,0.0,0.08139212150479196,0.03267851895788656,0.1342085195706141,0.17640983909583796,0.0,0.3189675300221237,0.040821288960709745,0.03800238609356331,0.10470504355829986,0.126924033403851,0.10532588955702217,0.10107737344358561,0.12188532084342564,0.09330774162556628,0.1944666455514569,0.07312759448284002,0.03471587746333614,0.13773903843636864,0.0,0.1456092041661222,0.040595405516869826,0.0,0.0,0.03994513743306942,0.0995100593254347,0.02634061164100256,0.0,0.00947494041908741,0.0,0.09535832300571558,0.0,0.0,0.04933399757972516,0.0,0.13848297736815757,0.06165206177328213,0.06315095786445851,0.33908813129450266,0.05949143922933151
18,0.12088895569107935,0.15671520094224803,0.37682979694287466,0.2299110001490181,0.1033100667511006,0.020328689205545362,0.2621716433833091,0.18039758028853423,0.11411473499258372,0.43621567741196915,0.05570276084289546,0.028903417570838086,0.01788978702779445,0.17954618045234394,0.12666885353397597,0.1592324365491613,0.11402057285425209,0.07033155569306014,0.37673256234983454,0.0,0.19976985171045536,0.0,0.07648988880789892,0.03361491481985476,0.0,0.022755011599730736,0.0,0.21757899975895673,0.021577900209048664,0.003202712371588182,0.06742122053667493,0.017448108699853457,0.0,0.0,0.05154842653137035,0.09799108630092843,0.05850309936722153,0.094720619924775,0.0,0.0,0.023802690363560797,0.05651061530099775,0.027708455492421787,0.0,0.054620704899117065,0.0,0.10599831512450333,0.02674614192694083,0.07641848064367285,0.0,0.0,0.02533636955645211,0.0644376441401529,0.0944831968193108,0.07428585183670083,0.13122529114169051,0.09579116880394899,0.2310907835006985,0.0,0.0
19,0.0713978881035588,0.3960565191648773,0.21679240785229414,0.2837705154395375,0.3865925717234815,0.13108693748006664,0.10507133839534216,0.13179697456999154,0.0343975101462019,0.03976245596405176,0.17402629468810055,0.08672879829330014,0.0,0.09319577302723146,0.06580104045159937,0.09682901529736025,0.0,0.0539531682105619,0.021386696557377724,0.13605502736858932,0.5054900567149808,0.04976270377980567,0.1472698797411202,0.24901945324797295,0.09985185560014498,0.44824826270670587,0.0,0.32724960244974716,0.0,0.15683583127532685,0.0,0.11669018126044768,0.0,0.0,0.05844750215270547,0.09512515723346011,0.037165004328115245,0.45670788757451275,0.2039817596791705,0.18353640175715516,0.03195233177480298,0.010833901141225058,0.13571135554985977,0.0,0.09765887966836907,0.0,0.03038849634434425,0.0,0.1376224417294755,0.06561970075866512,0.0,0.0,0.1296850678666981,0.07258577879527056,0.0,0.12463943688541793,0.0,0.13889445571482215,0.11036810781451502,0.15213365895092165
20,0.021852923624579357,0.12173633491107888,0.08932870399845971,0.5795161394502903,0.3341475938877197,0.194774395279997,0.06076394002419492,0.030847471130640458,0.3380943791400779,0.19954365810019808,0.13296536971954234,0.09539805712401739,0.07418493518347573,0.0,0.05324465502094003,0.17430960869823295,0.15706668666232,0.09373607523607551,0.14526865174503023,0.18563157730523167,0.19938019257123843,0.0,0.1835778438863741,0.11647268023219101,0.06346281837688926,0.0,0.032026437182493026,0.0825497434796842,0.0,0.0,0.0,0.2960453029601481,0.03999777591092342,0.043740456971878866,0.24144557103809983,0.14148363214258375,0.103970180285388,0.0,0.0,0.11086417201181019,0.038525725135547806,0.011014017727910698,0.015834242829502628,0.0,0.0,0.062270290857087615,0.0,0.0,0.03334230865047,0.11449652232018785,0.14474099226117682,0.05161162215486211,0.012793676447623317,0.0297536599928699,0.0,0.0,0.0,0.0,0.10038270322959417,0.0
21,0.18616840540946844,0.0,0.09393636858040956,0.3562174064746656,0.36730977646756463,0.4879278356908267,0.05531010316928842,0.08914590465615496,0.46286469661140506,0.20205944121923358,0.0,0.012169691801744058,0.0,0.10248454325998269,0.04285254895595573,0.058544576985919666,0.05919416341320138,0.08837714653775137,0.11992682540574819,0.17067418218361968,0.1455680533343394,0.0,0.1034460345283952,0.0,0.11509270454789793,0.052951189809523805,0.12898359156395883,0.07624244550243436,0.13905209565425286,0.0,0.0,0.03781945833116793,0.1564596897629649,0.18618543692678025,0.008941178494766371,0.11887041791839661,0.0,0.0,0.0,0.0070909559117899226,0.0,0.04756485398300662,0.07842436394650956,0.19258086001120883,0.10365308141043422,0.06414438405334262,0.0,0.0,0.0,0.06244343216043874,0.04836296841116628,0.0,0.0,0.0,0.03563050501407644,0.0,0.03674236661944856,0.22203087243727623,0.03663516541934414,0.0442835909267351
22,0.014263348421311202,0.059523372607146394,0.12671614828133257,0.28613076171424406,0.36201630983005406,0.3022204781579126,0.28090637958066017,0.03970541911964603,0.32793219978096877,0.024120310243932987,0.08717727104423954,0.08708629657363724,0.06979668032441544,0.07201307071339721,0.3695837812190595,0.19319073842755724,0.07156005649792968,0.07682716280461097,0.10465012642664434,0.17339062589950874,0.08628017369794576,0.0,0.0986176962239651,0.3087876124749058,0.0,0.017044178657460284,0.0,0.060816665414618054,0.15286029778580887,0.05383537882049916,0.0,0.03370097043994749,0.0,0.0,0.0638974009460095,0.09640205314874109,0.14220716669087885,0.0,0.05690401033821496,0.0,0.024194080320919267,0.07706155125064043,0.1753242428291066,0.0,0.15057815896856253,0.0,0.1512620888723806,0.0,0.10402408081523332,0.018011274459542093,0.039593399580708795,0.07235575947404527,0.06054341070106174,0.06333209987102123,0.07672452013917903,0.0,0.12044405176554579,0.023364898186309643,0.1052602774030809,0.07668444068900006
23,0.0,0.17739946613287874,0.12802081633015874,0.2768519380764406,0.4666787438299816,0.18435937566049965,0.2496346521327659,0.0972327421194214,0.11753968007768702,0.4282741284606745,0.06743663211523704,0.1875021546818388,0.01942742822499691,0.062377887211298735,0.024705071210243287,0.38528497981501264,0.11894071699882466,0.10825489960816351,0.2820426197980477,0.038313190848808076,0.15066212856320535,0.06289422375946405,0.0,0.030587030047411316,0.04652707777318959,0.08398797520601205,0.003095517668002836,0.0,0.0,0.07381701383040465,0.0,0.0,0.0,0.0,0.04961124157934682,0.05170949839110075,0.0,0.08070021794017558,0.07033332528507363,0.07009202211362173,0.06707173059444087,0.04685543785014938,0.11174045882286933,0.0873702754759464,0.09450970419177032,0.0,0.1852841663902559,0.0,0.0,0.03255722959388803,0.0919427167435411,0.0,0.027524189030934697,0.014355254200300465,0.0229806060348707,0.031399975955599665,0.0,0.0,0.08886314056953912,0.05603549194592716
24,0.04774224321890775,0.04936857913158023,0.12220666900576652,0.6898035015285976,0.2839410708443951,0.3334260574282692,0.1726051786714268,0.06398044240916011,0.13695910069323847,0.14826298472718186,0.013765414498415071,0.07104957984202637,0.0,0.1268461482654154,0.30905387405137136,0.09480107826438279,0.04896214498952187,0.10008415826081932,0.12483185312458925,0.07520303601227539,0.15608089672849332,0.08988564490310592,0.38678110817268296,0.16143866342167826,0.06739127766458713,0.07631306730044567,0.0,0.03283129908591536,0.03217772709467013,0.2137368430912934,0.0,0.017131622741863577,0.0,0.13460605125674754,0.0,0.08704120648952403,0.05388210960165892,0.14501847569617424,0.0,0.09199518954420528,0.07605999182711246,0.06021876414653999,0.0,0.0,0.10785372634993019,0.05442830610237408,0.0934973792036965,0.0,0.02974747071571534,0.0,0.0,0.0689375405643744,0.0,0.06964247921692931,0.015802867399607425,0.0,0.19625849514343108,0.1208747507539886,0.16008280845271355,0.0920998930311292
25,0.06656693257817606,0.02997212843923426,0.38944284807620105,0.5668488709729689,0.22122649162540867,0.093413505103671,0.29872692610570034,0.0355206553711621,0.14119607811702248,0.30392279125001004,0.10404143422393133,0.04804930585016504,0.05165934969452317,0.13706755160388037,0.16470088257451934,0.09642062709247208,0.14747140738598127,0.05630101458774858,0.06016839500614719,0.10278396789166258,0.06715910975398418,0.0,0.15249432940891153,0.07555004299247672,0.040283945256057684,0.0,0.0,0.08444972856296884,0.11745722554819472,0.0,0.0,0.0595055752296882,0.0,0.0,0.14450724563800862,0.1682416869350038,0.2868880507211706,0.031615823303612185,0.0,0.06029983761481576,0.0,0.003930595212568125,0.020877192219487854,0.018498354618994253,0.025212602820311302,0.1028217609064705,0.24040260026165008,0.0,0.0,0.0,0.06545878028456613,0.0,0.05014407496793778,0.1028433526180258,0.06042899849254823,0.0,0.03479275090880479,0.17663226743483892,0.0,0.0
26,0.03671139625795737,0.10710897930436947,0.2221146453665763,0.6511931837677257,0.22349377163875533,0.2792540457753121,0.23436234296973432,0.06950552879517985,0.12940434326268532,0.09162640132677057,0.022420029029004588,0.07363880677492245,0.0,0.11246569356099666,0.0451117231164477,0.0,0.09699506179475743,0.11841365112017364,0.06730604248925258,0.1507950871449014,0.07278447193705646,0.035744641701102677,0.0,0.19729742712267234,0.08528613956078615,0.02017553743244836,0.0,0.04156466183209726,0.05553563999467678,0.08008607949996495,0.0,0.2031577752561381,0.030618490732122448,0.01467453848736579,0.11014126735218957,0.021140745422004156,0.10881267807111787,0.023029130976190346,0.15960771178983407,0.08043486863716585,0.03546222711458127,0.0,0.0,0.02431576711923817,0.02350574875334191,0.0,0.13084933332720838,0.06374173517060991,0.041836163398222215,0.06224108461906993,0.21452160271347245,0.08800706226852675,0.17856803371694177,0.10310210572877626,0.0,0.0,0.0,0.070416275504131,0.35146433522617554,0.0
27,0.0423040758465018,0.09227096043545431,0.2423312709730398,0.06810683270183765,0.12463833715641819,0.3742366219342687,0.18758689566698508,0.0,0.4749932191764218,0.07086779135387393,0.1849165598765179,0.11658572153723462,0.011413712891745677,0.07417643877823839,0.16825456408711534,0.10466561498131066,0.06768289688089843,0.03088310959746608,0.2002019968650983,0.06725875675435078,0.054703386648911834,0.08171602501312232,0.3393569387533371,0.045547780374173785,0.14993530390536758,0.26165979691643637,0.10772096234120605,0.02760001158736749,0.08997193394111769,0.0,0.0,0.09797712637186083,0.0,0.0,0.03028135471701895,0.11229378775629745,0.0,0.0,0.07404148867036765,0.12736639045145284,0.04482228307211986,0.07628139981444963,0.053275935537438125,0.12799749750855502,0.09981114462676845,0.09831274240745355,0.018785512354083777,0.0,0.0,0.08780349151778882,0.008698190036486945,0.12416165999490535,0.10296006123527932,0.1295661863431054,0.10941590765316478,0.010660541024801282,0.15817873793888154,0.17547299533599697,0.22616107141095718,0.0009499946726729407
28,0.03648531945478795,0.21523028368649905,0.020154930013612394,0.6833014806413529,0.15783347072867351,0.08848735450992333,0.330762814914535,0.07075863037563918,0.1437807799701686,0.07173339836863118,0.12275669735624872,0.12967953362199494,0.026755844639629635,0.18806123049963774,0.0,0.0,0.1200884635673722,0.06006693525955925,0.06401382958247476,0.12503152250437455,0.21389766910890246,0.10683469917993973,0.0,0.3711322592628121,0.05036118502601106,0.01449144059300328,0.32088814458130505,0.0,0.0,0.0,0.0,0.006285026970685974,0.19426441812945824,0.07818483737186639,0.04605944858208595,0.06382298016263288,0.0,0.0,0.10432975044438382,0.0,0.033255283243546756,0.0926033727731238,0.07165961468669003,0.0,0.01161582825832856,0.05907836805723315,0.03988412146307832,0.01191495723918444,0.04436085035326169,0.0,0.0,0.09923616795510355,0.20118267728233946,0.0,0.0,0.007024824722093481,0.06980870450810679,0.0,0.20031439686011868,0.0
29,0.06367641006069658,0.09006141380524033,0.18666375817794523,0.03609334334497514,0.2144306711134503,0.047300552622999904,0.05329795302037782,0.11128470531100597,0.5564241748813055,0.08406964122187409,0.15710696484255418,0.0,0.0,0.19564022407308862,0.06187451977099452,0.10511890697831591,0.051744736826907556,0.04305175742662771,0.026730205808697904,0.03622687411423646,0.08354511408946484,0.030873189812998872,0.09190785532678086,0.17330652620443793,0.2406214145148696,0.2157407297590081,0.01095382634291679,0.027950942677929847,0.16025276151812698,0.007236372880565737,0.1071197540680398,0.08619617850800394,0.033135689289627825,0.0,0.10032317733115466,0.1333931276668529,0.0,0.06727129713412727,0.013969357354124306,0.020115681992375976,0.0,0.058801114585059475,0.008049244311382635,0.008347990275414687,0.07083491394405182,0.08770199364407645,0.08207198131916602,0.0,0.01546753585409209,0.08740494609828046,0.02162054866424418,0.12630741420566233,0.1749641871250087,0.22714675098244824,0.08069589479170423,0.0,0.1493742803867262,0.196916669014119,0.0,0.0
30,0.10916777343337594,0.18620648319803318,0.15674874114375062,0.40973470786533767,0.12261001186077929,0.15695555569741373,0.24148927568101508,0.047440361947350976,0.0701942050802046,0.11944954909884992,0.09037768568899991,0.08007559026379658,0.0674393382667936,0.10616109488461223,0.029909280734849653,0.04239638108346936,0.08435268388742162,0.024834384657036766,0.17611667951812446,0.25976487714955104,0.07334507070520015,0.0,0.08758209766881102,0.025277222546131503,0.0,0.1745892412830085,0.0,0.09588223731534025,0.09893851603339171,0.04428554516210538,0.0,0.0,0.07247190109837366,0.009639730320615882,0.0,0.08861355097697539,0.06266379279688708,0.03564060523487554,0.014510958722040824,0.03669614599427714,0.0033965910868901726,0.06067747020049484,0.024768539828808965,0.0006075129849470118,0.14311939874403834,0.043740614470974076,0.07535615059072381,0.0,0.0,0.08483901456358998,0.1035118042564044,0.07052136321579368,0.0,0.0937998536376724,0.02914447432726164,0.0,0.06277379498082404,0.010858568692635516,0.16477174478409165,0.0
31,0.0,0.17873720709324353,0.09809006929983582,0.40236810470193085,0.15836010452113047,0.026312119851943525,0.28437089156509276,0.08143747583612003,0.06410245289853007,0.04859359301433645,0.08542809043593237,0.14880743489433093,0.060573305489917295,0.12876495257131368,0.049669332866424824,0.012424618751774648,0.10722832095805818,0.05446309668822501,0.08622445125991123,0.08856289442975104,0.23222087012050519,0.0,0.15629864384173608,0.0,0.13473469550139652,0.16681823005510898,0.0,0.08358318546590196,0.0,0.039516421852503064,0.16126060665094902,0.200417030277776,0.019948258124433058,0.07058359770407042,0.03948344621914766,0.04878236715624077,0.12694465080407588,0.08349906922623514,0.0,0.0,0.01234970317294596,0.0,0.028837532165195575,0.0,0.0,0.30197130702840497,0.22255860060730293,0.0,0.09089314590056446,0.0,0.2189563700141683,0.15108581051933953,0.07438197335856747,0.026151445185582607,0.0264830321569203,0.0,0.0,0.0,0.05451637766608006,0.0
32,0.04997102041293342,0.0,0.4300081019078102,0.08287461797298193,0.2672912897999057,0.14814589627608005,0.07195970289180467,0.05017203580100572,0.6732409280957938,0.06559835332996145,0.06183459762403989,0.08530839709162473,0.005871838691799216,0.11107472450150585,0.2644418156229276,0.06753843699478886,0.0,0.13112931364475894,0.20864765201664018,0.25731623449784563,0.0,0.28471227641305835,0.156060563417574,0.09144398348562403,0.13880499762778692,0.24033985798863614,0.0,0.06201280963188527,0.05188515606273571,0.0018255749890866305,0.0,0.07872394952588566,0.013886591113287113,0.004328252584826464,0.11732800267539414,0.05095726376853178,0.006984296243747407,0.0,0.0,0.18510527976946936,0.0,0.0,0.047705765885532846,0.0,0.0,0.19169449496519814,0.007692175463855666,0.0,0.07169898255710504,0.02417660393242036,0.19675142020140046,0.17012233874917243,0.171818610168182,0.061423662450765054,0.0,0.09246387662707335,0.0,0.10688834208403582,0.07070165311581458,0.11286906324579493
33,0.13798839047691977,0.06099102455418949,0.24507699051497792,0.11205047744271343,0.25999312276141234,0.09010703866637883,0.10270924653035061,0.07360531933238035,0.1364514300689896,0.1553751467103335,0.07362474146169841,0.04657788283672099,0.013221684232484088,0.09694291615429235,0.0,0.05516856217706315,0.06996783045274228,0.09201772697502489,0.13415794378269233,0.1886965606794422,0.055322475370959946,0.16496084874505015,0.1954383183700773,0.10594239968016346,0.1859329064744378,0.2836658469382014,0.044965838745536064,0.15027578437206834,0.0,0.09314380484899318,0.0,0.017859944484089126,0.286995585856957,0.04552144264494863,0.04054808594223971,0.05931115096738176,0.04192651905169918,0.0,0.24558948352583607,0.20738166353685672,0.32725773029087857,0.025919234354099242,0.03759224953994379,0.0,0.012486081178943969,0.1384780516859078,0.0,0.05281767882999047,0.08169141994737794,0.018747280175036657,0.061537225726496086,0.48893248464373534,0.10322329360360097,0.06300717147428805,0.11503594019273228,0.2312718904063438,0.42116263982895347,0.21395789968995504,0.16544407516911985,0.059269132346165695
34,0.0,0.19806521903595148,0.06843789537516547,0.06242083860027606,0.04022939477790981,0.06614528160393308,0.11834363333363926,0.0,0.13627200948527077,0.4755209313374564,0.007245775868011322,0.08267162103681698,0.09539674656653428,0.0828415846384091,0.0,0.2337273468304331,0.07354267565485373,0.11453388383264847,0.04614296926364716,0.1542621358696178,0.028408727822130928,0.11173164387329142,0.20408857134652558,0.2435856061010311,0.10103659856870405,0.07043995049403459,0.18331288655696348,0.05545508381047417,0.04741417533807992,0.04002497866990805,0.15393066659174404,0.0,0.05788860387006897,0.07996516622094829,0.06409001894345617,0.08978223997659951,0.030699135602001344,0.008847013637681294,0.0759719046323146,0.11267763671192328,0.06780495697495542,0.04484826425021016,0.0,0.23511768830205818,0.03148835472391426,0.08170775543159982,0.09779660041282376,0.07044772990487927,0.02597203249637804,0.09324791418075588,0.25124707410401287,0.38073163482097866,0.08549576959361899,0.13158671167771477,0.0,0.0,0.0,0.11159103859602439,0.04736676341030261,0.0
35,0.20506775365709198,0.12338420324123212,0.09550859821307972,0.1741952565839825,0.38771928451539067,0.1651918486678137,0.19271122350310022,0.11313069860148768,0.2498259268079809,0.2923437022099434,0.0,0.11663364986129128,0.04727027501864473,0.07336771948190467,0.04351269114069057,0.12228828490930456,0.0,0.10831456623819354,0.037010480155143535,0.2734317299799195,0.1006566885429368,0.06626009393585043,0.05830995082945385,0.17605721506424932,0.14078148972277893,0.204420969948892,0.0,0.01591302951482905,0.11160916470724676,0.07528351998538887,0.09848279177389477,0.0,0.12406252372176388,0.07721201368655535,0.15916785601488811,0.30344778069085016,0.04615600811241571,0.020591656971135394,0.014361818157639754,0.0725376978795735,0.01147414645409365,0.06892282763980541,0.0,0.03700141270416573,0.0,0.12452498788446058,0.04529352507448408,0.0,0.05830165717660273,0.0708199111409928,0.06159968234293513,0.18030312255394285,0.0,0.07848265881108579,0.0,0.008552140584624147,0.0,0.06717486579917757,0.1825313330672816,0.0
36,0.1705994218492507,0.1393696938150235,0.42314875751366143,0.4158680919091882,0.03271273193318024,0.02570352824298267,0.202828734367414,0.20527659110702318,0.09292432920254218,0.2011197710683019,0.0,0.0953485676851395,0.06109247286884293,0.11564743445213964,0.0,0.11825735935516656,0.0,0.08674585839684673,0.1431850548966987,0.015740752620798847,0.11838834140433212,0.3080280805625495,0.11694181092493004,0.0,0.24529856614485732,0.2142773743421976,0.16032829688429653,0.0534925781118161,0.0350423760313279,0.0,0.045631472214055176,0.0862809133193244,0.16188329262252332,0.06641087861221621,0.10999544254653179,0.20794264706171503,0.10804305452488547,0.08542878269051948,0.0,0.12943335899977196,0.0,0.0,0.0,0.054743202212979396,0.016256362540723143,0.13745453762870255,0.11310540742862614,0.0,0.07650413945633464,0.0653105065572807,0.08533547926866512,0.12157774491373534,0.2291888085153088,0.1555843770872005,0.10454704964486333,0.02547428037858531,0.09961848969311142,0.10539786955839771,0.0,0.0
37,0.14990951148577994,0.0856048849544402,0.4357811346141432,0.6891642152722396,0.09619495868553925,0.2957866812030101,0.2989524725673405,0.05092084936221107,0.07736578383245689,0.08074760454873088,0.03955264657802589,0.16986423964455383,0.11094420581426849,0.060513973747598586,0.042249450627457004,0.0,0.030646317705493066,0.12268207594080978,0.14356981834194343,0.0,0.0,0.0,0.08815513857435159,0.24970462553943323,0.0,0.011957213290808193,0.0,0.046476594552878836,0.0802971402843354,0.005206106849101058,0.0,0.00908930008584089,0.049172116762998444,0.011873843396286193,0.09831598072774084,0.11554699025379785,0.07921434772734909,0.0636511246022684,0.0,0.043746949974327126,0.018020576135983592,0.09995060275719211,0.10770839501053912,0.0,0.17721306337250473,0.0,0.0,0.0,0.03347333767406013,0.04849022591828711,0.0,0.08705576498812004,0.21389135994116057,0.06814320947437222,0.06953218410903522,0.0,0.04463127189901751,0.1769267878726152,0.1107056444287577,0.07947656785105556
38,0.15069705702381797,0.03426394172697224,0.17778307065439183,0.4227390296763338,0.09482940241991786,0.0,0.29943891383861454,0.10785205406959432,0.27011757841482625,0.33143314536525587,0.07731773006427003,0.22799452312068982,0.07258401589171465,0.0631629644961848,0.1731229355030742,0.1423519337764046,0.0838909592171043,0.0325633327822571,0.2854043437880445,0.059689490743239586,0.10750841031048483,0.027709468502698842,0.1992034114133721,0.0,0.01733822670726956,0.0,0.055259952386906376,0.12774873206373014,0.1559675366873166,0.0,0.048395016142415564,0.004551129992601115,0.015299147848172226,0.11391219619999392,0.053282253017771584,0.004779161540338934,0.06726834113165282,0.12880669095772132,0.003961717524451946,0.0,0.0,0.06296105445382587,0.0,0.0,0.07809161495324825,0.03999123695118285,5.2172623590001076e-05,0.0,0.019843845935954812,0.0,0.0184781382150582,0.12110960060449764,0.0,0.026415668011969193,0.22089263262837838,0.0,0.07151943380698372,0.032380256332704624,0.103514302064159,9.096819672673732e-06
39,0.32450216020960865,0.08563708582069873,0.06025436233583144,0.22394582616142064,0.2379561581765552,0.025500976025903718,0.05553178192974398,0.09352331656985578,0.599721547966997,0.6198659384795273,0.022124883005124905,0.07125034727811817,0.1032211981595539,0.16248468227616442,0.04573645025399237,0.09015169693300898,0.0728870834836644,0.11902029852197148,0.14317272171124057,0.0,0.12094608839073778,0.0,0.0,0.03049428496225424,0.136189774318166,0.1039192740699293,0.0,0.0,0.0502096764153149,0.04329511126642172,0.03167353074648203,0.06439259990568325,0.1246664044825182,0.0,0.0,0.1773179743560581,0.0,0.21446292622127142,0.007328364537263879,0.01050220412041031,0.0,0.0,0.0,0.027562553562764804,0.032138802708478596,0.07753772804245324,0.0926339796616856,0.0,0.0,0.2006585362121991,0.06486886403368226,0.3364729079148969,0.12516970183833637,0.10575155813880527,0.0,0.020418448336786854,0.10382137392760943,0.05965754901850537,0.0,0.01932759181689073
40,0.04174942366456265,0.0736267415548944,0.20344093191723198,0.6705467451460498,0.3230619791452291,0.15177034823775234,0.14777758752665213,0.03664981476606196,0.07833843907032367,0.5377693083774671,0.004405623156546681,0.08190926336710741,0.01180271399758527,0.10969755896588734,0.10444524824474112,0.18915922509183522,0.056817556723744694,0.09273831985199264,0.3244052759947521,0.1902591587620538,0.02354565741332887,0.15999724753227368,0.166970529567232,0.07140430447723188,0.133723487615773,0.01299362701393847,0.0,0.042560910973605495,0.049667567894899275,0.013917084585976148,0.020342704779264302,0.0,0.0,0.05200846242446989,0.0540155712117712,0.05905123881608912,0.04732849626251307,0.08844905519223963,0.12185229358755566,0.05656900163075593,0.0,0.12000787943867128,0.0,0.17069243075056154,0.0,0.012817785038523134,0.0,0.0,0.0,0.0,0.0,0.0,0.018353710650687916,0.0,0.08195707955204418,0.0,0.0728651910889836,0.0,0.025803975401415113,0.0
41,0.14285433200277298,0.14536549539960283,0.2860833733037028,0.16135234312030536,0.11884237819426204,0.16868703882848052,0.07195987590550552,0.1490858046944553,0.06539679463864566,0.637007206960073,0.0,0.2042941624175422,0.0,0.10873198642366551,0.11658588598836277,0.08784926983781137,0.0,0.15906753104235566,0.10334135672869954,0.17236478973949013,0.08252422990041686,0.09420723378057812,0.0,0.0,0.09591935643198181,0.046915875958485405,0.12619794719696098,0.013754124681409255,0.07328204949211944,0.0,0.14887494334956633,0.2424891554992368,0.04787426947996288,0.32861112358056843,0.06740190098401895,0.27632956326445873,0.047315857587304756,0.0,0.0,0.053151967015801445,0.10520732031920729,0.05419368944462684,0.04848170420398108,0.2411099413989392,0.09323672095871258,0.0,0.04561328102579921,0.09523167549070839,0.057449468516918546,0.0,0.11058464530507095,0.23784835881711136,0.041771160923133016,0.06770783062043821,0.12219718032473578,0.12393691492156539,0.17200799421184468,0.12384765785056225,0.11330003194321252,0.04685039099090151
42,0.24427188286096674,0.01752041852141566,0.30459334232100743,0.39486809608405715,0.0,0.0762896518680528,0.4264919198415319,0.2540859443541926,0.10265620155986689,0.3432736023713495,0.03813594340679459,0.05758728101995869,0.0,0.059543326804525315,0.08840832403192243,0.11964276960630178,0.0731555915873776,0.1253696932859811,0.06796684694675387,0.013279776391272646,0.07278663198080185,0.06334696915075261,0.23213200827445765,0.0689252432169074,0.014572207948803704,0.055837515319862904,0.04207603400365019,0.027355092912695268,0.0427630627995587,0.0,0.0,0.05509389725308179,0.03729509300729489,0.10090743618702755,0.03882086658221552,0.0958862979163274,0.04102213022001321,0.09714979325528596,0.0,0.036876213025953494,0.0,0.024412520853820844,0.12829141993057994,0.03784011750474072,0.0,0.04504426727624658,0.0,0.0,0.0,0.0014993193563619988,0.049075305467330584,0.18596816561195031,0.015504030576817622,0.03231778643146279,0.12980468266368222,0.0,0.14411651874477255,0.059137253735128466,0.13246011483371042,0.0
43,0.36488622398890996,0.07374189276519447,0.19680634807290523,0.09185863721098081,0.5642242220596831,0.30647096987056055,0.09959921916336074,0.18895663817048514,0.037291826629965,0.3185357958599912,0.07099921352870624,0.0,0.0,0.07167593721172123,0.0685417271075492,0.08140781342363945,0.053784749470793605,0.0846825118197783,0.0,0.1601125270652389,0.15317833093214414,0.17818589561703166,0.1010830109182913,0.10209449517849048,0.12000544047296463,0.05780792868588929,0.0054829080744739625,0.2409276910340357,0.058913876786552216,0.043765886240103496,0.07391152539625102,0.05937963928398199,0.057473217317418175,0.0274278743242645,0.0,0.10460368375751242,0.023160772782729582,0.0,0.0,0.030402822446598574,0.06440262462920825,0.06853732294457052,0.054311110408356456,0.0,0.03531350728602369,0.015671521351072873,0.0,0.0,0.10066080547313205,0.0,0.03544958159075518,0.0,0.0,0.06796139514955298,0.08365089645371818,0.00016799631043341813,0.0980609026060753,0.08953380519326241,0.0,0.03772764797857471
44,0.057622900376232494,0.0,0.07485825951275313,0.344556766217015,0.3348319818446261,0.11108172492433159,0.07157375689351313,0.1686832583398881,0.2517328526148844,0.4246084862628541,0.13114611550147454,0.09383938123392896,0.12179265959611373,0.19606784803385943,0.020403218573549653,0.11549949244829077,0.145125894734943,0.02280523212761539,0.33285660333667827,0.08382836555899818,0.14413587294169591,0.09434828388379697,0.07616204356857867,0.08899766049667393,0.09464786724685945,0.0,0.2731404798419437,0.03363538716529984,0.0023053134957551013,0.0,0.0,0.046030246766122794,0.0,0.07806508810772116,0.15233965238678515,0.073533378027082,0.0,0.0,0.0,0.02745969351372715,0.05813997209294674,0.07909077095191737,0.0,0.0,0.048687234702851134,0.12568829336377266,0.0,0.0,0.09026676128920878,0.0,0.06115501089497201,0.3855588101540723,0.0,0.11057101195724281,0.02897935204746565,0.025084327625903305,0.06087325056166331,0.023398342309306173,0.0717288589526054,0.018859305781079003
45,0.035992496648056635,0.21693066516434417,0.057353559414922754,0.5816295229401005,0.3107148450493061,0.2627167104418223,0.2787497638758538,0.1525019474324202,0.206406764067187,0.28524906730537036,0.0,0.03557657208561341,0.16360108216972916,0.0,0.1784488326264997,0.08236232949492495,0.2819803056095354,0.1607921673040875,0.27337114346123864,0.061534798868135315,0.09844256037891157,0.0,0.0,0.16948231290191246,0.10327527408725169,0.031863330828453516,0.0,0.05940354263896512,0.0,0.03549300750542469,0.05868516994571464,0.12642183913162786,0.06718981308051385,0.15057006152924934,0.020827314324312632,0.019504908315422353,0.06356297944603245,0.18330049200984824,0.0,0.0,0.05131839547036951,0.04064733148570837,0.26992062388886967,0.0,0.12873873364954977,0.0,0.0,0.0,0.0785660616088365,0.0,0.01834148302824502,0.06821405543924819,0.11373635171110572,0.01984258552962243,0.12343608985359956,0.004906445765227568,0.05254104779981922,0.029089540103353486,0.14617394940747366,0.06708321983869125
46,0.14151899906537552,0.23748623459830753,0.32355768357775233,0.024712590250962042,0.23503388811495676,0.313508349898222,0.0,0.35217764988655414,0.061968366984006276,0.24518468837478563,0.0,0.09399116606632768,0.12080631320672239,0.05506786530454486,0.029228013203801435,0.15067171507534638,0.05141923765821264,0.21048803752095485,0.023227096285571805,0.0,0.056359505473142266,0.2704051440049422,0.067042530889526,0.31297014202379514,0.15907557835310626,0.0,0.0,0.07114843642426091,0.15343203073484035,0.1706016482563056,0.0,0.04538024516752413,0.04152358888060395,0.0,0.17720785355417132,0.12983006117820367,0.23538313508899195,0.2879552822639531,0.0,0.13558981326100292,0.11559060947072616,0.05898143238753252,0.027227998211180937,0.05995642938459393,0.0,0.0,0.0,0.04486711341863342,0.10755905256058053,0.0,0.0,0.06279885976034358,0.08106799794630691,0.06414105962352455,0.0,0.15062452217806133,0.2083463344286182,0.3309636018695788,0.0,0.08906550684756984
47,0.05276399448899799,0.219568890222069,0.32423207495806106,0.04042703663097387,0.561533589070516,0.05024181449042305,0.153689086111895,0.2030958272410938,0.13045035915205433,0.5476755278197546,0.0664871876377576,0.03971785326531837,0.0,0.0,0.21242727471230477,0.1293187321033747,0.005219627340342377,0.10691027281523219,0.016603061616954806,0.06866112452752829,0.0,0.30418421499248643,0.10601644520457204,0.2860595719107349,0.07260870747861455,0.10294856385932007,0.0,0.03273389981742333,0.0,0.0,0.0,0.03609968915308839,0.15166923434751922,0.0,0.05653408471537273,0.014114352752096233,0.01858329809144304,0.0,0.0,0.0,0.0,0.0,0.04759152171141534,0.02973501738257721,0.07115236622233226,0.02441785493597357,0.04385323682848345,0.0,0.14424331755210354,0.06963465054628214,0.14215998653061018,0.034973417575416575,0.0,0.057427949767373955,0.03240798892929964,0.10480593133145089,0.0883104480432535,0.023567962181435597,0.4400451091922595,0.0
48,0.0,0.1851318989736437,0.07526637835311348,0.6078708337056846,0.17377976154095642,0.05607167274739531,0.04451924365454553,0.05930633202708911,0.45044191861196,0.2649076998612836,0.058402756665974644,0.05991737596213462,0.07909281016859619,0.13104212379287405,0.133124100914753,0.23381553224566978,0.05344996588016579,0.09977816654470445,0.19388531961059818,0.03003182720456663,0.1789668385305972,0.0,0.1453025499474441,0.026179283060248793,0.16639075059688746,0.030321646595244316,0.13558475431168884,0.019105643347939807,0.0,0.0,0.01231097091921173,0.0,0.0610192264606208,0.009641898545024898,0.03484509573553652,0.022306646273708083,0.11610551392011827,0.056679106437497274,0.1673811782207715,0.09220365971347824,0.0568104611378525,0.0,0.019107438265135314,0.014910417725226242,0.0203043335435318,0.1298953165282555,0.23659288437649154,0.010148031017737815,0.046821113457390234,0.035502141075601436,0.24406446722132366,0.0,0.10000628928374936,0.17633434098793974,0.0,0.0,0.03465180052277105,0.0,0.02262981824464735,0.0
49,0.022032534268086695,0.2963455966397986,0.13187286679203636,0.7080418195154385,0.16823753819005405,0.2559431252932724,0.08977915973509515,0.24841355270471194,0.476597949712531,0.05085859351432748,0.22718471116403702,0.140235745057692,0.032905157920541675,0.12681811054750713,0.14563940120784075,0.18343164838955123,0.1128667422222569,0.07587360721915162,0.20304733836969902,0.1012207165285937,0.023445250376516784,0.0,0.0,0.06195562931746762,0.0,0.042436595190049546,0.052154526818503334,0.011457783104758286,0.058551506895678423,0.0,0.06879283910591819,0.0,0.0,0.0,0.12921596651405318,0.14061889612794276,0.024431299925201103,0.022372624179720725,0.0052361225419218175,0.0,0.0,0.041983514386883455,0.09975018680130537,0.05179460617396639,0.171299780026711,0.05696039267599092,0.0,0.0,0.0421988451960288,0.10836712596256252,0.1207943346023761,0.0,0.09653780783862301,0.1409533566070583,0.06549022916577184,0.0,0.0,0.05202290070214575,0.2860052620079827,0.0
50,0.25941393753763664,0.21670191251185808,0.0525309664285205,0.5939707826060515,0.3046942973433362,0.06386261589204949,0.04461510588870337,0.08965007997314887,0.5599968964702434,0.11218018007624331,0.03061241691115592,0.0753487820410156,0.03083370986345349,0.14424244292921573,0.019024430670005716,0.11150513825767984,0.08411596396290237,0.03253009178605024,0.10550632457385044,0.041174380538578935,0.1468314087836388,0.028134123013575235,0.0,0.017741114196258245,0.09480257257028285,0.15040430519474124,0.07076801668640861,0.07931074313587733,0.11995361042529132,0.0,0.0,0.0,0.07631902570123791,0.02692840458652169,0.07575226753878934,0.045598530996736664,0.04347236400756921,0.13309067139015182,0.0,0.0,0.0,0.20893550395645172,0.04781155510410417,0.5010138492275464,0.06959656953308065,0.0,0.0,0.0,0.10996637688042464,0.012857920781953793,0.20122337585979946,0.18080996523660725,0.0,0.062457342003381384,0.021190640899017302,0.06389083390508507,0.15233692497523663,0.03341163325106952,0.0,0.0
51,0.19830882693392296,0.11232617665207158,0.30983906360334446,0.7031893058127359,0.05619807502147991,0.05169060499478309,0.37365005416671154,0.027161528551692085,0.24542635907759108,0.14435041876806615,0.08090234279470879,0.11887654632195965,0.012201562096525821,0.19524791074463202,0.02502063246174505,0.059881063298466826,0.06450162316052271,0.06610769829468,0.09179322927846685,0.5053870443214199,0.06060288919332155,0.14061609171491957,0.07256992760357366,0.0,0.0,0.05454905342668737,0.22363047698788371,0.0,0.033203059429935386,0.08627688933105634,0.0,0.1434437030531801,0.06307214160034012,0.13217442345472732,0.08365427627393363,0.25536424816280123,0.1075705701101919,0.05850442158793296,0.14284586763648532,0.08055688552274481,0.0,0.03911033725212108,0.0,0.02738700328655695,0.02340222257168767,0.036921644562758524,0.2610193556206755,0.0,0.0,0.2266477433666078,0.0269933507389905,0.0,0.12098749460912375,0.0,0.10126089492414948,0.0,0.03683407133736497,0.0,0.2554965749620876,0.04408520515143443
52,0.27201874575107093,0.1363590640888788,0.0,0.7010461566730949,0.1525832651482392,0.2791414406417036,0.46327274941051383,0.10414486517588582,0.02802959408530895,0.3245199185869317,0.17295395205976485,0.0,0.08979764626110306,0.1318757854068159,0.10556893095113885,0.0708426830310143,0.036732949509145706,0.15590114326258395,0.22707500815998638,0.041447664244482055,0.17220809268077478,0.0,0.11906193337065098,0.09069207331842664,0.0,0.08652847065694148,0.0,0.03663057062189881,0.07240732139824964,0.015249689024860123,0.0,0.04236277482931126,0.0,0.046633706074375836,0.17059847524180569,0.01846839001689123,0.0,0.1998110511539823,0.0,0.15024312988843874,0.09837077878155273,0.0,0.0244489361659055,0.0,0.0,0.0557519299557954,0.0,0.003308688037639025,0.06755616278373985,0.10198294438866445,0.0,0.0,0.04193421485243667,0.052502381536848,0.03785097401530918,0.023714398341801064,0.18699689618479412,0.17269998601759595,0.055758994142373446,0.0
53,0.21638382918022603,0.10628900701510395,0.09856182472176718,0.5488050829331985,0.14689595238103725,0.1702137888879725,0.3237590151279853,0.17031925424847486,0.0551379313845016,0.17096909924048698,0.19459634652323823,0.21256693529712245,0.15356610212781655,0.15024103107742554,0.0,0.19855672717221248,0.0,0.17302975855737476,0.16105736729380632,0.2826237499488538,0.10133983183181348,0.0,0.09338081521281476,0.3564224431930177,0.0,0.09623856168920367,0.0,0.10567272894003761,0.0,0.03142152937503886,0.0,0.024831259237993564,0.01454428953841063,0.26426752750627297,0.10890722572602807,0.16645385289121073,0.1074059390640629,0.4459780101571878,0.031698026409415825,0.18345874645519294,0.04357552484522094,0.06344480407794116,0.07296921052567998,0.054095093621748885,0.061378099735303275,0.07640304362908443,0.21713402121342187,0.05992169677687938,0.049853776020607955,0.04673178790364376,0.11163235304548974,0.0,0.14418709838498078,0.16966936106935626,0.30608260658694975,0.10718768340020594,0.07763968861893167,0.35845258665589763,0.0,0.19811073334688745
54,0.027090021775283475,0.02721918895532912,0.15133863212579501,0.17105325288065626,0.08445556997472975,0.03970061824598474,0.061669608172186294,0.06765675461972623,0.1665636986321014,0.04540641635973059,0.03419518062812113,0.07409377908455994,0.0,0.0,0.10494270984050733,0.0,0.0,0.0,0.04981677446732165,0.11466610596378789,0.03328396155489035,0.0,0.0987204423750559,0.0,0.18917520327405415,0.027024789834341947,0.0651336098401447,0.07531164687808627,0.07742799009348364,0.09202090691043757,0.012557176360442103,0.23014762268565214,0.02058953996333006,0.06499758392922675,0.0,0.1199627366521551,0.028653346361094484,0.0,0.029847855905253275,0.0,0.07163817676551991,0.015907532398664912,0.07202230367219137,0.08064333502018449,0.09050439861550949,0.0411578895320131,0.04339395831492639,0.0,0.03884392543369827,0.0022909387732503485,0.017894215713800933,0.18815851585951968,0.23558226390371861,0.03490778792016816,0.0,0.012465567951746066,0.10941455827406528,0.033571651573095204,0.1489973322280729,0.10810769004481866
55,0.047129936752387636,0.1598893151333274,0.14229444328734892,0.05251524457623866,0.1183423218732316,0.08723320567803645,0.08221145031571915,0.0,0.04000379935365327,0.13285043748597308,0.027689748345251623,0.04519856184414123,0.005084922251834405,0.036685781633238344,0.05965035275119837,0.19780174965292568,0.054466645931711806,0.06897876071700258,0.017520898277584997,0.0,0.009560361221883968,0.11320501013394889,0.0,0.1353813131982533,0.0,0.0,0.0,0.16618163469706346,0.048671401249976355,0.293833464370856,0.0,0.2501559972650632,0.0,0.13843297634268223,0.0,0.131882624916193,0.047034492566489394,0.15937626667286842,0.0,0.02798896550052892,0.06068184763400669,0.08532272813613832,0.030120641094921866,0.0,0.10306905072302248,0.0552560078675582,0.12293439750508629,0.0,0.09483415795028902,0.10611985189852012,0.08171841537645962,0.0,0.0,0.0704856164620114,0.0,0.0,0.15103681771868074,0.27050979046889795,0.0,0.1504083244821575
56,0.015906235932567216,0.11503632870026369,0.1296181540499296,0.17481836290588215,0.11526859650728141,0.028573442136023197,0.0,0.145727452143438,0.020837405000961037,0.23306459577581326,0.14295281494415274,0.12719644878623412,0.03218411675803503,0.0,0.05029764045713837,0.11833564160663185,0.0423369464352816,0.0,0.02304867350818812,0.21684711287732872,0.02676501107766524,0.0,0.09567896267690196,0.15803766702342592,0.046398198120728526,0.045241649190719525,0.0631916283679785,0.10556999802061913,0.20870840919689268,0.21193647761933546,0.0,0.0780844476332399,0.0,0.0,0.04231495398094036,0.0,0.046342309292330006,0.18391403658279612,0.0,0.0010010906510188767,0.14579617460934938,0.01347475549979716,0.1257057768280953,0.05641621353855058,0.016123322084209052,0.0898279909460679,0.04898263552358974,0.0,0.043354083855870584,0.08452955756492116,0.06749229828393279,0.02522065450422172,0.0,0.11091750298307458,0.07424735785454724,0.05895132220733351,0.07556174494217423,0.0,0.0,0.03010729959969255
57,0.0,0.14266632360807996,0.13561582657328508,0.12599333695722634,0.03215065732001263,0.0656964532400974,0.0,0.022789634275621418,0.0845769346900953,0.13602345578117625,0.06005135832229663,0.10499249216956735,0.013532721801822136,0.0,0.09495134760562406,0.1880150933262756,0.08846138539651506,0.027323272334906945,0.27973773369519894,0.127815978995142,0.0,0.2227199429113898,0.1583280281064229,0.037321303868051325,0.3612852096316616,0.10796097023527491,0.10922157275452447,0.01755500412399773,0.06213217988032665,0.20947762772068124,0.054523998708976215,0.22985310675363058,0.06802903410105285,0.04304165497154922,0.0,0.0393297465954637,0.04550888510531032,0.06852471357267724,0.0,0.010557720578713509,0.033452563715696035,0.0,0.045430997470934716,0.07545441155789043,0.08510238096925267,0.0716835751540954,0.01683185032181062,0.012162347848177681,0.12412467810322597,0.0017479641498843602,0.08972864675954596,0.003989318720116392,0.0772997977874639,0.0,0.0,0.0,0.0,0.010559001203106474,0.05065814319448061,0.0
58,0.02579562465426699,0.05480529582071085,0.03735587296098248,0.15342965564916777,0.2003926465968969,0.05174924502146243,0.06667392866878004,0.028704445463180316,0.03558271990534375,0.1294718088243655,0.022442517072445288,0.10461571153165958,0.04406584407495826,0.19011443989200147,0.1072530126739411,0.0,0.06295817494079904,0.05483130075553707,0.020691612468961614,0.07797136542137668,0.0,0.019877776770243664,0.08230627387644,0.04431522077259051,0.11137868039164563,0.025770130509506238,0.08262131133738132,0.10548647677057277,0.07265115161433061,0.0788681010389693,0.0,0.1341324776085283,0.034831367845608495,0.0,0.009413028265801048,0.021933751642425243,0.06452146754818504,0.02787841627662824,0.0,0.08815267183329673,0.1349968963792665,0.07034875687292345,0.06852131017624398,0.0,0.09276807288445336,0.10023361162595792,0.10321939629613404,0.0,0.07311262126081244,0.0,0.0,0.03217220151418547,0.0,0.0877607237020623,0.0,0.14283171089308208,0.18202901296403995,0.5644122784847366,0.0,0.1131236991729034
59,0.040088942024415306,0.050862171895382675,0.10892522758021132,0.1572915358247994,0.07633231778709139,0.0,0.03616801111971944,0.027780650926040647,0.18476458725786601,0.04590727970868379,0.01728792564459875,0.04542897056061693,0.026984105890890685,0.0,0.12073139468198996,0.12468303054530697,0.1357967872317452,0.0,0.043225462251333224,0.054743391845429826,0.21916913029645843,0.21568667256967924,0.11316904954236227,0.0,0.0,0.15179721290276774,0.013211826158874097,0.062376777043063186,0.0,0.16321502988872935,0.0,0.10662486733683837,0.022501860937315515,0.0,0.06185458976636781,0.0,0.09564050343800308,0.07818882230861599,0.031900309566526265,0.0,0.04693190244577205,0.08616360095472064,0.05002505015553473,0.014044536835350074,0.0,0.1398524086888918,0.14633628491769782,0.058664171324690526,0.012085953927095683,0.01631054414092104,0.13592291405278517,0.039832189883584376,0.07672669992998717,0.05109060201931749,0.060443891102848105,0.06658724972075449,0.05542938439927683,0.0,0.0,0.005347397137179661
60,0.0,0.015844354802804123,0.06068552951943758,0.1301194191507643,0.038714191797437486,0.08473215401783964,0.048162557006347265,0.12861069142696357,0.055048584757606586,0.02453751963956932,0.02807952050613841,0.04834699072094702,0.0022951856561948935,0.0,0.13128424863582294,0.12052388443522878,0.00892804537936711,0.013972607103646981,0.04673026336643954,0.13665121991979784,0.23222199671116656,0.13208207662224578,0.21734319490264162,0.04153169083898248,0.026512756794881288,0.1471613792085785,0.0,0.03548706912882124,0.06274807751208292,0.4215769339569647,0.07946020700548843,0.055375179190842755,0.0,0.06549701704220089,0.045079626846552034,0.02712977402695773,0.008994464480753236,0.12160276130379337,0.0,0.0,0.056545274076191546,0.09175879421607515,0.08020494638548792,0.0,0.07217680600570907,0.019414756851594314,0.06662880410721686,0.0,0.0,0.0,0.06695988480384266,0.04041821458475886,0.2865563985552666,0.020908859192843507,0.061277511925992595,0.0,0.06839742205237034,0.0,0.0,0.0
61,0.0,0.08837224862534365,0.15414377035835575,0.1237776968154318,0.02644576207517433,0.035526676431829635,0.08597158123526916,0.0,0.029833294744861946,0.03674196848264865,0.03985489713871962,0.11005545760424894,0.07822889487709914,0.17047653270264795,0.08258729060196282,0.15982664970781954,0.0,0.0,0.05684281308137869,0.08265231286438476,0.0880535825395495,0.26096551936041823,0.17679466507648123,0.10909909174574349,0.1850740309433395,0.05465644661732162,0.0,0.0,0.18114992139661992,0.15551772001897723,0.0,0.07195649088882197,0.018785525089427622,0.08678520576498266,0.0905634869924916,0.0,0.17577776399144607,0.010850971057478422,0.012714125779134156,0.0,0.03145081232838669,0.07070129168013164,0.154377731786514,0.0,0.0887390977055803,0.2096993093834455,0.0,0.0,0.01206744838011077,0.0,0.02075778512435641,0.07577131575835377,0.26131733367538745,0.07622990742191477,0.05022159994258991,0.08565146851011742,0.13827832636489135,0.09964977073835972,0.12515442243683875,0.0
62,0.05939097011976204,0.14679541383673242,0.09805594064521922,0.10317937029857477,0.170103328058116,0.04373847534489604,0.0,0.10900883871408706,0.14184501420423437,0.14792362421281896,0.024499326868973745,0.051455580469977884,0.0,0.06786020828400269,0.04902987936013777,0.022537119307038177,0.07032622979060936,0.0,0.4356334817557058,0.041301810243095496,0.19232567613062346,0.011139681832605048,0.23692360017123537,0.08461106966106784,0.0,0.24138118335165631,0.0,0.08629998672397583,0.0,0.08563195486792986,0.0,0.06492316749215798,0.06982757286206051,0.1457071048764417,0.083026175007626,0.04209475136205068,0.03982117590998449,0.18065106621425006,0.0,0.004671544662833626,0.056764102382594356,0.13628037442173466,0.0,0.11588674834899601,0.07125282813309536,0.08052026156289717,0.0,0.0,0.0,0.07330636612442636,0.013015086724257241,0.0,0.13617032153812295,0.0010235422736785927,0.027749005082981427,0.05190410319066535,0.06252801371511095,0.09076977375688162,0.017500317848236066,0.0
63,0.0,0.14824670918773367,0.05531699456114878,0.1142474806125679,0.1623084071430249,0.028808685279863692,0.0632787106669963,0.08939407877305297,0.0,0.0,0.006923080397533381,0.19119786060201618,0.07119494291680209,0.08089665698215778,0.0,0.11221003021928401,0.13265460612751792,0.0,0.13426513772614362,0.1353533980291077,0.11011522395543909,0.061619647505,0.06778967091415304,0.07603340833796939,0.04617120303808525,0.19320363781436933,0.10682978089161038,0.06430965053107315,0.0,0.0,0.10435777798296739,0.07370298235078154,0.08793275154900668,0.1169568758871821,0.08967786721432681,0.0,0.11009154874155028,0.03519728742152504,0.0,0.0,0.0,0.0620751047507567,0.16527918978697417,0.00889317468835828,0.0,0.20043374442451253,0.0,0.0,0.019512950840404004,0.03363579516950077,0.10687199546146403,0.0,0.2822075490656377,0.027192883061798172,0.1988944729804912,0.0,0.07956162950184513,0.07152143889327936,0.0,0.0
64,0.0720395472665923,0.2565746032419121,0.031080453087245382,0.13592186644949875,0.033054787631036635,0.0,0.13051048338280294,0.07406726716461812,0.03801738517322278,0.0,0.03588743215803393,0.03168201094265839,0.0,0.027786780528468412,0.0,0.055792673987273084,0.15362255669619695,0.17473716367690265,0.05114279326910354,0.2937617494624345,0.06192680957642616,0.2703656680948241,0.04971718360468314,0.03456440160559653,0.01489865600111754,0.042943731901863534,0.17070014421601443,0.025966066195521484,0.08335932256140537,0.18620574428160108,0.047686650441720345,0.007460242366811091,0.20598746594790093,0.019625733761095655,0.06154314152137777,0.11347564385291802,0.0,0.133965517834557,0.04827642757350878,0.0,0.0,0.0295747918631048,0.0,0.0,0.11505655941083294,0.07273516773763504,0.068650634072129,0.0005002130452074782,0.0554303222763706,0.07109670758583542,0.10721732424938636,0.026762691442497953,0.11419900398704742,0.014355032096741098,0.0,0.13198109531556962,0.02628578387311112,0.0,0.16278126524942732,0.0
65,0.26715705151552055,0.1778876962712249,0.11198926099062399,0.02670803277890825,0.03854139749660712,0.062225584425686604,0.10333466567186685,0.052433930345413826,0.0,0.09194706599922046,0.022533741041995903,0.016998968761812075,0.011213845561766215,0.07082228653776643,0.07608937212829599,0.060741078955964076,0.07044146553213279,0.14719781819365188,0.16679062587010013,0.015236661544210132,0.06463629287603505,0.0,0.0633406446963918,0.024424743643046202,0.0,0.24854207203202044,0.0,0.10298817460483974,0.0,0.08957371263910419,0.0,0.1334018038828676,0.018547220507229626,0.07140833546678849,0.022056100217029737,0.0687790573145444,0.07068749176731634,0.09389845652354317,0.0,0.03491630340809263,0.03428262111743466,0.01938466305486758,0.07323078952540545,0.01831933982479195,0.03320696914993542,0.1782424883006442,0.020030048056228846,0.0,0.022624799200751566,0.045614890896976804,0.0,0.04711505370124585,0.08579326628026707,0.005845179296105449,0.050918441284119105,0.18006194389950766,0.0770406334840728,0.04557131481713194,0.04639494628271504,0.09777425734934726
66,0.13484288812623255,0.22911817613193697,0.11755958484777779,0.06890772324930305,0.08707409029757458,0.04085317177946687,0.20081649250386563,0.0804153685093152,0.029650912066144102,0.07434750756647013,0.07218069592936402,0.09300116391516743,0.0358181808212646,0.0891147445745236,0.04566713712319137,0.0,0.052336372877905,0.16547328828377028,0.06789615386575729,0.0831878896196843,0.07378383684925528,0.02699625615399737,0.0,0.22746239267904594,0.13859826533978697,0.2509338934054335,0.08308956221979028,0.0,0.0,0.04224010548647585,0.0,0.09744911250867579,0.010117331077302416,0.19679191310992097,0.06026781200691924,0.0,0.07758848776530204,0.04804788493236436,0.0,0.0,0.07654688862796787,0.07314783986743612,0.02256181076734904,0.0,0.05072122418477907,0.2623059253087573,0.0,0.0,0.018927325576582645,0.0,0.3175672943207804,0.066794637741911,0.1208776349138496,0.05070260957507071,0.15279556141261272,0.06357313646686415,0.0448166033904893,0.0,0.041026184345419915,0.22862307310206278
67,0.0824517278024044,0.05177501367716962,0.04146408111329227,0.07827547460794486,0.09594868565735781,0.0988180182622606,0.0759700104140172,0.021990476508330234,0.06007690325892226,0.11566315938152044,0.20756840366959742,0.13843482453378558,0.06969138334777264,0.1246075069900394,0.0956319457593893,0.0,0.013757537396775458,0.09204730170152157,0.03620427766289497,0.3929839888684097,0.06922860667269487,0.10699009427026264,0.05032432672820184,0.04173320162543376,0.40022397287361317,0.18673902573253315,0.010462783397887834,0.02834844866415839,0.4039367792126491,0.010148807870932322,0.041336014632178585,0.0,0.19185954649255293,0.20202756927302604,0.05985496901324998,0.03506086099385207,0.0,0.187603737043739,0.03664845571204929,0.0,0.029712815445265016,0.038392352296286306,0.0,0.0,0.12157265637289642,0.048012599429520776,0.039524314603469064,0.0,0.04638523015360693,0.022288580919137355,0.0,0.11106332573549471,0.024479570915268648,0.03886652157411701,0.03186300905714802,0.0,0.0,0.0,0.23652321671791784,0.0
68,0.04008798433390538,0.185099757545718,0.23527577840967695,0.1076036135184627,0.06330778328559002,0.10075322349767213,0.0,0.0,0.0,0.0959447436955436,0.04946523453952885,0.29549298540123126,0.0,0.051683934537999694,0.13308696604499623,0.14602107028442413,0.0,0.06851029426332918,0.4341308699455466,0.21284083119394656,0.10607547658771209,0.021383791195279084,0.0,0.274014922993647,0.05758633050623969,0.15340480435521833,0.02150000374182369,0.13273856421484165,0.014130235535098273,0.0,0.07589161383528202,0.051099131792537826,0.014579123214578603,0.0,0.09665186391960998,0.06259509910975412,0.09362758559730971,0.016239221637006765,0.0,0.037763013017783606,0.010635286873083466,0.07204286521780058,0.04345692063992417,0.06275330007949075,0.2596233892374773,0.11268661591963339,0.006839803326266276,0.0,0.05831039845271442,0.0,0.0,0.23393321980691625,0.46472303662184994,0.050568947701115224,0.0,0.08926507076985062,0.0,0.13260042131865785,0.0,0.0
69,0.0,0.20909668710198534,0.22772423725710036,0.02476001613979325,0.07131226250936816,0.0683803160490588,0.0,0.0,0.10738325700072164,0.08714854159626251,0.0243876331658585,0.05025380257187441,0.0,0.08913447595351495,0.025249358131617713,0.0652427312655709,0.09312579146591637,0.25901364460106674,0.07531924618393589,0.16969821889518388,0.15018837692853593,0.1894201757372309,0.22635657998684497,0.6408748839567333,0.0,0.16772048531033817,0.0,0.029290802974578967,0.0,0.07838000470222774,0.0,0.0,0.013564050265603936,0.029218160197992813,0.07335673608725307,0.16538151565256307,0.1495230275322974,0.0,0.0,0.1686567160347365,0.16251284649943704,0.0,0.019727279251619722,0.03551033822072313,0.05971585232973738,0.0,0.03414555298562354,0.0,0.17374224321479736,0.14304066107480679,0.0,0.029180741684569744,0.13572580721649702,0.014500890730553282,0.03471597173964039,0.13513680712170512,0.0,0.05834740351721383,0.0,0.07134915051554147
70,0.0,0.0,0.10475096813699776,0.05182254165212743,0.028735299166547868,0.09298175769502266,0.12651455020969654,0.05177912766330276,0.04210857265824044,0.10415460958050551,0.1536392931629792,0.4132306186469548,0.0,0.15848030633255522,0.0,0.013465491371611595,0.0,0.0,0.08050666725427966,0.03390902475086599,0.08085282085039112,0.010270909491423365,0.0,0.0,0.06476961755095564,0.1123977796174731,0.06821758080921178,0.024742566617677358,0.01815223213688257,0.07776357808872188,0.2418146200296568,0.019429358815596553,0.08431679012328021,0.03909656646653666,0.019740915431891732,0.0,0.09194484782775011,0.04241575208461609,0.4218122751081427,0.0,0.04715413821218701,0.0,0.03709418044629072,0.0,0.09923987298446582,0.12205635625141861,0.06340735680143743,0.09971004907921036,0.069118776461177,0.0,0.14970227596916294,0.021632588685947085,0.12427195290583695,0.023028322057919038,0.07071512446082531,0.06498728487224192,0.0,0.0,0.1344306856254925,0.15909103264379407
71,0.10038000756584242,0.03996548120766734,0.13505816260801196,0.07850204708403297,0.010214530266948163,0.07381633463207551,0.16118812164334012,0.05333677775309034,0.07863516848957845,0.044492181601899744,0.13359554758530578,0.12684321149835742,0.04184655450501647,0.06609729667995104,0.036486939798254354,0.08016742960943694,0.018733357939747557,0.21360984167113709,0.05133289790640253,0.0,0.0,0.09429119544144561,0.09899948181072872,0.0636016718468537,0.10566806931635803,0.21012562190056813,0.2262867725476052,0.009919499282589344,0.0015668177756625367,0.1737222658387165,0.0,0.0,0.08468914905104474,0.016031472311797065,0.08050380576013733,0.08180423366301763,0.0,0.5243400356223912,0.17327539812570908,0.04705955267850334,0.0,0.0,0.0,0.04719185612287448,0.0,0.12092406630836847,0.0030621442537632636,0.09143827484817817,0.0,0.0006383853538466689,0.02554906589959727,0.045864398330926696,0.041238996818195026,0.06242528443391596,0.06026895943602445,0.11166021801056863,0.0894526487724378,0.08963921598140334,0.0,0.0
72,0.06181514026614349,0.06300832760700191,0.1722766228661482,0.18179174277512414,0.0,0.09103200780352594,0.08785066287169617,0.017216491139237122,0.01609478789514719,0.023064370696102603,0.02640049013571457,0.07792921008064242,0.11818784491841929,0.436603879197137,0.06553114096271666,0.0423468617209571,0.10531185508576257,0.06038265829821368,0.01603405174640198,0.0,0.03009096767818052,0.0,0.0,0.15787765370719611,0.0,0.3486697760764326,0.0,0.06423271028983774,0.0,0.01462016896605147,0.08098517752718193,0.08068948934672297,0.07077702313649084,0.0,0.05126005633827269,0.18284488044734556,0.08953135334337824,0.05073315141331577,0.0,0.0,0.05806304709593383,0.017826994054751757,0.007666779567656747,0.17152005710146614,0.18152802690425968,0.07108485398556233,0.0,0.007496415320657613,0.10187772082782734,0.08154761107068208,0.0,0.06807210371198572,0.0,0.0,0.11566765614718884,0.032310630887629144,0.06023118511148787,0.15514890905222795,0.0,0.0
73,0.052621982065761214,0.047910650163860494,0.045459386161695085,0.03382543366393223,0.041938645613041586,0.03772147095075376,0.20381269125094684,0.0616487690872285,0.03938142946014468,0.11428696391324807,0.0680001881433901,0.04560684200253421,0.09567628365808949,0.21576675520782568,0.015538300347990778,0.04895826571636001,0.08935074376554056,0.0,0.04425743474605044,0.027777783536700625,0.04405437171223899,0.10532648667601055,0.0,0.178257946944431,0.0,0.22961950325635572,0.2851088296250253,0.02612392252825383,0.025563267795698043,0.3218564550269315,0.0,0.14950142961173732,0.0,0.14934581621399978,0.06525293359262001,0.1396510652613844,0.007202990412417524,0.01630493663171086,0.0,0.020620894341862414,0.04615461437114863,0.06268356591382915,0.06532100115165271,0.0,0.20276576598733853,0.11656352607899931,0.08746381920199793,0.0,0.011643517268017019,0.0,0.09735037560883118,0.006215873389543025,0.03663884000521433,0.046777924046783194,0.03692433435264476,0.03795402343533772,0.06961496001689559,0.0,0.0,0.03680877352625294
74,0.05489253006069727,0.0,0.2033885237989553,0.16720878324286606,0.0,0.02535994272304717,0.12559404966573612,0.041382996804543284,0.064372768459878,0.0,0.02118540210882079,0.03667352813474997,0.01661631709116198,0.29322819093660696,0.17280471621775217,0.045797783884647184,0.05938623165348065,0.06932671954652125,0.10293817000628536,0.02356382797556571,0.04099453936803786,0.1902156569169358,0.11248106964107435,0.04034935746615956,0.12508405955613788,0.29446823453476534,0.029685251083239342,0.07225898499800504,0.0563818745322776,0.031422474294255605,0.065875087829355,0.0,0.25235151340110323,0.04341658550580942,0.054190461268709314,0.064109656001381,0.0,0.0407273742678084,0.14074188637914303,0.03012035342579961,0.024051305954641153,0.024251804072080094,0.06633757657382974,0.0,0.022718241807353635,0.03413433415084304,0.038509681053791836,0.20320394232166822,0.03411998345442874,0.07196194614188714,0.05090629272342422,0.018455433002458586,0.13326417921843262,0.01483269420232149,0.0,0.07191492824417915,0.053228550213795744,0.01946235110395092,0.11595999005484088,0.0
75,0.050748469295959754,0.07681954081780595,0.24100807065510532,0.04095137660295365,0.02061459741667225,0.12266617303584587,0.17513285111962912,0.02825799381844943,0.08704623763179443,0.034496022318172656,0.06934035691301864,0.40931832314366356,0.014809430283212346,0.11999301999468248,0.0754542417445062,0.02953050740950749,0.029408321732150994,0.04724796441649127,0.3343644382804603,0.016553627855800408,0.08963697674832999,0.12218691125591542,0.0833547777274666,0.1631245131516591,0.15436100876264475,0.16718511725224242,0.06501626666511034,0.05334292805498759,0.031164704686265362,0.11973347085906993,0.0,0.08501350869423066,0.0,0.02909917196192264,0.045379408269905566,0.026197127832833764,0.08143218257877054,0.07842358556750206,0.0,0.0036896150003413973,0.10775884293062143,0.13695896697782073,0.025948610266810633,0.0,0.06044752161981103,0.14156123053193004,0.0,0.0,0.0,0.06259629589464771,0.0,0.0,0.0,0.03896378410929671,0.16861559451199043,0.12147635627105506,0.05113861124556563,0.12159560729714648,0.0,0.013971518562644955
76,0.09617237193998765,0.053348967800971654,0.032117332864539494,0.09314728226676848,0.0,0.040799957589729735,0.09232887853148268,0.0,0.12048595534674493,0.1466313521550189,0.17101349594657977,0.08806869885777834,0.10938734763600866,0.3282091495897684,0.04990549369524458,0.0,0.169280727004562,0.16318803155735764,0.38216925210627656,0.0,0.0,0.0,0.5013880040033926,0.16886676430006226,0.0,0.11860095935798509,0.06362825269158703,0.06581248893497885,0.12349065203630394,0.16704518184769573,0.0,0.07432901632429688,0.0,0.0651298700204763,0.06517896443553976,0.029197052041851034,0.05322600008926276,0.03765590540357702,0.0,0.03987598644925852,0.05862421635853807,0.04201878956637598,0.0,0.08634577852102314,0.05744661911512245,0.0,0.030983197109946507,0.034469603040212356,0.028593113129006965,0.09646680838077108,0.0,0.0,0.0,0.053692474962969736,0.2993415292866303,0.21465365920298343,0.11193927808640587,0.07921924038182063,0.059209082867777305,0.005987915852887134
77,0.10185434136342922,0.08659941298190234,0.08575580897206964,0.03730956735841489,0.08298052884960735,0.019599281244793595,0.0,0.05676624525839399,0.06938410123663422,0.14535143125949573,0.02995118819635142,0.0,0.0,0.07662963772647444,0.0,0.037021888568118264,0.0,0.0,0.027564815676451745,0.033065773890856194,0.09946408721900578,0.10840252219649761,0.14244133126790456,0.0,0.06425613099605401,0.25571964540160147,0.09485957610643053,0.05020940755149336,0.15306749412868478,0.0,0.08347579574819183,0.07669747532194227,0.022625090990129767,0.06811888600103655,0.022260004461271143,0.0,0.04586349737422299,0.06521489499286322,0.04876702334917475,0.09559211387311146,0.08777846818179735,0.021947978546671024,0.08607224904264327,0.0,0.008168385692779055,0.11737736485138084,0.018691524996404033,0.2655562334814783,0.002663230276837318,0.0,0.02669773386389302,0.019422690081684926,0.06736926588106427,0.026660085926918535,0.034861730409203366,0.10065449740171863,0.0,0.0,0.12394572333774995,0.006325157981412966
78,0.17267751533481884,0.09399980466282047,0.0892818498603375,0.06380787661556836,0.0,0.08224866593588549,0.05212925696171781,0.028571795715310697,0.07824243028153828,0.1818270250703874,0.0,0.04851864285992184,0.035103368210919514,0.02457445817676432,0.16804767627672032,0.11648982600705421,0.019204466090120737,0.0,0.05343772201481003,0.03203593003948255,0.0436844634882044,0.0919843321002806,0.02028093360413159,0.0,0.0,0.2368468956893956,0.030968591353817264,0.010925689568998935,0.03551392448424093,0.17430330895829982,0.1085351777578409,0.0,0.04108096465609016,0.061596266794700254,0.21671514479768078,0.014092829852423454,0.03488769800157912,0.25692792500181655,0.07651580586459106,0.018784753484952555,0.07097150035917034,0.04602477195489209,0.0,0.0,0.040299622710521385,0.1247887699097182,0.005898175890799151,0.10286404442662139,0.0004664062021477378,0.0972968713853261,0.1979384615098791,0.03964794655980284,0.10016487038382976,0.017673513412614583,0.044151904075537214,0.07817461164085442,0.014701486901288545,0.048572862027954786,0.0,0.0
79,0.11102665248743213,0.06227387376396003,0.031642236735311705,0.02632802346498125,0.013913026010612763,0.10020811607967087,0.0520542682358097,0.018935838117940244,0.1367200858285425,0.0451488060476906,0.032719718049116754,0.10665897715804189,0.07819917461501479,0.060369813945063446,0.045522633687562826,0.04740045127519373,0.07991690622272277,0.03831204808302227,0.03663390326885233,0.0,0.0623978583734188,0.0,0.04630409974644735,0.1297715323042694,0.09320039868446052,0.0683264492436631,0.0,0.2543504924725105,0.0,0.3179597902243105,0.010800879676746615,0.053816150637335206,0.02935102594338407,0.0,0.061049546635238164,0.022850016671502483,0.05768938102224176,0.13694106881367182,0.0563973659385304,0.10993827400303369,0.01982812033983902,0.1321408053123476,0.17595761742768043,0.04704478004648263,0.062253453359254154,0.0,0.026802856297023697,0.0,0.06257141821563918,0.04991120773076067,0.1209418094491373,0.0,0.08195809474466403,0.09015163411123459,0.12209736065450275,0.08735025943948849,0.04398194346049517,0.011293076742565722,0.0,0.04399613623280124
80,0.0,0.07510637551207588,0.0,0.07507000310396716,0.024598394795280223,0.03222928193941216,0.03192540237196405,0.0500819772626969,0.10821493695711819,0.08552932785352693,0.0,0.10655252746376097,0.0,0.08371596095845253,0.022582864955632966,0.0,0.0,0.031427909613757986,0.008493444110937769,0.09343810081320564,0.0,0.020667491129095578,0.13788579325487527,0.0,0.0,0.15986652873382456,0.036117528793032844,0.142200198758765,0.19812038551233915,0.057186760223416164,0.0,0.09869298265424155,0.09662032505280466,0.0,0.0633500164543064,0.059676001229964866,0.05017359423289011,0.0823745557821627,0.0,0.09091167929858657,0.09186662729060835,0.03797075110362709,0.1746990025367709,0.03906289553273415,0.022345352826041602,0.06328113283253811,0.19084847875312821,0.10339297552798216,0.005742709769238859,0.07694215113263986,0.7766794452878741,0.0,0.5168841333158355,0.0,0.12629303953740215,0.0,0.1386532440165852,0.024522288149132057,0.0,0.0
81,0.0,0.13158646664099802,0.009433594362118018,0.0,0.03233710090316394,0.0,0.12734073596890386,0.05134585396682078,0.11194955743278182,0.029019163240985774,0.0,0.015268228773704949,0.04329066131322328,0.03610144350629191,0.1286567831211394,0.0620701739975557,0.06430125271823481,0.09016130396310734,0.19586987288899244,0.21905769195070285,0.10304436227786788,0.09722342453723963,0.06043060640367351,0.056874876167818486,0.013158426257111576,0.18114875761094282,0.1277727410807451,0.038527112606337253,0.0034630244565710443,0.0,0.0,0.0,0.1413423032832739,0.3454958610905892,0.16909774158113092,0.34276912519040403,0.013949336775873723,0.11477534591336928,0.020255015983584906,0.15174708293154734,0.012910790242804766,0.09262738231969189,0.0,0.1120062153894362,0.0,0.008218256145814139,0.02887283472718016,0.0,0.3877761088037741,0.02891633238935469,0.20346447467743153,0.20014849262437326,0.0018920455534933512,0.023684641339557392,0.0,0.0,0.0,0.015013530142115173,0.2962873915455079,0.0
82,0.044500789317210965,0.10001683989179747,0.0973460483941515,0.03940516475206766,0.05304656249895953,0.02743087794167972,0.05594159753908169,0.13230852654116362,0.03479473562249362,0.041758965733758056,0.252136885389465,0.0929149632006514,0.06790615306356734,0.11123900993483206,0.02592191470600172,0.06081396926340621,0.07397175186759108,0.0,0.1547839484336341,0.055197446235365225,0.3083004388880863,0.0,0.0,0.03293481703528647,0.04925035085947705,0.13721796408805825,0.05654831760767651,0.07045868639079106,0.06913579516337182,0.08537872842615994,0.0,0.05546242861837536,0.013404263219723052,0.05988333614579088,0.011456515356163882,0.2548427735608038,0.29439002425641336,0.14626862397000098,0.0,0.05413445836316277,0.2530696534651459,0.2152414642596725,0.11698525839344809,0.006156057369148793,0.04358287069094179,0.04032870117582954,0.4020494308907277,0.0,0.10361926364602699,0.0,0.15540796385628652,0.04824465327463559,0.16237080189595654,0.02491664176266803,0.0,0.027405057895736926,0.0,0.16579265783497413,0.0,0.0
83,0.07609887377104896,0.0,0.05017439965655987,0.06021447153238287,0.02164252360873474,0.0,0.16620594186307322,0.09142696387697057,0.0,0.0,0.029635671468753094,0.0,0.0484646955900129,0.10286051573858623,0.01087914947520812,0.09529753621471473,0.044775056570856876,0.05681052952911643,0.10150502191076884,0.0,0.12636438575711767,0.12596963936395572,0.0,0.15809401843337412,0.03663620028121415,0.12355983987538245,0.15071881670950302,0.4290227565161199,0.07907009346052218,0.07864788529627736,0.0,0.05746679970845087,0.06947189465038871,0.0,0.0576095143519594,0.07671850478743888,0.04465858217883717,0.0,0.0,0.10269994557970699,0.0,0.13082233760711934,0.03496481631308643,0.016341851868753553,0.01998762061601173,0.02134818924582947,0.28449035825511126,0.0,0.038339210280464074,0.08220426838349842,0.0546002773377594,0.03288165923069118,0.0,0.008417942913050732,0.13168581845751068,0.0369911873633109,0.0,0.0217515744217025,0.12088724416760385,0.0
84,0.0,0.04629811934050499,0.0611359359990845,0.02111000287894787,0.053369005480909816,0.0928369873789513,0.02705189295102011,0.0,0.040368423756748976,0.03715348488507355,0.01699489790776658,0.0,0.0,0.06852149305180069,0.06392095816041138,0.05517874274730845,0.028755383371707154,0.06147370985652701,0.03245810913118958,0.2743712187620153,0.20676351688976985,0.3738711052649685,0.1731956053743212,0.1789860610721693,0.05112653971142398,0.06840408559248003,0.05966873324224044,0.3545490026819831,0.043829998508408234,0.10893723512360418,0.17099378071526125,0.0,0.04007567702940624,0.03643175644855831,0.0,0.0,0.0,0.021017484622554098,0.157024243312149,0.05435812712002727,0.06511490035691453,0.0,0.0,0.0,0.038069803327290035,0.05225134669286113,0.254808064156483,0.03180635953562052,0.021795214122365684,0.006976024818712381,0.2557246081889175,0.16510340889059802,0.03621971740785756,0.013082054628604891,0.0,0.04355804686298314,0.0,0.0,0.05978595527684054,0.0
85,0.0563782438799503,0.0,0.042745583378488945,0.021243299743862975,0.04529317204969375,0.13587434902475187,0.18313983914780912,0.02473088320629887,0.06482591962176797,0.032870804892194815,0.0120716747054818,0.02378316442652161,0.06701305046990717,0.16168143192883516,0.013675742203110554,0.1398134746651894,0.0,0.05924899605460147,0.10680139168153194,0.0,0.041923080460008845,0.0,0.10781638767726666,0.03354161095898672,0.10992513776370613,0.03788945253143575,0.0,0.19686406489435587,0.1310325651139916,0.09897560730842021,0.09189294736599435,0.0,0.1214926965262136,0.03625042780962515,0.049640586335877555,0.549353545939392,0.01505650439572914,0.0,0.0,0.013565304753105564,0.026907194228801518,0.2382690294262345,0.0,0.06164543296073185,0.04691330597633094,0.0,0.2566334512140449,0.0,0.015479460742271077,0.015593625227905607,0.0960166028332777,0.026688121315377476,0.0,0.07712493845277052,0.0,0.01622163537114141,0.0,0.04322127551671949,0.05735115164980461,0.0
86,0.022172236211683252,0.01670199272760437,0.026639126368174292,0.02571078453604038,0.006199454111825189,0.07707356446429074,0.1996316865770846,0.05101279419985142,0.019438661891110445,0.07150073738116446,0.0,0.05062604480023315,0.0,0.11725567973821498,0.040353381495940165,0.0,0.04129864557356419,0.06498587220321574,0.020430333894276943,0.014323569524759208,0.12045062610089408,0.14357132781594664,0.12039612976475578,0.07867338340806197,0.024345200822072574,0.0,0.1041305260939073,0.011148342969538483,0.024047495346211232,0.498103710514505,0.0,0.05968391234510686,0.0,0.0,0.06379138606019127,0.0,0.08969176744033044,0.048444923035806164,0.0,0.09208034428422503,0.19166498614415978,0.1728114774874226,0.008612695405609227,0.0,0.049879284781063564,0.046092472499878565,0.20160475516945425,0.0,0.018372637591670973,0.032685275892511995,0.04353756281084311,0.028496790455567744,0.0,0.03474388889011887,0.1625582891200503,0.02635625876837799,0.10137609403633205,0.0,0.14779951336364575,0.004780357160221107
87,0.07067440817830009,0.04803008118393879,0.030922195898789317,0.13603775229917692,0.11632362969240136,0.028310352871712696,0.19320708756700178,0.013931770950782263,0.02703379938322215,0.0,0.0,0.051970647709925565,0.0,0.09869182254054236,0.004617636633908013,0.1268668792286539,0.035077946032669095,0.06234749146264825,0.04825100883498408,0.0,0.0875886303892459,0.10836951522457618,0.11663968021453006,0.0203747825770906,0.10561283263341828,0.23555256524155094,0.057402473964849016,0.21906936683526157,0.17753916003592132,0.08426031915279954,0.12975285336594738,0.006346733842470114,0.06872278881795707,0.05115390008596079,0.025710389787529802,0.12048038830980584,0.0,0.009448181697909102,0.0184712179763749,0.0845287523619623,0.10626039883320416,0.04837975999476038,0.0097301753342959,0.0019430403749230397,0.0,0.05350434756757463,0.16341196604228295,0.0,0.0,0.0,0.008921995849600581,0.3005756260396305,0.009667602753765367,0.019129043402943052,0.3314647218301332,0.013271574752463797,0.06638728686551654,0.056316974856784885,0.0438915649448092,0.0
88,0.05189914094542004,0.0,0.04545882590660036,0.1330704003852688,0.09177092415674695,0.03466696549115209,0.20889073388294957,0.0,0.24320967602220153,0.043958541319647215,0.020113554182553582,0.0,0.02410390880653473,0.16666678693814027,0.10700984321278056,0.0,0.029811184523160693,0.0,0.08468721062872547,0.0,0.01889767071817621,0.055200151946017975,0.059054199081911375,0.11775612148731573,0.17073512561306356,0.2550769891790194,0.24173437123702782,0.13586659874208074,0.17042460536948909,0.21725955534159275,0.026586084454678298,0.029856247980864652,0.12643156463246272,0.12502750073064064,0.08305678592002476,0.06328520714308507,0.01508367747012865,0.027421711050498253,0.0,0.13518597374390395,0.0,0.13801964432157712,0.0,0.19094683246195288,0.0,0.08329745950500436,0.013436144715981703,0.004224992756317227,0.2733675001256517,0.20583589900518484,0.045613173888532484,0.0,0.0036668355952645727,0.17118690424412594,0.0,0.0,0.0,0.024361996248001318,0.03958273477217709,0.0
89,0.016166265934978302,0.04752651653401995,0.01379200951962185,0.052988928946967,0.044647606456188836,0.03240329838896257,0.38046653193288976,0.0,0.16859175286383926,0.04418319139275263,0.05371861003124955,0.21610751143068277,0.04471633787535327,0.054680446325163015,0.22276609585420043,0.07285689313446755,0.014086935822591311,0.05669736750036541,0.0,0.059868146042194474,0.13353586074762644,0.044982976259382405,0.18118445936651117,0.051740805545890535,0.08897413589109031,0.24892437931943764,0.0,0.05380720400861375,0.19290623429461173,0.15439412447222658,0.0,0.031125036761637834,0.0,0.04254042945097481,0.05833233127892314,0.0784158063974316,0.12549900777636738,0.051419316494191805,0.0,0.12928489400445886,0.018297683519126334,0.07320673702725748,0.13051158080646005,0.1471835241696563,0.19450752819392794,0.08255055069365401,0.0,0.0,0.022077752829536963,0.040757471673111806,0.0,0.07073903502174712,0.0,0.0,0.0339925603283361,0.05724730411237881,0.09664780893933317,0.017358540510248304,0.0,0.040852523813529606
90,0.12643810741783015,0.2272432652122255,0.01852091569944013,0.0938824256724355,0.13518824705981305,0.06287844841136964,0.21985532887617645,0.03048790374970189,0.0,0.1636598713467795,0.018227429001279195,0.040220730335389046,0.09250417173433989,0.0,0.05045107635133252,0.14187163816939263,0.014189586013620237,0.041097642838122714,0.29376551903628817,0.19900294247491665,0.07792304689002963,0.10095254832573987,0.37696402624426334,0.09147469337917558,0.057638864412334304,0.1665503747503022,0.0,0.20309272028036246,0.0,0.1915224063813087,0.007612598322831563,0.020144713839202556,0.026104027176981855,0.0,0.06853830486605159,0.0280783347144343,0.0,0.032401554441568836,0.041108702912892967,0.10903641968380091,0.0,0.0,0.11110183197169425,0.04226118419271954,0.11917594373954898,0.017248853555136393,0.08079188443523685,0.0,0.0,0.07282445264239572,0.010632787518696056,0.0,0.0,0.0,0.0,0.004519254988398142,0.2116400668191306,0.022099173154331287,0.2648488513519536,0.0
91,0.0667760257081154,0.09658848705148586,0.04763512500746333,0.17602988109560092,0.06416365704409425,0.03967103741601577,0.04601962930740993,0.10670625027142189,0.0,0.09866353813140238,0.042853192175094056,0.0188747598713306,0.0,0.09939804511912319,0.09009815048268774,0.2045249358941765,0.07584652276683414,0.02208765462887709,0.03141637127029635,0.06881205586496575,0.038819761861346426,0.0929533183068678,0.1991916527632868,0.16488279659995875,0.0,0.34444357130523884,0.07574603047907084,0.044759115622420034,0.1053190949074644,0.15692090308938145,0.06962032113559484,0.0,0.06718228676752575,0.012308507493788303,0.04451905127480134,0.06253154587937053,0.0,0.0864483312454622,0.0563998154861394,0.0,0.0,0.0,0.0,0.0,0.0,0.03458044303515846,0.04541514080340331,0.05602118787887382,0.0,0.1361304437364765,0.051503072096359806,0.0715896003471051,0.11061494717494896,0.004845758553583546,0.14612330586421654,0.08140141804824831,0.15219827966352675,0.023934238844665615,0.08595420824980032,0.01038648557166412
92,0.3624982363146221,0.12126210994585467,0.0,0.09538897145185633,0.07268336555502715,0.06387959053074804,0.07272424975073301,0.06414057914753293,0.12122387598922672,0.09264640877437555,0.007758677762911059,0.04610533130269975,0.0,0.014013255943491938,0.013138274764198385,0.10304627486324373,0.14537676666071905,0.033456103159794276,0.06421210990839223,0.05716957695843897,0.10606160197837589,0.02583813567366162,0.06360032627764271,0.07363423545233085,0.18175032513566955,0.1981910739551486,0.0,0.21280386637340865,0.0,0.1544924700341281,0.014328850653024144,0.05365934905542486,0.005979564644752247,0.0,0.026836616875007137,0.05063018487301808,0.04557676824435723,0.1890917401477793,0.0,0.16968897367240035,0.05795455786068472,0.041976202838944786,0.00956870285474047,0.013586957946492778,0.03922010550490874,0.0,0.0,0.0,0.07322254687404546,0.02179701693738656,0.0,0.23403304730722602,0.0,0.07475370312773957,0.03284477450946703,0.047988433137820447,0.14123698209357793,0.10133438329770512,0.0,0.06985265652868082
93,0.027123260723110335,0.1443346373176695,0.049419290126552155,0.13847857196484123,0.05198221425208423,0.1206175804332514,0.13636073029437626,0.09282568936469791,0.08555369177857455,0.026221130310036603,0.027904971627400462,0.07391901626908165,0.04325208381285061,0.05705358732972836,0.038598149551673115,0.15985720728578603,0.0,0.04992267667323247,0.02635815627984496,0.1125274701202346,0.04115540041719699,0.0977439572876932,0.1867793294885492,0.0,0.14880901491910983,0.12483588766943748,0.0,0.17264438942188357,0.22206760886371404,0.41819804477738864,0.039021566728251515,0.11549896655746397,0.04603713440325703,0.043213414127243624,0.05112519701092173,0.03897647209664699,0.01961908302058477,0.0,0.0,0.17099693786481143,0.009007432565955615,0.06315167277011592,0.11475632038556101,0.0,0.02075962977360413,0.11642385652310747,0.0726473786168537,0.0,0.03454047682547182,0.0,0.0,0.08286780487425706,0.0,0.025031358431707718,0.12613625841079482,0.04051503074728244,0.06390620430299081,0.0,0.0,0.16368212159391718
94,0.0,0.12210085424988971,0.08517998954380042,0.23799070311444215,0.0,0.08125884234318663,0.13173466904503356,0.0,0.08378942614485392,0.08537796550760043,0.0,0.05566213251484417,0.009178557342793327,0.06616212788794658,0.03310159383085085,0.10358039049975179,0.10433094995361154,0.07056893282315974,0.13644246241516725,0.035424287477345925,0.13293782896544581,0.0730883592176824,0.03416373977966971,0.0,0.1077625558763701,0.1358639794441866,0.02260663774781389,0.09517682091794732,0.01013042746118921,0.1954967160522756,0.07631753219796847,0.022074838323788017,0.15420063997502909,0.12322251151923426,0.07219990243172456,0.10591336870592324,0.2802915778578357,0.0,0.06096521452979863,0.12245209854300365,0.09494859206355953,0.15409093966520204,0.0,0.0,0.0,0.31099911717813084,0.005892827713533437,0.0,0.0364195392897706,0.0,0.04176205141939853,0.01934833199894622,0.005201581444776255,0.033058489167202845,0.10627584370744211,0.06646440339375269,0.0,0.0,0.0350205991813565,0.0
95,0.09386714007772543,0.20343867020136958,0.06585441342761533,0.06409156972101061,0.22602713597853927,0.19111023919656528,0.256890752121558,0.15062436445505248,0.07522771524721769,0.0,0.0,0.09533434722098505,0.14245610233002154,0.046807035831656706,0.04155818647065745,0.22964942395202181,0.020608927191021493,0.05466028378593185,0.3857781147432564,0.11080387322170561,0.04306300043612392,0.08531661538214644,0.0,0.09045741084679569,0.0,0.03382035287454086,0.014333063348472001,0.08658416123438872,0.0,0.10522016584614112,0.11320804107158039,0.16689478442093175,0.02381714898216073,0.0,0.10349160984838052,0.03794325239001821,0.10623499404428415,0.02121402567689826,0.0,0.06907383264175054,0.02416651844920624,0.15483319851730679,0.0670415607852582,0.0036004925782231424,0.022505744071273707,0.0726906353070337,0.029192930533513045,0.0,0.033419808899757875,0.0004361826700787086,0.0,0.0,0.020264061458759256,0.059779505850346346,0.051982779183606984,0.10390108429558902,0.0957584580711751,0.09513586950531135,0.039103718303953545,0.12140401147652094
96,0.017403488191922993,0.25056079901693634,0.026825642464092265,0.15169539237736848,0.055363952114280524,0.041776225305656355,0.05308658510379522,0.13400525533768173,0.021163286159833872,0.05840196167841697,0.0,0.15946918291621542,0.040051923153137464,0.095879001836178,0.20168879863553058,0.1565659148114511,0.09964590305954164,0.19165097576523824,0.12516174520369133,0.052508100666604524,0.0,0.12669906293833988,0.17055196905781816,0.12952313659503725,0.04748677751268118,0.018639371264027513,0.08734274944492816,0.03614467886735918,0.008223086985979037,0.286168355392231,0.0,0.10934407089921366,0.1020670497894243,0.10883091531303835,0.0497493533366305,0.13330275838549008,0.13315790504567035,0.023011748072225422,0.0,0.14384085980347827,0.04168293000000736,0.08532519664134611,0.007285094821703018,0.03542211016412427,0.034061470859220754,0.0,0.10857770098047195,0.0009896619934923346,0.02265732177245151,0.0,0.028377581771772045,0.030379838058106987,0.0,0.04174567955480449,0.06952595488194172,0.10586417478081929,0.21785534508205667,0.013869715689245665,0.0,0.08158659152691587
97,0.0,0.04197699832357957,0.018976123611621275,0.07550521864465351,0.052441663838956695,0.03673177426959122,0.04959195833119904,0.04711975024371303,0.11507619578137857,0.10741971069171481,0.037547744250776185,0.07327424766789098,0.1019810269641756,0.0,0.07979137092777183,0.10157187745333361,0.018630372157468263,0.0,0.1109783121098101,0.1619969473541493,0.023055287935423534,0.00994080597631746,0.0912761919246943,0.0,0.11365817859337358,0.1129581912499664,0.12744277999557793,0.05786952407416675,0.1774564187465224,0.17671434287045099,0.16484765794904366,0.07078582213749766,0.014140189199751463,0.03398514218154727,0.06399683662564311,0.0,0.0573136163283512,0.01718163646776844,0.004593459854261413,0.04547759227259413,0.06957076552721399,0.06437975029947478,0.0,0.0,0.014578461088539415,0.0,0.03699350632135754,0.018492580438538672,0.04142865086577168,0.0,0.015355970878105269,0.06771718876629162,0.027610456188702406,0.03397042409414988,0.0,0.05327393309470124,0.0,0.0,0.42274622659204725,0.0
98,0.11005845811499838,0.03315259338132357,0.03593163641814159,0.08700126091466666,0.13462518703248952,0.06463225084902867,0.0,0.024070181549711925,0.0,0.09655565180588534,0.0,0.07088466916936538,0.02619420630844273,0.1071752835073333,0.06512664395959632,0.03300363642139921,0.14868202803226377,0.04853021883307577,0.032104200160531365,0.18322977324491668,0.0,0.038748544626614055,0.0,0.0,0.0,0.28308249814052,0.24022501409032304,0.005833471645313622,0.11978789957602853,0.12137893854610077,0.0,0.03819093941333045,0.04161974966273005,0.08711954905323463,0.0473566567596701,0.0789567361429265,0.0,0.21649926752162865,0.09223600766344464,0.021805599218379337,0.04702046005241669,0.0879154050024775,0.055631345295049935,0.03060389721018276,0.0,0.09873796308615836,0.006146771425024387,0.03127362847911299,0.0,0.03672299512366507,0.05814253364463646,0.039309749599964555,0.07150367601996496,0.11726665281353585,0.0,0.0712115983595853,0.05864427351528244,0.03731861658100298,0.1074929936920045,0.0
99,0.06069191004689192,0.07624573400896376,0.08851796508269233,0.14454205976978218,0.048728096196532567,0.13534414231269198,0.033069402879160915,0.01890218323108648,0.14415181071126792,0.04703108289671948,0.0,0.07380574017621086,0.12353647063880958,0.12551243043711682,0.07123349410239065,0.0,0.02845313816049769,0.14472076651808827,0.03050335956614334,0.13602023806199814,0.056786808821693534,0.06197161242834425,0.04371699916766009,0.2676986652447958,0.0,0.13134110510689914,0.020889780763125705,0.11626549405952274,0.03347308381415596,0.14335197377458683,0.08480698611211782,0.0614804638813102,0.0,0.06842781400496281,0.08862649850183126,0.14819689370892866,0.051045344269159375,0.05562638075106045,0.0,0.00736356018613864,0.08716816473716937,0.08912354340196663,0.04237631342237986,0.15769726979766902,0.09411234330266752,0.07664782739970351,0.05175943853342911,0.0,0.04259276241173574,0.0013877197953182075,0.0,0.0,0.0,0.0,0.01778504593355372,0.029174836075970215,0.07678053105614664,0.02594414560762443,0.06279658545229666,0.030873185595921816
100,0.048442491527582954,0.030810420119630432,0.02463649671671903,0.11065718026568278,0.06754066388419301,0.028882500415644125,0.021040300541674252,0.0,0.043225908259938765,0.010473718480660192,0.11143324077491425,0.05005931222036057,0.01790553403924945,0.04549070711771139,0.0,0.03664693261691405,0.0,0.04266345548775378,0.0,0.08066756635232669,0.0,0.04030952639443133,0.26201313856725744,0.017896863421996555,0.053801277846158735,0.13657056765970665,0.0678432166508412,0.017777546984616987,0.04971274009259056,0.44433413709691555,0.004612162014533163,0.046235025674731194,0.033086845899612694,0.0,0.0,0.0,0.045061340522517486,0.06824722505734389,0.06894588730052782,0.0,0.015271926085871477,0.03488102470033523,0.08429229846132799,0.0,0.12227534465308802,0.008965702060221865,0.07715093201981738,0.02230587131458855,0.0,0.0,0.05489480182748288,0.004516491442991299,0.03131516364020498,0.0,0.06688585660405477,0.07068037277156122,0.04115768725654014,0.06368376590081382,0.46308870415665915,0.0
101,0.022107744000120028,0.16484215129223131,0.0,0.20562239881730104,0.0,0.02867951254090649,0.057306249351203785,0.02077024570527141,0.06348124363349318,0.02776315594042714,0.1393564922193078,0.03904185973422511,0.0,0.0,0.1009298028077111,0.1625074619357194,0.03754570795451314,0.06054234789390999,0.1878878654203599,0.17798607857114201,0.0,0.21011599559578645,0.0,0.0,0.24939094527551123,0.06524909239395757,0.1911003213026481,0.11251182019752579,0.0880801588747257,0.0,0.24224524318148546,0.10879657594203082,0.31671303550982716,0.6013674087311516,0.09082772226233496,0.0,0.0,0.09780819703206739,0.04162379986596102,0.23265119458077355,0.06534553245102663,0.03844039921542899,0.0,0.04716445696336361,0.05262881038808218,0.0,0.2087714743159297,0.06321761966741432,0.08399482816476049,0.08378375987010388,0.0,0.08558243239619445,0.06860466129289262,0.054336120412266056,0.0,0.0,0.015853431449089586,0.11089173680953263,0.041970973657926576,0.0
102,0.0,0.16327597591287638,0.07241186972775376,0.046511435150025704,0.10807073269047962,0.09866286323044438,0.06416458659295571,0.0,0.07047579502477372,0.23880747190013682,0.06549345928780798,0.041957224251169156,0.015664936270309234,0.0,0.045683257329012114,0.09341030738074137,0.0,0.0,0.28075374743565634,0.0,0.25216339030443813,0.19310264728779789,0.0,0.11502223253112913,0.18353907744499143,0.0,0.0,0.19798914887141664,0.02226424840874314,0.0,0.045468855013884195,0.034231237164695116,0.009413809157729141,0.4086113321976573,0.06877224534280824,0.1412719213235642,0.1401847959556603,0.02837237604110889,0.16163189341448272,0.036336371186043735,0.0,0.34913121121193147,0.042302524812419556,0.0,0.0350905672789285,0.0,0.02836492072498646,0.0,0.0,0.027329981278304886,0.0,0.04636383141299372,0.03779363290995575,0.05431996089801094,0.044545449723318684,0.0,0.0,0.05318516854683488,0.15535837202095476,0.0
103,0.044162962238196234,0.04479466583478376,0.022790309571368298,0.09843226222622345,0.04539766405489239,0.08149219987436411,0.08694851375533857,0.0,0.029919403249341822,0.0,0.0,0.0,0.09338164393670727,0.11707678487387924,0.0,0.0,0.02893291378685325,0.0,0.07024467878682375,0.0,0.30909574736397993,0.02863533465493251,0.08932198898332037,0.14267716372673234,0.0,0.08981038987641768,0.11535029795696917,0.43761944263138053,0.08394055934441097,0.0,0.052338677672619564,0.0,0.26283051006179775,0.3409989661350473,0.0,0.05302375959059278,0.0,0.08773734315629128,0.09128186390708652,0.016807276481535797,0.0,0.2089843264324483,0.021714445876882645,0.08896599253541788,0.014108131388566156,0.012545654571597087,0.0,0.0,0.08817019163361937,0.029253123311083862,0.1039887149903202,0.026319540124285126,0.0819647263916693,0.0163606716734727,0.08734603240617558,0.019653426820391756,0.04753384503042086,0.01765628868104831,0.07985313471778734,0.0
104,0.0365988399335759,0.10939591765366,0.021291732240338996,0.020646199436332117,0.0,0.09398506358209106,0.11720620321047065,0.04537100611386442,0.05320218801417273,0.0,0.046691455964346006,0.0,0.004626049655833115,0.0,0.0,0.05760399764519657,0.10616291726623231,0.11354906832046596,0.046461641589074974,0.04731809305573395,0.24019916026278745,0.19421755721430814,0.17677316603701387,0.09668681656464811,0.15260904736242192,0.07630163100566373,0.03146647180261269,0.08412042223017964,0.06223772815595131,0.03506990438109018,0.04150647839407136,0.0,0.2504234234960508,0.040444675541701204,0.0,0.009721972532846908,0.05847972906082441,0.08727999356582501,0.14525483589360383,0.10335892374254184,0.06533513701213776,0.14988495513953498,0.0,0.04704947599207721,0.0,0.01036268653232169,0.013173745731080912,0.0042523132196275485,0.14898970638714032,0.02161076362544318,0.1001930515324678,0.083319324873733,0.029108593729054243,0.16001870544505828,0.04734615984156883,0.0,0.0,0.028834495550136584,0.13917922601349603,0.0
105,0.03841521885339054,0.0,0.08801185671246152,0.08575411837488925,0.0,0.02962891880236293,0.0,0.0,0.043996537301003995,0.06020561386666883,0.05547513354174218,0.0,0.07103154171553047,0.12076593237150869,0.022627817540188354,0.1683932273331508,0.020685753797062754,0.07987345374322334,0.11614819697124439,0.0,0.07726938866780472,0.17151589775125486,0.07562641582105283,0.07937672546472173,0.026404664933500202,0.11136169513730321,0.09753738919150028,0.21082793557984483,0.03317689254353453,0.0,0.24835200875302135,0.0,0.18647168057179989,0.0,0.06734383065158077,0.1334162759651976,0.10126588580515498,0.12798727793422104,0.016499945439975003,0.027205205670581645,0.02406203618805355,0.23274885365144396,0.017254056048151625,0.0695992387228816,0.018348607747899735,0.01919536186151702,0.037977212441641796,0.02016251718807735,0.06550710242644127,0.033965366125971876,0.1799329891360199,0.0,0.028612035501968325,0.0,0.0,0.1704163683586544,0.12264933576467557,0.08422309307127833,0.00604027542712658,0.0
106,0.08340344133618376,0.011713514372210541,0.0,0.038393202553872616,0.03490838502210876,0.05107614714454729,0.051073424263702795,0.0274931672894115,0.027289611214778995,0.044404186526520874,0.06447455790920867,0.042487430182542044,0.09694677612925327,0.060959222249417265,0.03982639117250368,0.09956192107744533,0.04836846816784226,0.11283432444961153,0.04298434360368982,0.0351236414858482,0.25191943246966714,0.032220908261680586,0.16813288915960173,0.15196953927906556,0.5353475351499796,0.06482397258934991,0.11295498772071028,0.13363433138451922,0.0,0.0,0.05276560980067449,0.028077384435279462,0.12918848252912135,0.01994204601193912,0.14603956407240545,0.0900923524443639,0.15775998858670007,0.016953807704417446,0.04618658240067672,0.08198585640174569,0.016432785296667772,0.24524040763084914,0.0,0.022236686985923917,0.018156264881315862,0.013769047203458716,0.10093292343325153,0.14425250449623986,0.07611731055322149,0.0,0.11054570333273463,0.05364845463569019,0.06379612503806649,0.036563634985171053,0.0,0.01571259100726025,0.0,0.0,0.0664692428590851,0.04095412402427032
107,0.0318179165956918,0.0,0.09675615732103482,0.04266768804127654,0.09049724254104585,0.11034187677898136,0.04836585029974636,0.048181942429369615,0.16881893140181192,0.0,0.01982001525279349,0.027482297017970742,0.0,0.08206727086426514,0.09414354777177135,0.1271612658502952,0.02505000454816773,0.16073216664399914,0.044188867622996605,0.13671647925201277,0.05797433427796681,0.0,0.1500910656311946,0.030468153079404692,0.13420410900565552,0.10470382764912446,0.0,0.019919329938618672,0.0,0.19711999435915434,0.0,0.055144507084128234,0.0,0.06810385498779042,0.16426301093867063,0.10478474401977719,0.0,0.09530329696488535,0.0,0.143288980613036,0.0821428327736105,0.13615317050091885,0.027310880383058764,0.03776682674037772,0.0,0.11963588039246352,0.03374410404617044,0.13537146085794552,0.05696995656611265,0.0,0.23412444166268567,0.3069819408025912,0.21619809969745724,0.07601863460431232,0.053676918217064704,0.0,0.0,0.048846776768735174,0.0,0.0
108,0.009539777506450211,0.0765440464094935,0.04429258299894121,0.06022696946189084,0.07235189190848575,0.10853940875272718,0.05547942564543111,0.0892798753444843,0.058280097073279184,0.026073559912122856,0.32994247897890977,0.26276409921042676,0.16110585310564166,0.2677872563798751,0.11624060119265975,0.03948403233365814,0.0,0.14605224107290696,0.2218613082557275,0.01760398754316153,0.06605872948936732,0.0,0.04490408507374344,0.0,0.19285037376865208,0.0,0.017504582473955133,0.009920770094479106,0.10078593590855879,0.006132065266194433,0.02935776925275825,0.05609456117506283,0.03648770180381837,0.277441375075831,0.05554988615195237,0.019759058973523147,0.008510362070774916,0.0375046662885478,0.13551595576018813,0.01632300013396142,0.0489411274726602,0.0,0.10561644342510272,0.0,0.129606763920084,0.0,0.06372546202534538,0.0,0.08004707900904429,0.0,0.15724077617995522,0.055744608897523716,0.17103960317608455,0.13849345012969674,0.0,0.021376328405220538,0.0,0.0,0.0,0.07280216207530495
109,0.042109406354345714,0.02505734230910041,0.012590037080425253,0.015063513280035546,0.06205350987878305,0.04357809205415732,0.022348682264888047,0.020103034680762532,0.08130351523535399,0.045175383753538884,0.158638389966841,0.12083698870486977,0.1439586736826942,0.4594443339092756,0.054582735106672074,0.36461235015036464,0.09025164593943304,0.27559035763274387,0.5180633473530033,0.2918065049136133,0.028859133748383572,0.0351259990655429,0.05101164400758909,0.0,0.05004610174128225,0.032269739732216675,0.010754809992155572,0.0,0.01635389502524187,0.0,0.0,0.0,0.0,0.1881541658587089,0.044227422091492684,0.01488640207893986,0.002956775477287521,0.019087218419285887,0.0,0.0,0.0,0.0,0.05111851240149387,0.0951273328772185,0.0,0.04152059906078339,0.0,0.0,0.057319280075996015,0.005414191654962281,0.018843179964918612,0.05174348544552422,0.0,0.026396592983974836,0.02104217562055068,0.0,0.0427641002581504,0.0,0.0,0.0
110,0.034040296489710055,0.05238482693907045,0.09302352333853635,0.05408653700236399,0.02323050640278638,0.03119228827141147,0.03618331637961452,0.0779170838275258,0.03071282588496889,0.0,0.06830921717992763,0.41410549554714177,0.0,0.05708944515409752,0.27302113103741255,0.4904660268061273,0.18008006377856792,0.14019136351149747,0.017964353708248462,0.5889852620893815,0.10775765692413158,0.0,0.2490114042087513,0.0,0.1237853571666399,0.0,0.0,0.0,0.06636179985381858,0.0,0.0,0.0,0.0,0.05735191086085646,0.018007068817721645,0.06741104693765793,0.08615972719726125,0.12356003347320993,0.013773269906121212,0.0,0.0,0.011282067873919983,0.0,0.0,0.026682146396331624,0.04078890053016728,0.0,0.0,0.0,0.0,0.11174855622931107,0.023580908253084166,0.08142401553411828,0.0,0.030640854727583492,0.0,0.026229456581655243,0.006312665758393303,0.0,0.0
111,0.010893595962462031,0.060959916559266476,0.09063729462814075,0.0715764636485611,0.04555695633959633,0.054300877083084426,0.05979762036048797,0.0,0.048481449105188236,0.03185732753088764,0.36882066155990145,0.02536171190623547,0.24983538473669045,0.178103530483262,0.4006293262839204,0.29325137525592415,0.16077247988369078,0.2689810789127694,0.0425783444258836,0.22116108015630048,0.0,0.047630741241097424,0.09594195153676162,0.0,0.0,0.0588734383475118,0.0,0.0387744747933091,0.0,0.02934619278882966,0.0,0.007094252022389809,0.00015693184761350843,0.19784794618243673,0.0826104512969739,0.03242744070424954,0.08400387478387326,0.1493325377396209,0.0,0.0,0.05361483548563491,0.06223288691323883,0.02325731793836213,0.0,0.0,0.0,0.0003344515225598377,0.0,0.055668008855081205,0.02897074053177632,0.0,0.052145533715139455,0.081252041442706,0.062149079267625924,0.08977210571812763,0.005286251386954511,0.06685740038271963,0.13357767806021498,0.0,0.0
112,0.0,0.0,0.03874010068983638,0.08815663801973316,0.0,0.040222448390094215,0.041104044151555046,0.0,0.034968278861404904,0.04917735264504053,0.5363998089048972,0.21388298774547204,0.06261892855732851,0.0,0.010297002031474278,0.38936698143568943,0.17018442242806778,0.14571853868718382,0.06627069326892417,0.5735075742114875,0.08462192611322379,0.00386403124796761,0.050987480473132465,0.11046157258491865,0.05824989755207666,0.012664632180753022,0.026823407352404578,0.004107149191895361,0.0727377602878047,0.011658491997176655,0.003198356521883732,0.0,0.0902210209567301,0.006483488575655934,0.045635440586436087,0.02613504421303306,0.04020933717982558,0.024757629316714377,0.0,0.0,0.0,0.0066905558990082055,0.12044572640477524,0.0,0.11465093715436468,0.0,0.02253503210047997,0.0,0.0011250959147237683,0.0,0.0,0.04030505329450659,0.04514466089008631,0.044048125695807364,0.0,0.0,0.0,0.01897214553294213,0.0029805477143082927,0.0
113,0.032012684238113154,0.08125686513792071,0.024759571860906646,0.05889534340834992,0.045585172995756776,0.10467091217636529,0.024898156108754788,0.021794342272530177,0.06659307955009343,0.0,0.13492853238435107,0.01569608639376739,0.13451331815454523,0.28734688388141266,0.08195017689403054,0.3022077455007685,0.04218467563260498,0.24751753879428878,0.49622872266957496,0.5774873282592814,0.0,0.05726056637666433,0.0,0.01796841312039591,0.10901250598919972,0.0,0.04094099615443075,0.0,0.0,0.04016799708786961,0.0,0.02951455529399042,0.0,0.0,0.022467912768538847,0.07834329305060585,0.23987218177166647,0.07645799539619735,0.0,0.04817279109152974,0.0,0.0,0.03859217148858527,0.0145395271603457,0.04847442656086502,0.034330358722787835,0.042298012333233964,0.0,0.025307738089760393,0.03567354457704939,0.09968049560649701,0.0,0.0,0.024432144002628383,0.0,0.0,0.0,0.0,0.0,0.0
114,0.05202560121596566,0.030729646281450647,0.13524827420465718,0.04111748756157578,0.0,0.056701035969516436,0.11409834101931249,0.01651988177413276,0.014466420926694623,0.05272878941936734,0.040779306798491496,0.08646097500634216,0.1283017128605458,0.21135640641824194,0.07927729842882822,0.7142295744644405,0.0339152163577208,0.16345303725867055,0.055964534016698216,0.5992847302863733,0.06001685399628296,0.0,0.14213447513613514,0.09569088707984175,0.0,0.025808102328859935,0.0,0.02670228713711287,0.08427460719251682,0.05331294732057999,0.07786916906821731,0.11009299900955305,0.0,0.0,0.012960538814575413,0.22117541678714722,0.11851628968937813,0.17954516371935733,0.0,0.06040591955188714,0.10624343795478795,0.07727275010277516,0.020552828146001578,0.023782130493157645,0.03721175402441593,0.0,0.0230746894380531,0.0,0.0,0.0,0.0,0.0,0.0,0.0,0.015883131099762894,0.001430120837769444,0.3165535134370072,0.08950739293247872,0.0,0.0
115,0.021826380620808248,0.08845018097727081,0.04220837265533456,0.046098296764619365,0.0334435937817609,0.11751462783540244,0.03410629505809859,0.027105900117331487,0.06013688433588383,0.02450661354020659,0.07246183814632824,0.3311399184254011,0.186838892444281,0.2706277625959055,0.021296285406496973,0.20913745364970965,0.2681779634457413,0.033721051841323575,0.0,0.2756384214489527,0.0,0.0,0.040608844773149154,0.07750034556772531,0.1152740893753518,0.017739010221272465,0.0,0.11880125313696333,0.0,0.07189920986747302,0.0,0.0,0.0,0.005855993163741318,0.028261025358628036,0.4593182895099546,0.026010907380950854,0.0,0.0,0.0,0.06843773723679143,0.07078409695942181,0.021818100770318496,0.0,0.2115338960282807,0.0,0.0381884867328848,0.0,0.03880301490609387,0.0,0.12583998052287307,0.012643911403542023,0.06476998730518102,0.13621232076162995,0.047488366738995286,0.0,0.03991498909205505,0.07602451426237139,0.0,0.0
116,0.05371617224700132,0.06253011142479274,0.0878877066930153,0.02346854590203557,0.0643228910046213,0.04877460575773395,0.0240220025970132,0.0066609004086476305,0.012605124401121808,0.049929329271669654,0.3341870803147604,0.18658283989197796,0.180607375057033,0.022155857313913573,0.0,0.42037539490841985,0.14746504996665133,0.2698340357311435,0.08772984690624107,0.40928971218399296,0.0,0.05317978030242813,0.009581865159642954,0.0,0.10425331668402028,0.043595720211334205,0.17247971923485003,0.07239426431963239,0.10287612369420614,0.0,0.0070086011513757355,0.053972153389354946,0.037708603837884415,0.0,0.05159702933077493,0.0,0.007485354437879391,0.02168236260636693,0.0,0.0,0.03246140746131136,0.0,0.0,0.0,0.0,0.0,0.035449506227083746,0.0,0.009284447947302266,0.0,0.18429594440603073,0.05558262353848497,0.022109321747270597,0.016689048170823662,0.042154238360302576,0.0,0.0,0.0,0.07941751478599557,0.0
117,0.0,0.0903012404201082,0.08744809606419653,0.07706083210536524,0.08859859636239147,0.05476373628354768,0.06261251819314613,0.04885895188557968,0.046493665376137416,0.07417818004636027,0.16034292003821618,0.07406955781395595,0.06839278064952752,0.2546065548242967,0.20764030946559803,0.46235162644650024,0.1830280708125481,0.08779491473431843,0.4284492429507784,0.09850682707045458,0.0,0.1489714247174198,0.0,0.0,0.4186023695516873,0.08242281251262203,0.04640403861805018,0.0,0.0,0.0,0.022585821330656054,0.0,0.035124901565026095,0.013391531307458036,0.02067314224740946,0.0,0.19143574527955046,0.08587901261798013,0.0,0.052384455247788494,0.09291610455271564,0.0,0.10092447676128388,0.0,0.0953535004846075,0.0,0.10967155487492626,0.026539599914210763,0.033606729159320316,0.12416469808901642,0.0,0.025880906237315374,0.015090992554689552,0.16719961452539928,0.018338926608412343,0.02597698387943896,0.0,0.0321346944013041,0.02533480626869207,0.05726699346017688
118,0.05267224099845911,0.0,0.12725826566467263,0.0,0.039123209681173055,0.038877069062643176,0.0,0.055561646023630167,0.13037450438400097,0.04222735584377687,0.05742932039874438,0.15982266391158306,0.11362422617284068,0.19502501561227567,0.16608131508693522,0.6179713978298464,0.05047288017435204,0.2287600328696133,0.021591565641869002,0.35947999786051255,0.018312160722335893,0.0,0.08299261484035704,0.0,0.15022489705366288,0.01144479445577049,0.016574770684661636,0.0,0.04459307840784861,0.16792900224657625,0.002623043214258329,0.1322274667223655,0.0,0.009166152868437034,0.02407838360429313,0.0,0.14106924936201284,0.19532572386472138,0.0,0.024587028314984608,0.015451413605350038,0.10506177894018374,0.027760109758017636,0.07527154724260482,0.04224705069890836,0.036780353831208,0.07136719393859464,0.0,0.0,0.04375135915217977,0.0960610414170135,0.0,0.07406582486212976,0.0,0.03552599336255529,0.0,0.13945089799111807,0.039978131278641825,0.0254586285073318,0.0
119,0.14210493068435512,0.029455305894733916,0.02860695229877416,0.060397516840305025,0.08275126319679972,0.04511167235472775,0.024492791974170064,0.014212086599104584,0.022392106482277036,0.0836726758807469,0.27497251364726893,0.18988938695367708,0.0,0.05784785262641794,0.43116600483941797,0.06222344979910094,0.10688615158923315,0.30455166715539267,0.04970003066851242,0.5106603793306362,0.046186291037606166,0.03971921018200884,0.09260867716997706,0.0,0.04263073691541444,0.005728416210169118,0.0,0.08325261450644471,0.0,0.0037493894681193936,0.0,0.1414818671188739,0.0,0.03709178628809642,0.02941888789356679,0.011686078242578338,0.13134345469190004,0.0,0.0,0.0,0.039219392180593775,0.0015463470276607899,0.014565992719749015,0.06384297552209486,0.03934046022782465,0.0,0.05403602631925481,0.0,0.0018623718217873298,0.025388814354070255,0.1349917870250593,0.025629861565123032,0.08031729005551222,0.033563459890659855,0.04825473744967353,0.0,0.12183481830576998,0.026115598535348554,0.06465413722428906,0.0
120,0.07096883731708797,0.05024868643763563,0.063434012170238,0.09227070054833943,0.02403687665253223,0.07213748745961271,0.0,0.031120008968012577,0.03317430063844758,0.05686077376547347,0.4469365526577422,0.1028343473663731,0.0,0.242816679518157,0.0,0.566414045335505,0.2990752120457686,0.015856626055650785,0.03425310612707162,0.0414645620876728,0.12151111795876827,0.07053689949432673,0.045806444911419185,0.0,0.22326489849354622,0.03307840411097844,0.005912040539726711,0.11731868409193055,0.17426376667863458,0.0,0.0,0.0,0.002111281950535806,0.017773602764874427,0.011834135149751122,0.0,0.05914976065461761,0.0,0.0,0.008773296558544141,0.0,0.0,0.0,0.0,0.0,0.0,0.08522961759519454,0.0,0.06119239695400152,0.0,0.05140178439962831,0.01883615692806428,0.31596190884562003,0.04526365500569505,0.0,0.0,0.0,0.0,0.07811282116539844,0.0
121,0.09207801652945644,0.0,0.10524584869965886,0.07417207906872342,0.05010071622458622,0.09318915068204023,0.0356861596880577,0.0,0.07636305137780208,0.09241367583226745,0.17359066529626904,0.3308641325900899,0.1398486548439649,0.0,0.08676854752011426,0.6348047076587133,0.0,0.356357915325222,0.0845293505141333,0.15100406398903413,0.1575463725148432,0.040746962129540786,0.0,0.13886180910318166,0.11222433939595247,0.0,0.10062024360821145,0.059600048911844096,0.0,0.06250717839923614,0.0,0.024090800499675658,0.025223003543652298,0.0,0.06614049502654247,0.03149468994547082,0.06532167522989342,0.12167814505756576,0.043643962750705236,0.039556908432954785,0.01906935051549016,0.0037656638508865455,0.08355562824715655,0.0227001202233692,0.04180846139832054,0.0,0.02436276378080584,0.0,0.040400399881109585,0.16758249174375617,0.0,0.2221938939338504,0.04163386819862487,0.07189744059325809,0.0,0.0060805556442748605,0.0,0.014116249103682645,0.07105786818229305,0.05824062199607029
122,0.06436134494959471,0.03873132953183168,0.1790813692132387,0.08643517761714524,0.1388130982811842,0.04629229965552687,0.030564916585717958,0.17460372691907394,0.10453422582358271,0.08592199151460644,0.0667727593422832,0.184012574841587,0.10802212538881252,0.16503945677840393,0.27360317027176356,0.20642902929473442,0.17332756528978435,0.21051190570508974,0.09776011837064766,0.6765844358700391,0.09244587635386296,0.06606205866911194,0.1806167096046607,0.0,0.03325311937098789,0.02251874111102318,0.0,0.09281666795593312,0.038255972454287045,0.0,0.0,0.0,0.028749874555608637,0.0750856262553839,0.011954210358226015,0.0,0.0,0.11131483526620675,0.0,0.013097555218651547,0.0,0.012714430728708018,0.0,0.0,0.02545595550419255,0.0,0.1237601735086562,0.0,0.0,0.0,0.07705217167785844,0.13416352474459067,0.0760908498602144,0.06439539006373392,0.0,0.0,0.16468198272486503,0.05095666183892126,0.05444537271774712,0.0
123,0.0198874078253368,0.0,0.08423616911574344,0.08515797665053534,0.04327663456521566,0.08934221043891592,0.0,0.012479909903986744,0.0,0.1410575779261326,0.1971784458637228,0.2891525436853802,0.06923048749354266,0.1973157884272025,0.26507440125433007,0.5214597817765639,0.05810102701856989,0.0,0.054583345852809106,0.116175855180971,0.15690202369182682,0.0,0.09585321270452697,0.0,0.04069424938049346,0.0547539561494014,0.0,0.027023011872011584,0.0586682887296136,0.09046013428432749,0.0,0.037491908529355605,0.00850723188843199,0.0,0.03623504870563928,0.18124654819424363,0.008434115897498476,0.0,0.0,0.0,0.06357070369159329,0.03224324415937904,0.06898970104722127,0.01478124372096234,0.050836632516171376,0.0,0.16670033883537771,0.0,0.009463257717492948,0.0,0.05934281111272574,0.06244905678933156,0.0236137425101952,0.2245727037615874,0.06203552338886377,0.009166128715229696,0.0,0.03246353688307442,0.06583123820438119,0.0038990817966757735
124,0.04815857024163583,0.03281265530318521,0.1996139640890095,0.053914153087455105,0.11432767935133406,0.02439719181446744,0.0,0.05520386902259701,0.02401639902894674,0.08258717832495205,0.2164941232589236,0.3048733263592118,0.18023714848423716,0.027975528189849674,0.0,0.5490844312779363,0.0,0.09295511586173026,0.16124351138050533,0.22016069411514846,0.05389062706292996,0.15211928860777493,0.044836159512303755,0.0,0.09788694267844479,0.029373734299291545,0.11052769432363586,0.028990842951707018,0.20198634559662626,0.0,0.07817897859196869,0.022748241836029748,0.008837692207817384,0.028904926984618114,0.020062680223409957,0.0,0.11692868184837275,0.13313367622924072,0.014162001760906292,0.0,0.04268709385969644,0.0,0.016595936312312664,0.0,0.0,0.0,0.051370085687320495,0.0,0.0,0.0,0.0,0.03542983697048402,0.05637933091628282,0.02699478636646955,0.0,0.00919834404637381,0.0,0.0,0.11796112982401401,0.0
125,0.0,0.0,0.1353252418617256,0.05614646681420506,0.04195166400979824,0.0673811396950019,0.09577774276840727,0.04460047597714229,0.0397142616224726,0.06605251624013876,0.031626856036596616,0.2857286270981714,0.12777322604417124,0.0,0.08957325575481104,0.7394089383126538,0.0,0.11384520358388739,0.2996637103417831,0.3416699377440463,0.060091343026182825,0.019992319650174336,0.09367169955433485,0.05343985118149958,0.2576696704266058,0.03532870097844254,0.0,0.02514066111778003,0.0,0.0,0.0,0.0,0.0,0.03936805850568387,0.05032869739579729,0.09695985391953942,0.17607764896119013,0.0,0.0,0.07585310671643405,0.0,0.014676679318379507,0.11151437019020254,0.01793922911599917,0.13616006506943182,0.0,0.0,0.0,0.0,0.0,0.04360735583900221,0.026976772080175782,0.11752819165854135,0.04038457928030544,0.0,0.0025514656547961103,0.041162979895490046,0.05246828558966505,0.08252192577476557,0.0
126,0.05013921432542211,0.0,0.013448546624070272,0.029368696991356948,0.06676775570117238,0.06120300654567818,0.027061427543003145,0.1258523337316659,0.03390953035750685,0.0712326780410011,0.09421328380406743,0.34419004449683205,0.0685616664987391,0.30316600630871515,0.21654424101099645,0.5679018795684828,0.11850090338801103,0.039125944671658,0.06111057394793696,0.5318375586867785,0.10381376385861002,0.0,0.1563183720104785,0.05284992947851527,0.08174188033348793,0.09284372721128073,0.0,0.017772296692023216,0.07571428181057327,0.061026361678589,0.023725439905462095,0.0,0.007438202084560553,0.04629396865409887,0.04220926196872547,0.050723576925415854,0.0,0.1221783278678648,0.0,0.05516619330354665,0.039215036739543754,0.0,0.0,0.0,0.0,0.0,0.005136194943293089,0.0,0.0,0.014687971733906657,0.04500901138932585,0.027055648016368682,0.0,0.02071139359799494,0.02800438250684987,0.0,0.030751267930281143,0.05656360458285206,0.015917803166954306,0.0
127,0.07684239306103682,0.09001866161240464,0.03072394088252083,0.0835371714885723,0.0800972061205126,0.0,0.03689928659068681,0.024282550243465005,0.03484194972102487,0.05110478218263925,0.31604798942748435,0.0593153199754763,0.029471833614635106,0.14551865360911947,0.08839181846282211,0.40850282519418346,0.071027498533651,0.44739630014092224,0.08241191539188533,0.25184285384571997,0.0,0.0,0.033202369745854464,0.0,0.08611893424386695,0.023269653392728882,0.0,0.05717669594036411,0.01935642645823746,0.19220078651951406,0.03451907877646741,0.0,0.025327198623199362,0.04224793231679167,0.022024912034248185,0.24480266683627835,0.03631552531261275,0.06973970271987207,0.0,0.0,0.0,0.0582546556010104,0.15075994212411473,0.10979948739175832,0.016950256281514378,0.0,0.06027468239960197,0.0,0.0,0.08506455290400101,0.014365081679866663,0.10084876191356593,0.0,0.07716125514703488,0.0,0.007920445132487528,0.01697130694977792,0.04322109144388611,0.0,0.0
128,0.09198475669848279,0.0,0.09980325496280545,0.12188191379160943,0.0,0.03417267996440085,0.0,0.035511406970333795,0.017032040283232443,0.08347557066785911,0.3946934387239592,0.30981244464538477,0.04214552551284331,0.06821328406382032,0.0657406342696217,0.3097765914071278,0.07056686032628386,0.3739111440260947,0.11469262254614632,0.08231336951419964,0.026356375451144325,0.012973484850070304,0.1127511416773588,0.0,0.11011810983275422,0.04221769960628967,0.0071923178390171085,0.037882154182111466,0.012606373604435622,0.0,0.08882841419455105,0.018315946450520232,0.03444219154833362,0.009538087255926666,0.01985856956309894,0.04598091546947406,0.00922434537842464,0.1539777257301359,0.06503066200170773,0.00667153573271138,0.03065979719343413,0.0,0.0,0.161461006927834,0.04422391195815996,0.0,0.008237220626150286,0.03432617090588663,0.053049426087452785,0.0,0.22281781745033968,0.0998551721261271,0.06483585968184216,0.13774063546512808,0.0,0.002747248842839556,0.11298400810113036,0.0,0.05956994187723495,0.09446108148409486
129,0.0,0.25350757103975985,0.04026316552343852,0.02705658821122773,0.05029603508716054,0.0,0.11075888818613015,0.0,0.05661556921422994,0.018500492773625914,0.10443277788107325,0.49304188208661337,0.023603282714678347,0.31597814173399713,0.1820140201225768,0.30068071274095415,0.02055471175944301,0.0,0.15079622266840859,0.32229029673048254,0.102024449598965,0.17038537426059513,0.0,0.0,0.04838281019747589,0.0,0.041232495646406526,0.06339756621248972,0.07718918676883976,0.0,0.027535816286773346,0.08887709539119042,0.0,0.13691545449217762,0.02683849970770287,0.09438281675125314,0.04755187610275795,0.055877033984566296,0.011232168601858725,0.01654650906618243,0.0,0.10185597108089914,0.15334721622754516,0.01174995237432324,0.024473957315930356,0.1450905503236584,0.0,0.0,0.0,0.1196579482676253,0.05935103047708238,0.0,0.06484294794304916,0.11951599319396315,0.08890604507519831,0.0053829002101733,0.0,0.05556261492280468,0.04661332399324292,0.04004455985289817
130,0.06205817776906157,0.0,0.07019458302253206,0.07081553816980352,0.024694205947141043,0.07787994178676694,0.024718239780046468,0.10028095872330096,0.06655382352350513,0.060005350910417525,0.15440167652600992,0.481346042951509,0.1529324283022604,0.5124722224161709,0.045763986311714556,0.21612550741809458,0.0,0.2811810609611717,0.12321975500897887,0.1280255129986553,0.04905087915359415,0.0,0.0,0.0,0.06933011726765455,0.0,0.0,0.0,0.010222142211129114,0.0,0.0,0.00428839566023574,0.00832213688644839,0.02473309102341047,0.013951945975155611,0.0,0.015349842498843367,0.03930947283406512,0.04063125750065104,0.1108178044629423,0.0,0.05168350839888252,0.053055849708188045,0.03450259852487787,0.03375370034705358,0.038405616915186826,0.014728832261491331,0.0,0.10435169998801673,0.24717997937260436,0.029840137951963875,0.037819843584497324,0.1464533636487633,0.05124756356440068,0.0,0.0,0.0,0.0,0.02876749049525752,0.0
131,0.05815800368944786,0.08677701943507313,0.03721620342366091,0.07410360072725114,0.15748164452262137,0.02225310573532764,0.04302122940429211,0.0,0.022119056627829363,0.06983536482150328,0.038604438804159286,0.08376604882796483,0.4040063827712902,0.28778272583699194,0.0,0.13462580502236005,0.18582228990875996,0.3144861176223449,0.05998707073057744,0.12093896616717664,0.058081367860378506,0.018103600565677523,0.05960994948798635,0.0,0.05815374825907722,0.018677796348136586,0.048718441942283246,0.02262286914453111,0.05162810875052056,0.0,0.0,0.06289248598003107,0.03921276767912905,0.0856056149951292,0.13882057321499214,0.0,0.06352207845670169,0.11632176574933312,0.0,0.0,0.058435577717113094,0.047699461743473615,0.019716738609734046,0.0,0.03934582743984955,0.0,0.05362257173244145,0.0,0.038179311860225135,0.044079375889641066,0.01951706979101835,0.13776648038854222,0.0,0.05242148632495478,0.11580282640191776,0.038321424287504714,0.0581588796224915,0.06178454480559457,0.19137155218391086,0.07958156583261677
132,0.046324532648246965,0.009458536094966339,0.0,0.05592253291412759,0.056414061730247614,0.03633960387303217,0.029162719648621892,0.0,0.0,0.019120921409174183,0.2650274410492786,0.037745342996256884,0.15467538406609904,0.08711751953236474,0.06594653734242144,0.5195380682441972,0.0,0.41948942746911244,0.06474023038069024,0.6056166421601905,0.05105444136564007,0.019424894732265174,0.012707346953608124,0.05409143605321784,0.058679877576907374,0.002059467549152388,0.026664080273456518,0.01219767660876824,0.005381533519514781,0.0,0.06906065304792385,0.014064050376811231,0.037015802372912666,0.07852258529708725,0.054075032957968575,0.10453408176981577,0.0,0.010736909706142167,0.0,0.0,0.0,0.0,0.0,0.008120570002015558,0.0,0.06814742411273902,0.01977519801397728,0.0,0.007133299078609811,0.0,0.03888227846614566,0.03742453332240184,0.042836995305841806,0.05580688303932217,0.0,0.0,0.044091367391589226,0.018793626114208952,0.06261648287493675,0.0
133,0.04304808882967576,0.14961134344172458,0.04118339989228621,0.07547705781647888,0.11006182418982693,0.1354464477493297,0.06545737759167836,0.027125622977985098,0.0253948494620377,0.04984405899462306,0.019103311248912607,0.16041459713454703,0.05635599106080142,0.2707005028272892,0.061737411219698,0.633826455116366,0.1937406958951725,0.0,0.04531961139869725,0.4376567131849631,0.02887470955923019,0.0,0.07708828389365202,0.0,0.246798322750598,0.0,0.0,0.0,0.02675340392868982,0.015808128924414265,0.0,0.037140408031811206,0.019738684120677787,0.021890008042202484,0.006593855219122659,0.024402549525899788,0.0,0.05399620732230168,0.0,0.009868031974788572,0.0,0.10355111884104912,0.05861706658884751,0.0015732560184072808,0.13970688158111977,0.05588265361066176,0.0,0.0,0.020320582721977978,0.018500208999468713,0.0,0.00784084544296667,0.038465152192315076,0.022280282563323782,0.0,0.0,0.022225518814778012,0.13863261928095405,0.034943806664684524,0.026217208070117886
134,0.08140352216364423,0.10837813988931297,0.14504891084409194,0.09667942498833107,0.05775475149479851,0.06742897539917578,0.07242079795768352,0.0,0.015781712637239594,0.06802824227154045,0.08445635288043311,0.45135511842938664,0.45596329039936934,0.0,0.19088806268732703,0.28112117161121386,0.1486238659192209,0.0817908013048649,0.3164879667520952,0.35510148263265434,0.0,0.0895333985346615,0.4257998749298377,0.03890889457133848,0.03282289597226159,0.015314560708371608,0.052013167022498405,0.07788640998246255,0.0,0.09105093695499918,0.051133420332444224,0.010248758286110715,0.0,0.033367980009574694,0.05037942493339318,0.1084883791501103,0.03986859267034738,0.1805392643369938,0.0,0.068450004698072,0.11668205715529577,0.025153151157285537,0.08719381788843238,0.0,0.0,0.0,0.05186244657640964,0.0,0.13703536844800615,0.0,0.05804246801996202,0.06763316926361657,0.02773823960623282,0.03205503933327024,0.0,0.0,0.0,0.03114335860432722,0.06163175101311309,0.0
135,0.027481968248003984,0.03194581075084556,0.04483521445426103,0.02554773686503007,0.05324970291209328,0.022648802718113523,0.01388505748167785,0.04567956178664591,0.03095367661527375,0.03376308774762001,0.5299191247415412,0.16076776160048492,0.4242727537387687,0.03408131476002585,0.10954935397577595,0.14035592333251362,0.07732114462028877,0.474103449203894,0.0,0.43299550294637085,0.06449436538804444,0.002243731219430709,0.02324148873676075,0.0,0.0,0.005660123964941821,0.0,0.0057176285646095585,0.0,0.007888799377277208,0.0,0.02980197910893509,0.01110354758807881,0.0,0.05669122769141498,0.0,0.10209741910294298,0.033537381153231155,0.0,0.0,0.025928914211436598,0.012502159356377506,0.0,0.0,0.0,0.0,0.0,0.0,0.03194894832180542,0.0,0.024583477882858213,0.0,0.0,0.10567229885396548,0.0,0.0,0.0,0.0,0.0,0.005552354495087921
136,0.0,0.020570233725312647,0.0,0.04490643519741847,0.0,0.036389306834149815,0.05299579747024377,0.0,0.039283672952612064,0.020945337268150267,0.24378850695544022,0.024552207357720304,0.14210305730572312,0.20220038740745191,0.0909604311146086,0.675031179257612,0.21120292552806444,0.1235069963373347,0.0,0.21123596716369428,0.06900988269649275,0.11765226371636865,0.054069965824279136,0.0,0.35816878936534946,0.029895927731978925,0.16642483535546476,0.026267927584600833,0.0,0.0,0.011184075428275082,0.0,0.0,0.22280738702038183,0.0053601426703714415,0.05429648181239141,0.0,0.08471417258858845,0.0,0.0,0.0,0.0,0.008587621244722394,0.0,0.03514326350489914,0.0,0.039343016481800414,0.0,0.02622624268316605,0.0,0.04036200978089069,0.0,0.11795659220858329,0.023170335638701887,0.0,0.0,0.043955513493849165,0.0,0.0,0.050630077985664344
137,0.06920864597050501,0.07591796105813749,0.031135104476806907,0.0,0.07400204553273214,0.0,0.023042785580305366,0.03487100243363148,0.07364043989299819,0.05250634007917531,0.14813025262250165,0.45355348077312735,0.06191460445569661,0.03160100888631947,0.00829658122593581,0.4343407252060938,0.1366202009296478,0.3735338781620897,0.15612906824239645,0.14954662440390318,0.07725055580320504,0.0,0.08141758065901644,0.025325491138215372,0.16654556802912637,0.030136569693348894,0.0,0.0,0.013530086530798702,0.03430982370835679,0.0,0.0,0.0,0.017231637704661903,0.015113874133195987,0.05722510154884105,0.02045280695846419,0.07575940148875224,0.033112362410845385,0.0,0.010104128718031204,0.019813555699491926,0.006683662542031281,0.025018477706229895,0.08677343383704095,0.04167675315159384,0.004678975627206683,0.0,0.027811358652342036,0.06826215130749688,0.053178083838163505,0.0,0.06519078514108612,0.06678427608297861,0.037436275890706375,0.0,0.04852428757536899,0.04199355061513554,0.028051903906511893,0.032057342721976315
138,0.0,0.0,0.033138018772188096,0.07249719446265085,0.028292936424162224,0.11103970122767953,0.03051238184989418,0.028042750121452496,0.05716955434445358,0.16017120569366963,0.2010106297070431,0.13828383608391112,0.19473830753760354,0.022165422921230856,0.20136353597055132,0.43147496015945225,0.4220995328697586,0.2652746289114915,0.20703108321407154,0.32599781622581736,0.0,0.03603149849488285,0.05686550082799223,0.0,0.07177604538844905,0.12984398311029346,0.014984442343639577,0.02180328459826083,0.0,0.0,0.0,0.0,0.031054021820860242,0.02529661900508557,0.041305907685011196,0.0,0.0,0.10225130898300164,0.010980316396460167,0.0,0.06214908697903366,0.020382981921468802,0.06753500142261873,0.018301019937089328,0.09465024158144392,0.0,0.08920357585231399,0.0,0.08092520360117016,0.0,0.0,0.02509585540410061,0.11298102534152923,0.02448020463131427,0.0,0.0,0.3954680103319479,0.050233336297819446,0.08519705342051877,0.0
139,0.08788674231138147,0.0,0.0,0.0,0.048388020489709554,0.08468489849215663,0.020679345540333856,0.0,0.10081629631841854,0.042901519737924394,0.16522372801003507,0.0545214204480615,0.35130404111323776,0.30450575730475504,0.06793651523791965,0.4449188863894835,0.11993838596372991,0.05084109120089249,0.053372551362108694,0.41976188886119253,0.10805444719915994,0.0,0.09490597060918844,0.0,0.038228442715889155,0.014989188400598473,0.0807100189413269,0.037810451962997656,0.04724092323241967,0.0,0.0,0.009819043384154007,0.028591658519795317,0.04239534845893633,0.06820837615622571,0.048893542741318775,0.01283575352218005,0.06687620446483405,0.0,0.0,0.013969224690334271,0.013144657960752508,0.07028121782565305,0.0,0.0,0.0,0.03770976105899557,0.0,0.054223797225043405,0.0,0.02710818514349698,0.022928186661326046,0.01800243794746548,0.17250845366009415,0.049465267752867775,0.0,0.046611376817351786,0.09201039156081721,0.09793860556429293,0.0
140,0.0,0.0,0.02679409888803942,0.0820953616482264,0.08014776268263107,0.018854150047035865,0.03700863240888125,0.0,0.06085152324744889,0.03966271930925757,0.11860416524051642,0.3595998005006284,0.054480568053036374,0.11850186047482858,0.11098047117942635,0.40183610610800113,0.1000049431013751,0.08372015103177256,0.42997407173569735,0.46937298306441605,0.0,0.08877157764249276,0.04615066269082765,0.0,0.10814133728353732,0.019582938400499635,0.08525356250967682,0.007429239874924185,0.06421951463283693,0.0,0.0,0.0,0.05346312978867206,0.0027146130545334358,0.030352719362047153,0.043417016767639954,0.0,0.09326779255750595,0.009164163124232396,0.020764973502420018,0.0,0.0,0.0,0.041817548400752774,0.04742240916288943,0.0,0.05250442235228995,0.0,0.038490950036157816,0.02346507094040564,0.0,0.04097184296300942,0.05818937964500218,0.009984813029907202,0.05453990184490967,0.02668405431965348,0.0,0.014889866609221926,0.0,0.0
141,0.02358130034324698,0.08716002958630303,0.07765938251950971,0.056583114068153736,0.0681193936090186,0.07034237524051205,0.0,0.037585623955145156,0.021263040927095047,0.04309422414849773,0.03046480165884316,0.3726518532215562,0.18193306410320903,0.3202080158762011,0.01644013757511099,0.3828198845996422,0.09646240875037869,0.0,0.1048008615914817,0.24476630807577787,0.0,0.03105239536533323,0.0,0.043230533732346144,0.1301598691738579,0.039546141167735326,0.0,0.026164174727600225,0.04704973240782704,0.07426429371551364,0.045047376479869256,0.035493629546012116,0.023749419074190446,0.0,0.005351286862065008,0.0,0.046034926747162246,0.0,0.0,0.0,0.05199330245909293,0.1984090348491867,0.2189898139003985,0.0,0.06337212096699925,0.057884284410927946,0.07255196415380662,0.0,0.0,0.08447681685143271,0.050450172742826434,0.0,0.0,0.03889069233057894,0.059176201201938096,0.0,0.05936733221247789,0.08047713784422701,0.030148738997262548,0.0
142,0.021962708532590195,0.0,0.022922584699523144,0.05318962427967688,0.1269883315836399,0.028658715541536015,0.032345152578187236,0.0,0.07402700755755193,0.043193558396257464,0.038467061929822945,0.4569971328959631,0.14096606987389207,0.0,0.12604729917413135,0.5278437878896562,0.4196320608963916,0.1939714927325555,0.03976628716082484,0.047848338889877134,0.039490123805934585,0.0,0.05701357624248822,0.0,0.012899772779454538,0.08698060255013729,0.0,0.0,0.0,0.0,0.0,0.020730186397550743,0.019667978748402842,0.05730115339515992,0.012756635496980206,0.04585315809291379,0.04467605110622688,0.0842587747894239,0.1069632447141491,0.06210389249047912,0.012247713509473962,0.06425658439829648,0.0,0.0,0.07181762068768513,0.0,0.05797673266815262,0.0,0.015324182669428454,0.0,0.03670655462739656,0.006768453644651218,0.04552820676121451,0.1420142726312058,0.0,0.0,0.0,0.014848098095145671,0.0,0.023878562250966937
143,0.0,0.0,0.0,0.048879861700592026,0.0,0.04083702233905007,0.06562896240765065,0.007288579342528894,0.01403709906379025,0.04131316087290865,0.1488499533354484,0.26161554602872195,0.2585114900319054,0.0,0.12962533475174318,0.4665931650146675,0.31357241989144535,0.0,0.09790866686370388,0.3242025195927684,0.0,0.0626720489576063,0.08703999042252147,0.056833014927843636,0.015046083137940616,0.10785533794224068,0.0,0.050283996905360374,0.01912935205437306,0.16083504213552716,0.016615725941739455,0.02468365695369474,0.018321179934407787,0.12968043043491706,0.026334549947744444,0.1011425927188858,0.029036818693537053,0.14231955519147219,0.0,0.0,0.12379157986984124,0.022474501513621813,0.08441903663617581,0.02204687053440232,0.0,0.0,0.02466009762475937,0.0,0.028677555104549834,0.0,0.0,0.0,0.02928956259600281,0.023296064994884715,0.10056542268414038,0.0,0.04016297731476322,0.06839051508501438,0.0,0.07785184522409798
144,0.0296585328656335,0.02052171617845379,0.06005479886719778,0.0,0.053082360864377884,0.0,0.0,0.030068909846280394,0.008592702864259382,0.01459388511897082,0.19085023251945998,0.3606450688135423,0.025979677090061482,0.0,0.05985079006811814,0.2402244533369984,0.1286283563112286,0.31937259893365516,0.33647562576710427,0.7345368208549671,0.0,0.0,0.0,0.025066658298094686,0.0,0.0,0.09760405728445948,0.0,0.04556102131041337,0.0,0.0,0.0,0.1821772416317405,0.0,0.0,0.03607108366131861,0.0,0.05886102215657923,0.0,0.020114389826710734,0.03235934250082393,0.0,0.0,0.04302522753868999,0.014839920653720697,0.0,0.015405162394941345,0.0,0.005270320021397245,0.02591185028887723,0.0,0.034287968065493085,0.0721778713824245,0.06353120371243728,0.02957067070554651,0.0,0.0,0.016388434866560678,0.0,0.038774899605504745
145,0.08862932633588304,0.023106561611772082,0.048246194310743507,0.0,0.05398110164747516,0.0,0.0,0.033166895988919406,0.04230867176261675,0.019221839313417304,0.23045030278017542,0.3355254666895632,0.06635399209320589,0.15349183425700771,0.05061179522824854,0.48548270956309214,0.006544410465526824,0.3725964108090203,0.2514363394423095,0.36465846855781364,0.09738191505520903,0.0,0.03844506971637143,0.028362558748453278,0.0596768944714557,0.0,0.0,0.0,0.032337268550722,0.01690766778202782,0.029777929639411907,0.010256030950448842,0.0,0.0,0.03188708426218376,0.021398750613421363,0.04681356207828699,0.0,0.007092842473704075,0.012116146079993704,0.05282404618560805,0.12227080102586824,0.1360449374865028,0.00963275658407626,0.06172863946366851,0.056348151275694584,0.0,0.0,0.0,0.0,0.0,0.07305104923050917,0.0,0.044174472169904,0.0031646084276162312,0.011127722871841357,0.0622631114513298,0.05853539174051393,0.0,0.0
146,0.0,0.025258519875114217,0.0644222683781478,0.05492656351415109,0.030527671866625052,0.06842298600942401,0.0,0.0,0.007975934380416473,0.06886748809796925,0.11300580849221185,0.4023749360636973,0.39334529998523765,0.08042252017640113,0.020427849346689366,0.4991117544335921,0.265556459917807,0.20132977395308574,0.02192963317360831,0.4446403881417647,0.03511935753600545,0.035815366871376236,0.0,0.0701826711477014,0.022418756138292664,0.012169759480007425,0.010470644306587586,0.10568438581941733,0.0,0.0106088800294941,0.0,0.0,0.030324213161101277,0.041618292750034376,0.010067024199085188,0.014525263984301658,0.023973458678772628,0.0807525768412499,0.0,0.006915222210916168,0.0,0.0,0.06081243832107627,0.0,0.029621012922272327,0.0,0.08397907009159077,0.0,0.0,0.0,0.06282741802605195,0.04562206086379981,0.03969409995599313,0.04532800017914366,0.0,0.0,0.0,0.00973142129639093,0.018714871775153293,0.0
147,0.023556877126984094,0.0,0.0,0.04302721596833191,0.10156196588958782,0.04106366496293202,0.06478954329310146,0.02047458954775198,0.014065721729683745,0.05379711636556581,0.3672295641736878,0.3997264846377674,0.10350356298434965,0.03238034917091303,0.03777130852046479,0.5071430384481379,0.38343643393018717,0.22100065814317288,0.06965720795090886,0.2633636046597481,0.020350309892040848,0.03155844869667998,0.03949491239259751,0.06416777960866216,0.0,0.03171318159555331,0.0,0.048275257909051204,0.0,0.030654339891235564,0.031213064649105098,0.07904939397936056,0.0,0.0,0.06449048457100494,0.03047452653600345,0.0,0.05645324492777923,0.0,0.0,0.0,0.0,0.0,0.009736771733357663,0.041189730968956874,0.0,0.0,0.0,0.0,0.007181191929910855,0.0,0.028269109662383333,0.026307835832193937,0.02666661196709041,0.0,0.03832850722131359,0.0,0.05106585845595532,0.0,0.015925971254491442
148,0.022775360350151073,0.06696441344410764,0.03695196220211622,0.012031747927549193,0.03302375468721065,0.03744274641979819,0.0,0.021881899274361228,0.027421830789429634,0.007057004050734349,0.09387246965871633,0.16840312397851584,0.04016721671020308,0.2771892570588915,0.10165245822193934,0.367149339855965,0.09034939552397202,0.2603250636889219,0.42762854614407153,0.5576144200698274,0.045523921920864234,0.0,0.016227285232185074,0.0,0.09914532402006815,0.0,0.0,0.0,0.0,0.0,0.0,0.0,0.07215634710923638,0.012435728081865372,0.04607387762177133,0.0795491177421711,0.0,0.06343522815579833,0.03847836025463264,0.0,0.009983845857962192,0.0,0.015306064483417177,0.07805551450064437,0.0,0.0,0.0,0.0,0.025389765202380055,0.05811728833449464,0.030079329688060062,0.0,0.009896685276548816,0.15477832296016042,0.0,0.012595497213736309,0.0,0.01470189049180728,0.030854395718873554,0.0
149,0.05747246276294914,0.1188023893223703,0.05645835741739346,0.04389329006864586,0.03614563430822646,0.02683323443794041,0.07729085563861511,0.0695571137605365,0.021136354654664936,0.015718146775905547,0.01517898931466084,0.40434266547982445,0.07131488651495417,0.2279717591439188,0.10284049298940623,0.3777822118599103,0.07182177431913762,0.30911806372851197,0.2837494811516629,0.22313956757271394,0.12520977110824513,0.0,0.033721756903124296,0.025925037564243567,0.1772452385394978,0.0,0.0,0.005400786523079106,0.0,0.0,0.0,0.010767955446443466,0.0,0.218035227825188,0.0,0.038675081512728374,0.03276749397178905,0.0814100370894634,0.0,0.0,0.04840870704228965,0.026794443031102542,0.006646204763181111,0.016138837816875022,0.310435902062056,0.0,0.0,0.0,0.00449097583012233,0.0,0.050382844826252465,0.10164584456305592,0.0,0.0,0.007701177286256031,0.030295132687567613,0.02813157555944969,0.023281724584053934,0.0795437249494228,0.0
150,0.0,0.036119948505203066,0.026754419687101523,0.0869888028153248,0.1356566991204044,0.11432621418446563,0.06423131364537756,0.0,0.04925335935924338,0.06628555724111546,0.03594791526658371,0.10308535194494664,0.24527227223255438,0.26413798249657494,0.03506085205131517,0.025723121230066606,0.04165699760553508,0.42584620689156116,0.09028077337227795,0.6644750437600202,0.13619672976484912,0.0373584820596431,0.09107475112897204,0.0,0.027165791844788397,0.08314166351146522,0.06823009400983705,0.0,0.12960599241219145,0.0,0.0,0.05313528227592207,0.008965542668890573,0.19400498090751786,0.0,0.18849706564406934,0.04488232700876272,0.0639750200682481,0.016964215022300406,0.03475163248009197,0.0,0.0,0.0,0.0,0.0,0.0,0.08743648812985098,0.0,0.0,0.07466647584684695,0.027124319537640544,0.007958936239607915,0.0,0.04348469038115613,0.11167013388272086,0.050008059106178615,0.0,0.07569628204997231,0.050829952591187416,0.0
151,0.04199874694729708,0.052883386453227724,0.029644167966023677,0.0,0.019720395595068215,0.032470833356205826,0.04667015252352056,0.014663382297025535,0.01617421249982861,0.049377340450163544,0.4472216839937376,0.1400701090201017,0.17021063813860038,0.0943702131656389,0.026144597478575,0.2694908540962614,0.297055997408118,0.3392567092139641,0.03731628937087614,0.676492749153374,0.04258470241661718,0.0,0.05055990288823825,0.0,0.0,0.015412745748604066,0.0,0.014274739843499598,0.0,0.0,0.0,0.0,0.07855225332825003,0.0,0.0,0.02864220323197881,0.013412807536416568,0.0,0.0,0.0,0.0,0.0,0.0,0.0,0.06429087591268198,0.0,0.01418922100648285,0.0,0.0,0.022943839949561163,0.0,0.019379218502727835,0.09699700328852398,0.05945704086729117,0.0,0.0,0.0,0.03912779752978851,0.0,0.0
152,0.0,0.0,0.054840595170768884,0.07029938544383847,0.02706526703724956,0.01954296046821604,0.0,0.0,0.0,0.015494854191759616,0.3620131381403136,0.09738271388303318,0.03571517475061163,0.41715782457144107,0.051515818151932985,0.07997256819071552,0.03434381404840179,0.35623847554253674,0.026244702032418167,0.5166245375891452,0.020217047012950833,0.0,0.04034848662780541,0.1049425145872579,0.1421406782184158,0.0272011213830112,0.0,0.0,0.0,0.0,0.09561939244574597,0.0,0.020303317859891125,0.06978748572750115,0.010186309572022103,0.11422811581201531,0.0,0.042265302175492715,0.0,0.09917668123504676,0.1112788236287723,0.0,0.024904779595870362,0.017776805850165934,0.014722470115009672,0.0,0.010118478683944833,0.0,0.006717090518724993,0.06298012264133626,0.258562689861461,0.1096441108425638,0.020862628479873732,0.36615700407117985,0.0,0.009561870811922415,0.03782644557270817,0.0,0.04153074304641278,0.0
153,0.09597565625089753,0.08168231996123358,0.13968236745833493,0.04865207798537079,0.022711204888513397,0.08748651963683937,0.09975211886287577,0.06214348074032266,0.0509825309636672,0.08533677684034613,0.09643894818385895,0.48062202500464407,0.07582743402272721,0.21493807857177866,0.12480210515451966,0.11717239532831468,0.06308560816023269,0.29234229412601526,0.194095442978861,0.47744347999833664,0.1371949735282956,0.0,0.0967839584595024,0.06844107649067445,0.12137629437013146,0.0,0.0,0.09136986644205373,0.018203280997460915,0.0,0.016958525702790567,0.04553344656881711,0.0,0.2627092347409109,0.0,0.05855624885204271,0.053319394035330224,0.0,0.0,0.025837417842923167,0.0,0.04459675163213558,0.18137529469684524,0.04233002149829716,0.0603397373640973,0.02097190179181804,0.0,0.0,0.0,0.04125143753173108,0.017800125232648466,0.07994092590834882,0.0,0.0,0.06503304280889546,0.018931328055173963,0.07192828761906936,0.012441069016742023,0.14632899824120185,0.0
154,0.0,0.0,0.08856964076157102,0.16379495041690248,0.04060661594276821,0.061058533679025945,0.059861718695973815,0.0,0.061342886214906876,0.06429494313943077,0.37907721810308603,0.4115392148711874,0.01918169023484433,0.0,0.0,0.011987901066951846,0.3671813152442847,0.5954108679692199,0.16539689141962047,0.15472533035810943,0.05454511876218002,0.0,0.0,0.0,0.041771255797776984,0.07224453102733765,0.016687657594099178,0.007138222775458309,0.0,0.0,0.0,0.09830084619605534,0.017488948332839777,0.022878720730543957,0.03139051512493221,0.0,0.01123051092068097,0.10015538874936437,0.07775558645643105,0.0906333432500257,0.01936933577740062,0.022537295053718733,0.0594183223430789,0.0,0.07131124446491305,0.0,0.0,0.0,0.010544894818404371,0.0,0.0,0.0,0.009030745008624769,0.04060165485787515,0.0,0.0,0.0,0.03384811455813594,0.03694386230953708,0.0
155,0.04456498969105767,0.0653776424675395,0.0,0.01993407937006056,0.1258161764959436,0.035441683912608914,0.0,0.023334940940686413,0.03289406186983093,0.03457013734515954,0.40964326732188056,0.028535150990130466,0.5339107548801555,0.06794548940667178,0.0,0.5923491991383025,0.05034298245957464,0.43481086617687903,0.0,0.1733157276599515,0.04715964524243209,0.0017656733776970236,0.06803364921186555,0.0,0.04338405944156106,0.11041032870710935,0.0,0.07057254062007356,0.0,0.0,0.0,0.0,0.0,0.007788934507783346,0.05157665956696952,0.0,0.005598182642458654,0.01502101642179754,0.0,0.0,0.03423025836384531,0.008414067120147176,0.0051137304521811314,0.0,0.03456030422562657,0.0,0.03138581194818233,0.0,0.0,0.0,0.0,0.0,0.0,0.010330262436455113,0.0,0.0,0.03695257234017094,0.00241646658468174,0.0,0.0
156,0.02076136552702592,0.04060953620052658,0.05283046263255372,0.06866263218359923,0.015371128884922114,0.07189227349479795,0.017661755515139838,0.0,0.025164773125304237,0.05128048255310821,0.038004686393879904,0.31166086360145046,0.16812121395250051,0.0,0.0,0.318101269501132,0.11499592641235815,0.3856425044207002,0.3390782768411125,0.45669117329767644,0.0423524997901133,0.019820945925614925,0.01574715896875524,0.0,0.04737807587083198,0.018583436296398626,0.04317608647278593,0.0038033924903049885,0.0,0.0,0.04707958214929064,0.09475636882984602,0.11194616800627327,0.04002881500237573,0.055037004214296935,0.01282238660325963,0.0,0.021103552940756058,0.020380139428710742,0.022344298052755354,0.0,0.0,0.0,0.1231931905520685,0.0,0.006824455019103631,0.07046360822596436,0.0016303767398751035,0.02165320724324669,0.09996195712168005,0.033366901639261544,0.053473480218240034,0.1314527803149723,0.038386710488826276,0.028455606858750575,0.0,0.0,0.015559517784380765,0.13767473599157223,0.0
157,0.08738669835095741,0.05107295797268787,0.15772691290878413,0.03428365351786948,0.12245555471605299,0.05606216020772488,0.030113066224801494,0.0387040664503542,0.07210682523622851,0.041273184357885496,0.053748416176189584,0.43765267256757884,0.06789675180939037,0.33617931968120623,0.08607301102171629,0.2592346467646366,0.10548430476487836,0.05381851700153069,0.0,0.30803385722109733,0.07982614767889772,0.0,0.06782514736710503,0.02526373869994171,0.09695025198170798,0.0,0.0,0.030880659364134866,0.04518875973124639,0.0,0.0,0.027167064908634003,0.0,0.12690461393808333,0.04857563572707401,0.08783781376421983,0.06871143136829162,0.08124963589202855,0.0,0.0,0.059303474890655,0.03107048646994434,0.05749893662446603,0.12388157292694314,0.03660933990089863,0.0,0.02152683088652081,0.0,0.0,0.01978848391533583,0.0,0.053065615461366115,0.05042942302914037,0.11512883447306102,0.22674055558105644,0.08132366761818377,0.08735730033449145,0.07739607322064129,0.2800675993337879,0.03291102639601156
158,0.17240212018151244,0.04097407088549173,0.10118711529450318,0.05591657912392961,0.0,0.025407595268490533,0.0,0.04318875116243885,0.037894577709980524,0.05754229426167771,0.1046406058238552,0.13335497357466689,0.2516317568198432,0.4118923332834392,0.1316196092106572,0.21779676719964974,0.15223979620085373,0.30302577721122653,0.14677125000558824,0.03484720147533697,0.0483476028968213,0.059973816447712505,0.048056359408629935,0.05139445796196712,0.07366648465757501,0.129081374342084,0.014322186389089078,0.0325974334626951,0.11742664162914729,0.010875356035035639,0.00876515951960367,0.0,0.021888136666676092,0.09101161114342475,0.04979976472983504,0.030778059018297593,0.016962827560185936,0.14811186906087026,0.0,0.0,0.0,0.0,0.048646029451496965,0.0,0.04646835615411586,0.0,0.007344265705881281,0.0,0.06368729435543458,0.0,0.020577480804897408,0.04950332602151574,0.11710955993584174,0.19858190896200528,0.030990189088119013,0.012415698376501742,0.09304953884837083,0.04270643092779392,0.03426242935231713,0.036012482196428684
159,0.03578052372099618,0.0,0.046087864873543445,0.0,0.07797918113090722,0.04644934947911723,0.030061099479465128,0.09064095333886787,0.07316821742323439,0.033473826241090354,0.4992916709815091,0.27570294528836153,0.16247574463831868,0.0,0.04927465623307303,0.3763434942028244,0.3261635873946869,0.4246218957431721,0.0074598044687193684,0.12546992431900506,0.04770819288815235,0.0,0.06012763107225015,0.0,0.011938225472753338,0.04908457897207635,0.0,0.13382736968851502,0.0,0.01803292202568613,0.0,0.0,0.0,0.0,0.009234568175224398,0.0,0.028206419325975313,0.0813115570775468,0.0,0.0010959614772285842,0.0056429025178116096,0.0,0.03698342426568762,0.0,0.0,0.0,0.0,0.0,0.02121153156102145,0.0,0.058526889787220114,0.0,0.0,0.06348435409551725,0.0,0.0029829196173801796,0.03054254739666714,0.11139146809053736,0.0,0.0
160,0.06281812662259054,0.0,0.047940477247760266,0.0,0.027074088277207836,0.040943877811457835,0.0,0.0,0.01172131190620938,0.0,0.04496477646009228,0.30062112727682994,0.15441630559939806,0.162074748411253,0.06937316385725943,0.2646528783483625,0.04823250123592333,0.2883814152477856,0.487315761466008,0.7629674484063876,0.0,0.015741772198496765,0.0,0.011967058122600713,0.05738259073733478,0.0,0.0,0.03204833961047507,0.029769641382196246,0.0,0.0,0.0,0.09894236284854104,0.008771672622670958,0.07162519707386895,0.010239463630931192,0.0,0.0715213593414138,0.0,0.0,0.009067187818960593,0.0,0.0,0.007934641583504303,0.0,0.02321518497619342,0.006203121206537971,0.0,0.009889034292897687,0.04912735804022928,0.027862938036663166,0.06137098086464096,0.020400154179722803,0.025157999565975066,0.009811167198315596,0.0,0.03045301756364217,0.0739005700733496,0.06371294434145153,0.0
161,0.07533248762012568,0.08209009289649685,0.0,0.06297933326658893,0.0,0.07230535583390757,0.06083039789646575,0.016634079196647795,0.010170877907071238,0.0,0.006538060714089893,0.3418960557440577,0.0640096594035749,0.0,0.05348695548482968,0.6578686348840541,0.06093157841962813,0.4690929022693717,0.11995199007416059,0.3003618665284354,0.13754703767737048,0.0,0.052358660822979866,0.03808691925298149,0.2124562977344182,0.0,0.03771922686166878,0.0,0.023439943377319965,0.009279134323058167,0.0,0.12101913676726209,0.0,0.0,0.04054372470642953,0.002334346947238578,0.0102691823732382,0.0,0.0,0.005506481105345105,0.02720581361751171,0.051834587630847494,0.22931714854328217,0.07759610766867414,0.01653107202927555,0.09611363203830406,0.0,0.0,0.0,0.0,0.0,0.0,0.0,0.00998041727954106,0.015362260883624277,0.0,0.07891139130259608,0.047449543068115496,0.10461161749612452,0.0
162,0.06780529720156298,0.0,0.03938071680137483,0.09087470603727027,0.022167253283461263,0.036190699394582596,0.0478268853791949,0.0,0.03445468354722881,0.05720648679495193,0.08281784028538902,0.5190234665466528,0.37955055151464867,0.044298461151760275,0.03336133363686483,0.22511564528946318,0.13453093146969386,0.4330149070930246,0.20279565413450748,0.06600600678343586,0.0480265168680004,0.02192254274990475,0.06797181354926632,0.012569631916497088,0.0,0.03588459007328798,0.009671508050104352,0.0,0.0,0.0,0.10535945747900519,0.0,0.03883392126866513,0.08131110852047346,0.038823426381527595,0.0,0.08777754861541061,0.1391065535237964,0.0,0.0471384913679116,0.0,0.10313086128208511,0.04060266241669079,0.0,0.04351693570400608,0.0,0.009235228714074036,0.0,0.020177054926270265,0.0,0.07209611664785451,0.0,0.06772491742653122,0.07669926819122272,0.0,0.0,0.0,0.017178243262891676,0.10984786317556637,0.0
163,0.047652375544059176,0.02495297380555055,0.0,0.03375237513200411,0.04216751486854098,0.023201719331247955,0.05008452209334452,0.03294626677038528,0.03378859667097905,0.06562244269910707,0.39991640118802285,0.33926951881034456,0.09104156421374184,0.2440395489184013,0.032125798744005285,0.09597279926954257,0.32590598807811594,0.0335621112635902,0.09437247528671192,0.4445560779259931,0.0,0.0,0.12793030944838385,0.08063361871725924,0.20461950879314358,0.014604993154848265,0.0,0.031207064476885503,0.0,0.0,0.0,0.0010216705327246527,0.0,0.1451563507413535,0.05024861254497141,0.018907040809738776,0.06456682567864032,0.0,0.0,0.0,0.04835711638238564,0.020073376789517417,0.07756907510060314,0.006733120657347242,0.0714284226283583,0.010984576257670775,0.0,0.0,0.012043562151841592,0.067430289767447,0.06298252067850775,0.03491489985733069,0.0,0.007506949173060982,0.07713421202581434,0.008430942817306407,0.0,0.06701767140200289,0.0,0.0
164,0.029217459998800176,0.031174653287739787,0.2532236665410929,0.024416067999997307,0.025035026416421916,0.018475812897881704,0.031106149508203923,0.03885534660227868,0.029436036463557507,0.026758953890411864,0.06623945612822997,0.33502283145420697,0.13881639468579862,0.1168974807710317,0.0,0.32979718833465843,0.06101509376714072,0.2303918551316494,0.1528465108755216,0.5242594366954645,0.041821538891161164,0.0026647919198475355,0.02409157752253956,0.0,0.15597902677295164,0.004795699438466567,0.028497154474118106,0.01243785057867151,0.018932429362631037,0.0,0.07087203564970684,0.0,0.0851349296926171,0.03421392449044701,0.0,0.1353181976163221,0.0,0.0274261404874417,0.00906570056697928,0.01705729797645545,0.009058563113964815,0.0,0.0,0.0,0.011193797068528548,0.06858134783107495,0.21252361975663997,0.0,0.020998167793665767,0.0,0.08483259396748584,0.04252571689977969,0.07292388182207273,0.22225678797661783,0.0,0.0,0.0,0.0,0.029229799423068345,0.0
165,0.0021737013210548994,0.06042217730477303,0.05175681327545554,0.02930874907307014,0.12629014306090147,0.0,0.03615740659992921,0.0472214238368742,0.02169846551484381,0.01102145823188279,0.01540486641171094,0.3750431288180349,0.13497090327795544,0.4939468431356307,0.02660370311328006,0.2772813726164603,0.07364881505265347,0.15028893407302008,0.33594730897811736,0.4087474469958937,0.09023398004685752,0.0,0.07553262669333938,0.052757623571620116,0.06894316097192016,0.0,0.0042918546509191245,0.0,0.0,0.0,0.0,0.008431833711132701,0.0,0.07941354686792651,0.024158449375981203,0.027639997076962002,0.021865575098242954,0.03474083681836238,0.0,0.0,0.0,0.01582960444118727,0.11181524079802418,0.0,0.0979648779282507,0.05028931896396299,0.09334064912174393,0.0,0.0,0.011149479247682286,0.036492098065248786,0.0034756582593324457,0.0,0.04902724274681117,0.06008449861897118,0.0,0.0321637848893694,0.025297220728780063,0.01302459491779921,0.0
166,0.033425953097561044,0.13437986119473722,0.07797926592846363,0.018824633184488748,0.021215894882427037,0.04838998765016964,0.035918402464897754,0.0,0.017682935360011122,0.03207393583079656,0.024178073498166613,0.05433024769943833,0.0,0.5379495161668694,0.2568049733376408,0.5441998252007829,0.3977273964966413,0.04371161594821394,0.15421287380759774,0.07782278486482598,0.08816437422852684,0.0,0.0,0.006840178974077447,0.17023475990860626,0.10515325678223991,0.0,0.0908571477675589,0.0,0.0,0.08204313063745534,0.04812265469567109,0.014938538993370769,0.04464980948131661,0.07246076096995718,0.0,0.010829313022236692,0.03779372140082486,0.03399599112933453,0.0,0.0,0.07790460099097725,0.07584368846725048,0.0,0.05145328978246162,0.0,0.13659967411418023,0.0,0.01947082387157382,0.0,0.0,0.022952506475422928,0.0440153260916786,0.14685712702708312,0.0,0.0,0.0,0.0,0.1499691031136103,0.0
167,0.10963593614390503,0.05938268720545846,0.0685663646151116,0.0,0.07513066610057546,0.0535025755302108,0.051553930955574284,0.03954640434977378,0.014070653624065932,0.02710945839116926,0.11722575308244426,0.339429960032718,0.1801620202931664,0.21398000045515364,0.0,0.42312348707876757,0.12973687763478187,0.05947092648979855,0.06946457823570829,0.5340084703624067,0.05295048483677556,0.03728580613964983,0.08829795367996521,0.04952913079154119,0.027747191458169822,0.06517035483682489,0.0,0.009885336495031876,0.0,0.017920854897931642,0.08394865210152772,0.012966706625448526,0.04523059530102386,0.0,0.027072769585692803,0.0560372848094313,0.0026038885813502648,0.04357014379376917,0.015673394378493452,0.0,0.00860364039702454,0.032646333883629995,0.0,0.0,0.08966359777291581,0.06493984847758758,0.09492157510667167,0.0,0.00011931641026415862,0.0,0.05229382991161751,0.03570082805961733,0.18980444103920718,0.06299316179875722,0.16200129909025202,0.0,0.02683797741094298,0.022870793241177384,0.018084882744188898,0.0
168,0.03668405886120274,0.028688147534760646,0.08444071320115996,0.03391941376334345,0.041425521119755705,0.01426060702660334,0.05023849082758366,0.09694415912175242,0.010920110367001308,0.0,0.1428577716052441,0.17066311564262018,0.009212827949270168,0.4546050735075826,0.12055389501126074,0.29036966135172165,0.06597569695441143,0.10527544855076897,0.44526428010663044,0.7372316509669455,0.024367870094168773,0.0,0.05851146874505852,0.015994900422533726,0.0,0.0,0.0,0.0,0.006892363143049307,0.0,0.0,0.0,0.055997577818111474,0.0,0.02394908804266649,0.004797454729873225,0.0,0.0,0.0,0.02713267215844487,0.020377158402538568,0.0,0.0,0.06263495676814279,0.03358012779698937,0.0,0.11225828840918631,0.0,0.005303151022792678,0.02181223745827329,0.052593491704952956,0.11366047643807149,0.0,0.11385627268225149,0.027672312144005957,0.04950874375583331,0.010907190603737927,0.025042550272405584,0.0,0.0
169,0.012291247083811765,0.06606249252236522,0.07561641311216181,0.01790516637544434,0.1155631818639415,0.05865311609668849,0.1621606896448916,0.0,0.04865148376312134,0.0,0.07731151149843972,0.35425510949410977,0.022540536338903974,0.0,0.0360294770540597,0.7413879059855157,0.08907175968753908,0.40584072978209373,0.12125000457836803,0.36227833122232733,0.15229185354477007,0.0,0.0,0.027794826945076512,0.0,0.0,0.0,0.0,0.07503668207279711,0.02546071766791292,0.015860468695514874,0.0,0.0,0.045254468451149624,0.04898862995748316,0.09806908379350936,0.0,0.03428387686629284,0.0,0.017271170103359466,0.0,0.012652709097864492,0.4526442502668339,0.028236738118916097,0.0,0.06243106255507192,0.0,0.0,0.0,0.012405153791068834,0.014995789089455442,0.15244322041737346,0.0,0.05734877789185954,0.0,0.01953845370228741,0.0,0.006973458108765543,0.0,0.0
170,0.08820651666734632,0.13179983317627073,0.14047271656453417,0.019295179312720224,0.05615279987623557,0.06946491917383225,0.03416783348835014,0.017361659365770388,0.0998485781715195,0.03859065431998415,0.15370456109452652,0.6489124568182468,0.1232903329365355,0.0,0.09609973520323752,0.4268083317894141,0.2897547612646428,0.12875539618541837,0.029610853064670664,0.23672738801047755,0.08322078538209837,0.006176801099530936,0.04469050400145631,0.0,0.0,0.03698835908368488,0.0,0.04733008041465321,0.0,0.06408511532603954,0.0,0.0024215815260540717,0.03355831872715911,0.014980766600575854,0.05454909353270151,0.0056221711305371284,0.007829759219553955,0.23850124265275924,0.0,0.016114366320149925,0.032786544943284986,0.02725509956769866,0.1722318915576016,0.0,0.03898127221256518,0.08025579717544129,0.061570961609540086,0.0,0.0065292073628134785,0.0,0.0760489934141488,0.024892085222896276,0.04282047700074711,0.08771812743197176,0.12111653999432911,0.0366782919611278,0.0,0.02153033364567373,0.04222480010981248,0.0
171,0.029799122062066797,0.03018636997110339,0.0,0.00812189342597738,0.0,0.04712025978035847,0.0,0.04241533571030272,0.05565642261874981,0.017155779972365275,0.32865990899329584,0.38009254613266236,0.0561359777414831,0.11511962898104051,0.0,0.6318007414832173,0.4453495736363678,0.030664115457929415,0.056326876150149745,0.348735436696724,0.08284098038518692,0.0,0.07257241671754025,0.0,0.0,0.013576550296066766,0.0,0.0,0.0,0.0,0.0,0.0,0.0,0.026569177001843046,0.03506420303330986,0.0,0.0,0.0955031439764055,0.0,0.0,0.0,0.0,0.032556989243922245,0.0,0.04630971580316236,0.0,0.0,0.0,0.0,0.009672253808750864,0.050208011006653265,0.0,0.08524149157240002,0.1569474644284152,0.028839283359986957,0.0,0.0,0.10483755492570762,0.0,0.0
172,0.06302019902222973,0.03883869411457238,0.1578490651048681,0.020098724051856844,0.02836433891720043,0.02356654197683193,0.03964965062986746,0.09146720014175878,0.040925478433810884,0.021742683961503046,0.048714654323975946,0.2137274980587587,0.034192573203910594,0.24182323717592857,0.02941682515360658,0.39493500338254134,0.015050797232874053,0.14006011177798783,0.38699331866183323,0.8889868250823999,0.0,0.0,0.03510998957199092,0.10597635161505947,0.0,0.0,0.0,0.0,0.013150121005415717,0.0,0.0,0.0,0.12476497748396966,0.14294852815476183,0.042233896083247624,0.11553246430483854,0.03268204250450439,0.036269416052233196,0.0,0.018515087468628563,0.0,0.0,0.0,0.0,0.09654319508846265,0.022870559182396975,0.0,0.0,0.0,0.029046593971603744,0.07122253667269174,0.09801508111951457,0.00990593921475338,0.01741653454451463,0.0,0.0,0.051802427993183464,0.09161436492099963,0.0,0.0
173,0.2008206038685167,0.01649972955785369,0.15854718290785408,0.03075861934258471,0.13758637041173175,0.044460977249576115,0.082409983911671,0.032723388601737784,0.009792815450471368,0.030659504879702513,0.14535548583396474,0.44004523508389615,0.1493492849134516,0.37433206906651406,0.04053705742654636,0.15558086190815112,0.0165895703270064,0.048294126898385345,0.08491008032377824,0.7674650553046237,0.10621233452101828,0.0,0.14453838872297442,0.07140184703032355,0.04215414205233764,0.02343092057610764,0.02039760770194903,0.0,0.02268868197276996,0.04969175330609715,0.0,0.08110832514458037,0.0,0.08933374312193527,0.0,0.04049499635720159,0.015179135948207094,0.025035771279090527,0.0,0.023597667744420535,0.0,0.20124243804506345,0.036889030954617104,0.0,0.030749945922568536,0.028352140989309927,0.0,0.0,0.0,0.08502255570670528,0.020181292505029022,0.3878150341074843,0.0,0.01636655250521747,0.039088503401601755,0.017193487316707178,0.052219606285458436,0.0648574336532448,0.0,0.057573140842061714
174,0.05126563605900275,0.0964338517173004,0.10387647219327344,0.11622901187979037,0.09572004814205501,0.11345518645036226,0.07362918173607035,0.0,0.0,0.0730583940210857,0.021299517500362294,0.3017785441441806,0.24617787505827007,0.3437065811410115,0.0,0.2712011778562315,0.15026373462246806,0.14433797312669275,0.07915722952535081,0.5836763454031019,0.06306913767640551,0.014893875904877611,0.0,0.0,0.0,0.06463924230450656,0.0,0.0,0.0,0.019482935119224574,0.038941278553500165,0.0,0.012381867793537178,0.045475080838473785,0.0,0.04130323235586188,0.0,0.10126522599544907,0.07730767116523117,0.06004034785155139,0.0,0.0,0.043000374635408824,0.010447277335874042,0.13940672076597374,0.0,0.0,0.0,0.0,0.05100575370498372,0.10067736387076652,0.07564222986928809,0.09070986498781926,0.2365164861099215,0.0,0.0,0.0,0.05559668395653305,0.017823939903704802,0.0
175,0.1000699773578609,0.0,0.05321002105951,0.04032942241492812,0.049063869482471156,0.2335625595820093,0.05063132583146107,0.05386318354505057,0.07711353022600023,0.05980002748353691,0.1596256176265287,0.06100656677054705,0.05973919447723704,0.4752600808475147,0.19460448445636694,0.8571732160196291,0.2871317217468203,0.0,0.041601278886799514,0.02511841116673056,0.09058919288251538,0.05009855607115634,0.0,0.0,0.049219858081814845,0.019422664295477437,0.0,0.09212845927799646,0.0,0.013917784247383994,0.0,0.0,0.06231838395368915,0.231216498035309,0.04399128723877798,0.032642162383057574,0.030344223776753353,0.05500954514190212,0.09075044989889029,0.0,0.0,0.05062128846975009,0.04155653043365629,0.0,0.09712440321003218,0.0,0.0,0.0,0.0,0.018036410855064623,0.0,0.0,0.0,0.011861747795028146,0.0,0.0,0.0,0.13612771102542603,0.0,0.013840654981917161
176,0.06245597139265279,0.04455903706000952,0.05037632716433451,0.0,0.0,0.16853241350175058,0.06763725952844082,0.05255812328155301,0.039911452901989664,0.020001397410529656,0.11998285919431066,0.20617831073728743,0.034655837885343904,0.35424790698697756,0.021222620243856936,0.4691434693841943,0.16248989821693946,0.09270124118929757,0.062321865225972044,0.586665706600645,0.0,0.0,0.0,0.0,0.19203689093737217,0.026523221399195756,0.0,0.0,0.05996838671771546,0.0,0.0378219755747239,0.0,0.12492713384274395,0.032633459504889106,0.21878683064515722,0.03353621015431229,0.0,0.04169639404416424,0.1596305756744014,0.04643374757952994,0.0,0.0,0.0,0.16352464795497376,0.0,0.0,0.10581821471831356,0.0,0.0,0.1718318860984498,0.17169604082665138,0.016547439116298312,0.0,0.06281372823901671,0.014733319349972764,0.008164735799578144,0.10968474772597211,0.04101928376446635,0.0,0.0
177,0.07141079688549677,0.017380001454449335,0.08251037615307036,0.0,0.0855822484623683,0.0075810265019713285,0.04578571510785403,0.012856905053769187,0.03993760954942435,0.036177511427568095,0.01557678567737666,0.5046735042421489,0.047122109973696175,0.1902790247497634,0.09793487134681617,0.780828354184596,0.024265175414364872,0.0,0.12422113487138246,0.6232483899985858,0.0,0.04241164670875091,0.1237134521827319,0.0,0.19433101977216663,0.02294442911887511,0.0,0.0,0.0,0.0,0.042813266320956084,0.0,0.021607340281672768,0.03431026884802975,0.011157867551335908,0.017755604502333367,0.033845872271868846,0.16213557558817354,0.0,0.13809448323481047,0.0,0.0,0.0,0.0,0.027456214330484296,0.0,0.0,0.0,0.07067686060914437,0.030233356195033645,0.04791811767093815,0.0,0.03747443802848952,0.03771860738498166,0.24886053747732878,0.06590804742165385,0.20700006041893673,0.007513852388377779,0.0,0.0
178,0.08629860966546116,0.11997947860331705,0.08245359956224509,0.10783264817418965,0.10795076691000477,0.0858486273347288,0.048863374413149335,0.01193406257629444,0.045008831608755184,0.05724592525084625,0.0,0.4911869812170354,0.19243702955787603,0.12954375328085,0.006842720484953855,0.5147715330658837,0.3173878952153845,0.17684942299019152,0.08400920677229372,0.17839868067601117,0.03346334286315545,0.07670904597665223,0.0,0.06205288508194724,0.06069543479984239,0.057487271854708,0.03248332210144213,0.06741363211543652,0.026057460819254485,0.0,0.0,0.0,0.024739723689048407,0.04212057490561158,0.07481345023708981,0.0885363304968464,0.015925072051493988,0.2418610340332474,0.0,0.022292597379960474,0.0,0.0,0.0,0.026227824105047443,0.034718335407626776,0.00947609550039858,0.011027745203464688,0.0,0.003879487312631109,0.07680551598038823,0.03922209069084551,0.024080710961909425,0.0,0.04233870999827296,0.0,0.009190827935548825,0.10642004595472443,0.015094533171880267,0.0,0.0
179,0.1328779082866715,0.08528365373783948,0.0,0.04565990823099488,0.11160888477329825,0.08128335088572575,0.11379154593459175,0.07181578202591064,0.10633899147637173,0.06706189074761847,0.02850381643611932,0.364785679355725,0.24963511315535458,0.0,0.06415783171219616,0.7117010963297937,0.09651548979383608,0.17786804371075307,0.029653425085730958,0.29825889367675923,0.24689925595144227,0.09857086637118025,0.1078096492438704,0.05237065375172307,0.0,0.03374118232958556,0.0,0.026638191434292028,0.0,0.0,0.0,0.025775998713929604,0.042104396465704144,0.0,0.029799440329080277,0.048311142144534816,0.06126903839066942,0.0,0.0,0.0,0.0,0.0,0.022767231255080927,0.0,0.0,0.0,0.028080494071787917,0.0,0.013599017690804006,0.029756030142001153,0.1588178378909556,0.015898053518667306,0.0,0.059621325120850416,0.0840296653781773,0.05784842298821747,0.0,0.0699445703507174,0.0,0.0
180,0.0,0.07304484938013502,0.06856810836219428,0.015432816625526459,0.051294880806628654,0.0872850919763641,0.13685714894404985,0.0,0.0704664065300761,0.04109936898102658,0.023403069661890267,0.04466445261047448,0.018994980752250715,0.27169475918917674,0.07453314384460405,0.3271756645057133,0.1588045980998344,0.4294969598406212,0.5036849382869354,0.6894140348690345,0.0,0.0,0.05733875064828008,0.039182511641107434,0.15914340348106726,0.0,0.0,0.026326741750859375,0.03269519524929689,0.0,0.01481809818495862,0.010473335732082471,0.0,0.10276879044872204,0.0,0.0691110678817907,0.0,0.0903069028435298,0.0,0.0416550996617879,0.0,0.0,0.0,0.0670793698792374,0.0,0.0,0.0,0.0,0.0,0.023733055352804688,0.0,0.09479779754073997,0.024488326678496652,0.04068785881564086,0.010805647742138573,0.0,0.05469999511217173,0.0892691630821912,0.0,0.0
181,0.1303002037241763,0.09320039508148278,0.04624924631693642,0.022699049512052767,0.11858892331892927,0.023662372675249368,0.261188853666173,0.043225282937737274,0.0,0.0,0.053503130677675405,0.18686917724166163,0.02936623407341543,0.06556627018185342,0.0298552553887142,0.5612061207001622,0.041839275877540265,0.5236634092316274,0.07668777667845587,0.7366192911602129,0.028984444710721043,0.0,0.06547054337176361,0.12756174237634285,0.18490294844701868,0.0,0.036137114592766494,0.019298682575207723,0.0,0.034750910560800576,0.012770119121603862,0.046241827976959624,0.0,0.0,0.0,0.04851452763504108,0.06263581305988593,0.17228689286776405,0.0,0.06511433229481535,0.02259810888073144,0.03522035318172591,0.10176157190416663,0.02952228583304779,0.04295829097768664,0.025156260439754174,0.0,0.0,0.0,0.018726498090031955,0.0,0.07891042390151404,0.0,0.0,0.38328221025736814,0.008279336946825764,0.05062503002468856,0.06569073559622901,0.021349866605299684,0.0
182,0.09267348508942864,0.0,0.033127955833097904,0.06666149860885957,0.09295837607671839,0.05769271982268564,0.06083538859163812,0.0,0.08057076982828505,0.05178720160173374,0.2904815475306373,0.2735369093536115,0.22051292209227097,0.18942788632992702,0.023200466311204804,0.03160822226553563,0.029971832028806676,0.2941630394313264,0.14632330315906736,0.8162469126015366,0.07578792548528597,0.033401573634941034,0.0,0.04430180690327568,0.0,0.04171831922941178,0.0,0.016793713519617278,0.0,0.0,0.0,0.03322999820187603,0.12473987762362759,0.11549086723065104,0.04151661190212689,0.0,0.0038223397286848665,0.05460532236767438,0.019256023150535633,0.059458673784924046,0.0,0.0,0.0690266172953263,0.03252396068217772,0.0,0.0,0.0,0.0,0.0,0.1684367543223807,0.0,0.08990056797028044,0.1541142813891487,0.08257995141763617,0.11008596208302594,0.0,0.0,0.018965141377097695,0.04540850276749498,0.0
183,0.1384986778390664,0.03156627375828302,0.05790655605462235,0.047985826949478366,0.017081302351002154,0.05984887392538887,0.13544226509536766,0.014686801565510674,0.04038332806377839,0.016371275954705368,0.5028513955604851,0.10011181823233882,0.30929124981725276,0.12687339066888662,0.03274925880125034,0.2666623160889659,0.0,0.41780868336664034,0.0944027943457443,0.5401375312765929,0.0790205892833092,0.010165826849018709,0.0,0.0,0.0429563304747671,0.06760878910111079,0.0,0.04797804115082493,0.0,0.0,0.0,0.0,0.005268773906583784,0.0,0.020485275952413104,0.0626980164290853,0.0076621806349386305,0.033067139761791396,0.0,0.0,0.004102380967144523,0.02086013705833529,0.0,0.016160929532162457,0.0,0.0,0.0,0.0,0.021924250985381928,0.0,0.11579864675382566,0.06499119382380963,0.0,0.06290437987435425,0.0,0.0,0.0,0.06347682009509774,0.0,0.0
184,0.0,0.0,0.022228052243006027,0.0,0.0,0.03286544407969071,0.09835270064742804,0.0233810364744708,0.04765851493502983,0.013788411354438763,0.2343478414991787,0.26898030091281194,0.053403468643187846,0.2284294482733974,0.020318878386672453,0.29757651258124745,0.011982708988026917,0.31721097079814303,0.5165559559710917,0.6844874096239784,0.022204979657832035,0.0,0.06784555401500147,0.025923192078061895,0.05919494883459178,0.0,0.0,0.0,0.01955102819772638,0.0,0.0,0.0,0.03309462964497817,0.030664580130910984,0.0,0.1032760406387363,0.0,0.04775949886648908,0.005108062090088576,0.014817769620445821,0.0,0.0,0.0,0.018915230603852175,0.0,0.0,0.0,0.0,0.010721035443157048,0.037651866307287986,0.04615009747250707,0.06843734842819928,0.0,0.03591336611570057,0.0977826769446345,0.0,0.011456354011089584,0.0805082358734609,0.0,0.0
185,0.09238511131135758,0.15150683347334964,0.09574753186136103,0.02949809247893162,0.07701195369893687,0.03459983051677826,0.053218309956427186,0.057237510455564626,0.019370250565197387,0.045662368215605806,0.05649480067109903,0.3575076028167852,0.05114974386982737,0.20193149974396313,0.12085110598211886,0.3813642045869534,0.09130629223786661,0.2677473787824402,0.14811723593660464,0.7406670158629051,0.04759074733442731,0.0,0.0836443195956626,0.019013684480129505,0.05733735161707634,0.0,0.0,0.0,0.039028961098610225,0.0,0.018397692638629334,0.0,0.0,0.09362552811756873,0.0,0.018812054053015368,0.021148874993936667,0.15897921176329532,0.0,0.046016763171382265,0.0,0.04429273489849895,0.08568988535889079,0.02672408435525204,0.009902028391827102,0.04270824327622392,0.0,0.0,0.0,0.05456337677488973,0.0,0.08891048892510862,0.0,0.014289135893827768,0.09349865069243139,0.06282729397994237,0.09211392929678026,0.025723301115022423,0.0,0.027398014633982243
186,0.10061228413189488,0.045930734172328284,0.10829422530612982,0.10519187382932917,0.09306223086096098,0.026729031409751344,0.10809341749986677,0.08217367542608524,0.08521725871327987,0.05950348284686996,0.1303987814856125,0.4266826409250043,0.19036170674814606,0.0885499525251629,0.12938205470440678,0.7596497324020365,0.2641116530193399,0.06389896177990606,0.05672535934017868,0.18971269218553993,0.023432190145110884,0.0,0.07413238500450028,0.0,0.0,0.0,0.0,0.045035382356016625,0.0,0.0,0.007842891656578197,0.0,0.0,0.05771104717755176,0.06191369756144161,0.03526712445141465,0.027248466215113638,0.159171992709368,0.0,0.0,0.038135391829230134,0.0,0.021613900158463338,0.05368985902515256,0.03382822893648126,0.0,0.016467233405483873,0.0,0.003093619674977528,0.0052900096038622155,0.036096382908552674,0.0,0.012191837240835559,0.0950159414884542,0.05276416980972942,0.022162294883072215,0.05516356925893159,0.0,0.0,0.0
187,0.15575263211478232,0.10334729639640859,0.12618725127611466,0.15048768041521654,0.0,0.04338233623803728,0.0,0.013920964721545009,0.0737637646913194,0.03350319632352288,0.2812208397485902,0.5408560125583632,0.23048286781015417,0.10134746149629846,0.0,0.5271626542510337,0.04714783957650034,0.10335824189549415,0.041602139680407824,0.17323020414935397,0.08402740104882575,0.038462501966607957,0.0,0.0,0.049215666319556865,0.09451343123498421,0.0,0.05146511516365239,0.0,0.0,0.0,0.0,0.009239617356697006,0.12083974580127232,0.025799988110050517,0.04724633217873551,0.03302449528220677,0.037059770812061604,0.0,0.09930440316818974,0.02847716954635242,0.0,0.0934009459818859,0.0,0.06984592002354756,0.0,0.0,0.0,0.04826917686017468,0.0,0.23660391641167167,0.0,0.13764824137789816,0.05941073425559315,0.0,0.060619407941198716,0.07522848908358135,0.016628877267383393,0.0,0.0615961205354924
188,0.003511172181363962,0.05825283068952771,0.07759785816169935,0.005537450169062013,0.0,0.037012858522368436,0.13627957782716976,0.0,0.007610778122327634,0.009774080004840908,0.06346104207618491,0.1617561826630786,0.10733756793591949,0.17203478877366354,0.04687137560878378,0.47159791667342005,0.03642245985306543,0.3039215580125488,0.5708993584378131,0.7345453730336428,0.0,0.0,0.05515675055868809,0.005061476508679144,0.0,0.004562951357171219,0.0,0.0,0.018907054794552035,0.0,0.0,0.0,0.008721898489231099,0.014953050235245865,0.019844087687312842,0.09904800321916206,0.0,0.055711865899499856,0.0,0.040733009408138135,0.016050607794187162,0.0,0.030544471849686606,0.013734885610738394,0.01357079994355007,0.0,0.0,0.0,0.0,0.03313468192786042,0.0,0.01566974833248207,0.0,0.06759078666446273,0.0,0.0,0.0,0.05245386238234201,0.0,0.0
189,0.09559195634578499,0.16793064673746294,0.05663282428449331,0.0,0.05593280948227327,0.023592865306185005,0.15160293746773937,0.08812413424758792,0.03372467243747173,0.0,0.14199371291079382,0.20027632151443178,0.043089845422759517,0.09905473455482826,0.03678398899720205,0.6762665834207148,0.03888907847475464,0.4514488130771086,0.13554898504657717,0.3673933613326819,0.0327553754108049,0.0,0.2666033415132977,0.02487546723089453,0.08260138941106028,0.0,0.0,0.0,0.0673574275715086,0.0,0.03267012746049433,0.0,0.0,0.038150614664767026,0.0,0.024060066040123833,0.0,0.18580737557617957,0.012218169349327295,0.10685600551044198,0.004383780496933416,0.044093071340535014,0.0,0.019064628803038372,0.0,0.032468430293750405,0.0,0.0,0.0,0.014549279032878632,0.0,0.0,0.0,0.05356024784115995,0.05301048156717908,0.0,0.0514465780893616,0.15100593491848924,0.0,0.0
190,0.0390673646938663,0.0933878482788497,0.0,0.06063443795295924,0.04800141390185266,0.03770940372338246,0.03870625165975691,0.031470617366639496,0.0,0.029404054273923414,0.16691522580874654,0.04116784966109613,0.11118791072302135,0.1802902491576515,0.17621215691806813,0.48388590331904674,0.07132859683132801,0.2197909953957841,0.04764299672865411,0.6464363120841484,0.0,0.0,0.11387557607059774,0.08788660003300823,0.0,0.010622983693479209,0.03107257449833443,0.0859251452493202,0.043129587744909076,0.0,0.0,0.0,0.01481324268400733,0.09774633443704982,0.08238812925767057,0.15425671624232173,0.03461033543789714,0.2630833862942369,0.0,0.018005574511084976,0.010650595079897797,0.04444728753281664,0.025913163126498797,0.12900372746309618,0.04471688308061949,0.0,0.0,0.0,0.09315617586135831,0.09415091830170269,0.08517422532346602,0.007960750332041607,0.011247352030036325,0.09799082343666791,0.09482875987930274,0.038722118648638455,0.06069478901414358,0.1232230415933212,0.1571832172262829,0.02373731836889739
191,0.1509540496776994,0.05067984692112833,0.16928260531461448,0.029649961580171334,0.05145162740652607,0.06314177809172036,0.03051562113701916,0.0,0.03885869789874328,0.0332092858711381,0.471382154971363,0.05965831562630891,0.10159674306289505,0.3737886136873442,0.0,0.6192719316893774,0.27911818928111265,0.07291067823187455,0.03182906928353618,0.07713434112215578,0.0,0.0,0.12812276331803793,0.0,0.11599752237648821,0.020771420658550945,0.0,0.052111553981645665,0.0,0.0,0.0,0.0,0.0,0.1164194197613368,0.05792352673714202,0.0,0.02990214289196226,0.010658522520605826,0.0,0.08361053069961537,0.051099219546900214,0.0012087347545059707,0.0,0.0,0.010959254043820752,0.0,0.042091823519433275,0.0,0.05522831448532513,0.0,0.09806995109317046,0.0,0.012139327995203751,0.16173385038527338,0.0,0.011459514846681219,0.0,0.028145891577475192,0.0,0.044484794446805566
192,0.0,0.11625334604813381,0.1491031411616879,0.01792381051300554,0.0,0.023493664889685264,0.048140370756421885,0.011289107380353842,0.012532320747021807,0.01998993423350964,0.21724201963528672,0.4484039282743518,0.0,0.049797385743732686,0.07442516510191238,0.36885317496335307,0.051517855633653985,0.18672488017787875,0.5049386627670179,0.13516810213608393,0.0,0.06580528863069174,0.010193265826975044,0.0,0.6146303779165384,0.07614689465679396,0.026598195338133304,0.012591042743496143,0.0,0.0,0.0,0.0,0.09565922889943185,0.03904056171382427,0.03899568414549158,0.05928877326732538,0.020972822231902926,0.06333556505858137,0.0,0.0,0.012140468400311804,0.0,0.08163621425275175,0.0,0.0,0.0,0.0025326037664145096,0.0,0.01175163345869891,0.0,0.037295237512954306,0.0515221527115542,0.005195151294860769,0.06271858582494044,0.0,0.013379369691616549,0.1461070780824297,0.09950261467805159,0.0,0.015162898095083614
193,0.10828944768089749,0.06126474488633047,0.055728993676493824,0.04671363243819043,0.020517181867273127,0.0,0.13593004780266246,0.0562114819371624,0.024971653383162835,0.03407799194750068,0.3618357319878531,0.16222350631530602,0.03211498716057498,0.2770362952295867,0.011042228117351626,0.6863170388856448,0.09345333142056868,0.4952572436781722,0.023712350225996187,0.15574748764491758,0.029510820324981892,0.0,0.11436498832460006,0.014472205990266435,0.10639923530947062,0.0,0.0,0.0,0.03450113321090218,0.00556045371221183,0.0,0.056360630500893086,0.0,0.0,0.027031940408535453,0.15333763020041072,0.06890420602530048,0.22632884575966217,0.0,0.05375843683273474,0.0,0.031589655407163277,0.04248944533782122,0.026529326807791728,0.050847526298429556,0.014181288583788134,0.0,0.0,0.0,0.0651771021838191,0.0,0.01854489866954726,0.0,0.0,0.041434255258101536,0.0,0.20308411265416942,0.009643515789867208,0.0,0.020689482096493673
194,0.13562011354983508,0.08838676246609188,0.06202044594374649,0.010926325364262045,0.06702071731447283,0.021379062065307056,0.019783182594709812,0.0,0.058237001937671166,0.0535394848708973,0.17401269889935184,0.12963246790613303,0.21603386786559578,0.3328309103890541,0.14921581279172144,0.23614012264010856,0.12704567809012324,0.04484491133676117,0.034886589444261304,0.8206721512852808,0.08196502357270641,0.0,0.0,0.08991865456601263,0.0,0.030268057109330483,0.0,0.04398016231669914,0.0022315288469616458,0.0,0.0,0.0,0.033993964757271754,0.11526422309136071,0.07463726560327047,0.0,0.01862472401731599,0.35292444381507365,0.043230711442938406,0.0,0.0,0.00966463600024051,0.05843521472278321,0.04007449891886284,0.029191048194674652,0.0,0.01591737475487238,0.0,0.07323992885333656,0.0,0.0,0.0,0.08832079718580355,0.028619726582260828,0.07483225080780871,0.04877830129734282,0.0,0.03846386086754716,0.09902799574496875,0.0
195,0.15537730257120214,0.0,0.19787633773157662,0.041990437664835546,0.0,0.0954709779424538,0.09148386613886293,0.019533956341002523,0.0704241636618416,0.05836563949953809,0.06670898479128605,0.11937158186202845,0.19410145639552187,0.055252247324098364,0.040553066853674775,0.7057279801204177,0.0,0.23616553327120038,0.01366390609269457,0.03515998907055902,0.14563322378781446,0.00838986027066702,0.0595916513039682,0.06497755371660414,0.2503303449349096,0.13240937310565254,0.07251060251196571,0.044873098193749995,0.0,0.0,0.14781337801477384,0.0,0.0,0.06504385518799333,0.05380878994901864,0.0,0.04721005295005352,0.008892196495472366,0.0,0.0,0.0,0.0,0.14310394306633953,0.0,0.032386465602978254,0.0,0.14250538176235195,0.0,0.03209622201903903,0.0,0.27344364962329065,0.0,0.010461577224787457,0.18642508040758693,0.04835859741794064,0.08529974356413715,0.027205195128900073,0.0,0.10798497512364605,0.0
196,0.04266454422437198,0.02396377667613871,0.056770708511232074,0.023642957569119286,0.0,0.035405930448943954,0.03273452257216803,0.023466713910324576,0.014347773966290235,0.036295261819569484,0.04321338239140624,0.28388121941748967,0.10507080803377629,0.21652975499907587,0.0,0.48017037591373524,0.06193343323917568,0.1920969876906131,0.5261618168469736,0.8843364600028812,0.0,0.0,0.0,0.049959116782228155,0.0,0.0,0.07488724168125735,0.0,0.05803633474623519,0.0,0.0,0.0,0.0,0.0,0.0,0.0767829557269059,0.0,0.0,0.0,0.00020677723290318583,0.056427580831610535,0.01924448468432159,0.0,0.05384570247640683,0.07141903511755487,0.010393975887025442,0.0012522988443183535,0.0,0.0,0.02667165903922622,0.0,0.0,0.005514532580809717,0.10410638327379859,0.0,0.0,0.0,0.11851247463638344,0.0,0.0
197,0.09801880955915297,0.06429835684791195,0.03544383272572047,0.09312287650433534,0.06477447139076252,0.023119648136682353,0.028790971980474617,0.07320797433186298,0.04615051986112616,0.04403952268907971,0.10108691861865614,0.48833842223406065,0.106232187635735,0.10782903098643637,0.07221643714211982,0.7163454074438257,0.02091045762086684,0.44979167593931635,0.2268530239173151,0.18078437794013863,0.008788277170296954,0.0,0.03464409680331418,0.039082004276190185,0.013775729679885487,0.039576942673391874,0.0,0.0,0.047053364846493896,0.0,0.0,0.0283335782963876,0.0,0.01770523361912094,0.0,0.0,0.00975157815346847,0.22395936630991506,0.0,0.08287617656572405,0.04258602236484893,0.02547758892503492,0.042040558210736,0.0,0.0,0.0,0.0,0.0,0.015472866260584696,0.0,0.0,0.0,0.0,0.0,0.387717316156731,0.07134146160376285,0.03655087588196284,0.0,0.0,0.007386026001770901
198,0.2585171386834244,0.0,0.023142851026297855,0.04406750409107306,0.0,0.11326399316282128,0.0,0.06479497141505909,0.021187520578877607,0.07827610563395392,0.19227351339726467,0.0459771142790509,0.3827264016614963,0.2806762395137228,0.18451875111313004,0.30167804994192293,0.0,0.5468045889585728,0.19138705532728295,0.0,0.0,0.0,0.05615850132953836,0.0,0.0,0.0670907576156244,0.0,0.06041757229776492,0.03839537412937103,0.0,0.0,0.0,0.04032584319754104,0.3484409097251004,0.042997937233314715,0.2263587970593047,0.011218176999063136,0.0847093877495303,0.1541021914272168,0.0,0.042502523136314495,0.11000542740517075,0.037789806695886614,0.014105259875798875,0.24481367338196203,0.0,0.025856604574829408,0.0,0.12916987972062513,0.07591168545326235,0.0,0.05010442461881823,0.0634486342740389,0.11300068816592657,0.0,0.07601401569050027,0.0,0.09887095537884319,0.0,0.13783237995619804
199,0.16182791151106357,0.053355402041890404,0.1648500879618949,0.04590049327403225,0.017005574860885296,0.06666371521974516,0.03951194641194276,0.019112026549312034,0.01653400517448519,0.05210555562040977,0.2900514156808913,0.25098070181223164,0.032097659901101964,0.28916531447560495,0.10604324661624279,0.1573135868038469,0.0,0.09768368447716158,0.03576545355069699,0.5828672462740374,0.04265242525024564,0.0,0.12189149453841752,0.02882178385280425,0.22765064717355446,0.022598239837851683,0.0,0.05865933424070303,0.0,0.0,0.0,0.028188818895279237,0.017482272970169254,0.0,0.05199499360242566,0.012869609254414624,0.0020903793826724344,0.0,0.1216001243351735,0.0,0.020912851968447013,0.045469164180200985,0.0,0.04208666352288111,0.03463819581441777,0.0866069345313943,0.0,0.0,0.03594492716256236,0.06856428756487516,0.17528092098920534,0.014818793274918094,0.022450876896107443,0.12905146814145851,0.06751740672961476,0.16285646179436383,0.0,0.05584074048438146,0.049077098499362634,0.0
200,0.023322568812768615,0.0,0.043854244513903094,0.020709171164653158,0.045738730091993564,0.076144731781703,0.0,0.032706387525551606,0.0313726142044318,0.06423648863049254,0.018737944575842484,0.502657124750501,0.0,0.0860588274482082,0.10395375428280623,0.709748465203433,0.04889796977608392,0.029773410991805048,0.4612121671184341,0.6867440494635099,0.0,0.0,0.0,0.12495289591760156,0.0,0.0,0.0,0.0,0.08400450383409944,0.0,0.0,0.055620263865041646,0.008801194539987598,0.0,0.010280250045242379,0.09389866923625935,0.0,0.13349851595650736,0.0,0.012611817050511837,0.0,0.0,0.0,0.06072329506601731,0.057874452427691285,0.02164483225501773,0.0,0.0,0.0,0.0,0.0,0.0,0.058658088189203525,0.03511663185752864,0.0,0.0,0.0,0.0,0.0,0.0
201,0.01711843395441554,0.08902126463498161,0.05527006235110189,0.0,0.03254178841992981,0.0519441157498671,0.05768889267848945,0.0857976189618756,0.028484768254507888,0.04570588001026193,0.0,0.04351084626626804,0.027764021508189775,0.3754404578740118,0.1498083508983024,0.8291628059776979,0.10866824372288932,0.16293815264501646,0.018685103565745948,0.8011621799293165,0.06632350445448962,0.0,0.12793212278129298,0.039761641836420517,0.11730957027217748,0.0,0.0,0.0,0.06566243651696145,0.0,0.0,0.03841277888956832,0.0,0.0,0.0,0.2033894022964232,0.026609705869505118,0.09696533731008587,0.0,0.0,0.015220632059179855,0.029487610848843115,0.0014141344950665768,0.0,0.0,0.02352478376718051,0.0,0.0,0.0,0.013185933932451266,0.0,0.0,0.17149087018086218,0.0,0.1149397072913548,0.0,0.2586765776028118,0.1266130593142976,0.0,0.0
202,0.03201257323289766,0.06089261992340916,0.07322243726689934,0.17900511988736936,0.0832203665482264,0.01498390934102173,0.04501119948589324,0.053778519139612464,0.02050973105847786,0.07145603284724718,0.1447416586293623,0.1616361825308078,0.40154161268666627,0.09535632297371144,0.2350952383649033,0.5638335054263259,0.05817689192294807,0.3823057336334171,0.04441748979002523,0.27497795754771465,0.04973221736346984,0.0,0.0,0.0,0.06142956931885833,0.1383249449152886,0.0,0.013303690734693228,0.01530605645244278,0.030810057633872474,0.0,0.04801605113533699,0.024116785012904082,0.0,0.09342597106866013,0.04004330760520397,0.025696905957990932,0.08362230198302138,0.0,0.0,0.029691361245810063,0.165366290806104,0.0788675611448085,0.11813710861094925,0.03829670715760887,0.0,0.0,0.0,0.036892574299482686,0.0,0.0,0.008436707049908943,0.2801882521223722,0.12673518791635202,0.0,0.0,0.0,0.279879822611666,0.06769390584136728,0.0
203,0.15183765833526233,0.0,0.058236915725287546,0.04815933137682172,0.077231303652025,0.11443514229707748,0.043938135944140734,0.022377802713855217,0.01653407707958106,0.029678261232811087,0.264290093706006,0.2540684853411064,0.1487625421682599,0.4054625768270695,0.035567451455222,0.38529457309006404,0.0,0.06402150010052005,0.09951945240327259,0.2987480663718393,0.16104200921054798,0.01875381131389872,0.0,0.0,0.08727534045658693,0.12364029852008246,0.0,0.016648398140713602,0.0,0.0,0.07065973115176881,0.03355991171210818,0.005815673087229809,0.13939114852058868,0.0367303669057402,0.040305334894909235,0.0,0.0392367353673089,0.0,0.006706372116271646,0.0,0.0,0.11997001366725846,0.0,0.0,0.0,0.030426047882695935,0.0,0.030700406060327142,0.04551323076546996,0.0,0.120875591764389,0.0,0.07037284464228635,0.03592184905175283,0.071382468513283,0.06411701748358815,0.09056584765268288,0.2251537794370682,0.01972944246182357
204,0.08047781061255213,0.03835990036090469,0.0,0.019607316958425214,0.0,0.022586532303872024,0.08955699127927788,0.046330752364271824,0.07916438781065845,0.03955344278400921,0.07142433928675374,0.0,0.18064213580852262,0.2919057529752149,0.0,0.5093009393692063,0.14071700109357294,0.14645119721285974,0.03759099994738751,0.46874818109579997,0.0,0.0,0.0,0.0,0.2313900044869785,0.021385626778852414,0.0,0.08845996843284432,0.0,0.0,0.43186798261460035,0.030280654009690208,0.03854306675308286,0.13447496729690803,0.27903773288120404,0.05110903572034143,0.09281644017989898,0.025476270851753566,0.0,0.09147548213055824,0.03641093617962195,0.08619709183515381,0.03054557477535729,0.3677639539797941,0.024512581070260168,0.028603900876627373,0.0,0.0,0.16147511406036633,0.0,0.0,0.022428134971896642,0.03899326835281681,0.0437615503649615,0.0,0.030946558347792478,0.12457864084867792,0.0993560863094285,0.0,0.019229386161788348
205,0.03883783207848777,0.104069703366001,0.03378356458430337,0.023496099396902195,0.06081928121108758,0.02647440133376784,0.14279289703752585,0.0,0.0,0.010438945275808482,0.2614077363324564,0.36371203826123505,0.04550815751487372,0.1379453982150658,0.19592150471557473,0.4738860436639937,0.06864718519794959,0.4565873335586881,0.20255874937968213,0.3437433317288039,0.025321570860246483,0.0,0.13793308619388842,0.05911739541388148,0.0,0.0,0.0,0.0,0.02978965689294338,0.0,0.0,0.02238722598586614,0.03287384811334906,0.058341348467341125,0.0,0.0,0.0,0.1790536778549841,0.0,0.03828393528584197,0.0,0.06946436386151669,0.0,0.04747258667356549,0.0,0.05011914348942205,0.0,0.0,0.03156034388862559,0.02329596621312465,0.020272061958270346,0.038131198772172095,0.0,0.06285307385092458,0.07490071609135777,0.0,0.05032706963499454,0.1861499823010218,0.0,0.0
206,0.04856565128984606,0.0,0.0,0.0,0.0,0.03094934033521148,0.0,0.07774365889788776,0.07287197913575454,0.029744911086367582,0.36755242194840887,0.33091115669255017,0.0,0.11757794076516159,0.14592477361253037,0.7036744210531076,0.25852114878784216,0.2942050718583569,0.04009637166727194,0.3668923396299164,0.0,0.0,0.04790244321277598,0.08969629985442182,0.0,0.08942291646451267,0.0,0.0,0.036110424473284636,0.07733423007725101,0.0,0.0,0.023424425719048986,0.0,0.037852768614571625,0.12870467362625843,0.041505864848021976,0.2381420767435286,0.0,0.04527108076377298,0.017292492533754148,0.08093043567795218,0.0716810375698879,0.12110143313525881,0.052619287753863396,0.0,0.06975223854178006,0.0,0.006018387896182544,0.0,0.073180065110546,0.009940382173763758,0.04065709595802115,0.29121008925710595,0.07538091175207001,0.051662740796836276,0.057989237572029166,0.5347926321376558,0.0,0.1608906334524271
207,0.04275594225849368,0.0,0.1401898849403461,0.048226621619584124,0.18326270980572748,0.05582003642058567,0.0,0.0,0.025892959352193386,0.07825721438494233,0.14970742856366365,0.14174840475183778,0.06826094284535511,0.09175770135575456,0.0,0.46131394043939195,0.1963278688759058,0.4869024443721134,0.2901816304258908,0.19173981598439815,0.07080415071735438,0.01144373653825665,0.07540349680354216,0.0,0.030423208231908277,0.001577237822111904,0.002677967029719981,0.029352845851315642,0.0,0.0,0.0,0.0,0.052747386530204395,0.0537572532993009,0.02281552852384067,0.0,0.032696646494476025,0.0,0.0,0.034181147713933296,0.005732108600507109,0.03503377745585921,0.06338012900389965,0.0,0.07405965128454606,0.0,0.03565563604041671,0.0,0.00819899222015444,0.0,0.04471092889503127,0.015471341076691009,0.22586819295361757,0.07795820964820255,0.0,0.009489693310660421,0.0,0.017187876152789893,0.195713446800967,0.023011952477581952
208,0.0,0.0,0.0,0.03647926512055585,0.04880606121303581,0.01884679935309589,0.04678494939666773,0.01883971733334759,0.04792247301412243,0.010115293740778184,0.014093227759086911,0.0,0.0,0.0,0.0,0.010517120278462322,0.0,0.0,0.07509646208237936,0.0,0.0,0.0,0.027030628394088985,0.017865034398463712,0.0,0.02694917233690616,0.06927081465900647,0.002223665108124204,0.02505540506659652,0.0,0.0,0.06050788617906924,0.020286454594664816,0.44238248403853736,0.06555268546833803,0.01612923884838355,0.08972198806599828,0.05177977239334125,0.03059286670871032,0.056623153476109266,0.01699490473392403,0.1029774179672776,0.008999827338396944,0.0,0.05054886815018571,0.0,0.09328502786289458,0.118900314735805,0.00027460382248684523,0.08236101466737178,0.05007094388651389,0.012066737749911542,0.05802632249415929,0.12028663831733122,0.0,0.0,0.016250403583268444,0.7279233430338513,0.0672616957503203,0.2368417217405632
209,0.014462844844990568,0.0,0.03295081919561849,0.0,0.0,0.026358069908915344,0.01717580215580059,0.019255204078142168,0.012145368075108647,0.05779969410868823,0.10851205693448937,0.0,0.0,0.0,0.015361275525650142,0.01099838223560853,0.0,0.031645476943866234,0.024176533513488634,0.0,0.18530986481086395,0.0,0.0,0.021500386133596602,0.08439925555749415,0.017507577583712193,0.0837700583131683,0.02015437389006143,0.0004208523210545101,0.02527249354465237,0.051501310410073164,0.41702830562841414,0.0,0.3935704074537876,0.010190856000886792,0.0,0.0,0.20389595866367372,0.027868698609446275,0.011688115437320717,0.020675172804341196,0.11608916457955622,0.0,0.0716839759601831,0.0454712251382451,0.003539024585833236,0.15252939677405755,0.0,0.06719299399802614,0.025313053456248517,0.02737366687079139,0.20870843359992378,0.0,0.05647811802149287,0.0,0.046197504861047546,0.07375277088022726,0.05890510378394062,0.12563066748514287,0.02627732991190015
210,0.025254713529109338,0.0,0.00728231521623006,0.0,0.02575375666085727,0.0,0.0,0.002387589391176392,0.027184063288684283,0.0,0.0,0.01086011615987413,0.014179221811368357,0.011660284023093936,0.0,0.08357619383741245,0.012390927318463292,0.021474244688376394,0.06946853234423152,0.039338466305331575,0.011295129467936791,0.015048156674924788,0.041366353796440915,0.024096592067134152,0.008653081298361226,0.0,0.0,0.0,0.005741663947716749,0.05891409921068877,0.04883462787141207,0.06500398433995488,0.1739588037928626,0.172832823804167,0.03876065210040302,0.03509494075362098,0.029226834782598986,0.1204421112634239,0.12897455355255288,0.02317025842196328,0.0,0.07517898474064091,0.009788356943670291,0.01984688561276748,0.06024610362672286,0.03957103875497617,0.11419668049280142,0.032072149414517116,0.0,0.10818829639770099,0.05050399941589187,0.5356960270382118,0.022620161885208646,0.12526896143346122,0.02843471572296197,0.0,0.09258903067108899,0.022215645841784766,0.07406141541704762,0.22780605130579903
211,0.0,0.03054968740154264,0.046081390480760535,0.007067745071217004,0.040764595029593786,0.0663828566423781,0.0,0.03089386035014155,0.034821581693410895,0.022509171536958552,0.0,0.005453018009303274,0.0,0.026278774861891247,0.11672560297203935,0.03991829429232234,0.005174317665054336,0.030928982730397334,0.0,0.03894423382404603,0.0,0.0,0.0,0.0,0.038964840868129895,0.0,0.012323937771397269,0.012204213396609646,0.17489330130447936,0.014358012704366215,0.009802213614952442,0.032213644308979716,0.20212785810385916,0.5254178079892552,0.1256969107431171,0.07441368541472819,0.0,0.09641554143522885,0.03850101605934642,0.06806353825246188,0.0,0.07015352609900072,0.010745634239104502,0.027992477280367262,0.07502568928246033,0.04193085598967119,0.14315646007149677,0.02326862205343886,0.0,0.030448888257559828,0.07277079121165704,0.23042957069907427,0.0,0.17543628591935773,0.08286810872021774,0.023450966313552785,0.02152998967795379,0.04476858328874866,0.03292568886752168,0.04761279010373429
212,0.1402084449527933,0.0398370278858886,0.0359794757920646,0.0,0.0,0.12062349306056964,0.043214377557240155,0.04267506503790328,0.0,0.06279570769770794,0.0,0.09202190333588428,0.019231102919225897,0.06482963252068777,0.059641467198253244,0.0,0.021754585974241295,0.05870818288350842,0.4813754055016099,0.00927901261669514,0.005256914884823784,0.0,0.0,0.021459333193664144,0.049108695730398194,0.0,0.0,0.002487160923591516,0.0,0.0,0.0,0.09566794706395194,0.0,0.19480791640813833,0.05563614213773649,0.05018452353853075,0.4273047776603207,0.07190770281923806,0.057528074062995,0.1410822997062986,0.007870189470462655,0.07239815996359325,0.09019300266718934,0.05096723655286056,0.058602741786851195,0.07819676357718591,0.05796727913262501,0.0,0.0,0.014328311921546648,0.0,0.5326227524581454,0.0,0.031111799769792947,0.0,0.0022841732117188673,0.0,0.010336015657267526,0.12050058444961458,0.08105320914043838
213,0.015374264095125873,0.1000636325685734,0.02706336532702904,0.0,0.010352580953245778,0.0,0.17963491461605777,0.013181120430580458,0.0,0.0,0.010377122828143084,0.03898044735197429,0.025394312693039506,0.09707769363075122,0.04947386581212309,0.024007746842286307,0.019784126078619922,0.11153495972704855,0.030152749594355984,0.08373628826008334,0.05819293914932036,0.0,0.3528866616393204,0.11857450906433943,0.09842623131183133,0.0,0.0,0.03303808687656871,0.0024777806351688448,0.0,0.0,0.03650782846641919,0.0,0.22160730142155716,0.025543643183991254,0.03941372617285199,0.05099558220909903,0.03278651404064228,0.0,0.179154744548061,0.0,0.10775812510779322,0.020682388132966897,0.009614394753656295,0.007432796195079388,0.03789741469451065,0.0,0.0,0.0,0.05630271856286836,0.01622174159486553,0.4463579043160806,0.07776123590877164,0.08356654096556929,0.129851838439601,0.017352792756690546,0.1005421000302539,0.00016623590363785246,0.014501260604529893,0.13887948382853357
214,0.028200651337166097,0.0,0.005484186367782089,0.020839467932123754,0.0567489713223603,0.0,0.03881363534875398,0.014615972264064704,0.0,0.018806863737426245,0.0,0.0,0.028064038720579568,0.0,0.0,0.01800659264437229,0.0,0.07313008957351938,0.05262184502621981,0.0,0.0,0.0,0.0,0.03367769319942157,0.12513704386206853,0.0,0.0,0.0,0.01371708208723414,0.04428699544076048,0.16642740437440756,0.10396649727562216,0.023565168799340137,0.11833853330174644,0.031158142119356348,0.13978243435123924,0.06893846085704534,0.6023789537015198,0.0,0.02285094208651638,0.06337201917275237,0.09082366154155426,0.03344568098787906,0.0,0.0574131750608076,0.0,0.025464491454628875,0.10176503685100333,0.0,0.03653041687558602,0.05326971551022063,0.7146342584938098,0.0482505812241239,0.036926404561470436,0.0,0.016462354781009533,0.05983757032307355,0.02293427289766295,0.0,0.03990845468879655
215,0.1880808043357358,0.0,0.032837115129866576,0.0,0.048753363000462485,0.014647562340918938,0.04669656714078429,0.04604657607625423,0.057412524431136105,0.02110334600470595,0.0,0.0,0.008792997645413008,0.07926907534297653,0.0,0.0,0.004354541736475938,0.02933983416287567,0.035861468823812984,0.09624962850609352,0.08984808699525657,0.02716171544834894,0.05529860433405366,0.017256688013197765,0.0,0.0,0.0900650845483726,0.06463216472111066,0.0,0.0,0.1549329891572259,0.1281488389575909,0.0612044499348256,0.022548591909802147,0.055218991457535956,0.04137217036699312,0.16036389162049403,0.0,0.05496053184442517,0.03538513503660172,0.04190228612888915,0.0,0.0,0.2377963812159716,0.01211484599310627,0.039897203126811866,0.06387643708680922,0.0,0.0,0.11520275788882334,0.06356621611260245,0.07204542587998242,0.06197836672769455,0.348466908936685,0.0,0.12495170407093995,0.0,0.13886406338323173,0.020981325031808922,0.03308172452304175
216,0.05372220747448973,0.0,0.07767449934502524,0.0,0.017711153184235533,0.004911921464793772,0.027555592523271985,0.03109906558751155,0.0,0.0,0.05177373886797287,0.036574107000565924,0.007951564103934798,0.016430141975526915,0.0,0.04921873230695305,0.008155615598623297,0.021297458641031945,0.051671098395349224,0.1408671944111796,0.03167969845791967,0.19999285012239224,0.0828689315600503,0.0063629283168645245,0.13012575952403238,0.0,0.03876392998214147,0.019819019320661074,0.014143860660920575,0.10768121936025658,0.09252063333458242,0.07486189928470179,0.014127098032131644,0.008062604756585247,0.007485480765103214,0.04311873681584033,0.020113568876753352,0.05887478764885863,0.020804323106614814,0.02487891766793098,0.05190806212305388,0.02833490630847485,0.032650742848407834,0.0,0.031095222294344155,0.0,0.052679431231924444,0.09471019256139929,0.04984523526904793,0.0,0.0,0.6418010363500538,0.11655233816480111,0.012855552535620415,0.07291451314909443,0.014071611866204007,0.113884676966852,0.07342076990874409,0.06815082871537997,0.10027301199231246
217,0.011676025487276136,0.017484185815752604,0.02284242023078871,0.036073591986937735,0.0,0.02279870260738007,0.0,0.0,0.015716218387255013,0.01966018446366066,0.018527959660746,0.0,0.00403192611719581,0.03286384249211109,0.033129182327732425,0.09231152098270841,0.0,0.0,0.024298902210361347,0.050414548196900874,0.05510680348267719,0.0,0.12451685818113611,0.0,0.0,0.0,0.029608290738382722,0.0,0.1602112354820101,0.0,0.0,0.0,0.0936988249773382,0.022449120406026955,0.3317010667924018,0.017210967846644623,0.0,0.007250471423740856,0.0,0.12878098550678913,0.0,0.017525927004254954,0.019873443413211855,0.047298725039290446,0.04128031829905534,0.016137263479842255,0.016269714623910584,0.0,0.0,0.0461740788490744,0.11552956459529633,0.5960902766199829,0.01821593898452786,0.26769383447529854,0.04258753798058898,0.0,0.18254368736165896,0.11900008711188369,0.09973740956688251,0.18331244655268855
218,0.08532817773499002,0.0,0.04198368786519089,0.015107846447388402,0.05635431478774816,0.14021093169119742,0.17656723037901018,0.022337035322629418,0.038326431296718005,0.06938878300824891,0.03955829779904127,0.0669270893972975,0.15562758196965207,0.08263874675472876,0.08094318423604721,0.0,0.0,0.13791968690682588,0.4700016336675127,0.0,0.07310040247759196,0.0,0.0,0.0817480846833384,0.0,0.007693337083920862,0.0,0.026066543535083846,0.06954704996732097,0.0019374365630101455,0.0,0.006920434461668923,0.07105767743502041,0.11952619514764447,0.23389635238381906,0.0644053100004628,0.1556425056861145,0.0,0.0,0.11156378594066187,0.09482780099149508,0.1396344880752266,0.030874450875305916,0.0,0.14217364381662387,0.0,0.0,0.0,0.0,0.036086904710478186,0.08937412858479622,0.12292552110770213,0.0,0.2397458635801594,0.09262489516924495,0.07108535310259603,0.0,0.0861839259417994,0.016151827557976374,0.17864346275872373
219,0.03942721606216133,0.10064988470434102,0.035865363903596396,0.0,0.03825665326515696,0.069412300215731,0.21373070679180325,0.02767876214730175,0.03530049496056059,0.04166413905063993,0.04021128941719157,0.08019880835131435,0.051521270327381324,0.036679352041782055,0.07417807568634233,0.009399445832528783,0.0347354822482045,0.17361827201098687,0.0,0.0247627671629888,0.0,0.0,0.05330116275155611,0.03278233469237631,0.03965951608773592,0.012472655639540352,0.0,0.05558614141763466,0.0,0.023755806348851913,0.0,0.0,0.2166657162855618,0.07468336411484784,0.11141292525678828,0.09743121059536959,0.031129152005825805,0.14484124219560476,0.0,0.18912466008319767,0.0,0.19485233554073123,0.016026197216705288,0.0,0.054484540931425685,0.0,0.0,0.0,0.0,0.13175047531819253,0.01805390750713995,0.12437495667488953,0.0,0.25066291110259026,0.3949915942766023,0.16606166512829515,0.0806858549425385,0.0,0.06346407470623844,0.10069242664776137
220,0.0,0.015034249583715416,0.01966786859944988,0.06704379614159349,0.02167467369410592,0.007647088349963034,0.0,0.028559218592153733,0.03565449322351103,0.0,0.03513297167851565,0.0,0.0,0.050258579281129576,0.0,0.05886720766588552,0.0,0.0,0.032767581072085,0.04927416413992976,0.09778721686891262,0.014160093747294157,0.042270171610156275,0.0,0.043694106478400094,0.050362460918040926,0.00664355102377862,0.0,0.07328516133256109,0.0,0.1477618807156609,0.0,0.084036786812094,0.00014696732593420643,0.011280100025108361,0.0,0.2983157941385635,0.0,0.03597671070713848,0.10908812532138848,0.0,0.0,0.0,0.08545525097176201,0.0,0.07232444973110885,0.03581923173376187,0.13859960821022632,0.056777163432103865,0.08164664061433782,0.050060275433638265,0.17781418504240773,0.03718978341306646,0.3879303361351672,0.0,0.01760272193954261,0.09615025952478472,0.17535197871178024,0.19844164087661442,0.2058198074869851
221,0.1603818802340715,0.0,0.0,0.019979393400521715,0.032774865953885006,0.0037054727786490814,0.0,0.009351863549591024,0.0559162694592923,0.025785150861709797,0.0,0.057627909489052345,0.0,0.024569471415510923,0.03472358991233777,0.009751562971180567,0.02651240529166193,0.0,0.022750470939830042,0.06439056411383963,0.05297218799136308,0.0,0.0,0.030924060535738818,0.0,0.0,0.00909209329694518,0.03435908448980288,0.005334301975089119,0.0,0.1366207962842706,0.0,0.11291608468500682,0.004360030030797299,0.09416977822950115,0.36194053443675045,0.19029268466777197,0.021091621745376578,0.060777465222768334,0.0,0.0,0.0,0.0,0.033063319905554535,0.0,0.010388896159486176,0.0,0.0,0.0,0.031641466539405465,0.045264041146892836,0.21664587811692865,0.024101408434503306,0.23272289339778776,0.03726506111323759,0.20172571601314243,0.11483340594685444,0.0688554057695803,0.02121508409325617,0.29732570029783373
222,0.02875728195370708,0.009325702276258133,0.0898682028854312,0.018057284328261813,0.040778076369462984,0.02113716883300692,0.0,0.02908325711675101,0.011425582256748367,0.0,0.06856078283722329,0.0,0.0,0.01592088630564499,0.07244901489449594,0.05492725327056883,0.05185369610579746,0.03278784990609161,0.015086849257857518,0.010654719305250375,0.0,0.015152283625376644,0.049218610457869724,0.02390640361290286,0.25286944613198636,0.047815886379848696,0.0,0.008190729782332045,0.0,0.020871381052807943,0.02565571385562954,0.12821869695026064,0.036554848687134704,0.008874311298740271,0.1800104442362743,0.0,0.12128114495913445,0.025092545380522274,0.40856789943163185,0.03318796506468034,0.016102199783677332,0.0,0.017063924725483445,0.2256920437768853,0.004159491238703432,0.003977350284755835,0.060327438442247756,0.02404590882457723,0.039946287520060283,0.0963685118096365,0.015578091442487079,0.04593363652743975,0.0,0.2982969482897053,0.0,0.09778089495172453,0.16721545349028194,0.0,0.05995183255306238,0.30091486832340775
223,0.0,0.0438778194102344,0.02426692994976224,0.08110059047124336,0.021436965316418175,0.027977299542478712,0.0484903544966503,0.06629868089531366,0.0,0.05839020566126268,0.0,0.03258570506848022,0.0,0.04066634236329705,0.0,0.06076736950166778,0.031310380029339016,0.03632325616517905,0.16884879590862553,0.09405602580560198,0.016182356223425797,0.08025118535573032,0.08107682707524098,0.0,0.043948756354899914,0.0,0.01728422902747457,0.0,0.03484219323095368,0.006555428186146032,0.04165431619898286,0.0,0.19111245923088613,0.3499930686276895,0.0,0.0,0.060097195815625795,0.07967991162351698,0.06163811470609919,0.12728730723087106,0.0,0.0,0.09310256818284797,0.0,0.057416070532177586,0.030650056193942708,0.027788687352873067,0.024003703103697233,0.0,0.0,0.05960725377949342,0.5071490206623044,0.05256009545000751,0.21934764403116502,0.14435248511534488,0.0,0.11131265619611998,0.0,0.06237391901350925,0.0
224,0.02589076374291681,0.056673635160861796,0.02709312792382523,0.008721123689642849,0.054178212051666,0.0571131726047883,0.15991251143189328,0.05132863556870306,0.015420501666679487,0.11121292851888806,0.04964614533329446,0.030639676688174248,0.0,0.0,0.03658674381725092,0.0,0.0,0.0,0.3424267346149724,0.0,0.02760265953321046,0.0,0.0,0.042438609197134436,0.0,0.0,0.0,0.0,0.05483479337627044,0.0,0.0,0.05545928575069199,0.21422356952199892,0.3738829033669,0.036085192843513816,0.0528681029685426,0.06209286332263284,0.053523524309925345,0.050332431999146214,0.11551066012056907,0.0,0.11826279023210001,0.03548668246032333,0.0005718623211779383,0.05544762763305846,0.012315153395730444,0.05516941009760187,0.0,0.0,0.08061902398184013,0.033272468806958465,0.3164375170329432,0.043428595237769985,0.2007664490583977,0.0,0.1932112456307517,0.05092352907103528,0.022633158949308885,0.029766539865153367,0.06024220349213172
225,0.023029848625736777,0.07713987286202227,0.029877333694027734,0.0,0.0,0.035316959401296394,0.27391808317305094,0.0,0.1200145078045665,0.039478387470264324,0.0,0.09509851977660025,0.007528559813362823,0.0820046185253294,0.013276824040030525,0.0,0.04044159566487287,0.053197578262891995,0.05044942657693755,0.0,0.03777410035920604,0.0,0.03713597602877055,0.03756545136309172,0.058908763059688826,0.0,0.020778822351606264,0.0,0.0,0.005757919390731505,0.05838587639188482,0.09361810565760981,0.023538990761034464,0.23707151002077323,0.023703024549417022,0.032639271537956,0.07157716858265058,0.007803158500900187,0.0,0.1814034970311692,0.08058838813916211,0.34452754312666134,0.24326454747292034,0.05724163892217665,0.06693729712208635,0.0010965859102222213,0.0,0.0,0.0,0.13718502762479418,0.0,0.28547846148294953,0.0,0.14398664835360866,0.1457983882036689,0.012673206291080158,0.20363095507089934,0.051633347271976174,0.0,0.03825718119966038
226,0.0,0.0,0.05637411180134807,0.03374138907183769,0.024328671990929394,0.020799560895141792,0.0585544107074843,0.039311131272938386,0.05516159117250237,0.029691466139804144,0.03578712440392698,0.024897391201214727,0.05186308092242479,0.0,0.035229065815380496,0.0181698686590972,0.0,0.0,0.10885012669896027,0.033261808949971876,0.0,0.006899294614877685,0.0,0.0,0.15094673356048194,0.04032236030241717,0.007877768224103935,0.0522402201167591,0.0,0.0,0.05296349727269644,0.026300975941893113,0.10037118294635007,0.23511970173942862,0.013221428066341537,0.1107971078258519,0.10888412828188311,0.0,0.0,0.0,0.0,0.0,0.0,0.0,0.06450142527611484,0.0,0.019352158158848675,0.0,0.0,0.1723587072355699,0.05572718461254156,0.04657357140595682,0.0,0.37462801976646914,0.0,0.021824867670922753,0.5334817460032083,0.055942868603375565,0.3440259544398965,0.1265482487129569
227,0.08754316003165918,0.05368710665747108,0.02974361363542103,0.022788632951287458,0.0,0.027547166020053505,0.0,0.0,0.01100753814721637,0.02184192054818279,0.0,0.0223481738414256,0.03378382534707977,0.0,0.0,0.026875978991788414,0.0,0.0,0.06309504012176638,0.05966025684389787,0.0768257205254006,0.0,0.0,0.02113216529184495,0.0,0.03685293353380164,0.10041266369298711,0.014287541470784627,0.0,0.0,0.0,0.0,0.13660113589661674,0.1250543818775849,0.047671383681855604,0.5552796899800094,0.09457978850091373,0.07387547082310718,0.012965740487561868,0.0,0.029597352650474047,0.035777698820083956,0.018614718626275274,0.0,0.022142828626037437,0.0,0.0,0.0,0.0009792370085470049,0.029185894295766682,0.06055786892087934,0.28052509772610107,0.09485198963466676,0.23939741968086597,0.0,0.041280499846199456,0.16042124198040025,0.0018639412050603975,0.036968960143783224,0.18988494902455946
228,0.034805287870187857,0.0,0.053207881081572345,0.027398354386085372,0.06170321845271411,0.0626256572258939,0.01773282365088479,0.07971413754892095,0.026840218986912218,0.0,0.01868359476007043,0.005637006411439495,0.022030872763522256,0.0,0.03300673139885735,0.04133982921795508,0.0,0.007085250475000603,0.03622833424796564,0.0,0.11902600229773828,0.023617540873988846,0.0,0.06356370472375542,0.376160549721408,0.0,0.0,0.0,0.0,0.027577351829617538,0.0,0.04480498572400383,0.10102996895682327,0.32537951284667277,0.052306891008151606,0.027019937830818914,0.09976253945796448,0.06111186754056706,0.026550924098449693,0.0,0.029059170998110985,0.004716016303706909,0.0,0.05268744463810358,0.0946893379211696,0.0,0.029730767397525365,0.0,0.007026865244756604,0.05196139498645013,0.04785833399929558,0.041125901248224725,0.14473892812117903,0.2115404108377762,0.0,0.015156668359359466,0.12413080839571361,0.08812746023530788,0.11165546503719198,0.2953395037144903
229,0.024160140454183476,0.01783019811114869,0.0787596839416942,0.08169257685962773,0.08129097761539915,0.03557763423300071,0.0,0.0,0.0,0.006584330604239949,0.03254434268174072,0.0,0.0,0.0,0.0,0.023893326590495173,0.007007826013999143,0.0,0.021724517675120417,0.263200781249826,0.0,0.12437515568741452,0.0,0.08661461340654658,0.019814124695666267,0.11907734185898995,0.1005586220588044,0.0,0.05843919946143517,0.0,0.009057234458422065,0.13445432671845678,0.19387782411439955,0.2043504405955071,0.0,0.09262753565163306,0.024167376035235794,0.1699726665771042,0.0,0.06633026178882719,0.020534547438022015,0.022053928962341155,0.06879455137767558,0.0,0.10808496224162362,0.0017761487799330075,0.03712246767953811,0.0015865519573415822,0.0,0.0,0.07765014109941201,0.3376242482165868,0.05583171903178702,0.03840904939742877,0.0,0.020969036584696222,0.18166398410102075,0.09713438807514027,0.04585894448282515,0.0718582179468317
230,0.05800024274060628,0.0,0.06622624923555588,0.08998857161282586,0.0,0.027347321677018036,0.0,0.013962523738947465,0.0,0.02391525539427417,0.0,0.0,0.0,0.0,0.011789366077456655,0.10766522429398503,0.013492470874578819,0.03299913615471272,0.167487596590595,0.0,0.047077564063762546,0.0,0.017950213002642587,0.0,0.028813140669307825,0.0,0.0,0.002970943716072114,0.043773434991326354,0.008913077800806737,0.048343573187111494,0.0,0.025697916905067997,0.31875692163030805,0.0,0.08891932587720269,0.2560197684964712,0.04759930756648486,0.01661131508002522,0.07571468856667687,0.023217115248671528,0.0,0.031942241129251855,0.02194705233948806,0.0,0.0,0.1491671569500565,0.04707403218839147,0.033237759307554696,0.04637861245497613,0.05132823356866753,0.3841969800007385,0.04090222962868255,0.09597206662402716,0.027365129952986525,0.06758794176774638,0.22460645578193175,0.048565674902671996,0.01808088518944503,0.1275074706584969
231,0.011484018197661462,0.02368041625710139,0.09382223050453772,0.061792165960334516,0.04222010155298955,0.2619947361009068,0.0,0.03673089722037996,0.05094836643794295,0.0698800349403755,0.0,0.046347042541243076,0.03584933503902409,0.03928119039559763,0.03174684179750806,0.0,0.07025702242252993,0.025816982916248548,0.0323000897643429,0.0,0.03310739188861466,0.06990047631663301,0.0,0.06440021481617306,0.0,0.0,0.09101081513237126,0.0,0.03227856175877615,0.026760991066065734,0.02110740874978328,0.14696152260153428,0.024792723804863886,0.015690999991992683,0.0035369831661750516,0.05051053981855694,0.382163671616126,0.04518109543674569,0.03018036210085688,0.10196515653258999,0.08756935763468349,0.037953907578964774,0.062359250151769186,0.0815760438414417,0.03465342873580795,0.048970226759547174,0.0,0.0,0.0,0.05432135889471899,0.013462097353095493,0.2973833414154553,0.04366980443913605,0.05283521004519142,0.08299193848839125,0.0,0.3428126161687251,0.058517407257757954,0.0,0.030376549022628655
232,0.04289746830431295,0.20304505939068243,0.06548814674311325,0.07376773884814945,0.07529635304914688,0.038053159661302204,0.29532038425088775,0.025939072154688502,0.0,0.021985241189137,0.004094342241672893,0.0,0.0,0.0,0.07784361703952493,0.02347171586930668,0.012590158513529754,0.07623727246658252,0.03129485410475567,0.0,0.0,0.0,0.0,0.04365902496495118,0.15985322556297074,0.1071258623873447,0.0,0.013777345158218303,0.1993661160591656,0.07659039558827545,0.0,0.20211997800225381,0.0032570365821969994,0.033376058539010316,0.06901892148869176,0.07115876969140575,0.1680781868924266,0.0,0.013868643478692108,0.0,0.006288054251732007,0.10369129900896393,0.0513371015704715,0.0,0.08342734551000369,0.0,0.045278681417710374,0.0,0.035336091344728156,0.1376015680132824,0.3520145325161078,0.31277344256640155,0.0,0.09661643471348727,0.2138826543267857,0.03265250421834759,0.06548190774739869,0.0812830495646251,0.0,0.0
233,0.0,0.03518904815332671,0.05719407466884682,0.0,0.0,0.04109524604091221,0.012384395543931434,0.021919510740526248,0.04257720312221335,0.0,0.025473294491663932,0.0,0.0,0.029617095182909444,0.20899234816779969,0.012815088614456061,0.021243970707094228,0.048344769718532236,0.05229519022891006,0.11079856386699355,0.0,0.07155874390305166,0.02559102796985795,0.037126365488217676,0.0,0.023331709130596307,0.0,0.024185213997967903,0.0,0.0,0.13647819873528516,0.1318076340818778,0.04268887496692335,0.033092345320634306,0.050028584786398704,0.0,0.17426626783513383,0.08895934316829696,0.02496875466036539,0.064468955525221,0.003970090359272518,0.04635174574054431,0.0,0.0,0.0,0.0,0.08609854436927764,0.04306926999851645,0.05968522641922383,0.0,0.0,0.4507074572654186,0.09926473562771151,0.03359693700373029,0.0,0.013196682325343075,0.07711984778923874,0.6020672796409575,0.0,0.20496433314319254
234,0.06952293755360435,0.0,0.033857527039023116,0.050869561295372116,0.05105006729460983,0.040376772759237685,0.010653570073947804,0.04565285999796254,0.07690156634850354,0.02474299627681081,0.0,0.0,0.0,0.0,0.0,0.0333987252611954,0.0,0.0,0.03591567077967509,0.0,0.08721917858617659,0.07487356410852909,0.0,0.0070962116923559805,0.1819866461997329,0.033061025036777,0.0104762235713955,0.0,0.009699586299342868,0.0,0.04074387443115549,0.5121299450323081,0.023416859918848298,0.0,0.021057536899779263,0.05742980399988477,0.14873921947219662,0.17997913594865175,0.06096338784768669,0.004872165096807177,0.006060473682297,0.01254154112747591,0.038900713545781535,0.0,0.0,0.0,0.024499358846625716,0.0,0.0,0.06952585798171937,0.2467517948788832,0.4108170160629642,0.011587687404060035,0.04313606156039257,0.0,0.12832164510030744,0.09497517795859829,0.07876802460782688,0.06674187198876154,0.09458841360889972
235,0.12074603266966755,0.0,0.04118917244605127,0.02205858696102408,0.07273754715272684,0.0,0.0,0.029919295233803503,0.0,0.0,0.0248809512816668,0.021973405955105177,0.0,0.05781790155909458,0.0,0.05365656892265118,0.038058618850423595,0.0284927034894132,0.006993416033228721,0.053135982760614354,0.03482161996756255,0.025173154970227016,0.01848626394807272,0.0,0.0576748187583026,0.0,0.039436597936632775,0.002806414165466069,0.010511542559443879,0.09817073526308742,0.11502443148178294,0.11566765503003025,0.013237301267199455,0.660398801283394,0.011120744642935727,0.03861497864999463,0.17329715027453213,0.039653293544737706,0.04247172940640708,0.025564004557481187,0.0,0.01065720665290121,0.023366434919414578,0.005676359228045209,0.008508543248884566,0.0,0.0,0.0,0.0,0.04358126080176512,0.12448238631592759,0.3983503575951762,0.08479349339765349,0.039546410564767515,0.06084953662112814,0.09051025840536285,0.027743388010068606,0.02064802537571534,0.08211820004688297,0.07705875753665524
236,0.0676446033445212,0.0,0.06545406104975394,0.036768934380282614,0.08047858010018037,0.01188430515017807,0.0,0.033824295002590224,0.0,0.01457030033769268,0.0,0.0,0.01864888416344255,0.03324308234057563,0.06988514252499402,0.05113490480698851,0.014842257543207404,0.018932740090317646,0.06411038025146783,0.078155328003714,0.0,0.0,0.09535640921918992,0.0,0.0,0.0014877654548008474,0.0,0.03044235237432577,0.06733291421486179,0.08110202373376219,0.07839453951376134,0.18719471995725784,0.049591167041555424,0.5061783688062382,0.16250609272128855,0.06521768626705882,0.0,0.04896900902167653,0.021480056224735172,0.020354605718772158,0.0,0.0,0.0,0.0,0.0,0.0,0.045566072582706243,0.0,0.0,0.0,0.10994948864531265,0.5328870698540006,0.0,0.03421324803935641,0.15366525515737364,0.0031479513852375376,0.041213119272420856,0.03641894620883713,0.0,0.04528307634391008
237,0.11925403234179133,0.0,0.058851432062888245,0.0,0.02395821292508309,0.14104433838004451,0.023143728642976535,0.0282145230454408,0.08253903361763186,0.0614817482332927,0.005613426415044131,0.048663519604651595,0.04964360462472197,0.01319217477700167,0.04124496642208706,0.05653741259869798,0.0,0.061311060281186644,0.13387225877876877,0.0,0.013254207210687029,0.0,0.0,0.0,0.0,0.0,0.006145401140151059,0.0,0.0,0.043526582477461044,0.10734943715773947,0.14595174228047195,0.0069443808232569175,0.4381942855195223,0.13004610301196348,0.059218062278159574,0.04167565988270145,0.05315951669497266,0.0,0.15690272701480512,0.12300703803534593,0.00840934158932924,0.03495370208483442,0.04030623811597813,0.10416370448616061,0.0,0.04695531864890163,0.0,0.16574742137841306,0.08984327078700748,0.0,0.1305382921547638,0.0,0.09967102162138587,0.09854879274781676,0.01969781201221519,0.3124970288651581,0.04262725343530001,0.0,0.26264195239148697
238,0.1108093262775945,0.07793021190615257,0.03617539537766581,0.020550895881561324,0.0,0.01605905236360343,0.189537736987406,0.01085627958952604,0.0,0.05291988837736927,0.04608253297799537,0.08014218130994986,0.02121909117454427,0.015418442652638621,0.030520241447952793,0.044370266338377824,0.00593796399177946,0.05467979374010389,0.0,0.007333195560296311,0.09075263760788384,0.0,0.05511191482702288,0.03766158577285057,0.016130949898753615,0.0,0.03495345004560213,0.02383168701084977,0.05662473437682913,0.0350718075430565,0.04944195452265431,0.2071588222576922,0.0,0.11765416225524271,0.12074506617165519,0.09803411436197453,0.15260789806521377,0.05564294704720073,0.0,0.09864277342232296,0.02469354162899286,0.11099904166498911,0.07937345776450161,0.06458494096489778,0.23953988523407863,0.08797828562281977,0.0,0.0,0.0,0.16026125690780368,0.0,0.037466129355094545,0.0,0.3013530867389252,0.010722998525328098,0.01666750217219697,0.16653116549660768,0.0,0.011926455341486184,0.03265190151562685
239,0.04391015533138828,0.0,0.0,0.0,0.09170831113782549,0.012095546192899466,0.0,0.0,0.0,0.01627480395780486,0.11786498509779574,0.06471636183260779,0.05690782211248398,0.05303739621009103,0.09256284989559489,0.05700148479706839,0.01709943394644537,0.0,0.08085573544115862,0.049999761370197196,0.0,0.015762105129801175,0.0,0.0,0.07282929723806929,0.06814875787895633,0.08520778908976004,0.0538624398148976,0.005253434585815859,0.0,0.0,0.25732579766878827,0.10688516504103761,0.39337044172491487,0.007515038091118423,0.22655400366590764,0.0,0.061948487914128485,0.0,0.05784287956989781,0.016834324629525176,0.0,0.0,0.005283320597985133,0.051386704079365735,0.040268866896780296,0.010570346111800952,0.049042166368699916,0.0006756742674938199,0.027403381325758844,0.0,0.007751874146369828,0.40757061620505297,0.3043105936833855,0.026860685929274836,0.10998741173676907,0.027825555505289933,0.23542144853378855,0.19407149817008026,0.0847250925076384
240,0.08383237826776395,0.0,0.10469771736307262,0.0,0.03243667766948796,0.011547637092331628,0.022221731271650537,0.0,0.055570023691640186,0.0,0.030549627408044913,0.030894224296487676,0.016835092870906124,0.027668204201582784,0.01788946435695398,0.04778749310488779,0.0,0.0,0.0,0.0498377593262565,0.07318993347236194,0.017010219123969845,0.0823546638627266,0.0344625697645041,0.04601224301419097,0.0,0.0,0.0038988199035484093,0.042876565072418264,0.14058241437171706,0.019016909521331168,0.17676397518679476,0.1635117880039385,0.1345535961396169,0.034764015534266654,0.08300860416866142,0.02384324989837122,0.0,0.02975905202921952,0.004663844664820913,0.032865961666306814,0.016882113609327048,0.014394615001316492,0.047285529105826764,0.0,0.028012128923733736,0.009978312291025408,0.0,0.0,0.11042738475248962,0.06626710247451978,0.13136683303093377,0.2130581016558625,0.2703896216631453,0.0,0.24489235200750797,0.167459257148812,0.012311502535907902,0.012630771702314992,0.015269490021228183
241,0.0,0.0,0.0632913403890793,0.0,0.04732986230139085,0.0,0.0,0.0,0.0745362426577531,0.044612010759904154,0.06187976637602546,0.05869228199832921,0.0,0.04966424495344673,0.0,0.05822263448900638,0.024722529050474607,0.0,0.057893519238769814,0.07713230286267664,0.0,0.041027580258822006,0.028592071615926636,0.0,0.016815283933631738,0.04729226776977179,0.05292509255451173,0.06805996523542096,0.07151306751248221,0.02212405384883582,0.013349338853490371,0.1572929933071811,0.08710715259912728,0.22451332370921367,0.07100925208254996,0.0,0.008460457283832231,0.47421275153003395,0.00610864012963867,0.10781772358484383,0.06821484039427306,0.0,0.03364445135811467,0.0,0.0,0.03687270071400257,0.022162458896074013,0.006924933575981161,0.05088186109720131,0.0,0.5531114080027126,0.12156415399030594,0.11659669568249204,0.17439324538393244,0.08467388857272251,0.0008458599009625201,0.02150021245969975,0.0,0.1022706601354982,0.1538250360708967
242,0.03817844205785902,0.0,0.05983545428064408,0.04802108075815473,0.05016718099627995,0.02662235076523962,0.0,0.019036684702165386,0.03928229408440484,0.01570592540046068,0.0,0.0,0.0,0.062455261945002685,0.08815883102341869,0.03526446412999335,0.042846962503186266,0.05246073892259461,0.09144137648140165,0.028402575193616206,0.050063426362010596,0.03372513564648148,0.216882418084343,0.0,0.10016570061209801,0.011856473981867613,0.008643695504718931,0.0015861971041663003,0.2887514940912834,0.0,0.0,0.0,0.10915819626754168,0.32197167612306565,0.18491910038278397,0.022103483142278058,0.0,0.06592595367572193,0.0,0.01086350727145927,0.0,0.0,0.0,0.0701276526873973,0.0,0.03921955169377437,0.0,0.04464468015392175,0.022229287043464746,0.06848750320336296,0.012469731052957199,0.5316067205862617,0.14393383688504297,0.1590296306134338,0.0,0.0,0.2685654511570686,0.09443888556900401,0.0,0.0
243,0.041999181007534324,0.0,0.06318865786337385,0.0,0.0,0.0,0.08186171862441803,0.04261092850168259,0.02422548860757127,0.024242912159511756,0.04549231263070073,0.14755800568749025,0.042432354087163754,0.0,0.1493135611324362,0.04973420890978401,0.04147534008995124,0.03579109957325455,0.5416602459829606,0.0,0.04374556661308154,0.0,0.0,0.09716310939282266,0.060110619846526596,0.0,0.0,0.09351183822855016,0.0,0.024025096515891964,0.054660876931300756,0.0,0.0,0.0,0.05278306829184613,0.07391412142839474,0.4458721706594466,0.10141890991622175,0.0,0.02226294155553549,0.0,0.11641236250834176,0.06013350028868902,0.011853288877347023,0.19400084356774017,0.0,0.0,0.0,0.0,0.053354069116679614,0.015663029875265994,0.6926196715149762,0.048606433292205015,0.06852242360245807,0.0,0.06236773831820415,0.0,0.087621308104322,0.06034326061013669,0.0
244,0.060950161817405535,0.08411638136010405,0.021237521072992788,0.0,0.0,0.014268851461965175,0.09440530286864846,0.013764717981248476,0.06060442045023028,0.03566856659114961,0.07139426479284093,0.04883003605536867,0.04922726238834547,0.06939466470901272,0.010921395858035785,0.024968023953568553,0.010885428086762117,0.046700564390720206,0.06132538639221008,0.0,0.01777485964372618,0.0,0.33672899098707537,0.18961600107344212,0.03400127986444401,0.0,0.0,0.12142918889203702,0.0,0.05007716001314538,0.0,0.06124577550739448,0.0,0.0,0.04923917777427511,0.0024651649029625057,0.057681564917118094,0.05798637045489818,0.0,0.18592420722264427,0.020626402511242824,0.18743833567715681,0.03894808944085181,0.02477814115131018,0.012053473331872077,0.0,0.0,0.0,0.0,0.01596786142489913,0.08104902582511012,0.759557693744458,0.038769444064470034,0.10256376699992396,0.08852777765976284,0.006668976037023446,0.321584511376865,0.08185091480227165,0.057276665513591694,0.02719931382242135
245,0.017999146323531057,0.016641224824662692,0.0,0.04334980940072103,0.11616920601628944,0.031923836663772326,0.06153365674485385,0.010999455022643845,0.023309806275152584,0.05813310831800375,0.046439061600395154,0.043014143306324686,0.0018635674725545814,0.03043235384411445,0.03220309231368468,0.04216440615613355,0.0053825321751127244,0.0,0.08198398832435125,0.04448767491119578,0.0,0.0,0.0,0.04061594057662102,0.0,0.0,0.0,0.029635391510963123,0.12707301595634848,0.0,0.010044468506488134,0.010783684233709519,0.024446840404222292,0.18424422713548547,0.00560588907070529,0.03256625611868677,0.04133203170862274,0.019039036647253288,0.08539230655878935,0.053691366820938974,0.03800593347984304,0.013801700200459057,0.0038410389657757473,0.07141807972130179,0.0,0.07212315897500998,0.0,0.01211735293571094,0.0,0.11607141033478335,0.18710271671903733,0.08817771663824098,0.438661200114934,0.54193898437465,0.0,0.0,0.19257284808885433,0.20420494684287238,0.0,0.04245419335216006
246,0.144833314205599,0.021150484921962556,0.026960039834843328,0.004771692543766801,0.0,0.021079481470985473,0.039076864243513254,0.0157215358772783,0.03738053202280521,0.009638725371096566,0.011134074432448555,0.013271889478082562,0.0015615592396554323,0.040915221338661045,0.06621057175809354,0.0170147249041714,0.027592496185684868,0.05341285250897345,0.036579911796653555,0.0653733527876622,0.07306253383338965,0.0,0.0280251838623292,0.04472702582854254,0.0,0.0,0.0,0.12440319003642836,0.0,0.0,0.0061282469676432,0.011540311518726228,0.0,0.0,0.039425529239068474,0.061755298457693834,0.08437794574592546,0.08334317090384863,0.15506180948741263,0.006351502480473763,0.0,0.0004257037635467607,0.0035462926827855546,0.1619040232319297,0.0011492418773350742,0.014276592329477903,0.0,0.0,0.01701418817897137,0.02891083126258049,0.003009342038901144,0.7145751169568747,0.02283188461103529,0.03414186538601749,0.0,0.28673020503765306,0.11129191532467153,0.05203278623165434,0.0,0.17850869423491028
247,0.026853577893571852,0.014928028835894004,0.027446291168644762,0.016561273718294044,0.0067998496387548,0.025363545812399274,0.030321836597152787,0.010938244042563421,0.040397803265626066,0.0,0.1022236273653031,0.0033032348854484545,0.0,0.05682900560811653,0.0,0.08350366435430935,0.015374483561672156,0.016598266925176332,0.13530002011602055,0.08643216490021258,0.027370698241464927,0.04912542286407802,0.11615149591122172,0.07181559294038803,0.015859990561845554,0.0,0.26158004612972957,0.09125227031871727,0.04948683881876799,0.03343679718124882,0.0,0.1396643090060106,0.0,0.03199851802850161,0.0,0.0715365885009736,0.015952607478712123,0.09021055162642108,0.13900019600958238,0.03718247367577008,0.032704820047755906,0.031018747147627555,0.07759543522430173,0.05524645483750163,0.0,0.001632656635009829,0.0,0.057781677891582846,0.013516518406392931,0.027127982513041146,0.019405328851307822,0.7469337272556915,0.0,0.006157531156759186,0.004116079979856848,0.07041666142675236,0.10693160706811604,0.0,0.013812487664601938,0.10125876498748887
248,0.051039880549996364,0.05824586514148209,0.09267442293143136,0.0,0.014545690039516451,0.029646470008102298,0.0,0.030112000748609282,0.061087022831973835,0.0,0.0,0.03969973759613322,0.0,0.05962698183833869,0.13460050952799807,0.0,0.0,0.0,0.07904755583197226,0.0,0.0,0.0,0.05358883062327797,0.06641728766883874,0.0,0.04681757247945179,0.0633661547583223,0.0,0.08726088000043404,0.0,0.0,0.0,0.1273156806136778,0.4181750530445533,0.012355507348370005,0.14891609224255997,0.06261844286015403,0.15622024183832117,0.0,0.0857445312542216,0.03287622465658423,0.03695391015061022,0.0,0.07634902195154857,0.1433286678000347,0.0,0.03894639825167384,0.0,0.0,0.02787615539761572,0.11822848742941434,0.06744115253548849,0.038963419340144606,0.5275143016086234,0.1375653332625156,0.0,0.2767534823374762,0.04498618328216548,0.0,0.23459053746803216
249,0.058722814551289464,0.0,0.07703199855931071,0.16158732790405203,0.0,0.1187360152392997,0.015790954127316376,0.0,0.06626752940342716,0.11809423162060713,0.014214832090602742,0.0,0.05336431644931704,0.0,0.10665100241426463,0.05149638245390078,0.06328213482385511,0.059546538893524965,0.02942249037862242,0.0,0.26526680354827586,0.0,0.03128616644062618,0.0,0.0,0.026108853855549265,0.0,0.035591161565766374,0.0,0.01986832497685256,0.030858379001259123,0.0,0.3774140403749874,0.0,0.3106706813993092,0.09045677798627365,0.11479780357934398,0.047134052924835065,0.0,0.056044839166279906,0.016217669939353835,0.0,0.0,0.3971475162677461,0.0,0.0,0.07465236242885713,0.0,0.05807223176343524,0.027792556044483878,0.0,0.39077306910452264,0.06064196762695875,0.3317007316507769,0.0,0.17097139732976438,0.25497622094183736,0.18129530937691343,0.06867850621938358,0.04212671143028784
250,0.026558132669181965,0.11321711515759925,0.05535398400354026,0.0,0.024143070854493326,0.0,0.03126539780647763,0.07226357709791136,0.0,0.076651853894165,0.019761062261364842,0.14570576876434943,0.06946610885116727,0.0,0.025961996743311233,0.0804035600390918,0.03809144375146402,0.028558512736020083,0.03852787351949967,0.0,0.010487593515194713,0.0,0.10882075702516594,0.07374237100829656,0.053282783557531264,0.06546710068693591,0.0,0.006441670872146468,0.0,0.07445864791812225,0.0,0.32743876747971,0.0,0.045362046314095766,0.14178311080841857,0.09651033136859999,0.14814380331550506,0.023374810825075185,0.0,0.15969440755305442,0.024945690125171893,0.09531899634452795,0.0881782947456778,0.04411922209694875,0.07766643908187892,0.0,0.0,0.0,0.0,0.05494473263474168,0.08854979591259456,0.34125904047450356,0.0,0.18928251107641944,0.07676188003255048,0.07079015344142402,0.3305140620496491,0.1085251788388431,0.0,0.10634249711168273
251,0.04587067527195072,0.1063649920636461,0.010113964465099063,0.03207265518637722,0.10067084368338695,0.054078583427479184,0.0574607825480461,0.0,0.0,0.04530785310890818,0.01708998636275737,0.0,0.05482510510491853,0.13254985343675385,0.0,0.039051301389816516,0.014571822867501383,0.07855748726398394,0.16073255621110946,0.014413719778480903,0.008457439093603284,0.06639710207509963,0.1642489398216579,0.07042148120470243,0.14650308735200876,0.04214320720896619,0.02293428956277352,0.1096162065354098,0.07008926856209326,0.02692784550874757,0.08584028784574943,0.04086196757929519,0.1030471640996222,0.1495978726574293,0.01482418774017277,0.03226891195081002,0.12118979652731988,0.018864489874554625,0.09748947341902238,0.09092200135806534,0.0,0.0,0.024277760853263275,0.0,0.20443593674125676,0.03987044158328662,0.004456391887999811,0.09697374189673093,0.0500361752257611,0.0,0.007461867316434403,0.5543107196234542,0.05205673177657289,0.05474815590952378,0.025134663419456738,0.17078527028046722,0.11270509018301542,0.1098612413088334,0.2680253843526581,0.0
252,0.13002698165912352,0.0,0.0,0.03648176855536016,0.016224499630158512,0.027909980898250097,0.0,0.00989884790325262,0.05243292161898311,0.025517872282879914,0.01314734423201485,0.0,0.02590173321921074,0.056377658702382386,0.030518338141742037,0.025253151783989815,0.0,0.0205820615767923,0.045602246880752845,0.022840192428624034,0.0,0.048638919805500995,0.03495941704320403,0.0,0.07706116490946734,0.014557832930175223,0.0,0.026213113085704814,0.0,0.0,0.0,0.0,0.03865013957056768,0.0022474521965518855,0.008465988716848196,0.2677728541616094,0.15578244728928864,0.19062611227238613,0.020259101013705438,0.0,0.026109390794063506,0.023063946428769157,0.0,0.08544257073327598,0.0,0.0,0.0,0.0,0.0,0.11700839887059311,0.0964632034866641,0.4669158322519769,0.01535080787695576,0.1389703426397746,0.0,0.20123618619927847,0.20314382817388663,0.10882792753937993,0.02566943712184019,0.11701940536215374
253,0.007877547351412252,0.016018267174749537,0.014381027925911352,0.016290629252774726,0.04154029165923779,0.01707343187008911,0.018848658349988355,0.06691287970716289,0.009247478401001038,0.0,0.21461780003940628,0.013050134577515913,0.017655041327633753,0.0,0.0,0.053953798485031484,0.08818642299457091,0.039459968112949405,0.08550322199087022,0.09022836681110674,0.031844288294604436,0.011028660748801808,0.07379592821910794,0.04211935342086012,0.17087241760520083,0.0,0.014163376922316452,0.03877902355980644,0.0,0.0,0.02501753464489661,0.23772356445735027,0.0,0.03736945253013498,0.01802820478366846,0.1151287813567903,0.032226323503962456,0.06412471308079458,0.033751267413210086,0.002123100229985817,0.03677895377227455,0.016141339203893067,0.0,0.0,0.012904937537647822,0.0,0.02851902404027352,0.0,0.08080887091484724,0.0917220999946905,0.015060788927692732,0.4021004653534102,0.08038662444982161,0.20308806674373894,0.0,0.06650367728472091,0.18511135623060732,0.03295159592079886,0.3151289214735186,0.06480703289719662
254,0.0,0.03813243195987739,0.0,0.11698710162456613,0.07160658289444381,0.038508958045789854,0.08174481727361767,0.0,0.01616062596578255,0.03747187859085813,0.03329086019577538,0.08924806381214796,0.0,0.0348053622894238,0.034228079699128895,0.1384190371424837,0.03644850928134973,0.09482178251855011,0.11177687278493456,0.1303467510165117,0.05422889541873502,0.07458729415077184,0.08112775324191542,0.03037146091255398,0.06409366843304062,0.01624424214171174,0.010393490728784385,0.0,0.030379733001024745,0.21705656610539517,0.012031683208227815,0.0,0.07955144022205024,0.01543274202905606,0.1936608938428074,0.1247155647427627,0.08475395429115466,0.15393428177874113,0.17345790417981238,0.08351761322167517,0.0,0.04191003615653407,0.0,0.0,0.06406149563836522,0.03963453221778263,0.02751571668684289,0.0,0.07202633672674773,0.0,0.18442985906932258,0.6241335688654096,0.05592560943428919,0.0868522223644685,0.03365843071352117,0.0,0.03833658267484332,0.11789706272828793,0.09287109165141681,0.0
255,0.06828208327246724,0.04983698643191393,0.0,0.0,0.019486614132690733,0.03547245223653743,0.0,0.0,0.03914583847202468,0.08761723433742807,0.03574171522903166,0.0,0.024422563249563677,0.0,0.06411781238118613,0.0671384011245006,0.08363502880812256,0.04810179806292519,0.2471086029142594,0.04331524663056976,0.0,0.0,0.0,0.0,0.05635884352778623,0.06684288503680383,0.0,0.05671387611863306,0.11147046367195865,0.0,0.028476367002519477,0.0,0.15814717250859595,0.009211930920170598,0.25054308968814387,0.007753100826806797,0.0,0.0,0.0,0.1564572661440174,0.0,0.0,0.0,0.17017626370430755,0.0,0.0,0.27877431530105096,0.0,0.002766022387599405,0.0,0.0,0.4812090469739813,0.18140754721501812,0.27044269889389416,0.04270744183202775,0.03612670102900772,0.1428140225420809,0.18649443748933336,0.04458868545450796,0.045994267403543496
256,0.025207732159499053,0.030425176545027056,0.0266435945136462,0.0,0.015293733257593103,0.0,0.020841041937585923,0.05802680893687384,0.027184620315566222,0.03311729774030014,0.061007694789895366,0.0,0.04085547672167587,0.07788843082296688,0.08785538029118208,0.0,0.03023676220422481,0.09539298515957327,0.0,0.0,0.04694173647832874,0.005000607400747243,0.0,0.19006259304575363,0.07686547227211711,0.0,0.0,0.0,0.038515577517116324,0.048439391289568395,0.003988164570778441,0.04036036755749528,0.0,0.02414135928107846,0.0,0.02742678656095322,0.4587263347994839,0.04632716025745654,0.0,0.12532982767919582,0.0,0.12514762872261492,0.0,0.03187477352016607,0.025775573739415712,0.03239786156841394,0.0,0.0,0.0,0.03895802738493092,0.05190281075865497,0.35861683224048946,0.09310362994615151,0.31138983562782085,0.12500000747210194,0.013836576196500814,0.1866011828701523,0.13812354418016481,0.0,0.11048113904480351
257,0.014441211172430255,0.11851837630851242,0.0191159712599309,0.0,0.0,0.042796901095286256,0.03745980185825587,0.020409602184109477,0.03184148444881644,0.01642762494144462,0.01938146075158745,0.0,0.06095758530723486,0.02242094213752472,0.08939484678280663,0.0,0.027960717963123362,0.0,0.05619551252733482,0.03158650590099739,0.04850255410562982,0.010909023136413447,0.16262536272326095,0.0,0.1550497982707267,0.004974761791061053,0.0,0.04024906587379986,0.0,0.0,0.0,0.046065987079787096,0.0,0.012603557606477748,0.024574319582443223,0.0885072349964173,0.10339582306464094,0.0501445529112795,0.0,0.011000960308820456,0.0,0.0027272489603322038,0.0,0.0,0.0,0.0,0.0009753962191217935,0.0,0.006274945673155123,0.0,0.30015031034986417,0.5649097679759284,0.18766293062016093,0.21487445883294018,0.0,0.08905717371383394,0.4677373403412044,0.17976113921805445,0.10321719934238276,0.08081962782943058
258,0.027164927168514073,0.0884875706051849,0.054178977679980894,0.021128502280212808,0.0,0.04009504104044062,0.01777960344024118,0.023702998937228926,0.0,0.03559470287679202,0.0,0.0,0.10739467508191035,0.05821592724602851,0.0,0.06430941420562647,0.0,0.0,0.1039283790986786,0.047543604490377575,0.0,0.07075949225100212,0.08448237123524134,0.0,0.0,0.09962744098892386,0.0,0.050085590804851574,0.03659087285145696,0.0,0.0,0.1114065541177231,0.07682040684645958,0.012295225821632748,0.16169819797713283,0.7349652883176481,0.12215384849251106,0.02812449367377191,0.0,0.09864192100933228,0.0,0.0,0.0,0.0,0.0,0.035121999559869665,0.033060748549315094,0.05174817921292466,0.04773780902885406,0.012391123193965013,0.0,0.2795923426026925,0.16161496337379788,0.18874926722444446,0.03476595423961336,0.0,0.15737750977845294,0.07461188634582588,0.03550359199108371,0.20955165097733797
259,0.07247580459898292,0.02220592988924175,0.08918824512973637,0.0,0.0,0.036981458775378596,0.045195897508804456,0.04618672289146848,0.032614794225908655,0.025347059082879948,0.030783085642243656,0.05083978798440621,0.0,0.0,0.037770538089392215,0.04184633646193101,0.013529473796583775,0.09517357024463381,0.009984850938767682,0.04490241468681293,0.13630438583011,0.0,0.03399281550766269,0.07861350350206736,0.0,0.011075245068579962,0.0,0.03153149491564088,0.039770808787822014,0.0,0.0,0.37206290917044044,0.13742840605551687,0.029283339751149357,0.054248364941703126,0.06125545695522046,0.030970860489861116,0.06463978095671324,0.0,0.0048432423836285545,0.001447833685625617,0.0,0.007916375892280482,0.0,0.0,0.01030511436738485,0.06867545826108432,0.0,0.014973485205858568,0.030358802136973236,0.0,0.7073021237684705,0.0,0.028129074708008902,0.03975140383012013,0.10826729943101325,0.16394281806206337,0.08480335720115571,0.296207345125617,0.13883820028052607
260,0.07299855590750585,0.08372569520838093,0.05508376081421835,0.0,0.07470451719691809,0.04868407682622783,0.0,0.020309095465528327,0.0,0.017307271118123323,0.11113446035881988,0.0,0.02476184403830964,0.0,0.02242667975640335,0.040826282666173615,0.0,0.07657559330699294,0.017560159503674178,0.2172047281915802,0.0,0.03257863144570788,0.07498127830269125,0.0,0.053014271312735575,0.012564180346624144,0.0,0.057068085177280334,0.0987554008686235,0.0006089047137839707,0.1036944915914511,0.18558373568683564,0.3830394333930796,0.0,0.18452412257973566,0.08865796183928863,0.0,0.1318824899556764,0.06887491952186815,0.08507087026267182,0.0,0.0,0.016948054638305177,0.0,0.040265306667742556,0.0,0.0,0.0,0.03873584436480125,0.04139673690186675,0.23938099724832715,0.4626957995600036,0.12044705965597499,0.07414972809896855,0.020091185061931544,0.013616353328535115,0.01664531938814678,0.05547855131803332,0.08453504328099173,0.11837421429763438
261,0.01873851748677779,0.060844707074965566,0.07730817242381662,0.02264948745620676,0.1271563729674982,0.034329808945372145,0.02619975894561417,0.01943759240333392,0.0,0.055754304648184254,0.014376626065199268,0.0818252879179595,0.0,0.034066824690160306,0.0,0.01247421942478333,0.03882712982768528,0.0,0.14626513749345346,0.01535097781480165,0.025109898256291167,0.0,0.03011756465753148,0.013132392136440662,0.0,0.005577864093361184,0.03326158558360654,0.11543889268813683,0.09024876995810117,0.027037490371802184,0.08028960986055524,0.015309536579150611,0.06631650980303803,0.5636926731872212,0.12055623157467198,0.11238037831117079,0.0,0.05632246037855732,0.019321004217811574,0.060016846944038055,0.014839129968560965,0.0,0.0,0.0,0.0,0.006384956311134611,0.0,0.0,0.0,0.01610763591210581,0.041312173076168836,0.6597047972172646,0.057471172479339666,0.08640491567619346,0.10943554568260665,0.057649723321579714,0.0,0.16924615007277413,0.0677437587276474,0.10147230765313411
262,0.008346354102329307,0.0,0.07815107382642995,0.06498370012912781,0.0708534470689657,0.06508941548959363,0.0,0.11457859612714337,0.0,0.07939401917217075,0.013896698683410457,0.07589510551375629,0.0,0.10245947633095673,0.10030193606521118,0.0,0.0,0.04197881720973828,0.0740518696336872,0.0,0.04983143441039395,0.0,0.0,0.0,0.0,0.005087260103291638,0.0,0.05733766185651407,0.0,0.0,0.0,0.019922380344824502,0.008321136429997463,0.02167401259247153,0.004371877181644937,0.10462529995766656,0.14103553286109344,0.02741925730193078,0.0,0.17889897865893262,0.3226408634855026,0.08283991609483835,0.04925761794273273,0.05989537868461304,0.14071180519856896,0.0,0.0,0.0,0.0,0.11230707248442441,0.04045106279107906,0.4749760300434139,0.0,0.34554607017191685,0.04461946119185708,0.1837270344102264,0.2996792521349094,0.10468352745671673,0.04415780592440302,0.05308097155976517
263,0.07640564610715994,0.12848164497706552,0.09637169132802915,0.0,0.016143940832291842,0.0,0.20200675617067865,0.015301168971039407,0.06514928760603815,0.03711081951438928,0.0,0.09147464267204287,0.040205114262561154,0.13674476799890292,0.049984800925138,0.04422924521551336,0.02836556430251388,0.21661569056511826,0.016390189478074406,0.10158775538434363,0.08246036690058565,0.0,0.095493375944582,0.21381491343464953,0.0,0.0,0.01951799381595056,0.05885957846375959,0.2926943396162453,0.0,0.0,0.039697541232980915,0.18996619179448188,0.03622976696863765,0.17120343154326623,0.08457134164524435,0.17340741974686444,0.0,0.015104108229374842,0.14401642651564633,0.0,0.025397310293737017,0.053832873305423454,0.07319313745206316,0.0,0.022452111277415462,0.0,0.0,0.0,0.009554502224236714,0.13861712075328994,0.036504215444724306,0.0,0.3164228909943468,0.07524603535251143,0.03980259732790986,0.15307124567129624,0.024351731420860955,0.0,0.2675869354770601
264,0.0,0.059480468601942435,0.06448655321690684,0.07795830407649776,0.0,0.028669326370523652,0.03458419346460293,0.01769362328457103,0.03854989753218196,0.012532070745348744,0.04080000389154041,0.0,0.0,0.0,0.36014858217607965,0.1310726402177216,0.0,0.058882927141979714,0.10582584494725152,0.013895184508033074,0.0,0.007248971265185933,0.0,0.032377637436598716,0.0,0.08803820819025955,0.05152878359490419,0.00863959750679922,0.0,0.0,0.05004545704144615,0.00684103608751636,0.027036098739622906,0.043123796126397454,0.1136877339142331,0.03577648479884833,0.07120081165483891,0.301819597566296,0.0,0.11742973127352542,0.03159327383257607,0.03809887962350256,0.0,0.0,0.0,0.0,0.021610844572311935,0.037494978887899946,0.0,0.01013406071425957,0.08148126730802562,0.5001264652057419,0.11814091858216218,0.21113191456026756,0.0,0.0,0.1497778037457165,0.16630557669351614,0.0,0.3092244613358659
265,0.018670289430303424,0.05277408151698989,0.061989205582976215,0.0,0.0,0.01621715726209873,0.023830515714020676,0.030573931529147978,0.027022630128453805,0.01372607636528643,0.022158579284975506,0.0,0.0020036814839674787,0.0,0.0,0.06356279214625464,0.0,0.0,0.03979685365163858,0.0,0.20262391392896276,0.028380080877689857,0.028618746427370702,0.0,0.06714714531343004,0.04373249931623319,0.015934840559806825,0.04502344618477511,0.04729332801579334,0.03885360031709526,0.059655917912230724,0.11662936311820458,0.029608356546863827,0.0,0.059440198460917824,0.02876697505361673,0.03938912096618371,0.0,0.05076874648129451,0.0,0.08682453253984929,0.007422757098449703,0.042937241112074497,0.07690856247112451,0.03215373190523672,0.0,0.0,0.0,0.007686115878850612,0.026222780542189295,0.13464602826250283,0.48004281327812365,0.20663729564476627,0.20493879340143653,0.0,0.2731229084636046,0.21098781952136014,0.10805200652589571,0.02712010407122191,0.11019729154741785
266,0.0,0.06785696187950604,0.05017664038356547,0.02374418710211352,0.019023695061619876,0.024768985157239,0.019419248787182163,0.030894960086986268,0.0,0.010931013192723302,0.0,0.0,0.01186253804461142,0.046513712942710866,0.009040777164085518,0.06345430661007202,0.0043348008126670055,0.06173418995045482,0.04415089103407568,0.027732858669230587,0.08886954712564826,0.054955043127237584,0.07531017079654471,0.02795379529292087,0.0,0.0,0.19420517229457954,0.0,0.052358744197234505,0.007920458751007674,0.016585434449573947,0.01088995000755891,0.34456891252412675,0.267178347951565,0.017152902184263064,0.04106934032865908,0.0,0.12823591174796908,0.0,0.038932631036294775,0.05871000722686188,0.0,0.03460590191097482,0.01984868386972042,0.03396997649568019,0.030081767229130203,0.0,0.0,0.0,0.1492470739893953,0.0,0.4036787938147654,0.027825817828667013,0.1919175656117851,0.031378168915861815,0.0,0.21811429098088275,0.02489122296489221,0.08770447764716324,0.1791367108468206
267,0.04513275039258295,0.04255455060772973,0.0,0.0240966155230216,0.04093114932664611,0.0,0.05781536251056825,0.029410208388145224,0.0,0.020486280439511857,0.0,0.0,0.0,0.0732736215319011,0.03454595565403281,0.04890992184719831,0.0,0.04976056567062163,0.08754315825014355,0.0,0.06140236713343292,0.014856551523292318,0.22816997864378255,0.0,0.015809786825499897,0.0,0.060958871619747966,0.0,0.02220242349727294,0.0,0.0,0.0,0.37807255854449523,0.10228123294815596,0.018407634151635696,0.07038032194555972,0.0,0.025805242016089212,0.0,0.12808226189827368,0.048211884125280796,0.0,0.04225126585429379,0.07401399234010256,0.013341203342715434,0.0,0.06366600129882116,0.0,0.024009160611026082,0.013789202076213196,0.09170495241258267,0.5853238335810231,0.09845396347925757,0.20789308982466348,0.0,0.015750355987685923,0.20316664842425142,0.18346827142089453,0.023670693267134148,0.0
268,0.026791194219934616,0.09967994456740245,0.015448472289409442,0.0,0.012719764594138563,0.0722972433473366,0.1315082313055643,0.07546105973672945,0.060943939261838796,0.05241088685212454,0.1296370374291894,0.15641401993647164,0.0374705595369474,0.08673419532333064,0.040961178232097085,0.03891431254056901,0.0,0.05503075268549728,0.3215481622350591,0.0,0.04207047886347629,0.0,0.0,0.05597446109548396,0.0,0.0,0.0,0.12903074321151822,0.0,0.05908701379779915,0.0,0.01649984340845975,0.004430565646678983,0.024432578763108028,0.21305180071983504,0.08940057349650068,0.015692932335382687,0.07685945537372545,0.0,0.14151349509809127,0.114852358646943,0.054637939317125454,0.0746750585809969,0.0688307142082028,0.03565991451728852,0.04266458780272756,0.013166342991388951,0.03952098589016575,0.022847972001132307,0.24063158031712473,0.016437502791222917,0.48432002294248633,0.03094441332734731,0.2143097871962907,0.12630251275182147,0.21306788681960417,0.0,0.11702802608070353,0.0,0.049342375661762666
269,0.06848534569368632,0.1627470741508272,0.05698991775025044,0.0,0.0,0.06317011650588258,0.1207330906987434,0.028923519638794117,0.047363521776338326,0.033517776720675,0.0,0.10269669619299816,0.1412370257759925,0.14687877346723963,0.027090553357365287,0.02095607135481374,0.0792563202999887,0.28003393737837606,0.0,0.0,0.03181228429484592,0.0,0.09474161588464876,0.0425955909787704,0.0,0.0,0.0,0.06429674018495976,0.02153650189855763,0.16693738916193304,0.0,0.1502557336335828,0.0,0.0,0.09767397309867817,0.04622906896441264,0.060110484719774517,0.10107782775778963,0.0,0.14726403358586096,0.07031007710329844,0.06879341541639128,0.011577468205318478,0.0,0.042123557235246266,0.05419579493338262,0.0,0.0,0.0,0.06731066846650346,0.05031034705685444,0.5684320927445969,0.0,0.22073490752121164,0.16519524454902143,0.014733507347867679,0.4300715357805796,0.0,0.0,0.07792970607057077
270,0.0,0.037623478266801014,0.03235014134578837,0.03387246617002977,0.0,0.025330927761587397,0.01854681478422737,0.02290691445315274,0.0,0.02028075928124435,0.05773485660058873,0.0,0.04821225598573445,0.0,0.056704838209602614,0.018398791344533615,0.0,0.054565148716347295,0.14301423806652178,0.0,0.0,0.0328132027017487,0.16334463819928657,0.06325427167629621,0.0,0.0,0.05706844462567507,0.13164331372136256,0.042998377668152586,0.04003418005509578,0.0,0.0,0.0208821929850627,0.0,0.02824783739931507,0.15209378449298497,0.10817972135482333,0.5929947539359611,0.1487411060401011,0.11776005522636206,0.002256935733528116,0.08211625140060226,0.0,0.07829962888174506,0.06062233092885723,0.0,0.009414952593775458,0.0,0.0,0.06396432247083159,0.0,0.5728675866716152,0.03591070603464384,0.17142158591731216,0.0,0.017825534879395463,0.13163986698016802,0.020179093579180064,0.0,0.1730603525938448
271,0.04281139436477728,0.0,0.12168214676356731,0.0,0.011719496778594874,0.005327037563295949,0.025238996407855634,0.0,0.03476961154855569,0.031958839352937064,0.00620074481836933,0.01463743451448894,0.0036815923244989924,0.0,0.04604969480466718,0.042899907068884316,0.0,0.06307857573249928,0.0941074152399088,0.028139114282832306,0.070137598340121,0.04826759895971198,0.014370658546004136,0.03850633999615028,0.0,0.02432718256768716,0.0,0.05911328735385596,0.0,0.050694091129935476,0.003385496705331956,0.0,0.0,0.0,0.027292634086145733,0.1597987941131879,0.10075288291091235,0.09579561761292149,0.0627339814570777,0.0,0.02697332252139823,0.0241989128891261,0.0,0.11648548107411127,0.03454739631571166,0.0,0.021385433369515865,0.0,0.027484923884093956,0.12025230912907324,0.03914681529017397,0.3584101677784489,0.02546621247624639,0.33741069205115437,0.0,0.21307515721061765,0.1780657511347974,0.16413493389862022,0.04893503056696698,0.0215655331176569
272,0.02145533730167152,0.030619007286609046,0.0,0.050677001731563955,0.012585683857507197,0.03717464437201107,0.010756954528842576,0.03711406960008036,0.006682691024743772,0.021061836737820295,0.0,0.01116100911963005,0.0,0.032021231089750524,0.0,0.08275609201081136,0.0,0.08136108239899331,0.032273044617323034,0.05645848678471124,0.013633121633976921,0.005590826673855607,0.06042703559053449,0.07980818627490306,0.1264491204564572,0.0,0.09413125903568101,0.01809995145156526,0.0257587166171083,0.016772360615545125,0.014235147081868403,0.08557182440182455,0.05457381000595061,0.11373378986531739,0.0030562200670654982,0.032210532664142935,0.013607599201735123,0.34464508223764817,0.021237156474592265,0.005215612939776042,0.047059111263109674,0.04910814963904481,0.03315562802219877,0.0,0.0015509390281388713,0.004315232307578529,0.0,0.0,0.0,0.21221648451919578,0.05229059229098236,0.6095953107266598,0.0,0.06666657626732853,0.04927251901525628,0.019978132601118418,0.13822833898454032,0.0,0.2843363277752589,0.0981598614980315
273,0.010053314723633813,0.028015935852401207,0.021954205240060823,0.10738378893595348,0.0,0.0,0.02624061156117532,0.025235304389218182,0.027468741874101903,0.04263247297701911,0.0,0.0,0.06685079087998172,0.06911774123437553,0.1563630399137895,0.0,0.03628626764776005,0.0,0.04788366364741706,0.11152325638469252,0.01515546416154194,0.03218897753508899,0.03973260879596894,0.07721137105455356,0.04333467145101437,0.07668407073164726,0.003446884091910629,0.0,0.04755937014615264,0.0,0.0,0.0,0.08363235821272719,0.05213648069369296,0.13247768477095834,0.0548846459100664,0.19267190134710635,0.037586813931269,0.1942137066496645,0.03829490056757805,0.0,0.06411414185574454,0.10083354930304492,0.060586545510145744,0.0,0.10825341881622151,0.0,0.0,0.0,0.0814406382006744,0.0,0.22811171631041202,0.04996697447902926,0.49531678374188426,0.23307423217534365,0.0,0.245082419000625,0.15592282554218864,0.06961011824084284,0.05619863386071443
274,0.08519375769724032,0.038576699031651104,0.05736561925126694,0.02852350856146784,0.06410132839771379,0.0,0.04899324310692665,0.043904059279743675,0.08525711803994776,0.0,0.04840827091096676,0.04132694605576165,0.01981440262043796,0.0,0.11958083117930693,0.013223117963042924,0.0,0.01082610841593088,0.4076565887543482,0.0,0.03009044075821565,0.0,0.0,0.18613558450218684,0.0382379486976016,0.0,0.0,0.0,0.0,0.0,0.0,0.0,0.0,0.20923426273974338,0.2934891484741568,0.0789094930799198,0.12705316405414202,0.10872971498037642,0.0,0.03948009682165577,3.89365261829866e-06,0.04698552981293076,0.08919432206356331,0.07130915136343972,0.1103054352880715,0.0,0.0,0.0,0.0,0.010991378599752832,0.06335689622773859,0.30542119249355093,0.0,0.4132051006924411,0.0,0.04794058121189048,0.27023960588162016,0.06209924295602816,0.04976407302158775,0.03390097728317224
275,0.007329458124777644,0.025085888067959024,0.038221528810338724,0.0,0.0,0.0,0.08907546922190684,0.042648392295444676,0.03141932280876335,0.07897586736253263,0.0,0.1702065734728354,0.05780428229380215,0.08768108819881787,0.022758615488258242,0.0329940698906301,0.04050441201284743,0.09580902045339736,0.0,0.011916934293847388,0.0514061562688448,0.0,0.23234456889915628,0.16360274414668372,0.06688102467138352,0.0,0.0,0.05916423909967634,0.0,0.08964749518019531,0.0,0.020742405222672046,0.008638204642507667,0.1710944317942597,0.0,0.05260453614470272,0.09252539519631076,0.0545740399848682,0.0,0.18568905057620796,0.05287935245073859,0.07581134907139499,0.2902418678894958,0.052180625704385065,0.08213585158538589,0.0048226105429599484,0.0,0.0,0.0,0.04452351134552567,0.0,0.20482074423690397,0.0,0.34383702550398504,0.12013721880674665,0.009477849524903428,0.19600920639811978,0.15845935341210524,0.0,0.08432781166284035
276,0.007354713839202769,0.10515509298814507,0.07094343149236038,0.041393825909023796,0.11309025792794213,0.0,0.03759522955667371,0.05631217033143193,0.03535607708623246,0.0,0.008132694424970272,0.011022423611769305,0.006871522697153862,0.0,0.014211571768174202,0.04258260334049581,0.0,0.023738104645045693,0.06252574149250732,0.0371878872341238,0.05521333984638909,0.059000875356437284,0.05615921194485878,0.0,0.03526204962574276,0.04626666688839844,0.0,0.05691776275965154,0.1436442610450931,0.0,0.0066395967918545075,0.032155943297768635,0.033339702953207116,0.03263867703034864,0.08572495781762526,0.05824348811259985,0.07412994313112702,0.2643461417494025,0.02807822648990621,0.03223325782892788,0.0,0.03357576667819979,0.0,0.08889817767961607,0.0,0.118898336918174,0.0,0.0,0.0,0.05569090566760168,0.05283213879244813,0.3026587280138854,0.04508225145081239,0.37770805085177495,0.03475173825029461,0.0853717148160373,0.06638019816465995,0.16421123494520642,0.17121923151234358,0.04364537064473121
277,0.20525151912748626,0.0,0.0,0.0,0.0,0.03556193820389313,0.0366939053414747,0.01237924596851074,0.04660154868790506,0.012222886228720746,0.011388408907005867,0.0,0.021008991788145557,0.0,0.1010493325144299,0.01628217052555123,0.0,0.07671314082321651,0.04059057643252723,0.04235252295515947,0.0,0.06563457303593709,0.0,0.05991673622790491,0.0,0.004559787029627886,0.0,0.009898397490370915,0.0,0.0,0.1893684398979547,0.0,0.05365547327326926,0.12627917298984312,0.05237161136691348,0.03339812137215371,0.06745640128785693,0.03035476643861366,0.0,0.0,0.07400047868620924,0.0,0.0,0.20246599055012915,0.0,0.0,0.022312982276508866,0.0,0.016909289230952675,0.14432680712560483,0.0,0.29504331523473726,0.06072046288719946,0.25462551981572074,0.0,0.04383602370170198,0.16739305556531012,0.1200564862353362,0.0,0.2940352357534971
278,0.0283191295247917,0.052272894787753675,0.054762082760250415,0.0,0.015045002765145372,0.08735524456017525,0.054104210908529266,0.046022062175578284,0.033838331147198406,0.021057113485331857,0.010663261363948134,0.03434534859840477,0.07475319285768038,0.0,0.0,0.06602247259794779,0.0,0.06101239596168847,0.10375026544908261,0.1053704000111427,0.0,0.010111553564301282,0.03224147993030098,0.029381376894211976,0.04737704639957629,0.0,0.1403303090643424,0.005479196304900889,0.03224423245370912,0.0480342191007469,0.0,0.24381061207761784,0.3652361166059129,0.05949623692349781,0.03731358181945071,0.0,0.09069187448844279,0.18052433133582343,0.06882427164101766,0.07367298202693184,0.03210654621115157,0.0,0.0,0.10161851078730917,0.010999438811681656,0.03451461377597389,0.0032512148924749005,0.32196012826403064,0.07852405336088814,0.0,0.0338562338304144,0.03236553564161891,0.017591208601833306,0.04877372722750615,0.028813765185278152,0.0,0.2473129418199483,0.0,0.17965302684802656,0.17564615716341536
279,0.0,0.010937570090634537,0.0,0.04706436129534901,0.09929602916690734,0.0,0.04036574027021688,0.05091617578087188,0.1365159106308415,0.0555142862522682,0.023298063894509488,0.0,0.01139454985269451,0.05300033669246591,0.06887602273503268,0.0,0.035395209604184984,0.0727547277647955,0.14949432435283067,0.09538905649780291,0.0,0.0,0.0798610319773592,0.03857454313696252,0.09816228101562371,0.0,0.021229354605818204,0.0,0.12383318238162615,0.08815728671998824,0.0,0.040341769294045864,0.05570500672553367,0.12401268348153346,0.15293501604821838,0.025417424811149843,0.2602096651871774,0.16243134215059146,0.11552994299435904,0.17138383055896975,0.0,0.03026503834503711,0.0,0.0,0.14839953844836465,0.047999818510694965,0.053814035594527715,0.0,0.0,0.0,0.06452941624835758,0.17077206603475864,0.05338615235840647,0.3516957390878149,0.10306523118509581,0.0,0.019340567228171058,0.23724590385422634,0.0894163349712751,0.0
280,0.015132799441187368,0.0,0.05536652160558187,0.0,0.04377419093421768,0.0448467932556773,0.058732431164015095,0.016786592581167558,0.012512030178209526,0.061288549729184065,0.0,0.027347175795007148,0.01563671021024036,0.0,0.15425599332109652,0.013986362440362951,0.12823426762337176,0.0,0.3907641489620906,0.04222156888535002,0.0,0.14395934675506072,0.0,0.053013968566378,0.027202963139002955,0.0,0.06052059375410712,0.028593108345412968,0.0,0.0,0.0,0.07089692385539673,0.018243708387285694,0.14620816366594303,0.04011112328506468,0.0873001353161755,0.28822944745685236,0.0330154464438987,0.0,0.04248019689806824,0.008064490971508409,0.054525603067060634,0.057025577248853675,0.04209489962605813,0.0,0.013198347523334479,0.0,0.0,0.0,0.05510023950338401,0.027343070336184123,0.29060681147578915,0.10493980257987026,0.324019779812345,0.0,0.012785350377716798,0.2850015884779048,0.1711458060354268,0.04117533250633905,0.02515925693151485
281,0.032865812617586976,0.0955055448206886,0.0,0.03841470547005357,0.0,0.03492001162884615,0.22817084368739096,0.03462324336120561,0.17316585344475321,0.0,0.0,0.08068109639618638,0.02684269810117739,0.1472610305444183,0.05537713747499544,0.04872299839296282,0.010328106846338931,0.027224435255711225,0.0598889928844629,0.010499777931998917,0.007261006337243149,0.0,0.0,0.10876516366932927,0.07802493428607514,0.0,0.0,0.0,0.023680615362929567,0.17833963022061472,0.028019563351631773,0.18413423816068603,0.13778992687606834,0.025684720979358266,0.0,0.12637283481955636,0.1739486662076846,0.11826028430977831,0.0,0.1578496613382419,0.0,0.12440201044111354,0.07453770803740391,0.032022713195430486,0.07626379390238078,0.001701315402696549,0.0,0.0,0.0,0.06378016780693786,0.055516945162182904,0.26964713958393227,0.0,0.26697327875307303,0.0620090019645729,0.02544765920213341,0.09681970660406704,0.10776969982718076,0.05388974586388907,0.06589682103354201
282,0.10223226935336192,0.031920867929825604,0.03396022812573043,0.030287414722695888,0.03112539256871914,0.035375549586740905,0.05980112297113769,0.0650276051331872,0.05293258624668315,0.0,0.08914805199020953,0.0,0.035265279662248634,0.07943010554277957,0.0,0.01993298198524489,0.0668523847740241,0.05130610601086536,0.24947076332960297,0.006007596631618022,0.00265392837178965,0.11921178803333304,0.0493288646601173,0.08308526242494524,0.097280377280447,0.06634908489714052,0.0,0.02001367488363196,0.10476184720436484,0.0,0.017446797780976252,0.06555710582591705,0.09159765182915187,0.03598215531555051,0.0740459105233386,0.0,0.22033345297754411,0.016615649495516433,0.12086577272506129,0.0,0.0,0.0,0.0,0.0,0.06452226664526835,0.0,0.026998828066465978,0.0015661703428511275,0.0,0.010871944584535508,0.07583923038836103,0.17776735934967713,0.0034209172870318526,0.20069994863866014,0.1892104651639692,0.06407316892170958,0.302545112749423,0.13665185055803453,0.23660968527741477,0.18143082747419392
283,0.09705488043474325,0.0,0.0,0.0068684995707268826,0.02868071820817507,0.015787747730869404,0.010344977253569608,0.019261449429139127,0.023786928591411554,0.011631899996031673,0.0,0.033663536722077975,0.0,0.0,0.0445816032147764,0.11464668184523484,0.0,0.0,0.09012192576748007,0.07463678975452952,0.009274758103118367,0.0,0.05590010682254434,0.0877682067068871,0.0443515071458016,0.050344867005123535,0.06808861066721777,0.04868841860984938,0.001112254420668708,0.0,0.06521634368295179,0.04166886107816466,0.04824285333471889,0.059807244010606546,0.0024365380423031933,0.07519914323154828,0.12412841310965948,0.08406065695109816,0.0732566507279069,0.0,0.0,0.03130923047152237,0.0,0.2855360412723,0.029777853425553474,0.00426948037714623,0.0,0.0,0.031044505610385745,0.012331030288005156,0.0,0.279732613787811,0.009344600743608234,0.19346318810391747,0.0,0.3312768751702649,0.17057651615640274,0.0984318447315308,0.0755754735519289,0.09987313422154777
284,0.04139078332260601,0.0,0.07473120019442347,0.044069849572977694,0.05521832642282183,0.05577893968867634,0.011125744393296081,0.0660403389575723,0.0,0.016382425816262494,0.1583465948217215,0.021916996225050195,0.04305036529191639,0.036239738648908705,0.0,0.08321457624145998,0.0,0.03541511733144335,0.11793707527643903,0.08475034075543869,0.0,0.03456678040776138,0.03523746992105825,0.03460072051567144,0.37452797255359127,0.037292668125507446,0.06357827992652573,0.0055624670285912845,0.07265735006629916,0.05692046786693515,0.07414800729216213,0.09196295394231749,0.031994993246241166,0.03065014598904597,0.03342367178997944,0.06419920552834238,0.24704542583925776,0.10497017153412086,0.18965316386411302,0.0032184778016773707,0.041307041420970914,0.0,0.0,0.0,0.0,0.03089751081914677,0.0392857665401502,0.03245150584321925,0.03056132379002686,0.0,0.05808776051467127,0.337782537418408,0.006818927780770927,0.04799481006048964,0.0,0.09603284264100184,0.16900898788928212,0.0,0.03253027868930394,0.11824073760011612
285,0.14079125259690875,0.08673117365024996,0.032056873491335514,0.05417489701988348,0.0,0.019396822689859733,0.0,0.04690845186700558,0.0,0.0,0.03907213154075244,0.0,0.011688598572220977,0.04992634256598419,0.01847018976919708,0.02544756875527278,0.028638993382009183,0.052811645051296104,0.09417307133853547,0.032950998171017126,0.0,0.10972924017934371,0.0,0.0,0.0,0.021986664344775874,0.0,0.0,0.06952385205447326,0.0,0.06681631384166659,0.16203475690558133,0.06397474603190845,0.4541950100337627,0.0,0.07116812206582986,0.09871512308563295,0.031372401878612954,0.012299618073065694,0.06247545033146491,0.0,0.0,0.01606316418608287,0.0,0.02128540107750338,0.030821795912318116,0.0,0.026235222442838105,0.0,0.0,0.06464588068216075,0.5432050781579808,0.18126600441352014,0.15890092684479648,0.07401552874809741,0.02280130495180556,0.059489576230487964,0.016805981786569155,0.13920335082508672,0.0
286,0.045912688475313386,0.023457939909063898,0.04142293900793033,0.09471922539152802,0.0,0.02114141101949461,0.02939444057964526,0.0069734124293217995,0.03823666832008178,0.01015747149258257,0.0,0.0,0.012025570015092057,0.017940738893906696,0.04102430229249971,0.0177174096363621,0.017888397486376623,0.0,0.2656419352290255,0.0,0.027866657329665173,0.0,0.0,0.024642245418294663,0.09275686512171837,0.0,0.0,0.021488335416196033,0.0026720001442733544,0.0,0.0,0.08951122300438873,0.23912737713423038,0.03252402054740214,0.08126121109363243,0.0,0.07082824826768731,0.04075185677237761,0.0,0.09213948138694214,0.015360237866309724,0.06278152890422564,0.0,0.0016953173629834129,0.0,0.025191010267959023,0.11664478787642359,0.0,0.0,0.06282346925555717,0.05544467920487409,0.5947699053445326,0.08835517294799917,0.24394655157288725,0.01739750542728586,0.058036856907585206,0.16342095190279848,0.057570865630575445,0.10681070647114442,0.09349245612564307
287,0.04998019808931944,0.03645337980336507,0.03462048311328095,0.026580502818168247,0.0,0.015494996009030433,0.0,0.059049260549175114,0.03668431302686434,0.007007594542454004,0.0,0.037460009353756096,0.08267498379736896,0.08032149724474114,0.08507163782515371,0.01293279557625683,0.023610875348296395,0.034081052403581745,0.03873201361963448,0.0,0.013781180243498064,0.0,0.040233249263391356,0.018763675944315668,0.016820761454972168,0.0,0.0,0.0,0.053345953472139156,0.0010142629883089622,0.0239228954072646,0.09917001653482006,0.03392590454422137,0.013514674497605472,0.017549678985988505,0.05624142710863297,0.5106914320123129,0.06161741670632839,0.03141260722644123,0.12317462717330262,0.015237539589735963,0.028898076068698573,0.10271337951649782,0.007841540469429911,0.046946050548751346,0.02053726393934666,0.0,0.0009909429852951047,0.0,0.006339873588824461,0.04358128795178866,0.638052880076704,0.07395793436082446,0.027596979597832087,0.09385648934335505,0.0026583594600590476,0.13476067917827902,0.10046071629046503,0.11103115662293533,0.030389545034012557
288,0.017636332739169695,0.0859134194632693,0.05189526331776198,0.03605288317381479,0.02875971646470063,0.031019898933514974,0.037193039409448556,0.06917396866849682,0.0,0.011716046264249757,0.02522423953852215,0.05950152471956793,0.006028762277139499,0.0,0.0,0.02582770786935749,0.055714253073556215,0.051750783486119396,0.026548923609275875,0.0663688642358563,0.03926896290037618,0.07994056992113543,0.03171756247433143,0.023949332882714475,0.043949970075036184,0.0,0.0,0.022670024968987793,0.09654978981211243,0.10976311710497523,0.04267489132817963,0.10825984624309153,0.11574682010320375,0.005863606385334364,0.07152712844544473,0.0,0.21058802135299032,0.01009297760185782,0.0,0.04657176136657492,0.0,0.0,0.0,0.010191010027604532,0.0,0.03944804579553916,0.0,0.0027157303566366343,0.0,0.007279974499210953,0.09046800585877644,0.04134599508483257,0.015476171351093769,0.38794880887084593,0.05196065917802687,0.029880287491098532,0.38010956838385496,0.18253519455024356,0.3577489786846787,0.0
289,0.20183581828434033,0.030077339854033866,0.020104582505304048,0.003960859289119609,0.06674958172901552,0.022845549956102745,0.02393844570168654,0.011969551050567068,0.059017091923863736,0.0,0.0,0.0,0.0,0.0,0.051925279832255554,0.005369017352393082,0.02829411809508797,0.029566726364411874,0.04797492771963548,0.02359885918755024,0.0,0.00740714387604557,0.02838291428645678,0.012753830021428407,0.05623652384772427,0.030292373567054623,0.09096201719747579,0.0034811886255287196,0.052061182290208056,0.0,0.13312795702051278,0.09781723881752147,0.02236228669544834,0.02084161315813458,0.011781510960119573,0.33235110259446976,0.2646031276711764,0.06406261285598086,0.05846578735649089,0.022794884772067692,0.0012250678095282463,0.0574690365546267,0.0,0.10819438106389587,0.008065468872434478,0.0,0.015037887827435531,0.01790680996081022,0.0,0.0,0.07464965224569857,0.10367168523122526,0.07969973649301004,0.4834019061630177,0.08067797411449122,0.037699950437166556,0.05832832107781181,0.16000141783196842,0.03540645515701879,0.0
290,0.042925314490623895,0.0,0.06835961686051255,0.028959041194518306,0.02653660857456315,0.013728552110737358,0.020697645628247715,0.029574938276487547,0.0,0.012220114785174969,0.14458871530431014,0.03366731459997466,0.003323829372027518,0.026829168757412352,0.07070352781144423,0.135050981834878,0.05195954305506913,0.046338299632803066,0.09960733337483943,0.021563088183810045,0.02128223784098915,0.0,0.07934555944963854,0.021293612806046816,0.019720747582338723,0.05486738791759704,0.0,0.023890508440369284,0.010523749005670444,0.0,0.03489671544627224,0.18024475504261042,0.11379626511214294,0.04758863978483614,0.011008705512702837,0.0,0.10202083157242695,0.04533921620348592,0.06127968740807768,0.03911501447214393,0.07705777153586149,0.005904782745275336,0.0,0.0,0.03898014896901748,0.04715832998088362,0.0,0.06437369130608056,0.034708747796974186,0.04567382017556491,0.05372121647702013,0.05895642586754877,0.09094053983627898,0.3412990836101287,0.0,0.11706976242073126,0.1785270610933761,0.1230385959954001,0.5237642644713344,0.19241033418906378
291,0.04634591393834921,0.0,0.0,0.027893265061283094,0.08389126780604317,0.06785795113535027,0.0,0.020529538856232956,0.019576643458412833,0.02040151829436801,0.07965555316966165,0.0,0.0,0.02505209685487822,0.0,0.018088946094691447,0.0,0.10378190758272486,0.01682837576428185,0.1277165363758444,0.008140616772920408,0.10599886810789443,0.0,0.030836298085920887,0.06742935957715067,0.0,0.027403038167684746,0.0,0.13467273166465923,0.0,0.007291361900155606,0.1643397575458515,0.05789276057079182,0.06202540462528454,0.0,0.02369099040008993,0.04014586393407923,0.09102653046290582,0.10539872289271372,0.11922954799491224,0.0,0.06575450274034751,0.023897588559238573,0.0,0.03811789833554175,0.003830151606749383,0.022548779980936958,0.021831986669318994,0.010029942810536636,0.0,0.11304457791188346,0.8045272120485909,0.05184852067555786,0.2831616958415139,0.07245834866565776,0.0,0.02912108319258915,0.06311205352829516,0.12761521619418414,0.11001461619482897
292,0.0875755172111506,0.0,0.034805801092322584,0.05740547348889916,0.0,0.0,0.0,0.017779490129494643,0.028566713489584554,0.0,0.0,0.0,0.018512915302027238,0.0,0.019491743192056883,0.051926678778714035,0.03401281969514878,0.03537186853782409,0.034679432369809596,0.0,0.010670468160357079,0.026451595983811818,0.0,0.11036842792103328,0.0684369153483782,0.0,0.0,0.0,0.10150479194274871,0.022128299528666427,0.08541221451033833,0.0,0.02152601435162401,0.0,0.0,0.1101976494746598,0.2853840459461647,0.13902069801092837,0.0678548533816456,0.04922476465133632,0.0,0.0,0.0,0.07052347432384652,0.009830407418553035,0.045379023641452874,0.0,0.0,0.0,0.030764836646570818,0.0775010494242992,0.7612540588834444,0.007872428926400266,0.47070015249908265,0.04270546718661926,0.019681101086175188,0.0,0.06255559849318965,0.05789329867366448,0.0841489628273935
293,0.03653176566110428,0.05869917913716627,0.08352672268797438,0.0,0.007891056808418152,0.04120284596260557,0.05781333732050916,0.025392868218684757,0.08003240235767727,0.006501553935855945,0.07324001991398667,0.06491735146258777,0.0,0.03134668604884878,0.0013999816123587826,0.015058257383084242,0.013841731577871164,0.062419750696167585,0.0,0.004765804792399444,0.051243073743072486,0.0,0.0,0.036905653357786734,0.011062761022399937,0.0,0.0,0.00803936288608279,0.0,0.0,0.043272602522597896,0.005191703088229431,0.0,0.058341922920882146,0.07625198302414588,0.030313226902614523,0.3177836628227221,0.14601651202118238,0.082471910459706,0.20326561928118328,0.10175938787642258,0.04692282952425508,0.027814040569838046,0.05620897568683845,0.047112534133226476,0.0,0.0,0.0,0.0,0.0,0.013761269747970779,0.6616263517990079,0.054085470782552464,0.14606438140071737,0.2740697598054175,0.010776308977170199,0.13867008383749405,0.005286336960003648,0.0,0.0019205339051120726
294,0.0232479585325602,0.13173762895448327,0.030406769188544375,0.0,0.07720736165370276,0.019800948785015232,0.08790495858713403,0.02369251843913129,0.031194730375044853,0.03862496033700608,0.0,0.0931038318261973,0.00788934515546869,0.06638733717244993,0.02895187739953539,0.013922999228558736,0.0,0.0908968896612546,0.07110590406020652,0.02329130913310874,0.07039801563439609,0.0,0.10716523226148957,0.033872589257990644,0.1766120098238992,0.005963661407824481,0.0,0.03317638165602275,0.0,0.0,0.0,0.05121238696244694,0.0,0.0,0.030188190808236905,0.016681326780260994,0.05896599756238188,0.12694326000529593,0.0,0.12368669370621856,0.0,0.003315927557182919,0.0315728864649928,0.02547640930000072,0.019216270950575372,0.0,0.0,0.0,0.0,0.0062923855110736775,0.2354200862882227,0.5197358896751698,0.05694724842719601,0.29187517516068673,0.0750804509656354,0.0533887934054507,0.3901677336827838,0.0,0.0,0.10852074317589039
295,0.023595827008425087,0.04938630268385246,0.0,0.01045070380368465,0.0,0.05778963467425906,0.042590195109883836,0.0,0.01463679972434216,0.01437283686208392,0.06439895014330642,0.0,0.0,0.04820730227895535,0.07809871101464155,0.07078042504039776,0.0,0.0,0.11971362632256913,0.08785186152551788,0.0,0.10208908499767169,0.0,0.038535929441393654,0.0,0.01683645619627956,0.02430731860234646,0.0,0.032232626454130164,0.0,0.1349233663651148,0.04759454499446191,0.019745724680579134,0.010134925307125302,0.09093430719534609,0.027122952900030823,0.07535426461616414,0.1036544614375457,0.07879757912253735,0.007759660219230567,0.01524485013301669,0.022158969263194217,0.0,0.0,0.06827271068201454,0.0,0.02385699854341032,0.09577474335941684,0.030319940047911418,0.0,0.0,0.49296157638608373,0.08909087156118976,0.21943264057662204,0.0,0.0,0.18208957727741448,0.7462244312927706,0.0,0.11350501585166226
296,0.0,0.0,0.06780950840505559,0.0,0.06977870564725652,0.028060454264543663,0.005605148172564265,0.0,0.015614796653955466,0.0,0.14692474083384144,0.023649743524228273,0.0,0.046209711588726395,0.024294430924518568,0.0280730704893603,0.0,0.07749515201146033,0.060711609787355805,0.06274225140306261,0.08465355259006696,0.0028042776782093216,0.0,0.0,0.0,0.001980768425453375,0.002356809760858949,0.0,0.06016367256797553,0.0005859284751041624,0.0447664293751131,0.4393138499262861,0.023721960613803765,0.019122282066520665,0.0006649454998039839,0.029378689013445296,0.07453622347142065,0.10750352594104574,0.021036162006064826,0.04713232311051778,0.0,0.0,0.055242490277312546,0.07201927625186862,0.013774765361141784,0.0,0.0323577598557434,0.008420380471782283,0.008352240130630828,0.027114482123507196,0.008848290136638104,0.3812019016460587,0.25455253072899464,0.32179747912192097,0.0,0.02561548340411311,0.21891641922636587,0.09382992352220328,0.2562900598361744,0.03159602915245334
297,0.05349984775491281,0.0,0.05194298789592956,0.046763331892226104,0.10346249630980159,0.029370331109210467,0.029850350919459014,0.041373242029433516,0.027054183174199223,0.0,0.008968668799484294,0.036338781932034006,0.0,0.03430168929955891,0.0,0.04646815089465993,0.0,0.0667291731059758,0.011401422146802363,0.035707009701152835,0.021934557387823996,0.0,0.0,0.03715332805141925,0.0,0.0,0.03406879779758354,0.0013112970856309137,0.042551923776468985,0.09166804361305152,0.09121360532050322,0.06791914038963828,0.1555434748853538,0.5540497976719347,0.06316964387037609,0.09725178217475884,0.06381310438161907,0.1031667164106143,0.02685957953087136,0.08570752226093203,0.0,0.0,0.02751796829620788,0.0,0.0,0.0,0.0,0.038689583580971416,0.013737905369382509,0.032867985884766276,0.038647293008537274,0.47969175372766865,0.10277032387427595,0.11726640845976614,0.0,0.0,0.1876584347985323,0.151993451195912,0.033128109839350765,0.10916658351447699
298,0.14813672362620536,0.0,0.05632442576192846,0.016151341214926725,0.011492937904242525,0.0,0.018268026563605967,0.03382883183279945,0.0,0.0,0.030638717027408457,0.0,0.017101878176940578,0.0,0.033577302313251824,0.04090279597021453,0.030987556198126428,0.0,0.11677984123467926,0.017229727473961235,0.0,0.0,0.08048117160254599,0.020601282481259472,0.057787916595158445,0.0,0.0,0.15753375483180235,0.017268764699355583,0.0,0.012034153253688694,0.062419440183777895,0.17352807179094157,0.5756222852238084,0.044634284142310604,0.07567272881516951,0.0,0.10751455885639252,0.08827852494930837,0.16236188474050872,0.030322968269661087,0.0,0.0,0.016398166411460458,0.0,0.0,0.028017462912368604,0.015489876197261663,0.0,0.002917841982119831,0.09480724984621956,0.05880837078742273,0.04788612782055524,0.45699179197032824,0.0,0.014767469467661574,0.16658725552345455,0.11756793193040715,0.059956126926571346,0.10306268804541996
299,0.12546705942955674,0.0,0.04033869088836445,0.0,0.055655395813507626,0.0,0.03893995678509457,0.02903940555536578,0.04041143457550816,0.03966291541623715,0.04343340190820062,0.05623916232912518,0.040668331267307505,0.020483336067795052,0.03694804897367593,0.0,0.04731603367292066,0.06902676066276282,0.27859884393599466,0.0,0.0,0.0,0.0,0.0793897075116332,0.08963039710537128,0.0,0.0,0.010621830311688698,0.0,0.0716644720175213,0.0,0.10683747279632631,0.0,0.12104355048833866,0.007535190071498668,0.10516993104933726,0.4322158026627349,0.041773293423564874,0.0,0.12683069887316242,0.06641532244221293,0.03710022469225795,0.09085935813514587,0.045177833397911496,0.07575780795130425,0.0,0.0,0.0,0.02754144007660754,0.06067780269189513,0.0,0.416771428581948,0.0,0.23252615826516176,0.0,0.007863082679607942,0.37977928593757204,0.0623961142673883,0.05556897264068863,0.18952561673554041
300,0.09450554837853616,0.1352076549835871,0.06471840041489109,0.03725521027415207,0.016297815067558483,0.0,0.17947705594962585,0.0,0.04987270777875411,0.03247376826715375,0.020421423266031392,0.16650790661843973,0.0,0.11334279984059131,0.07420514588839776,0.018271108005957885,0.13057259288521683,0.1206590279380803,0.0,0.0031849699901057927,0.009225054266259093,0.0,0.18379384852677869,0.10836561717294138,0.10550832608354162,0.029761798067091227,0.0,0.012035497718881332,0.0,0.0,0.0,0.0,0.0,0.0,0.12256010820093119,0.0,0.017325882268427555,0.08761115079045975,0.0,0.19182585470256477,0.0,0.0,0.1599934550103402,0.0,0.010731911410287238,0.0522801276615387,0.0,0.0,0.0,0.04016084849781702,0.09689034569069176,0.4386719830729636,0.026691549862264328,0.3127681490581595,0.09856358220164647,0.05668164789930538,0.20854995886682748,0.10092253798765133,0.0,0.14498345951834407
301,0.0,0.038586172850431574,0.013559469555890451,0.0,0.0,0.04121965146705883,0.0,0.014144671494235449,0.0,0.028992299581450744,0.2174085969094904,0.02811513730786747,0.05921168712278534,0.0,0.20199130840226437,0.04297925509007764,0.0,0.06071777835722028,0.02924855363732319,0.0,0.0,0.049034558545109116,0.05385239260670663,0.0,0.0,0.11197330658569672,0.04804456232032631,0.011690172487925672,0.0,0.0,0.14056832007718123,0.06161461544448886,0.01890756369367494,0.017092913716239923,0.2324314693863489,0.34608201253716414,0.022737035106019567,0.11734699066326165,0.020145601326882655,0.16374729603221,0.050080058474565946,0.016465829391320935,0.0,0.027363278088728786,0.0,0.0,0.031638054900242955,0.014622375643342712,0.08508184315549558,0.039895174043627295,0.0,0.16817838368070462,0.21553904327267792,0.381798102660864,0.0,0.0,0.19848312857303824,0.17877569642742117,0.08741422062339281,0.27239257884839563
302,0.08999888152418724,0.010271530790290329,0.04353869475487209,0.00923171412864105,0.09444748008381598,0.021284394760197806,0.0,0.0,0.03968116556328913,0.0,0.008127809465387858,0.0,0.0333715782384341,0.021613546808166517,0.015290076853327523,0.02425465093967898,0.03869368177107023,0.020876701837537984,0.1144745430386439,0.0,0.16993465301735242,0.019166449758295113,0.021240116216830206,0.017329084997103426,0.036805708665641396,0.0143692663341129,0.015284743729471213,0.0,0.0,0.0,0.03996859107538274,0.19259199454971193,0.05393092599229246,0.16512000599352342,0.07179070922583841,0.007112650486053399,0.027089643515148445,0.02135392604950764,0.0,0.001274309346690683,0.09569458698966732,0.01906418533879937,0.0,0.10694794609742467,0.0,0.004520913103938919,0.06783422931202412,0.0,0.06307668746918861,0.10889409280882288,0.05369989471803055,0.047322631810630574,0.11979276176630795,0.4103113002950121,0.0,0.02116252043354012,0.20559476226733547,0.19614960444931198,0.10788205418201996,0.18468974288474763
303,0.0284982237105948,0.07343773137135966,0.06827227981809772,0.0,0.07680755698718737,0.0,0.0,0.0507354591252348,0.0,0.0,0.08745202982302494,0.0377401550632396,0.0,0.046853560422931755,0.06528531020024694,0.07037930592104971,0.01641260370075714,0.0,0.14996881436439036,0.0,0.04793548642959861,0.11942392339076954,0.0,0.018026673861201763,0.0,0.0,0.02897650618838995,0.0,0.020354912625218633,0.0,0.02451611031945679,0.03725291183236727,0.07046840680622474,0.5313941933755673,0.36607082593163864,0.05895551022107941,0.02518320370735497,0.03103855041181233,0.08496530431016987,0.02299040307707754,0.0,0.039203892772315285,0.004953713230199841,0.035979334230554515,0.026252319266689524,0.02909286363211138,0.040897147016574396,0.0001633299320830739,0.01259791659941568,0.1614358327703614,0.06072824465452263,0.060587337477415126,0.09584322557693276,0.02519720478691824,0.01457151105695797,0.05517464826259194,0.19076691370511523,0.06672545593044217,0.07186043232532023,0.28694919105269223
304,0.027326912028324938,0.03801957513572605,0.057798345522981714,0.05348655771670913,0.05726709685596759,0.06394254821834905,0.011869417025627174,0.0,0.013341344345091254,0.015665000975144557,0.022839702510361607,0.04746367097429845,0.0,0.05148774224643573,0.09749040950805461,0.06343197098797304,0.0,0.03611715803174061,0.07715743119894805,0.0,0.0,0.03643198193562774,0.16737770257790305,0.0,0.0,0.006527195555026547,0.07187863980842207,0.0,0.10776698396306564,0.0,0.0,0.0,0.20890429609632413,0.13887364220384044,0.2438028349107855,0.1457261675252395,0.011008857647007445,0.1362283139929534,0.0,0.09436684262954843,0.027903966381198523,0.0,0.0,0.03527139758995545,0.0,0.07211203825465894,0.08852490383667833,0.011271286246911877,0.028509521821791034,0.03941026001785144,0.15750877578125905,0.10507995448970302,0.016801769474022822,0.21884645095730423,0.05727822867095602,0.0,0.26754251841407245,0.05898926282043348,0.0,0.17975950403087765
305,0.07009990975491506,0.0,0.04532360990913339,0.01383917946559218,0.04941333850298899,0.07212171782041786,0.12153604448541316,0.01003223102192193,0.04270464175215593,0.039158717056519673,0.010578910930611744,0.18638871846004818,0.030407165669090058,0.058638926983555884,0.1015486538898945,0.0,0.08585779642950317,0.037510737158357,0.43599988204802304,0.03108918146461783,0.04371014615762564,0.0,0.1218456529029032,0.13149491057642504,0.024184293228985028,0.0,0.0,0.0,0.030554856558480992,0.06640749112979598,0.0,0.1043682532210508,0.07206759384564267,0.08736616952620171,0.1588247232957332,0.03022646808433455,0.14715553991935518,0.0801420371690818,0.0,0.06588397225387908,0.034324347564340496,0.06143357777781486,0.0,0.06991714889015883,0.1596101680623892,0.0,0.0,0.0,0.0,0.10635965549001064,0.0,0.4318141873753964,0.0,0.18486396272546782,0.0,0.03174998906707376,0.0,0.026549879669772736,0.10014103978275561,0.1641116013356091
306,0.047000813425757244,0.06433325322819562,0.07021092154038017,0.0337955918311107,0.09471237024129345,0.03229229633016779,0.1419361573574386,0.09303802479379211,0.052541149616889354,0.0,0.005314975888356697,0.09680384896372789,0.012404064695552245,0.06578133812536041,0.060446379459108295,0.027612330328481035,0.02623742791737562,0.0,0.02132884551886476,0.0,0.17430822145570388,0.0013873631111978168,0.18001208486284478,0.005545547249694211,0.08353912066103505,0.0,0.0,0.04304341618626521,0.0,0.03603137263273285,0.0,0.07964356958674433,0.06629641466052537,0.06313989476834733,0.016723550665222867,0.029555146172515534,0.022013769221870202,0.08469875101304959,0.0,0.0,0.00016119658095578248,0.10341980196357857,0.027943800026320926,0.006892982026850158,0.0665674910466715,0.07432308621361895,0.0668531367609829,0.0,0.0,0.038300561170229175,0.009425172368159165,0.37029467930394416,0.0,0.26355695545673646,0.3317902556355219,0.014078616961120716,0.23640064035320152,0.01331227714839506,0.044375865732276774,0.3302219704099005
307,0.0,0.0,0.05957613169064211,0.0,0.144942351214149,0.049840102225673234,0.016088108553748356,0.0,0.0,0.07764756818097329,0.048488811754897616,0.021228483344922614,0.009995728740986672,0.0,0.04424385435912701,0.015491039369637994,0.06979771915228325,0.04334715346658884,0.10701377023830475,0.02506085152964981,0.09076325573164575,0.06358437849730608,0.10024737616210666,0.0,0.0,0.1676498358424358,0.009609479229257896,0.04745714378373165,0.019390236317778635,0.0,0.0,0.028906134545972087,0.05514201034621673,0.07131586321080728,0.060371742882289754,0.5157690209341956,0.08797386990645906,0.1347624667601389,0.045874064352463585,0.10147543113465417,0.01868833476256786,0.0,0.0,0.01319563683843707,0.06256444868358021,0.0,0.1025789641151017,0.06993028307670351,0.0077962592149879925,0.021260820301730342,0.0,0.2579421345023886,0.23210707663549635,0.24331543018863602,0.0,0.0,0.11339624669162586,0.041845354762310875,0.16082082092230632,0.36855578400189254
308,0.1522360179611427,0.0189292618049839,0.06179138533443344,0.0,0.0,0.02369157516135025,0.09887913282051113,0.017625911657991277,0.0,0.05635847589558835,0.02359171024134731,0.15967184950875754,0.0305301150663115,0.035174198635340714,0.0937638166943693,0.0,0.05198679022137556,0.1317759394248047,0.029367204628650844,0.01337611071487419,0.041260879764947064,0.0,0.0,0.018242731794491096,0.0,0.0,0.0,0.0,0.06512393702993831,0.04012597925423861,0.0,0.02236221457711014,0.05573988007127418,0.39470801899012814,0.28231481398309,0.0365196241153436,0.23575606071863348,0.09106501579344378,0.006922557221675112,0.1281321890664987,0.0,0.03504445799783132,0.015224257472111646,0.042122233148689514,0.03113051710189396,0.02786701429117679,0.010445891880514431,0.0,0.02525195465703453,0.04407748027758617,0.09989302917392219,0.3743015859007123,0.151496830898265,0.016794605093482153,0.18992244149092255,0.030047354465208818,0.18462735161118757,0.09661390300667579,0.0558695223031934,0.0
309,0.15418747283194464,0.0,0.0337376174673463,0.06649430450010305,0.0,0.10814680291349324,0.07446322874143935,0.0,0.0,0.0,0.09199322358799852,0.25088869395241997,0.10521277196094297,0.10330694882798294,0.01873932008758571,0.03285192792495832,0.19277862505927565,0.08603443259148445,0.05643796285266575,0.12326211719395078,0.12581161934593124,0.01473604752066398,0.0,0.07268321486085721,0.036428473140485994,0.0,0.01543163666638605,0.0,0.014215313116309337,0.04131275790019561,0.03481439796490237,0.006033063695826011,0.01675566079555679,0.5176281324939693,0.0,0.03744868337074182,0.5895355557148365,0.24448669056808903,0.004434799883107676,0.0157670046234213,0.0,0.0,0.032022707169990526,0.03480453487019273,0.0434012193527398,0.048892047716411514,0.018945628795928027,0.0,0.0,0.30128059891959624,0.11717193109768852,0.10005266388901518,0.019560501043120893,0.10711781185464848,0.0,0.0171064732953964,0.3005090503619889,0.033996684809038495,0.04186786668458476,0.0
310,0.02233670981434054,0.05590485138074382,0.03457203064909578,0.0,0.01893871078111079,0.0,0.20786610328555225,0.05432002439481173,0.0,0.04280308174140953,0.007086134584520061,0.054663347291610605,0.025422373889950927,0.14889336936243588,0.01112978748093413,0.028734702513947177,0.01484279293653337,0.392083812051081,0.08037279362460488,0.0,0.13064679640681892,0.0,0.0,0.019731977918220206,0.023095651871035235,0.0,0.0,0.0,0.20981950102690075,0.039764829748700235,0.1453790969265294,0.0275466704497178,0.0,0.21287416975335172,0.43335811101396926,0.14928738508469708,0.24144445014169771,0.09214877519628262,0.04878019664878344,0.034464818464479824,0.08094033025614213,0.1467687719178264,0.12919013671482324,0.03910580363122648,0.013022264675257458,0.13387510987813933,0.0,0.0,0.0,0.07064377445904692,0.13369787242047504,0.03387434223049786,0.0,0.0,0.1763163630130402,0.0,0.20822780976124425,0.013198438145466427,0.012900786238132346,0.0
311,0.03661523547934282,0.0,0.0,0.0,0.0,0.0,0.03622538314644687,0.06529503639344947,0.025743287970955278,0.0,0.030503661698446632,0.0,0.0,0.1306305046763044,0.11468489019770475,0.02686246453848803,0.005371377777100146,0.08680617024936202,0.0815113716931429,0.0687505520391813,0.0,0.0,0.12899728942626695,0.0,0.0,0.0,0.04851364792912749,0.0002606167518985592,0.06681387722187632,0.0523077221587806,0.05057121060070014,0.1484248231178197,0.01385032324290577,0.21301336150543368,0.19748334910063048,0.08037953152645165,0.2409015303783716,0.11215710158748045,0.07831775842048802,0.04784514108473413,0.09459642844719307,0.015078662801844576,0.040855952494072055,0.05572199934740741,0.0,0.04072535920631224,0.012342064386975356,0.0,0.0,0.013948308851029241,0.07094306517137987,0.1560888340662172,0.012023452890465794,0.0,0.0,0.028559212888621385,0.1012590275291185,0.5487765210681637,0.031585961074388214,0.0
312,0.0,0.0,0.017950592714679053,0.024569883096529986,0.005601469873268667,0.0,0.0277578834861676,0.016432071191579224,0.02096656558389823,0.0,0.17193118264558133,0.01926629530106367,0.0034483179072839288,0.02778710067159028,0.0,0.023278797400976964,0.00011977029267056016,0.05254674011708261,0.04257113956888634,0.0,0.09086365418289288,0.034010597804735934,0.0,0.034306529806160314,0.13778491369885237,0.0021021370909758983,0.005439802870662745,0.0004927270624676838,0.0317773723100553,0.01919411888453053,0.21578277766226747,0.46725426386845653,0.19722680203055212,0.17591217242562793,0.23167177173140246,0.04619982614002357,0.17051244415801853,0.02368265991372433,0.058115037675506034,0.06082631647758027,0.029469274589725262,0.0,0.0,0.0,0.0,0.026564325983346637,0.034579927906795864,0.04728778326512604,0.03030612828143501,0.0,0.21121095530388778,0.11173395153286274,0.08394635029023256,0.0172320862458727,0.02864872514643801,0.09444037128991624,0.008854708143651403,0.0,0.09715147471569177,0.00878812055283157
313,0.0,0.0,0.008565932875527543,0.03170989748542479,0.05341824329743489,0.008261670580987188,0.06600842916779037,0.04970390436436529,0.03976679322200966,0.0,0.03676373592229082,0.041970348282606096,0.00455333137377786,0.012461614694641639,0.0,0.02171547412666095,0.0,0.047061470766568,0.06430001041123634,0.10675517678780416,0.06065109465392386,0.007016792827409395,0.017945604650507048,0.03182659430864767,0.014896608905507716,0.0,0.02969280429530679,0.0,0.10929115758032759,0.0,0.07391719669775457,0.0909797621879206,0.18888620822363517,0.30105072006493394,0.022106533072264716,0.0,0.3918830476964653,0.1426366548813123,0.04116897832547383,0.1331326481823107,0.0,0.030944690946117438,0.0011417269462744772,0.09986415327762899,0.05849701248069808,0.008411769801445923,0.021545617026666974,0.0,0.0,0.17897950877584415,0.13145356390464122,0.21270150010563468,0.011307260542324138,0.12682930507741377,0.00815099868365813,0.0,0.01935836801556014,0.0,0.004366543439036219,0.0
314,0.023845445989048378,0.02887371011257004,0.04722651388578566,0.01963944531559232,0.0,0.0,0.0,0.07607230433156255,0.0,0.0,0.011175057594752591,0.05098459548869999,0.011903448329704412,0.025635037574781562,0.02116008324574945,0.017840351769005423,0.0349083402608752,0.019428950423814345,0.03991729351192316,0.03295896466870081,0.09185419088227217,0.0,0.04444906354561515,0.04537211294440387,0.0,0.0,0.0,0.0173839635791976,0.06404389039623813,0.09092250153131605,0.0,0.1515268728796746,0.1297448484662348,0.2570634047396309,0.29195302295653375,0.05640984893899615,0.3994609922257816,0.07301338391472673,0.0,0.13364818711465373,0.006424180976455167,0.007363414310129905,0.0,0.2344146281400046,0.0,0.08383675474166549,0.05873136732612097,0.01850263818478071,0.004476866106362642,0.03255043905929266,0.0,0.33144498686276164,0.007518924371390661,0.07121232890777293,0.2742091245819255,0.023266913491715977,0.02638866946292433,0.007964989212655073,0.0,0.0
315,0.019288215788873922,0.024423507641357006,0.02281497927134912,0.04824483853046496,0.03121413781604855,0.07951209037888919,0.10276950478950202,0.03787856959960333,0.043987614238788705,0.0,0.02264977464447531,0.06341707205232376,0.02276748189745564,0.0,0.023810612181812258,0.0,0.05483014842971679,0.026533502938217414,0.4075278419028445,0.0,0.03806899028105236,0.0,0.0,0.027071051933404942,0.04843412054599703,0.0,0.0,0.0,0.0,0.0,0.049187775998062976,0.07149927743714238,0.1704327072393003,0.16808125778957483,0.06570718675961859,0.010718498888929916,0.4434886724677225,0.1184801757143768,0.014822697563745523,0.17585827105237442,0.0,0.002105673254008037,0.0,0.0,0.020264107537305884,0.021675091899298355,0.1588378130490234,0.0,0.0,0.022129601131433405,0.03450101669252293,0.2855442404016666,0.037132697679330855,0.048551879837059324,0.17760016875173185,0.03679123326184444,0.0,0.0,0.0015791872509267324,0.0
316,0.014906435483952913,0.00967308194278132,0.010855703205411507,0.0,0.05718036362362967,0.02219374755747948,0.28458913136147584,0.013635667803718393,0.027940741448317825,0.03879658077429871,0.02140602370180528,0.02280787402532784,0.001435578015866672,0.04124239995487843,0.09306962912857449,0.04758234123425437,0.009351276989889802,0.0847922157174897,0.0,0.028192748035199132,0.05759856633594702,0.0,0.07758394021578109,0.04946550025864587,0.15038240528221716,0.0,0.0,0.0,0.01748295821489064,0.0647869212735564,0.13449022800447735,0.07686465147737287,0.09161417993531737,0.09636323636502159,0.36053775310924413,0.08514893184428617,0.03508158132841694,0.0249618013067288,0.04144372178006794,0.04263976915989537,0.0,0.14091612794221392,0.3186707642234372,0.018491513152977746,0.06330118982140714,0.10006438884826738,0.0,0.027696734211596005,0.0,0.006078898135675799,0.018621007667153164,0.1490123520545529,0.01157204694699577,0.04975348979413775,0.026090408588984128,0.0,0.20565008724320083,0.08543217415237832,0.19499199527127872,0.0
317,0.27589206998925975,0.0,0.027238469284919097,0.005902003667002349,0.03328419146116632,0.04801374631278598,0.0,0.0,0.0,0.01501833687644041,0.0,0.0,0.0,0.0,0.004799276075288976,0.12983785902938808,0.0231512039113493,0.015408682280644686,0.042031416805936465,0.0,0.004077587217878773,0.025970264556381788,0.04650868722261629,0.0,0.039649406626590764,0.056101147760779485,0.008066779172841279,0.10970673618551087,0.020219095060218285,0.0,0.03963063546606209,0.2044524324691189,0.15075645088823492,0.08387948260988418,0.17703280288034765,0.08399455200670422,0.05787457739399614,0.07604593162296347,0.04933027709880737,0.12157194192245563,0.0004085923649521739,0.0,0.005115945431653873,0.12543624384695884,0.0,0.0,0.08574105363646593,0.010810258976114998,0.0,1.19643375916767e-05,0.046177020490417234,0.2566493284490328,0.13737247772237568,0.04430082365625764,0.027267575554753898,0.07900910402920208,0.14028543528171183,0.05980382814579276,0.02649635492063214,0.04081676274876272
318,0.0,0.0,0.084513147738261,0.027629686183270673,0.10726246020382575,0.11122849029732212,0.022479923446941937,0.0801754067862705,0.0,0.04678075169256459,0.14986747697927863,0.0,0.0,0.020338392952444554,0.0,0.08203717007213392,0.024690887746568246,0.04332145850406084,0.10989128496769432,0.14294589908330135,0.0,0.040329399537510184,0.050878235236063996,0.0,0.10202290355588203,0.0810972985489214,0.07250296944851076,0.045663916517762845,0.08601370196506428,0.08204492886239828,0.019529394928781,0.04828024442844856,0.06938896541778279,0.32036851983865733,0.2336370962494011,0.0,0.007852047193218603,0.16197854146789223,0.22075132929866778,0.0,0.0,0.019206305836144792,0.0,0.1400379548954104,0.0,0.046191798267602086,0.058974191673457056,0.1068957847057629,0.06563944327420805,0.0,0.0402674859975644,0.015167921449359714,0.09410175936167219,0.0266038629389635,0.0,0.0,0.06868544400143234,0.0,0.5776551029185871,0.018863664717551507
319,0.00725968629338702,0.0,0.043499085876804296,0.12388061972850138,0.06715035497309217,0.0,0.017375218338562242,0.013898017835021493,0.06127294325631191,0.020970820572404018,0.05979308249313317,0.0,0.008426468628748294,0.03588492897237971,0.0,0.0874271237009768,0.007533954955885711,0.07166190459220277,0.006695747342649219,0.0,0.009086597205611953,0.051528698404891014,0.05054809232697519,0.0,0.0942705886054863,0.0,0.010714594692808554,0.0,0.0861949484452122,0.01822237981469008,0.017545104871670936,0.11951491024317748,0.17389142865243776,0.17295900425446373,0.2360259508270814,0.2032131406904795,0.10668280737759106,0.26273927840868866,0.0005564459507848296,0.17786681680930067,0.0,0.0,0.0,0.0,0.0,0.02931065037348562,0.118363076655193,0.0,0.0,0.1933148449915617,0.04114382267601029,0.1296934514969875,0.004177396097611277,0.2936166602711312,0.011267067189474704,0.0,0.09593802721221545,0.0,0.060121452012547205,0.0
320,0.08065745599199638,0.0,0.05273518502667647,0.04175806592744351,0.0,0.03881954635758108,0.0,0.0,0.0,0.0,0.0,0.04220584823458522,0.017276062713482924,0.035221979974044526,0.03182779715604122,0.07356008929641018,0.02085893266498061,0.039856231595868735,0.08381122924904412,0.07070018543781398,0.00999632284934417,0.0,0.10415389473634903,0.02404160176203439,0.06418172510647499,0.021110432001811695,0.0,0.0,0.10475484530739848,0.1471205072828501,0.0,0.10611909068937442,0.16359498245949078,0.3961989840620273,0.16488379622010002,0.014408997871004059,0.2179344663758163,0.03515577687877453,0.05360956050044128,0.16043006447847208,0.0,0.28672924573762276,0.0973630247092413,0.0,0.030139660114346524,0.04546311660554403,0.016470964742525154,0.014825732402490957,0.0,0.018173770666380894,0.0,0.21472080531089627,0.04659941642482332,0.01920230651227812,0.12150168774880873,0.0,0.060324647218448636,0.081472963365665,0.0,0.0
321,0.0534836182521283,0.0,0.021959829042170823,0.0,0.03556122876389801,0.0264925683920043,0.03259816036498479,0.05976441708381773,0.0,0.0,0.0012697837526730838,0.041139008778934893,0.016562487663883744,0.0,0.007968539300887327,0.05857422883196022,0.09526127992597248,0.0,0.1956983195388887,0.03150692282072756,0.04977285200341519,0.016074487115484336,0.0,0.020644950272382553,0.01821472743372742,0.0,0.05183329980223835,0.0,0.13184600824895634,0.0061889045686961295,0.01813229442534213,0.09459299085689589,0.14952226880025007,0.30321454562467387,0.6997257000768671,0.07005493217348945,0.06361596798967788,0.098924564145124,0.04857372040738843,0.17050461652635973,0.0,0.19204082367550393,0.07944075278952241,0.013416132187425132,0.04135809896406741,0.02681428613584749,0.0,0.0,0.0,0.0698899294517397,0.045377460139181654,0.04842532287376865,0.014859649904361621,0.030581210089779046,0.06960588118008212,0.0,0.0,0.0,0.061506343484574594,0.0
322,0.18669915885285157,0.03496948247997318,0.05836407268782191,0.0,0.0,0.09490422616553071,0.15551243895362624,0.03535315360527372,0.0,0.039944186432583115,0.04967396704216161,0.013712532590488772,0.05673654398394235,0.061418143276373884,0.005253040507386739,0.06551538675347052,0.030284699763409063,0.14332504308280397,0.03939206319081187,0.0,0.10175169802524019,0.0,0.13559901747673658,0.08746672134890822,0.0,0.0,0.03188103548821848,0.0034671595766306964,0.04664786073382721,0.19912412154083603,0.0,0.0839224625609172,0.24260885334665638,0.11451602144275036,0.0,0.004914150781904929,0.1755017946773095,0.5465525893525452,0.0,0.08239470668652915,0.01389841738555858,0.2643026152401152,0.25620845250279706,0.033095299979413434,0.11782248859300486,0.029785503560296,0.0,0.0,0.014466727898810726,0.007673858400187677,0.013710210302305787,0.09538343778120241,0.06257898324026566,0.052350294324445025,0.07815334922560892,0.0,0.15369496269454422,0.02846669970595598,0.0,0.031445894069363774
323,0.12474927052166512,0.03611225782377278,0.026653503422876333,0.0,0.009742352041386735,0.019848480762012996,0.031570094292809096,0.0,0.03994862773628052,0.0,0.0,0.0,0.016713656375457946,0.017531115797441873,0.08376549882793212,0.033843109216598666,0.06532610888579002,0.013429701055381275,0.09119751069333319,0.021885557726123932,0.0,0.028573283587464776,0.0,0.005876895357102416,0.05247424521186567,0.08960677031498739,0.0,0.06736401408534898,0.06278894157108764,0.0337487249859747,0.11467247333815518,0.15129042732727,0.15384333780450127,0.18515376812938772,0.044605480521226856,0.10298805417463612,0.2311539571404696,0.1394501498773571,0.0601052586509801,0.06156668603191443,0.0,0.21727249181734193,0.05206336966204802,0.06353336359260006,0.0,0.01851427044618343,0.04380569862980971,0.03571037895217576,0.0,0.03190287030146461,0.027822385737156955,0.08574561936574254,0.07235533858973434,0.0,0.0,0.13854321679052048,0.030683950186122563,0.12601021878282642,0.038586414240379154,0.011463006612361224
324,0.10918575886902136,0.026006081161842012,0.024524640263663158,0.0,0.0719004662296789,0.015587568856437755,0.0,0.0,0.0,0.0,0.0029500272847369402,0.0498290426539794,0.012495850955460144,0.04087439525622179,0.0,0.02492436327756992,0.0068166366250894716,0.04978236068758007,0.10632844955089134,0.0,0.048521548626073774,0.1121145141182324,0.0,0.0,0.05125856475867553,0.0,0.23206914753287083,0.0,0.14041801252835512,0.11314435529411462,0.020966775111720612,0.22788824364580929,0.20509834290505097,0.0455392396642414,0.026801780009020306,0.02111675950542829,0.19376644694699316,0.12603646627686985,0.06569993012169138,0.012615147159406393,0.0,0.2508959338575257,0.0,0.012175513363145348,0.05781420193351252,0.011334609605758472,0.021657728850034443,0.47742365025872574,0.0,0.0,0.0,0.17666483683667078,0.021736250495241225,0.050074765621876356,0.0,0.0,0.01577525309349884,0.06900158616599146,0.05872814460181398,0.0
325,0.02857968471326902,0.0,0.021876607983075926,0.0,0.011818123926278066,0.11115849118236461,0.02707979641567745,0.0,0.0,0.0,0.0,0.03661829465916728,0.048735736301708125,0.045162432245562566,0.03985853222786807,0.0,0.01081467459768616,0.02162109207482096,0.03404800803059515,0.03993381174356318,0.027018508736420914,0.0,0.030951684607782592,0.05306186256877601,0.0332598549882065,0.0,0.006909008208115597,0.0,0.13933244375861245,0.06923819052015824,0.07169879598275898,0.17967082301388038,0.19849110233733097,0.19575274968074846,0.35359563060157767,0.1034577110548042,0.13238152752049404,0.004281365283353933,0.06429179681699393,0.0888287951508971,0.0,0.15842743581505145,0.09440901084348644,0.044595370416843666,0.048072645239913704,0.03021753067240778,0.0,0.0,0.0,0.03345169993470923,0.06437918134978603,0.397293403898885,0.0,0.0,0.028246729627131147,0.0,0.02445561941799451,0.0919760620379652,0.05888467275910411,0.08483614612416877
326,0.0,0.039216030199484504,0.00795817848919927,0.017179014828812133,0.005652669594955619,0.02378250861731853,0.0,0.0,0.07030208718223362,0.0,0.0,0.0,0.07315939565414462,0.07432512906334462,0.030141336092089056,0.03930635564849092,0.05378081734440319,0.0,0.041938252983202175,0.008304894719908206,0.014777353362551338,0.0,0.03554713099331591,0.022678031845880655,0.01910622849658978,0.001536531752004769,0.0,0.0,0.08641447749043213,0.029316946460009985,0.016046883089219713,0.0,0.48945906583742244,0.013590519506249095,0.041249303477245286,0.1693073536415444,0.10923295457271118,0.1558762754625304,0.021965485138109885,0.02196523117653111,0.0,0.06070997228515445,0.12113000371238003,0.08913345068629795,0.08443610766356918,0.006616615602124672,0.1978293498478275,0.04340993092068139,0.0,0.0,0.07183373842585357,0.4425453169396195,0.04513405751947057,0.1327771995108746,0.0469425219486713,0.015964109477650854,0.0987291724207694,0.049136821394519685,0.02871219785547447,0.0
327,0.028240340466732926,0.04030406385678196,0.0473579267299318,0.0279304495868948,0.009909796565075726,0.09875111700224183,0.14477352905515312,0.017812494807452617,0.04398950878733273,0.03168570841104336,0.0250834621315987,0.07895546865413763,0.0331953583420788,0.026771882488707016,0.08063359491445064,0.03500855894490912,0.023864844917113225,0.04749214259591786,0.0,0.0,0.04593428429243451,0.01277983031878385,0.0,0.04098247914225521,0.06579708889381002,0.0,0.03886839271768945,0.011565618082308724,0.043773750210932334,0.014539145477696568,0.0,0.0626307567401222,0.05243819405851922,0.02409843807621266,0.1505514522278348,0.005260233524700648,0.15012949277765883,0.11782374464887713,0.0,0.19806263371340863,0.15461449057347687,0.26271984141721455,0.11605681733516664,0.04259216349210703,0.11443062554677405,0.0,0.0,0.0,0.0,0.06461190124757839,0.0,0.36139257449413154,0.013699075534212781,0.06463411950689235,0.04865140257821498,0.0,0.18353815631431977,0.13558541383080372,0.013423497404754303,0.0
328,0.011186505240407475,0.04717050894434314,0.0,0.024922242646590483,0.06479833171818354,0.032808613825506615,0.04779237751517693,0.06176890977318676,0.03290978750546592,0.04681988293751963,0.01283070365076866,0.0,0.01996957872704084,0.06657934106345084,0.024940395109240752,0.07943231677138811,0.044392542471846964,0.11636433744328903,0.025674352749067864,0.0,0.0446375575801546,0.0,0.027612155947959467,0.030222061348610715,0.0,0.05291538357303562,0.0,0.005842830046164848,0.007417808992116903,0.09019390233710706,0.19191553082510138,0.2608588685051781,0.034734121831562964,0.0,0.14324878493776091,0.04589819563880025,0.14103916639830943,0.06852437921646938,0.06615137867616833,0.04901659612340267,0.020249436138329233,0.0,0.0,0.0,0.07836969360791654,0.11872699258386397,0.0,0.0,0.0,0.0,0.0,0.4849675085484286,0.22537944198728205,0.05778941151068453,0.1382588445452642,0.06119604500522954,0.28603839417375027,0.031204579775425456,0.0,0.042383048729581346
329,0.06607857751853018,0.022689215539717988,0.0,0.0,0.0,0.01746824873119025,0.011079284762220728,0.022497163322280283,0.0,0.0,0.0,0.05515835757615531,0.0,0.034156943923858735,0.010556298192164632,0.05132957361094071,0.0193419719386154,0.04940233126657728,0.013040537512695929,0.0,0.03231446598390896,0.08610662557993727,0.05834661976916743,0.020903557495046958,0.04257805900405356,0.043502609577809576,0.0,0.03599285530183535,0.05758729711433827,0.0,0.15309191233252042,0.05453810570149918,0.003704199931529952,0.028903807311588325,0.006631433202029991,0.05396442166561154,0.19007261208528597,0.09438532073471817,0.021094379557746085,0.0,0.038525752443519676,0.016005499032904578,0.026008864902551103,0.3211388585896483,0.0,0.0,0.0,0.0,0.004526200840440055,0.026020988594304774,0.03607283513912602,0.7065932774897958,0.009978022719670132,0.007578668655583924,0.0,0.16777518956747658,0.13052238287244478,0.021907904661820767,0.05118388686457067,0.0
330,0.02985739430915871,0.008903671499717493,0.02785682862760941,0.0,0.09468766184966498,0.03589729114814927,0.0,0.05232708703135397,0.012769367155985556,0.01661809868752229,0.038417338346040754,0.030348329344010574,0.0,0.0,0.0,0.01966443032552851,0.03775561403538398,0.04775686408191947,0.12871405862476681,0.09421477563620019,0.03331568744726667,0.24341394645518846,0.08358055934369304,0.02824607930343403,0.091321120302666,0.020327118984175867,0.02572701070807677,0.003959592020015514,0.01335777574654394,0.05603974996856953,0.016028293182511005,0.037520493651166276,0.012875039496454667,0.02236154598002801,0.3220475327459556,0.22363483580710417,0.026309165586429255,0.00811743880134528,0.041113701616256784,0.10016281547142677,0.007331297855260111,0.03680566187456894,0.0035569819677511096,0.0,0.0,0.03966749953576786,0.05011115616308556,0.360952206748166,0.022792230978582344,0.0,0.01232226532804627,0.4340235969290069,0.07366812264699464,0.026182994880730268,0.05669491548679429,0.028484593964844117,0.0,0.0,0.10840451081683805,0.048567339210552424
331,0.016844617896633426,0.027697863643340953,0.0538784918453935,0.015907359594212075,0.0,0.0,0.03599438548939892,0.0,0.0,0.0,0.0,0.022319974403451133,0.011005237679360947,0.022455971803409733,0.027095051487816896,0.0,0.015002577613402717,0.019966079311856556,0.12633652255293634,0.021163779569943742,0.010142784817035167,0.0,0.062148649158570234,0.06224687137331324,0.0,0.0,0.017699792246442497,0.0,0.2774673422658639,0.007088240331347032,0.060050879002463683,0.12019908044785796,0.0,0.0999013452453618,0.3566054813381749,0.04538957397855264,0.22827706617772706,0.02989578646448886,0.09454925046167464,0.021923091345994742,0.02298584834996445,0.0,0.035168168589167915,0.01753766799637687,0.06305433438613858,0.15192081514989245,0.1414166532646105,0.04494257558285372,0.0,0.03080775799643913,0.13105794235750381,0.2522672111484357,0.0,0.2654730052607522,0.12092588145729097,0.0,0.051587212067471876,0.0634529413820838,0.10138672915822808,0.0
332,0.02218050829650745,0.0,0.0034305975263947096,0.13210087614174276,0.0,0.032114222937080106,0.07825580837606935,0.0,0.049416852868053494,0.07442001082831412,0.007435812619093425,0.0397121091908421,0.05796346329409827,0.03330584775018271,0.04050153975979672,0.10751477862864244,0.0363467777904006,0.0,0.3978753437030156,0.0,0.019080948402240002,0.0,0.0,0.06391407892684779,0.05358248823736437,0.0,0.0,0.17397659467363755,0.0,0.04638486886477443,0.07067148480411384,0.0,0.028536937724996502,0.05134900725828946,0.34607554022591075,0.17559981140309444,0.18065525436415972,0.0,0.021104152582721004,0.1666695868811019,0.0006294774920258139,0.13644837912868119,0.022928650584259178,0.06389016713637267,0.02589728536717909,0.04093498822021322,0.07825118605264995,0.0,0.04333691984139645,0.1075422350571249,0.07857282875214545,0.03314545540578025,0.0,0.2718190903093031,0.0,0.006099000904867984,0.0,0.13184238799900386,0.03141827125399541,0.0
333,0.03913537004120335,0.06969707236800851,0.01631525109132522,0.028318880146756483,0.0,0.016417845392846128,0.03977247894703963,0.03223238052726908,0.024235130878368948,0.0,0.0,0.05267042678175304,0.07878548036693625,0.03509495684794636,0.014655949389262894,0.0,0.030100239891519758,0.0,0.0,0.0,0.053348968999016304,0.0,0.04773373225345425,0.035935186588661405,0.06450127047757256,0.0,0.00015096573463490692,0.0,0.062480465218631834,0.06986823379998962,0.007748933736359744,0.15019482833815584,0.06023692774477449,0.08991630012210937,0.3234244862989748,0.004405915293209115,0.2676954511599648,0.049412545072920505,0.012099060312753571,0.060021337026107,0.0,0.09139448991545718,0.17952931112668075,0.025192231864077593,0.07198823798848088,0.06635020059167077,0.0736835410457652,0.0,0.004149393376526913,0.16082669257944143,0.0,0.23936356785795007,0.0,0.004789806149096505,0.16420751526792796,0.0,0.3438803027300662,0.09821880294499559,0.01316229001516218,0.02446143076163496
334,0.0,0.0,0.01771881481908153,0.029123574020644517,0.02524284702656091,0.03636152471267418,0.0,0.0,0.03335856012542605,0.044799515445261236,0.0710105353452971,0.0,0.017623177553656756,0.0,0.23858386864510053,0.048625914488527,0.04604031878297135,0.0,0.10879876483824212,0.0,0.0,0.0,0.05535230832251422,0.035744738137627116,0.05682894860731588,0.0035827747815712313,0.0,0.07003169435038516,0.028143067824419825,0.014915830051002514,0.0,0.01848842167521838,0.02192813462006686,0.048220850880606285,0.26129541292108555,0.022263089248777384,0.21235894478354866,0.473502871784681,0.0,0.0767406486251338,0.006399684461110064,0.05644792148258046,0.0,0.0,0.009288427503625225,0.08738232030775615,0.1047664636549193,0.0,0.06918876944787175,0.12429008840389794,0.0,0.3899615565330199,0.03770006720186036,0.009564348216582705,0.0,0.12968547288597246,0.5041179447015345,0.034384480353556006,0.0910391349347987,0.03981405454236947
335,0.006409395917429453,0.0,0.21041340312943432,0.030651942164086003,0.05242951676199706,0.028556941331475835,0.07985370370422212,0.0219624642941269,0.0,0.052222009998813095,0.006661867551580439,0.0,0.0,0.0,0.0,0.013758123288166054,0.025750882041679288,0.07815959293096064,0.07898843249516638,0.0,0.2468764172525047,0.09241306370066017,0.06175161341903188,0.07102559285411857,0.0,0.06211322595457212,0.024257286461213966,0.08781867451724573,0.030769267889722583,0.0,0.14055879418143022,0.003787621349655525,0.029114036662391745,0.11942962717193134,0.018360430073555586,0.029829224223712068,0.20685836133653787,0.12521786828487141,0.08709867580376435,0.029999117972894028,0.0027546031230664546,0.008923224539205552,0.0,0.0,0.0,0.011641444487497812,0.1966412012793324,0.03058081409742581,0.0,0.004540437509228821,0.043980297123862096,0.392966095283744,0.14956599172867835,0.0503138780884583,0.0,0.003286528469491541,0.0,0.022552490834610923,0.10466469559467224,0.16086314811740277
336,0.004367494506554864,0.031348727636977713,0.0,0.022126995205682853,0.07611377766315278,0.0,0.05861071691086283,0.0,0.0,0.02327934541646236,0.009597088899925513,0.0,0.033435074710757295,0.043381295150418636,0.10558531981069154,0.0261659067259278,0.023760817237600117,0.01785440548993922,0.13933575507645435,0.02324285830983066,0.02967058504463758,0.06625750223667887,0.0,0.0,0.08186663834317333,0.02771769748974421,0.003597593725145001,0.02537420253302675,0.022774584691566173,0.0,0.050544749191757686,0.0,0.04904088057313289,0.7482836141511873,0.3971419924728833,0.13102436483137644,0.11262414445346265,0.0,0.17487345751555908,0.043039267813377136,0.0,0.04217855573752006,0.0,0.022326667223604307,0.05704045910222032,0.10665070058617489,0.024577386729134138,0.01706700645773722,0.015619567046662883,0.17466827312788577,0.03210352713959038,0.1681431695611483,0.03383922833736078,0.0,0.0666806148569547,0.0,0.03276316882549086,0.013703247848090547,0.029902865479769905,0.0
337,0.07106007693492095,0.0,0.026806967845589256,0.022775031905781704,0.0,0.02107360008489374,0.042070890403081956,0.0,0.0,0.0,0.01884968439303711,0.02270401999430294,0.022360779953806937,0.040078094653322835,0.06258887135602963,0.047409770526461045,0.015457363435997191,0.0,0.0,0.0,0.07481157824936388,0.0,0.0,0.028099656238120586,0.0,0.0,0.04455577849589214,0.06594154988271556,0.10310318037821538,0.002716124478741285,0.1101111935712881,0.059881795953078916,0.08682010133292774,0.32359202824902217,0.4712836006838621,0.11410146771447525,0.1275454360586739,0.02823830864340139,0.02160017954659448,0.08059322859535747,0.0,0.0538773966184998,0.011310044192489186,0.00900337734998886,0.018399210880317672,0.08034415709496388,0.10070176542795338,0.013617293095693546,0.0,0.03011037702257302,0.021973535291644888,0.40045886017828564,0.005526668804881694,0.0,0.10056764592413278,0.0,0.10450056965118547,0.1145461421813535,0.0,0.0
338,0.1218758306729383,0.0,0.022485493696769252,0.0,0.02072368799343245,0.08009898476351182,0.07349255829446238,0.0,0.02251539780228103,0.022049152497187387,0.0,0.02596484444559911,0.09756938561510242,0.0450687255370883,0.051717187563306795,0.0,0.0,0.0,0.21280584871185795,0.021694032110429074,0.015051033394846801,0.0,0.0,0.06441158295028133,0.0,0.0,0.04219052231615858,0.018971927655131463,0.0,0.018837563822130154,0.0,0.014314129596318177,0.14748856052874604,0.17236092372527484,0.32987653421755003,0.062455250625588495,0.253244687657831,0.009850003118266138,0.018080855989729465,0.18253964725721883,0.021914182618851728,0.06286007994922421,0.022365184164308438,0.062053441036301615,0.03436258571070382,0.08723077191097155,0.33498717999200217,0.0,0.0,0.10376538714382656,0.01857161798716049,0.02969542346376636,0.0,0.1178354408292202,0.01756770059851898,0.034494419840916474,0.11721699389277244,0.03453623561595734,0.031179111087103202,0.01789747044835369
339,0.03413561403090487,0.1093180305629119,0.00914005822879561,0.025242318805613916,0.019941319928303308,0.007440052753126698,0.1809418788777567,0.07002143486791912,0.0771406990628531,0.0,0.06669680337899904,0.042793899402896095,0.022551729160091297,0.03814184112331914,0.003616107470852039,0.04522945765504529,0.015670902207285134,0.03294256716106147,0.0,0.0,0.12963563573805947,0.0,0.033092067269855724,0.02304766865563296,0.023771043436002736,0.0,0.0,0.0,0.01627352495900323,0.0935528178850728,0.020362954919552353,0.18359252166366058,0.07137288609214255,0.20544252892024692,0.37160812261292675,0.06550149932430686,0.14498379587987034,0.0,0.04008557859111076,0.12783190770416591,0.015386359388750907,0.22660406103830041,0.10686493373526047,0.0,0.018821754216825404,0.10672217184749073,0.0,0.0,0.0,0.06044027542717527,0.07612935125302543,0.0894859772950198,0.0,0.0,0.06255906554474489,0.0,0.17356669979858202,0.03926071185882625,0.12177815583985685,0.05724587124169703
340,0.0,0.0,0.07079395125133764,0.0,0.019802684610165946,0.06033108355902942,0.05995265752988464,0.0,0.043525900014549174,0.024642747196186685,0.02542968806068248,0.0,0.048744247313361744,0.0,0.1757388419872182,0.010141874762900746,0.019562971280814745,0.0,0.0813235718919345,0.0,0.0,0.0,0.1492412729079177,0.0,0.0,0.0,0.0,0.011307393437113804,0.05562887963539977,0.0,0.0,0.015232072110247043,0.03905920796714734,0.04264004670782863,0.5075375129800964,0.38488033266787286,0.3750448895787111,0.12158575230399508,0.12634021557410605,0.031958671702716275,0.0,0.02382176630749214,0.02356322835395023,0.06503747056906495,0.01648539799113824,0.1519949025629045,0.0,0.0,0.021648117021960615,0.040808562479270706,0.0,0.046765310348264276,0.0,0.03236285914308195,0.0461129497936882,0.03189482443093632,0.36630174990294795,0.16700441520027468,0.07831981395408612,0.008195129407348295
341,0.0,0.0,0.0,0.01851782966710735,0.18669526982123702,0.014074753286855368,0.07654292641470997,0.056392906993090686,0.032461769574344816,0.016903395588050596,0.015897455096579784,0.0,0.0,0.05438231391491955,0.0,0.0,0.0,0.024000319064657286,0.01096230906598799,0.0,0.05655634626007674,0.0023086693376184186,0.0,0.060846006806732696,0.2487563319904095,0.0228655546424812,0.005441532710998846,0.01085935837031275,0.0,0.0,0.07620008057160545,0.4249285707222417,0.20778202588381528,0.5039256459864673,0.03405544628295512,0.0,0.05902335890517189,0.014263866870764854,0.2572073177907083,0.029032875491489852,0.015995597242889223,0.1218069716890188,0.0,0.0,0.0,0.0,0.0,0.09117824623303554,0.0,0.0,0.17046257654944552,0.054177777793184424,0.09447869183207654,0.06551068538978833,0.023370539348203784,0.0,0.12315221005263906,0.0,0.06567902519119918,0.03448634931906384
342,0.11973827702665213,0.0077198397086274875,0.037033147929211516,0.016740983509737965,0.0407940244114893,0.03954859483204719,0.03572632908872341,0.0,0.0,0.0,0.07664156623376721,0.01039819772687092,0.060020151456645375,0.04589890772263871,0.0,0.1557409899115501,0.008401205635612316,0.01983179083448012,0.13636235023319326,0.020641319999303073,0.04079505629796561,0.026763937781876357,0.03592419145169971,0.00680637437200335,0.0,0.0,0.0,0.0,0.013984944844842157,0.0,0.16109190313176786,0.0,0.3256130089920837,0.11026090740684319,0.2973634416153881,0.002845700016756182,0.3766214846133273,0.058807012948901186,0.023624191606305453,0.03128940097058379,0.0,0.0,0.0,0.1762521254710188,0.009396167677480374,0.21210892121491187,0.15570335497888588,0.0,0.0,0.010792296419214887,0.047604255894159994,0.2828277445092526,0.0,0.0,0.04756373988456358,0.0,0.07069170370573412,0.03219863171852534,0.15554745834732364,0.0
343,0.0,0.08520750515947714,0.0218878163454842,0.03730778059051139,0.014090910177620914,0.03656175690943173,0.0,0.034253077311436265,0.14024869518176458,0.0333364694594191,0.0,0.0235327292668564,0.031947310111043355,0.06022875471694621,0.0029116808997914556,0.027115826155699515,0.035330831907737545,0.06517974366338634,0.0,0.0,0.014206111088967284,0.0,0.045044692363274935,0.1117909390719312,0.0,0.0,0.0,0.0,0.0,0.05028924054072138,0.018035310901587845,0.08769381299564838,0.14551732176469043,0.5194541599815787,0.24988119853062077,0.13848924532824064,0.2943686485337991,0.04806792636080215,0.04846656047181273,0.21451714397660931,0.008885094024572144,0.0618261100634775,0.004771923561382323,0.07858420506749728,0.07824930487536086,0.06262870534563386,0.059225382292790216,0.0,0.0,0.1793123799807701,0.0,0.04255803446641389,0.0,0.08359610589137312,0.028411072763538398,0.0,0.12553018979448088,0.06538197311998008,0.11368895178072781,0.0
344,0.02695519926049775,0.0,0.04505397655077374,0.0,0.0732236640453597,0.07100495111248584,0.07009431861140523,0.04425626330190709,0.043261727400409254,0.0,0.0,0.021533621946291964,0.010070174616071549,0.0,0.04425101618576824,0.0,0.048446472869132944,0.0,0.1478573333093869,0.0,0.03162951032305935,0.0,0.0,0.08293948865808551,0.0,0.025367924797093783,0.09507799989486904,0.03207633951667397,0.08883642753851793,0.0039689432463904575,0.016010800976627614,0.06164642356924751,0.2998757006781533,0.04225571240780646,0.0603609894336846,0.23201746080472677,0.3191652413699799,0.04419700976852523,0.09500164830995665,0.08357649185255962,0.0,0.056502535390023444,0.014388576982892887,0.024690085445468316,0.044302769655395424,0.03073029596439333,0.05212384994681736,0.0,0.05233942241352718,0.03823396620115513,0.05901109987616353,0.06406787202434419,0.058935410581284715,0.37693287569210476,0.04351557662226157,0.0,0.32298951917093,0.04274200317149925,0.01047518170763956,0.0
345,0.022552607324927934,0.06883033084717233,0.029514738298244594,0.02654671374019682,0.009409089901222531,0.06146810242687938,0.10624208214962674,0.10455629403191513,0.043430813417695086,0.0,0.0,0.10411630163848,0.0,0.18595544748165363,0.0,0.0,0.09725987681110525,0.029289745222486452,0.03469921672278784,0.0,0.0712325698915434,0.0,0.22808855157418015,0.05765195245709407,0.0687697081751645,0.0,0.0628864231580642,0.077405997778058,0.04297518822869331,0.060703972537450794,0.08612157483048309,0.19744270263909963,0.0,0.31332175215379543,0.32649436266077814,0.06172800806640762,0.08622958590976856,0.0,0.11891545270243885,0.20131272213030194,0.030895660937867202,0.2700217948790465,0.19748497103501111,0.026001629853722834,0.05308643002706484,0.030862735214608635,0.0,0.0,0.008883609312197026,0.06910235414922487,0.04208849879752169,0.016788318921705844,0.0,0.014340438188077252,0.16026937279637718,0.0,0.07070997667956616,0.03605268174768225,0.09960149038578049,0.0
346,0.028412775717739158,0.0,0.04028222348397455,0.0,0.0,0.017958988067350256,0.07350716927292637,0.0740230030552367,0.046214479359571826,0.0514348591404273,0.0,0.0,0.0957427450887711,0.0,0.034341230923428626,0.03060127204298754,0.023882849299334406,0.0,0.08487910489314475,0.06418115184116106,0.030599051956200385,0.06619225821798227,0.033137820891454804,0.03465596058631056,0.0,0.0,0.0,0.0,0.06810621960111593,0.0,0.04637610830046148,0.3198812735908371,0.008410196361180611,0.2635944349723458,0.16628896110770333,0.0316559013391295,0.3724173452856498,0.050736399427624354,0.012341356806366756,0.046687681522035424,0.0,0.018698028416224206,0.0,0.166295296965597,0.006307269211391689,0.08192159698134235,0.0,0.0,0.0,0.01642417489746433,0.04821703003082059,0.09190441193312635,0.005489307928308391,0.020689638012188885,0.040793047141087314,0.14140131504144254,0.1285740774971256,0.277465629236611,0.0695107813176072,0.00039028180210557887
347,0.0,0.0,0.05707309831494185,0.0,0.09123779124853951,0.0,0.10786837190052749,0.032696990126376,0.027614480943220897,0.0,0.24632197921786583,0.03247558332696378,0.02112798972052013,0.0,0.0,0.024296542576636212,0.0,0.0,0.11633624578728552,0.051453233668250664,0.02677279899460557,0.04488662170829814,0.12960640637583684,0.07162699879863654,0.07558196952864189,0.04863461116654495,0.017441518024647756,0.03224246692688107,0.06390834455410851,0.012869102546422997,0.07588348995619278,0.05671210865132039,0.04521813171466243,0.07507349217190373,0.2685726336901522,0.111943423788198,0.2503721114244002,0.12975030950989297,0.10727188481614343,0.05135659533282098,0.0,0.0222020671215347,0.0,0.05370108360741045,0.02565167560176045,0.08800803051189617,0.02138024726139181,0.07422170083977397,0.04179648527774781,0.0,0.058392875081162955,0.11004095968767685,0.12861973755355133,0.05174737811701298,0.02387167663764911,0.0,0.0,0.0,0.4665060836981623,0.0
348,0.028210955206683104,0.04851942458103032,0.0,0.0,0.0386789895902764,0.06222708771765884,0.0820131620882624,0.013977868481606023,0.05790597614772603,0.06428327532043757,0.11822676919416837,0.039312111896152385,0.0,0.02682447873719621,0.03869752485709665,0.045993899923159776,0.002561871797020643,0.04067008109994164,0.009544512679308859,0.06736502237047938,0.0,0.024954978645125622,0.0,0.043371804911734015,0.07742989738507636,0.11076703906600881,0.0535779108074816,0.035421673226819876,0.06117871138467161,0.038047743304281297,0.0,0.09700811942046857,0.018938153445298544,0.4475880198998842,0.3647521016028444,0.006578497326496678,0.031976010161936255,0.0,0.16875473089710746,0.20065583406452236,0.026237635582661466,0.017153709879119267,0.0,0.0,0.0,0.0,0.07189095313129279,0.048463474020602276,0.0092531356044565,0.30278437215601917,0.2014007197531815,0.42450077237314005,0.0,0.0,0.0,0.020272918676713204,0.0,0.10750067897892715,0.0,0.0
349,0.0577454507764376,0.033052145769760656,0.023971611255704846,0.06341945538983333,0.09456234271669621,0.052941727427278346,0.0,0.011257155638715897,0.0,0.03739237113554209,0.0,0.0,0.0009048222084273938,0.0,0.05266184422316074,0.0,0.027375221816188778,0.1044579307472478,0.03469172146803011,0.0,0.08227943062412395,0.0,0.0,0.07144331272192948,0.0,0.0,0.0,0.09956559583077251,0.04045886178533605,0.0,0.10698033600822977,0.006066786463096815,0.12266238258805641,0.6341644193367285,0.45670087485239647,0.05945958782680494,0.056715568869655446,0.11633389666245522,0.0,0.06881852984355896,0.07819891264335009,0.01711283934689034,0.009945390211681943,0.0035493647807230497,0.04799202528191061,0.21214730459249478,0.0,0.0,0.0,0.025621840120832132,0.06309730317869269,0.2830466019318575,0.0,0.03527861353839766,0.21710994164414715,0.0,0.0,0.12101586266075438,0.0,0.001052136795513348
350,0.04804763303784225,0.0,0.05823870371149029,0.054203103286858206,0.04140534703367006,0.08449608804138656,0.10674072108786936,0.041362333593468255,0.08636523808585361,0.05872953312973055,0.1024921313707863,0.0817909786854543,0.055005855343954996,0.0,0.06671876553720459,0.08599997578953664,0.06976549729369706,0.040806067481674625,0.2445256331218783,0.021839914554832203,0.07172900915026045,0.0,0.0,0.08183350621605502,0.08426896917865744,0.0,0.0,0.0,0.0,0.0,0.0,0.07416743200968849,0.004134645120171201,0.2944366659537175,0.01566164713845489,0.1425189878727058,0.5801002080261703,0.13724355295219948,0.012500910421715736,0.07593359003952045,0.018200302977801227,0.07377275858330073,0.04761150132015302,0.013110092200834788,0.10066476774115625,0.09208817996612075,0.0,0.0,0.0,0.0213361655538906,0.014367725623564196,0.285420399265807,0.0,0.007263401993280996,0.16753045763330857,0.04033402589012644,0.0,0.018632470753165112,0.015629348055636157,0.0
351,0.05524592404583677,0.05472357345259036,0.0,0.0,0.07491702487818896,0.1351971438114878,0.360040620376729,0.08190420359085007,0.0,0.0,0.04183085240595802,0.06596532374015057,0.02043226004721001,0.0693293384293589,0.017741010640568163,0.0,0.02908429360902211,0.11936341382371694,0.07487501193694451,0.0,0.018264930346443258,0.0,0.10927040864294574,0.00792109097745886,0.0,0.0,0.0,0.0,0.021249822122029794,0.0,0.07178264613220416,0.07182506902407397,0.06427208091362202,0.1864218527158817,0.04496114868372594,0.05653276391704946,0.3386073507645107,0.2406167985757623,0.035619915972186715,0.11374758356322967,0.019891938840924023,0.06857327030227002,0.016326655894021776,0.023164817709961007,0.014388930732108873,0.13300810496226653,0.012180037111675413,0.0,0.0,0.09156784642524293,0.11857813023092735,0.16608878727081847,0.0,0.07360567233801193,0.37832827077916387,0.0,0.07709418714510928,0.03549952492230125,0.0,0.0
352,0.09383902820335431,0.0,0.009666325136316873,0.05799428833761281,0.06332349413242297,0.059245268948689415,0.07998390845066553,0.043980505796345166,0.028945601106186578,0.010611984195687504,0.0,0.02175698355679192,0.0,0.0,0.05008197758566644,0.021633673318337685,0.039013033177930055,0.1127463395360641,0.055196331165598994,0.017084080351859158,0.07665677736066558,0.052726880855593745,0.0192670669134853,0.0,0.03542067566593578,0.012934435148902433,0.06525549973597122,0.03696018712976627,0.0,0.0,0.0,0.08594193917898106,0.006604838984055446,0.4037429742436502,0.1610864565106861,0.018331788461679082,0.1662453149005441,0.036451654800447736,0.06415316232043856,0.12729464278685362,0.0012207256515374442,0.017433678709810045,0.0,0.0847305810318187,0.0,0.0,0.0,0.0,0.0,0.18776298271820133,0.07592800342966133,0.10999749346950428,0.1400937322030657,0.036404520972127506,0.046680954843870956,0.2820743346898724,0.057468425171375584,0.0,0.015331907214607572,0.0
353,0.0,0.0,0.0,0.10939032856473271,0.03790217684493997,0.0,0.06472033433115575,0.03751032462491942,0.036814053415344716,0.02016175599363917,0.12773003901501487,0.01908892707075932,0.04839664196682326,0.03764706676902538,0.0,0.034576037397814424,0.04161496720852438,0.04789567064398366,0.1827492143261974,0.05411648061785472,0.12156288125277209,0.0859747484190069,0.043500550522387306,0.007913315106758759,0.2318527058936684,0.0,0.06319790711557309,0.0,0.03965734429176475,0.022290962946977997,0.04145197237175171,0.18177672191014277,0.11215801679568377,0.03282274310946791,0.12286828206810836,0.0,0.23505097350691528,0.32031580488487543,0.16600006633711842,0.0828164650598255,0.03300451302981961,0.0,0.0,0.0,0.012639210531594168,0.017826849380438096,0.025404851694015084,0.11155067853659167,0.06894405240538715,0.0,0.14188869855459627,0.4151323860961367,0.19639908752618665,0.012677427421555167,0.012421249168975601,0.0,0.014012481242181352,0.0,0.015565192540224052,0.0
354,0.0,0.020549237716553575,0.02920377600925338,0.04340853544458688,0.0632245974257537,0.01900468623584561,0.08001028104188843,0.010919625326785164,0.0,0.0,0.009359859661829251,0.07494636824385595,0.0035234735143372365,0.04849169934189221,0.018442678867487423,0.05526741556247885,0.005503340584631546,0.062136299085711194,0.041674508205444036,0.0,0.04401782739665694,0.0,0.04254787248179543,0.025205500873075926,0.0,0.0,0.0,0.0,0.06581615648325516,0.008133856504206541,0.02680130631531087,0.2555224171410084,0.12434973755812759,0.25608147695657524,0.3813404467167974,0.08918447354623846,0.268785463973103,0.007058046210405886,0.0187259316506343,0.1986282129863204,0.0,0.01459208305590981,0.017067757258031117,0.02429685738892919,0.01667098213457349,0.11343218429463474,0.058456795357331774,0.0,0.0,0.031108711428990566,0.06457530471516683,0.29515080034350893,0.0,0.0,0.0594717666692265,0.0,0.0990606436521638,0.10611678017197641,0.03414819942388413,0.0
355,0.06588147290961209,0.0,0.04173720539569706,0.02286070453722136,0.03887500110778313,0.13381322622929956,0.05045317185782972,0.0,0.0,0.04384560552150153,0.0021817254619487937,0.012281157728815207,0.06799141423481325,0.03912586883525005,0.13477236163324938,0.03096022709311535,0.017622541024026616,0.05275254942985807,0.14034905963181013,0.0,0.09856056072369566,0.0,0.0,0.008183093441864908,0.10649608911749704,0.0,0.0,0.0,0.01254848972663206,0.02700242292551584,0.02214130006402813,0.017668747041603455,0.1209025208896888,0.3772066717853912,0.3254519084030957,0.2098743665976971,0.19433854079890833,0.01635037470377227,0.027628644258368074,0.011777830379286152,0.0,0.0,0.013257839346278954,0.10380924891624563,0.07841384579108931,0.017178075223871988,0.14965195554959596,0.0,0.0,0.05899618351975767,0.04895584787242429,0.17513461339391945,0.0,0.10104384000975873,0.029553196635999656,0.012424543042775156,0.20025532037719718,0.03318805081570545,0.0217158632607641,0.03564610790258175
356,0.04807783552511568,0.06076297147453276,0.03714346901012628,0.04148393535646515,0.039921027929133525,0.0,0.06683393707305899,0.037993486556223435,0.0,0.0482701878840108,0.019153944627705432,0.0424496201259692,0.05316367662136097,0.0,0.003509667403191512,0.026544225068742815,0.07952854937666093,0.0987007919944588,0.16388248936682714,0.022538284923932353,0.046466188411043836,0.0,0.0,0.04670782761863372,0.017858708227574512,0.0,0.036380192511004605,0.0,0.012992063557172626,0.0,0.07726080965880433,0.006590958551452507,0.0967895672037272,0.4365824840780807,0.22521366273454604,0.04506915509795288,0.6940347088143369,0.0869529310040224,0.05909021988368994,0.2391706978919934,0.0,0.0,0.0313144537971083,0.05822323739342918,0.05736559193856929,0.10558551019700514,0.0473620723313637,0.007745234491932537,0.0,0.10421972980358361,0.010369854675445413,0.030865612724557446,0.0,0.0,0.028595675826112842,0.0,0.03394006942659396,0.005495491427032344,0.03728974422174515,0.008289707752660212
357,0.07043237886576299,0.04133811541834229,0.010866045260072581,0.0,0.0553148914581371,0.018630148388450053,0.04918237060533985,0.06526707994131982,0.07301864049341958,0.058932098326260916,0.015908542296735627,0.0844400965748004,0.0,0.11581570806001583,0.2782694289081919,0.0,0.01476124401538431,0.1110433546145549,0.0756392305637818,0.06756198939343658,0.0,0.06122769514940045,0.2773007564659192,0.08338115584264667,0.0,0.0,0.0,0.04369575138180827,0.030629700853705966,0.14570228071802882,0.0,0.11783150030637828,0.11344602549152233,0.2579703240515147,0.21058628780146346,0.02771267314130125,0.313862200114661,0.41732942950898044,0.02726968425160481,0.27120951966470874,0.02193833150162726,0.034553384355377685,0.0,0.0,0.07381601968790041,0.09652867994298955,0.017854955388334162,0.0,0.021137150797798866,0.012044930417295733,0.06973709588822842,0.014262825864331119,0.0,0.07990117389914365,0.0,0.049376273346068464,0.39262977467678867,0.04338923625446031,0.0,0.0
358,0.06970050456442645,0.0,0.1481438545572882,0.0,0.05914057677232462,0.012799100739042668,0.010763058111793783,0.0,0.023426624363956733,0.012905948628351298,0.0,0.0,0.0,0.0,0.032029607437160275,0.013108237545772195,0.0,0.021172479009615858,0.04986349731202707,0.038965897491565656,0.07549136062988006,0.0,0.029261853589903436,0.016527739851213252,0.06372116014059186,0.03806220464952557,0.08408412769310748,0.026048267879072124,0.02051651829578077,0.02606685234258723,0.10290933525352956,0.05315752518129323,0.17808117008184685,0.3315618681102809,0.2796111902848242,0.06775130794061456,0.2647986839040027,0.0,0.13652880798403794,0.007044250871700326,0.012727093363020962,0.0,0.024351667710506807,0.0,0.050521514994944186,0.184191094039663,0.0014536118756962547,0.03926187720398113,0.010960347247492286,0.0,0.16081137530450768,0.03569780790414338,0.03489112120763051,0.04311169594638388,0.0533322080210291,0.0,0.0628461469680106,0.04380515608106803,0.08723659945884159,0.350572367112337
359,0.009840866616133058,0.0,0.039696373964442914,0.019736791592269577,0.021693188634591937,0.025702871682323346,0.03285252455330944,0.0,0.022385891613262338,0.023094201898665217,0.036630334957026285,0.02919404244115938,0.017417315898415397,0.0776951408013215,0.0,0.12654732424619208,0.05335690140194702,0.026487465173627604,0.11522300241139045,0.35585075174350694,0.07226702119084176,0.0,0.0,0.024811728006413136,0.055025539468556574,0.03364113423344825,0.048596719772381815,0.0,0.0,0.0,0.05205152348368472,0.033563593737742675,0.47812971359950707,0.5256155776414451,0.1779804936908438,0.10059144625653922,0.02779396463289237,0.04552569894752174,0.08417385749865158,0.12087253379238667,0.018203907389000035,0.002277373720244941,0.02828880977864677,0.002912667384755836,0.044267579107957866,0.013433407806965888,0.04641031454342885,0.0033004458357937527,0.015783721349388786,0.0202365867200478,0.0582294626205233,0.012720937199040194,0.050881147067977445,0.010973453322108107,0.02471864668754438,0.0,0.1020705495386299,0.007351730071901814,0.047529393982707155,0.0
360,0.11212954800381109,0.0,0.02650373129411229,0.031437187570597144,0.012418926002554422,0.0,0.04304208395972977,0.0,0.0,0.0,0.07962033963368392,0.0189754190871086,0.013315499499634504,0.0,0.0600316823149327,0.0,0.0064066534106125995,0.04802426197114125,0.017432301701477516,0.05759724120847252,0.026550106358631517,0.0033985754764995235,0.0,0.0018900858064015912,0.03762037518063792,0.0,0.0413651702506249,0.0,0.14908982163570708,0.014991040637021304,0.11649545865028375,0.14614370464755788,0.06506748913546974,0.7551981574433952,0.29948454623250764,0.06633022508509451,0.14762017376401856,0.05808637499573752,0.12436998768413929,0.0305350818169985,0.0,0.026646749630476266,0.0023021953551299146,0.0010805305925823561,0.11251386485179087,0.048860193873603644,0.035856973370944345,0.0026037368384299333,0.0,0.0,0.01921164493185303,0.033276607002481036,0.023902683001778877,0.033339205104128425,0.0441831807570621,0.0,0.09762272547401679,0.05134587594000112,0.07099874010878982,0.007694060593955055
361,0.06411985605513003,0.0,0.014747683459999932,0.038112082381316165,0.026982740622162885,0.1050734490039324,0.058512332655705254,0.035127365821217386,0.03546703047868635,0.03811454220229898,0.006711020062356659,0.061433127542584204,0.07448370589518662,0.0,0.10175779973668629,0.11909610349080678,0.050315275818093,0.04500608315119446,0.23898317611268954,0.0,0.018871311142521788,0.0,0.0,0.005529625289746638,0.05485701661951059,0.0,0.0,0.0,0.0,0.11590637820215133,0.0,0.03771517323156147,0.036829873926185384,0.3066709155687572,0.14555238276100976,0.028006931527508216,0.2269819633690914,0.0,0.0,0.22656485133716675,0.002985827021170764,0.05132910851200123,0.057816463190012456,0.028391304206820445,0.009100418960322328,0.0,0.24086164411093594,0.0,0.07488744440122293,0.12311479407094188,0.04136505744549919,0.015396250634578817,0.022466149021308036,0.2486719446679974,0.026512552960857597,0.05609981531225955,0.0,0.024588893148359988,0.0,0.021187228032926754
362,0.010502379327555338,0.07670467152307138,0.04173811282472824,0.034747032822927855,0.07236232104372389,0.015503940953332407,0.2778665276801001,0.09269380799977929,0.043160275214955884,0.0,0.028692561927773568,0.06271864400932999,0.0,0.033502319118181745,0.013444387450101094,0.024198030078748222,0.03824468606799872,0.07959927672634569,0.025341980908457084,0.01631565158450893,0.10980110106562437,0.0,0.03462164936571007,0.047756824416707325,0.04896749057547008,0.0,0.0,0.010880132716707545,0.044526068358307164,0.04540257666547377,0.0417695146951291,0.005891403254299406,0.08973018205569037,0.31274805260956295,0.2487418350843118,0.007598023914178992,0.03381957994316084,0.0,0.0063654014242560805,0.11288869745430526,0.11714650235207294,0.16324289848516876,0.2264497591963697,0.044078375148329185,0.11974323210649103,0.07984237151888277,0.06272745786582315,0.0,0.005113350612852385,0.05091768394755739,0.044834578860817605,0.025150206879786263,0.07263178934715044,0.03215068096712367,0.04008979288582859,0.0,0.0509512950764462,0.03290085912304109,0.20474468431207704,0.06732387445752146
363,0.0,0.02920524207443738,0.0,0.0,0.13978912493392864,0.03701621833316869,0.08531070143616384,0.0,0.06400939442365716,0.06446355325114973,0.038807329490749456,0.06432210547033725,0.0,0.11279151743749387,0.013614584109005103,0.0,0.023487223449486637,0.0,0.3376872183487385,0.0962838514525118,0.057398294822049445,0.0,0.32256370633439047,0.03815451848491264,0.0,0.0,0.020057835388730537,0.0,0.008169633844730352,0.02623561186528345,0.12260072845665597,0.015235812889999936,0.13645718054595368,0.26294445121687554,0.26163105062566194,0.006035103420850578,0.03407837053307684,0.028160008183143157,0.049372173950531985,0.050068296697369695,0.04280911187717417,0.12854958318115053,0.11161929695785683,0.0,0.08853951112978047,0.03584662181981639,0.017196371302178833,0.0023488627383332085,0.0,0.010952035317473952,0.06670042080463959,0.18190074838113382,0.032278391449876855,0.0,0.0,0.06766930242599115,0.22022580552225965,0.59162072804963,0.01749109843753084,0.09740626031183307
364,0.015733856423489397,0.0,0.026246910092582985,0.0,0.00569320754109375,0.03470469035132519,0.03773492276746466,0.024370250491745543,0.010606603145286995,0.002389789072856062,0.2089067890760928,0.02556295771693622,0.0,0.030920225083663943,0.0,0.04025725351722385,0.01774884568317292,0.0,0.01571984161402442,0.0,0.0898758272863269,0.004490348038971104,0.03257248658472456,0.0076500472334291025,0.07887197748598838,0.0,0.03764336259039449,0.0,0.01681343883050097,0.009902769913677268,0.039787443914146,0.16016497822057527,0.13276385604124058,0.29217757513302317,0.14787680117340932,0.026358732272908386,0.15517658143479873,0.22096758564325839,0.2964515169081171,0.03079816836569214,0.08190388241267399,0.062260755549238024,0.028447195579510812,0.03809449797267351,0.0,0.012061143595268371,0.009175862211104027,0.0,0.0,0.004578715454548612,0.04836017198358972,0.13706922280881798,0.15679017438127654,0.00773102127808684,0.02667526443001869,0.0,0.035029156655511956,0.0,0.34150208552091393,0.045685486977690745
365,0.028980431803249572,0.03389647675362365,0.0,0.03558429245893884,0.02658225820155041,0.012573013842031227,0.01904890776903391,0.03586875426788747,0.0,0.0,0.0,0.02564396132509843,0.004300996927916419,0.040153564994411674,0.007532071164310108,0.12262512338433343,0.0,0.05460826226964245,0.12766029026575418,0.0115316553556017,0.056985254379673896,0.0,0.0,0.017046598942959675,0.0550879938372355,0.0,0.0,0.0,0.09559640182189154,0.011117571038430073,0.03278692031643454,0.06392250010975453,0.4649978582925576,0.42782899178847256,0.011701943152575342,0.0,0.32134098689887,0.030323002824900476,0.0,0.1165624604198409,0.012221005047328558,0.0,0.081470691294045,0.1615109553941908,0.014733461774326577,0.020713140556776165,0.03733008202917699,0.0,0.0,0.0,0.03421098660970072,0.130178363711156,0.11843641731859385,0.04351928211858887,0.018664617638937463,0.007427497465117745,0.1434959690507838,0.07169525657960665,0.062012845910254105,0.0
366,0.12787032455280598,0.0,0.07349008151849212,0.014369720295971935,0.04717481799629138,0.032110790503099056,0.06890877235826409,0.012487953697167965,0.0,0.0,0.02079551049037065,0.01724822044981967,0.038783494151452234,0.0805044230167867,0.04584094146437142,0.01805977337113579,0.0008360125563031806,0.029907498463474708,0.08425539002788797,0.0,0.04774270671727065,0.0,0.040694119581838745,0.06097201308841237,0.0,0.0,0.06682273205622219,0.0,0.06105459833136115,0.0,0.0,0.0,0.12917627189326789,0.34920627076419086,0.3212782251512584,0.027961806095247798,0.14058158219982222,0.1599687178262962,0.19156722337499668,0.03292454817593882,0.0,0.12489074176214993,0.14515643988518423,0.03233899855774215,0.06857891231172926,0.09681697085894231,0.1166175072715532,0.005583786515600824,0.0,0.014911731577551742,0.0,0.32243993589571557,0.0,0.02762409108447828,0.1361234137010227,0.012719802364010584,0.029979305096966113,0.013162425462949674,0.0,0.0
367,0.034503266589456405,0.046061033675589835,0.0,0.08882119644885124,0.035350995018039004,0.0321619040606121,0.12983264290295524,0.01818202113641816,0.040018331522557855,0.0,0.03027390665491182,0.03083664947795284,0.044462657655855976,0.0,0.009982884322053633,0.012259514672496566,0.044799961343297445,0.09375274913068143,0.4380346723943482,0.03677941166245148,0.01967136562786015,0.0,0.0,0.09969112717444234,0.06427862484209011,0.0,0.0484635467974743,0.0018290772624232376,0.04188283407094504,0.008090092699124574,0.06263768962614485,0.09461441532999479,0.21508606382941586,0.12735254129847065,0.3588587988911828,0.023166892145071893,0.020161382757225142,0.13579441825163735,0.044381133497160975,0.11759102445755175,0.07660839633602924,0.011434322662662288,0.1479596766781023,0.0,0.010611432055876708,0.0,0.03867055574409029,0.0,0.060609576672115084,0.0,0.0,0.14776920825183765,0.03772637921087101,0.013695136390117364,0.04357181581379835,0.015287393891176934,0.10452813057640728,0.0,0.008023309626577404,0.0
368,0.0687179188845382,0.09653472467017594,0.023391313973403785,0.025740878710941596,0.026486547932407577,0.0,0.14530144223850183,0.018713341748979147,0.0,0.02573705159436385,0.0,0.16912567615003468,0.031062051955103788,0.05715747470771913,0.02504598457874341,0.05818653969669109,0.014274243286369797,0.09778440612892772,0.015466745351381745,0.0,0.015181930824941025,0.0,0.16589769664692677,0.06544433953760993,0.09108957286412864,0.0,0.0,0.028172529545647352,0.14010789650363165,0.029298828258678033,0.0,0.1729862727809665,0.16463259175236516,0.1669919806810506,0.26437522044634515,0.026491418993098963,0.02698263937926084,0.413051262174677,0.0,0.1407216205181006,0.005157372131021714,0.045325815271181825,0.02778114728998657,0.003925044140792415,0.4127114212117664,0.02258541645114195,0.0,0.0,0.0,0.011038494502889509,0.024947431716815724,0.03794724975143395,0.057635310160080035,0.0,0.039951905292501325,0.061593942436273544,0.2865357538084814,0.07759362648105247,0.0,0.0
369,0.030369874127214952,0.033379413042061136,0.14904067691957748,0.0,0.03103968771324629,0.029560036567584894,0.0,0.010694205084234064,0.0,0.0,0.0,0.0216236203170671,0.0,0.09119474271308535,0.00974302097526431,0.043738608959797254,0.0,0.017081608758871346,0.0353691406940386,0.05039318626887976,0.0,0.0,0.045209607816900206,0.09966145461127691,0.0770124834952532,0.0,0.0,0.0,0.0805850840706624,0.07490417357360483,0.06539894632099388,0.2556027053961179,0.010810869040546418,0.3019660676911181,0.10854853817463192,0.14159340657164293,0.06436298441544096,0.23858004223171642,0.0,0.02349451839176023,0.060068039730491955,0.10509540611862307,0.0,0.023234118377274925,0.0,0.04488933301228104,0.1720247770307926,0.0,0.0,0.16299884144267185,0.01113361097454487,0.11446356653668387,0.017072403930544797,0.11561447047780371,0.04537298336244641,0.09008688775366679,0.003901331181595733,0.047262507846797176,0.06572455454026632,0.0
370,0.019513828143194065,0.0,0.0,0.023800055740156856,0.197088665520657,0.04303505375194888,0.0,0.02989898272638174,0.01036992028935995,0.0,0.14320747564146852,0.1062785235522935,0.07013215505941062,0.06756248920195686,0.010009265212923179,0.08528895784116527,0.0,0.0,0.12099993777801905,0.09682762124046695,0.0,0.08059512639828577,0.037237956271290645,0.04976284463001761,0.15782674278179243,0.02254865377490397,0.08744092096923559,0.0,0.041068002738236846,0.05033012663843176,0.013858797099146098,0.16032512241856606,0.017804191269997677,0.13066611015297983,0.27312665914655326,0.20794579189986254,0.19926978583004865,0.15079285210568977,0.09031303686204724,0.05189721736301271,0.02383521515533408,0.0,0.0,0.0,0.03674226921144088,0.057426393083575174,0.037159755148392246,0.2506680350302223,0.0,0.0,0.041282791137989314,0.03449664405288852,0.05952915607258113,0.05223139506810663,0.056485843675488236,0.0,0.08013494909430911,0.0,0.0,0.0
371,0.00018660869819829616,0.011574134168840814,0.09769533740858022,0.03810341962340842,0.09763121934381086,0.07176843935565763,0.07051346551571354,0.0,0.03357484525757667,0.0,0.0,0.05950541963962637,0.0494450787358339,0.07933250625877747,0.06449284201931858,0.13427326318545393,0.00029143565146803494,0.0,0.05510857679245321,0.017364210679793143,0.05623492088723133,0.00988980423877569,0.0,0.04038921628368449,0.10335151813963844,0.0,0.0,0.0,0.018967323371356436,0.07467419815938683,0.0,0.09844958762619346,0.2633123102299589,0.13401838739725047,0.33156711563047336,0.12148910468293994,0.033253983530137955,0.10058235146763536,0.03444051447342335,0.01779450811365352,0.027620843403706144,0.004842247669759534,0.022733863514439526,0.07615445481578335,0.01080182481057752,0.11111215917087983,0.02076053408110991,0.12003431068742165,0.0,0.03393115647293476,0.0,0.14195531166763659,0.09450203589970274,0.03845997823444169,0.054338165505309524,0.11017755994807982,0.047720879556257055,0.019236729828338288,0.11581464127831653,0.18215364766829595
372,0.03978883230351458,0.039082726236404,0.03180080276141797,0.07949179278454338,0.07659294717613074,0.04050531894866673,0.055555513062176626,0.0,0.0,0.021907666193424765,0.0,0.04313933033473154,0.03864770498070912,0.05220571953850009,0.023599245934676095,0.07456916362400409,0.0016150509230592359,0.0,0.16545425787072582,0.006503055334238259,0.0,0.09013982807065934,0.2840339154169818,0.1366989583909439,0.08383037394359608,0.0,0.0314782571525428,0.0,0.0025870494284586454,0.0,0.11707272229290033,0.0006509180742075096,0.336521007491679,0.21220286277836867,0.1740718241966306,0.0,0.034693262582836025,0.18327760639300375,4.488476860483814e-05,0.08665682971017978,0.026838314860440905,0.029313702020229725,0.12088483037525849,0.042799001148512594,0.00787733726562453,0.028676885955951012,0.0,0.0,0.0,0.029087833789709593,0.061732715355592604,0.15663976979817978,0.0465024107830257,0.020949143615794908,0.07913570788408711,0.0,0.06985327028457207,0.0,0.02379015085123549,0.0
373,0.08776365479005238,0.0,0.1977069325901618,0.1496919636587689,0.0,0.2031707064908392,0.0,0.032254742398554935,0.05674187491799079,0.13286410673045312,0.0,0.03219246130520532,0.027157919554143616,0.026681018827643017,0.06352839935330988,0.07035400311521645,0.11046460122933657,0.010290114555207213,0.13699541472710117,0.020415785515286538,0.04890639676438046,0.0,0.0,0.1553304471749468,0.014285294674419621,0.0,0.001887928747824943,0.0,0.0,0.11797515933782458,0.0,0.0,0.026997315213337782,0.23465716660116628,0.030577533205445748,0.08016841345864151,0.5631304454467404,0.23810973569807362,0.0,0.09706017362237876,0.02398235355338843,0.014769795177696204,0.2029860111599291,0.10358592682554738,0.01278260909379242,0.0336099934744486,0.00801255980731098,0.0,0.0,0.06293223857683992,0.0,0.01272395661396053,0.0,0.086521239788028,0.0,0.019606583846988296,0.0,0.04500542105849835,0.10019755356652009,0.0
374,0.03218145478568697,0.23214412558994493,0.043593016880313175,0.15341079136520022,0.019440636525139353,0.05370993021421543,0.21842287939448415,0.10114167373871537,0.0,0.027294321289526358,0.0,0.04456744076000097,0.004598125700741657,0.08334249731752989,0.0,0.0,0.06167284948968368,0.06499988433846499,0.02250309261542659,0.1313437500880906,0.08903005614007077,0.0,0.30165607554843765,0.09532287652172848,0.09794414020376326,0.04939435450886542,0.0,0.0018666015278826942,0.05835876554707403,0.008934413768201713,0.0,0.06397245704015539,0.0,0.2727893410960816,0.04812960076233919,0.048833900335146174,0.06251677805652317,0.0,0.0,0.08096287899036099,0.03711663461197357,0.014720394815490192,0.14103748902043375,0.009350207772576906,0.10093176262934485,0.0901929413581041,0.02432863767075556,0.0,0.0,0.0942355125873876,0.12071566691266725,0.03804043217536862,0.09987343115142565,0.027537836925900793,0.05320844686472828,0.06677770865003403,0.24956584631853435,0.0,0.0,0.06308061091049173
375,0.0,0.049417431064803806,0.006805008142511566,0.05445022165777554,0.14525713999892473,0.081412402952033,0.06746313455281312,0.0,0.057219905057087635,0.020275003055924178,0.0,0.050190494314950304,0.0,0.0804441105878839,0.14821978815034567,0.08006861902592799,0.016720535835928203,0.07121991552237528,0.02815604677565929,0.04102769375868652,0.0,0.062312896503089917,0.0340250234325767,0.057189981442766415,0.06532579580374444,0.012880124227844344,0.02379798872578534,0.08137528086143632,0.056607223157413566,0.015542867565630052,0.16547104339640792,0.11942197916155069,0.02478939180752304,0.20579413639294403,0.021909901595758147,0.048202022670619016,0.03308521992413404,0.19505064870438804,0.045931568173379914,0.0665775335357124,0.040145507389732674,0.005904975469536466,0.0,0.0,0.09257257012362972,0.017824026498579417,0.01684013055418653,0.00995955286830559,0.053263737178728655,0.042075501734210485,0.0,0.07754700591541892,0.011222937536028255,0.1962514595446452,0.0,0.028345972569238705,0.0864881795117638,0.3224626687595648,0.0,0.07546017023593415
376,0.005665629847439429,0.046662779760101615,0.06429678719416076,0.13710581342714043,0.009323294625080757,0.01897616611461188,0.03627326585753444,0.023220693750954598,0.014992610040256607,0.04578840829282076,0.06698031629361435,0.04554854223067539,0.006975687333048941,0.0713545089716846,0.0,0.013541138044646465,0.037540159232221273,0.033351138028589584,0.11963107409553327,0.09593135758401605,0.11421635704304055,0.0,0.03299853427876597,0.10392213533246272,0.022526815898220316,0.0,0.0666678243554767,0.0033064336077963286,0.016270815800226733,0.10332973142971193,0.0,0.26234758892858107,0.0,0.27962829394142213,0.1979966172703345,0.10857365565035898,0.025008261223015974,0.0,0.0,0.10363749473332469,0.040850575441273164,0.045462436441489354,0.0,0.017989431157650167,0.04511480317638114,0.04054929802027098,0.01688750683035209,0.0,0.062404391812640715,0.017406099732585018,0.09717366056414706,0.056069870972285586,0.1250512023026097,0.1792889016939604,0.011445426947048549,0.0,0.0,0.09267152512666996,0.04717959082385706,0.20202978892544618
377,0.0,0.03720849981268958,0.08926376147625927,0.036802928727014655,0.05021005371914161,0.037563000925800505,0.11095327198417965,0.0,0.0,0.062140133725444094,0.0,0.0,0.03489607506182649,0.038329620849867824,0.0,0.22060575259673987,0.006703399480038619,0.13727206592511604,0.0,0.09219640632677034,0.0,0.06989079039039589,0.0766032421756893,0.14740215145103716,0.09986776432783266,0.037753412530102934,0.033618937773213044,0.04907003194122605,0.1348803862875955,0.0,0.021560718309041195,0.3313135671030868,0.014422567368207271,0.07481834550636975,0.03414140386076611,0.0,0.08428527508726286,0.10020112702360069,0.0014405282688395782,0.11477866606234391,0.0,0.06216256922783507,0.09271354578909913,0.0,0.014897322990211417,0.05743451684566646,0.08505106034564815,0.03135879079596445,0.05467033783510109,0.056136900155475775,0.35115656213479496,0.07210211285286613,0.35975408005070947,0.07050239532955334,0.00626786279359665,0.0,0.05232575440314425,0.0,0.07648942597399985,0.0
378,0.041422549030619475,0.0,0.3526436109723571,0.0,0.0,0.03375435489395139,0.06074414594982454,0.04951207746435277,0.06189396705290487,0.030242856484440188,0.04344470558941245,0.12918107540258358,0.0,0.09541828614959463,0.05596375684583139,0.04818323875081249,0.0,0.0,0.23318240917254904,0.02844314971232547,0.0,0.10094327374218898,0.0,0.058258135593275806,0.036941922737601204,0.0614886306099006,0.06503214636149961,0.04383668419506446,0.03958197750911999,0.0,0.0,0.04133814051183637,0.15779599357392937,0.11854122834773628,0.08149395509841514,0.13238590047003285,0.15066795270598404,0.20843042684218932,0.06066156302823525,0.028593863209149254,0.04447112622790747,0.0,0.14748073165163775,0.0817369295154155,0.06430952306719803,0.02908056591383625,0.3382645089265157,0.012017275063662139,0.06834129977321031,0.021084711951252878,0.047432359094562455,0.02978487045652453,0.002683064372424886,0.04250449295608662,0.0,0.0,0.07653561434642268,0.1252793652680661,0.09255350458865695,0.042375939672015035
379,0.1276017863843801,0.23605321523683087,0.0,0.012972290274912842,0.0,0.053674290582098244,0.06593036959573646,0.0,0.041339702148767275,0.026520662590539906,0.0,0.13426995054950536,0.052360079824518825,0.1412980341265456,0.05585187428486006,0.05170466598033143,0.03370619874087221,0.041420744040191144,0.07457467495702373,0.0,0.04749776623788372,0.0,0.0327896600472579,0.10156485710105277,0.05374787674764634,0.0,0.0,0.027763813768170404,0.1854065678136667,0.022822924948140026,0.0,0.1330221267151037,0.2496813788735322,0.0,0.050899961865314404,0.07625501881094177,0.2493770395801518,0.10028273419239091,0.0,0.048674689378241334,0.016147992498972193,0.03216082093003993,0.21428967621572834,0.03872753617394781,0.13763126171550127,0.02753050900479304,0.0,0.0,0.0,0.14132991820462057,0.03336206121494555,0.0,0.0,0.13089660246796092,0.010382440713474583,0.1520504287823836,0.09598152123856447,0.14620268784868942,0.0,0.01846038256913261
380,0.01678217757912662,0.0,0.0,0.019332121768128704,0.01727907768613915,0.031212178378076213,0.013177320496300191,0.03150672237999692,0.02352076764604981,0.03338703868577221,0.07592591692880961,0.0,0.02069163235957664,0.040600232661728894,0.042665811249062685,0.055946452354117625,0.0,0.050207475673882014,0.07802759936912051,0.029899896780006756,0.04495482067423336,0.0,0.0,0.11251795313987117,0.022604250667041192,0.0,0.028368986248093604,0.045389196318459106,0.025561894655273937,0.0,0.0345536975870979,0.05172675080186772,0.4123686929817634,0.03483337695018425,0.2949389640101123,0.06615870057407089,0.06617188990911853,0.17606576735717713,0.06128035101860859,0.06377123710026965,0.010676845124319408,0.06421358822701145,0.042486993377801055,0.0,0.012434539224154823,0.18555402155604453,0.07209317913825102,0.0,0.0,0.0,0.029812737125739685,0.05213695068056662,0.0,0.12804559981618888,0.048087570260069296,0.0,0.10196302498485965,0.05686329727153547,0.05594151541990431,0.11862321350149052
381,0.0,0.0,0.05801342947014515,0.07056880635027275,0.01909715547690976,0.035168267927406995,0.0,0.0,0.04502404681400777,0.030660331963925695,0.039385024454047006,0.029281676464537606,0.0,0.02032714575384639,0.0,0.006534726839987304,0.02618424169338432,0.07825261523116031,0.15399768795243982,0.010963283472086917,0.05078183981989865,0.08287638538817763,0.015961326537086585,0.0,0.04701428402147326,0.08012398006719351,0.048566722425076626,0.007692986675351954,0.10887298329998735,0.0,0.13436106244267762,0.20060144545193487,0.3162043768654791,0.0220467428287322,0.11433058855063201,0.07980852223569218,0.23069879891839243,0.03519992036328873,0.059514645901659564,0.1201504479273066,0.04490171770422404,0.019722254282794865,0.0,0.0,0.0,0.0319608156483219,0.08329958465861514,0.11232348986124042,0.0,0.003944284329714407,0.09747536140134087,0.01457182218690292,0.16468851427878708,0.09735046388622426,0.17132197621218404,0.0,0.0,0.0,0.17289525063455105,0.06942594786412172
382,0.1390853625623881,0.0,0.030875463953829323,0.05459036270861588,0.0,0.017173886460029736,0.028885713456880888,0.03918232434117826,0.0613127457247234,0.02701381565310575,0.06467862936565055,0.025095732206594182,0.023266051378891914,0.045361763337068615,0.011427676444844605,0.07606624460606819,0.0346777152255648,0.0,0.04160346693093868,0.0,0.0,0.05997074552927242,0.04972618480654652,0.05661738491401097,0.0,0.0,0.061531197667949414,0.07384827508530555,0.01647508429441209,0.0,0.0,0.010681886558392311,0.21637153867614017,0.06311002373893287,0.11893066946888592,0.15391322690174056,0.015933181717820828,0.019992027216086013,0.10448407372148852,0.04426896448365115,0.011281732161462167,0.09267729738651853,0.0,0.09775536403303121,0.0,0.0,0.16008233355421608,0.05623577260001049,0.009154114454764013,0.05456054159564764,0.0,0.07911379305530167,0.19363852554231062,0.107360273292668,0.0,0.25638579463739775,0.20280700976146437,0.12146237944565431,0.14340192005848895,0.072026932445327
383,0.0,0.025973958960287317,0.04450222751071746,0.07801905842555906,0.024542710138837083,0.013864830616725245,0.08181495398872071,0.021513114661031126,0.012424796582782088,0.05460563960032161,0.03342502506518332,0.025938689242537134,0.0,0.05021403510276229,0.0,0.0726637839506817,0.0,0.05615764986628046,0.08781773503269907,0.11891844977807732,0.0,0.22662458002268315,0.18694647070268125,0.06193851743532263,0.040647119170742985,0.0032923277056634372,0.015332212191786465,0.08892262461187371,0.17143848705260786,0.0,0.0,0.008516607621430625,0.058939955860343576,0.10648742724841122,0.032343767098582304,0.0,0.040400584788896354,0.10638108098561525,0.04850601797398391,0.09549472774994255,0.0605369088389446,0.07002801508961502,0.0,0.0,0.045139550192762015,0.018279373706427883,0.030202977850071786,0.12470698144097207,0.0,0.12276348844495936,0.029232782949814656,0.18535604422395482,0.17471413940005356,0.03225483470574098,0.0,0.0,0.1605800759905835,0.0,0.6045044371447954,0.2602603846560105
384,0.013807284111921612,0.06466765566497934,0.011602036112140852,0.17317346510257944,0.14301541666807588,0.1074182136866937,0.0,0.0,0.031642926867321244,0.021154757071202655,0.02910583679497688,0.0,0.0,0.0,0.0,0.06430776392765636,0.0,0.0,0.19841547380963806,0.0,0.0,0.09789594879212897,0.06138130036598041,0.03848453807056622,0.07283804209542462,0.08646582906294821,0.015555560682402873,0.0736919642665497,0.40410172289515134,0.0,0.13868188240252524,0.0,0.254536222530567,0.03871612544219962,0.033120413352342754,0.09309582405379108,0.22090940271997367,0.17267196650495947,0.10524076068302607,0.14356833502960697,0.04428640659041139,0.08660390528302102,0.0590051739620773,0.0,0.0,0.04280950949836724,0.08938433523632312,0.001437159513002142,0.0,0.0,0.0,0.4947588857986361,0.023415715342875135,0.2717697999738044,0.15848978019602578,0.0,0.027495879752760275,0.0,0.01670407913476043,0.0
385,0.06717361281416047,0.10776025732250856,0.044870908371450316,0.0,0.0,0.046227937380123194,0.013937214597135296,0.0,0.035357556317631385,0.12192909985114468,0.04807600703040504,0.03632028447875906,0.07336681725298894,0.0,0.08186698507322747,0.06694241963805166,0.0,0.0,0.4196856659117709,0.0,0.058780771913471225,0.0554053824994379,0.0,0.08850281153548739,0.0341342082071201,0.0,0.0,0.12423689444387051,0.0,0.04423600706667303,0.09221010428874495,0.07021258373786218,0.07328650822859713,0.37739905622467074,0.24890549434786366,0.2881545847525001,0.2886991510883547,0.010057357090954455,0.11258560313888484,0.07048558384155676,0.09419315297151182,0.009998305883986933,0.016185062871285943,0.0,0.09462035513498891,0.0,0.0,0.0,0.013983390902733515,0.010067784013580185,0.054478781822181487,0.387963195528662,0.07737483345455982,0.039019770533014364,0.0,0.0,0.0,0.14943456595300575,0.17090384318419943,0.0
386,0.03797579069937946,0.023482008105841272,0.011541777428254053,0.0,0.07676675126359517,0.08565218222800124,0.08143497230677602,0.033449069570056965,0.02145524278240631,0.0,0.058302760187954356,0.07688717103428752,0.040221400670463765,0.04272487421027666,0.09038833208207939,0.0,0.014712614927742194,0.08044241963857145,0.0,0.0,0.12715474806243665,0.07083023037528498,0.16383696117811408,0.20320456495570455,0.0,0.0,0.050944700125305706,0.09854473048675734,0.02835424362914298,0.0028245444695603936,0.04611763286436535,0.0,0.014566511840394125,0.21984442592863518,0.02849049710186925,0.06797211367374657,0.4554170923888363,0.0359987030384501,0.0341773775858971,0.20922012777045954,0.01912167807381712,0.024858742053711972,0.21733285848521228,0.0,0.030852668721620607,0.007878774293452623,0.0,0.0,0.0003656322421832092,0.006928216714416937,0.021986193004945875,0.26634961557572906,0.0,0.04212635028639414,0.10849755629610057,0.16599500047050025,0.07809932073740079,0.04310600720144714,0.07515177921140033,0.01639688835180851
387,0.1352671919996697,0.09037973598287674,0.0,0.028071096429086874,0.11874294264063769,0.04229196193957024,0.21414152243963167,0.0,0.0478920243986288,0.019372370558513215,0.042594198205313454,0.0,0.0,0.0,0.08120427345963056,0.0710041326891086,0.015447118000930717,0.03095224806487218,0.06138480852117757,0.0,0.06716932876827132,0.08344480736713267,0.07989843908358883,0.0,0.0,0.03865218823181306,0.0,0.0452086954988824,0.08209709775616465,0.0,0.07098289175907135,0.0,0.06702443846927494,0.1287993909813331,0.01367106260248784,0.04465634881967393,0.34265909484434953,0.4403334853475082,0.0023738242658444663,0.13020645971958308,0.0,0.05399440324667905,0.0,0.0,0.0,0.043543461485940495,0.015527896117158865,0.0,0.027432042069305815,0.0,0.11339364923560728,0.3682196999985949,0.0,0.007714376004975958,0.13721449633642802,0.0,0.0,0.04561432959463245,0.19992485135800442,0.03180819592546837
388,0.12586617984863274,0.05037771774032727,0.02942456516149564,0.03672248344562713,0.06551348515034407,0.0,0.0,0.0,0.07530963294913126,0.06867691958968898,0.04114308188099016,0.0,0.05006140651523982,0.05474874806317158,0.10876185608149182,0.0182444178569348,0.09334163024530094,0.0,0.028350252038298093,0.0,0.02377764605391652,0.11934708475141641,0.08301847371533355,0.04238085832553453,0.0,0.0,0.03444583865304014,0.0,0.008372521792929088,0.0,0.12064623631968953,0.0,0.015667305226846295,0.11019569597314477,0.0,0.008017591640234923,0.559271056867105,0.1628044323575632,0.0,0.035116662040353235,0.0,0.06763345837283918,0.0,0.2253047608791046,0.0,0.044195524379188306,0.04259952258619471,0.0,0.0,0.13368406076144662,0.050455500436022434,0.33078246733346434,0.0,0.0,0.0,0.21778727385323124,0.04603574034469565,0.02245084007800171,0.05246293866991576,0.0019089198531619818
389,0.0,0.0,0.11432149273077372,0.11741984988548478,0.0989378975383493,0.04206312127692506,0.09731413429494187,0.02064108827053151,0.0,0.0,0.0741136083851423,0.039311317103729045,0.06361574097862556,0.0,0.02269070776799111,0.06139275625937487,0.036861855916691735,0.07236237608108616,0.1746167618468635,0.1117576726622646,0.1250351875664317,0.12373099060710119,0.0,0.018391209686676645,0.060402101580321325,0.07451633066705189,0.029468835097041818,0.018629256620068917,0.029119278265142344,0.0,0.017036338781695366,0.24843322631486045,0.1881722736555412,0.1692034870455552,0.0922500127593679,0.0,0.28835324047747796,0.05061019322009565,0.009830726773043991,0.1478711596917963,0.0036097807362485248,0.1170237355412523,0.0,0.0,0.0,0.0,0.0,0.46779391640439427,0.002640767523985799,0.0,0.013383011975734504,0.04571054057108787,0.10398442926660847,0.009216540736866,0.0,0.0,0.02752312247949166,0.03071673835831814,0.0589014045457358,0.00619233182314656
390,0.0,0.021904710877251644,0.04680694247899452,0.03886080793192628,0.06879170563223813,0.07163660179694258,0.12593884291284788,0.0,0.04866060833299846,0.10438583341447072,0.06208232706571099,0.019866981155617882,0.0,0.08328752926694427,0.0,0.06456107798984048,0.0,0.07115212810768166,0.07271028717042738,0.02217454876747071,0.06092368067490892,0.0,0.05782764374706979,0.03037346788587395,0.12363193269573798,0.0,0.022106214899140046,0.0,0.11926032878738889,0.0,0.019501718826418237,0.05208231481646456,0.08467618445024433,0.25604098159132904,0.0214724288431317,0.11849735899269452,0.1350962347995876,0.09922741956580343,0.03468834150526436,0.17480978226811963,0.04581327319743234,0.1338240649307136,0.0294908044292017,0.0,0.04921520077642241,0.035934673373689656,0.0004548240927534719,0.0,0.03793234927484937,0.0,0.0,0.6606921385331378,0.15614777901535823,0.10612640520404071,0.061812493656920486,0.0,0.10111625205879253,0.14503935111403835,0.0,0.058904529183923464
391,0.09967485887675133,0.047023428412008975,0.0,0.043325359109886004,0.03863743632089809,0.06577489218028107,0.0,0.015082511078568565,0.019883178386802716,0.06267098473324498,0.0,0.0,0.16393774521478388,0.0,0.09518179492398172,0.1168556967044909,0.056736995329331616,0.06604846229115408,0.02801675513156948,0.0,0.13484115997971485,0.0,0.0,0.0,0.15148513851395493,0.05729267926783741,0.0,0.016962943801708423,0.0,0.09214841066964105,0.0,0.07342225522004091,0.284807494009969,0.0,0.03391129910317797,0.09629110003269732,0.45933062919686163,0.008641572465535976,0.008269446814584008,0.1538733073298897,0.0,0.0,0.0,0.0,0.0,0.0,0.02345556963050331,0.0,0.0,0.0,0.21214912790895088,0.6301042907835169,0.14779103899287205,0.10561539285599812,0.0,0.060578813405251834,0.0,0.01320783823119148,0.0,0.0
392,0.02273295832819162,0.020777995839746127,0.04621725842062651,0.03871400656414403,0.03580441272140324,0.03708239244162942,0.15745599706581628,0.0,0.03293498665374695,0.03652790927290103,0.016326250536921785,0.12341249618737471,0.010943944097436811,0.0,0.02450462607565007,0.0,0.044156253081410274,0.07768128866293883,0.08810024378857148,0.01745280059940264,0.01298298092190971,0.0,0.0,0.08457248938255539,0.06706823981655581,0.0,0.0,0.0,0.06838293998607954,0.019311957243524247,0.03538756689776055,0.03231834800693342,0.1120034192973888,0.0,0.012970831538641958,0.041925554718775924,0.5693388843042329,0.05741812336010245,0.03417920487532188,0.2765990535162036,0.0,0.07519781851766108,0.027880172097288426,0.061271238126617396,0.015906745185694283,0.02161298779387744,0.0,0.0,0.0,0.009791352296453802,0.023632988341681784,0.5964221604235221,0.12347069168831519,0.0592942741035195,0.08329563757183968,0.010225116594310673,0.06314505976949918,0.018162871120461138,0.04799575870128179,0.0
393,0.01128948538320187,0.1282984033372974,0.04223173340550237,0.0,0.0,0.0,0.11164753535885642,0.05867413880116538,0.06285801429646556,0.08269774423923743,0.11267046560423824,0.12236176152504538,0.027254793057657375,0.25848356066672545,0.050096911277365264,0.03644503048601953,0.06081381675866206,0.11066461518326925,0.0,0.0,0.0,0.0,0.031206960314108773,0.086372984470872,0.0,0.11785034587797424,0.0,0.11553121809805286,0.08273737979291022,0.21896786436202065,0.0,0.036589411926585054,0.02406059749729737,0.03278739678666237,0.053476883842213475,0.12808500795329145,0.02205943569441305,0.04891506171616153,0.0,0.23948734267027114,0.07436688831418017,0.040783990645634795,0.003118578295042995,0.0,0.12127554632058946,0.0,0.07146457555805058,0.015460871429066252,0.11202349598633672,0.0,0.15087083320657052,0.4571687609464918,0.19890856265680065,0.17218656681696118,0.0,0.059590207570480065,0.45270647313185,0.0,0.1585387392952577,0.06909479935363028
394,0.08156335949728338,0.0,0.001873424053219901,0.0,0.02867679181333639,0.016741389904229638,0.02409115242836273,0.012283755101453372,0.0,0.02661273961161522,0.0933875039765772,0.005263952787160098,0.03627310205354913,0.09143050421438444,0.08228420346491476,0.021352663006061007,0.0024209084437035846,0.09883560420757274,0.04430030523972019,0.0554552743593611,0.10374913136539887,0.031580364180323804,0.0,0.03939440578227175,0.02760420522311004,0.0170023456052415,0.0,0.016204880011676318,0.0,0.010536550676277451,0.08875819364845207,0.11899139057983994,0.06635711075428052,0.0,0.024467765316610223,0.04892525005199797,0.2696171933494795,0.07532498022754221,0.029703292830127452,0.01680870907998163,3.850875912817298e-05,0.015107142803683417,0.0,0.18439479347605578,0.021677963348896018,0.0,0.0,0.0,0.0,0.06913446851416531,0.052520755858635096,0.42259233534047785,0.12178724716295675,0.1442175622592169,0.0,0.18888702954706382,0.09769276574060251,0.023676900194051935,0.043757796722366384,0.0
395,0.03940494363755867,0.03251007579910917,0.058245715951691944,0.047487448620828224,0.02090866157373978,0.04399599698287137,0.018194834535079387,0.038961225720325336,0.0,0.0,0.12628752633248788,0.08644190879211189,0.0,0.025103267770212212,0.0,0.03022226073916195,0.01706315382035604,0.1533300247713384,0.11146182280988491,0.16054031801775723,0.021561233599456407,0.0713234477934197,0.07604671738117778,0.007261069047464426,0.0722938072286737,0.0,0.04195962965565056,0.0074481071464752155,0.10341764586848284,0.0,0.05906921448304244,0.05368150807197393,0.006969634631231003,0.036501896147048116,0.012970741671124655,0.12906290008065385,0.162901330847929,0.1427041529243912,0.042509718181515596,0.09210987998828168,0.0,0.033709496768645396,0.013838083657446477,0.0,0.0,0.019588914230456316,0.02634973196769858,0.08082843517597003,0.019204226064140944,0.0,0.035311910319940784,0.6193045953232718,0.09840749920876561,0.04758032849730876,0.04633077377567146,0.0,0.059915751774756866,0.06633779829196945,0.00697053480821197,0.09591937222473419
396,0.023690432714234596,0.027011623927749744,0.03318735381726471,0.0,0.05297952871569149,0.009142125152724914,0.026462208278520152,0.008174546270655602,0.0,0.0,0.0027649959936304324,0.016697471086738858,0.0,0.1314740656833602,0.02586706146053232,0.07506338569494948,0.0,0.10164752870543874,0.016031886875170258,0.0,0.06772755736750675,0.0,0.03775348109932839,0.03485938539190776,0.0,0.0,0.0,0.021808675460528795,0.03182227646917252,0.0,0.04085517827220744,0.1785533034355727,0.07307949207692228,0.035125057284502804,0.03610413954537059,0.15272729404533844,0.17253490579140182,0.15586760789118045,0.0502453329833165,0.09535432670385477,0.03193690696430393,0.06393061688552079,0.020117100838301285,0.006065790946854852,0.05236011608531783,0.1068841020898066,0.0028432763071480236,0.0,0.0,0.008261782349653597,0.08202860190058278,0.5697506604777702,0.07554316510474837,0.3346066252940678,0.09812150237269171,0.0,0.0853372476883512,0.16770432465766294,0.03973049269172715,0.029231029984136084
397,0.028194557869733048,0.0,0.06423430376068882,0.0,0.012656325537587033,0.0,0.0,0.0,0.03095062020503135,0.052201389708258515,0.039173899926328186,0.0,0.055026013099717636,0.0,0.08640299014773692,0.18862664046890654,0.018498130434163342,0.0,0.347644510385408,0.153013100335674,0.02212721052875303,0.020362092435757696,0.05504722969616644,0.11875599324008419,0.0,0.0,0.0,0.0,0.04482166418716781,0.0562978656315596,0.0,0.0434087731960066,0.20330263379122607,0.19829289038686598,0.15247392446385255,0.07158138451387118,0.2284933143217478,0.12296124124221235,0.0,0.030357232323408468,0.030093993349397365,0.0,0.02071664131600898,0.011139542244796727,0.11672345761419635,0.01514498492411261,0.0,0.0,0.06486298203680133,0.02295311425759742,0.143388672881968,0.1642826473400903,0.08334297841372434,0.17225420837805291,0.04918782099483038,0.01950174636789781,0.17868537127606302,0.05877783076480623,0.0,0.030704128337505084
398,0.0,0.05381320091861211,0.14342970430057675,0.13585528979671982,0.04505739133640747,0.04708939300541792,0.0,0.05411744819679237,0.0,0.02992187180987054,0.00806001977971544,0.10690651910714327,0.06675612826950798,0.0,0.0,0.11517968434716992,0.033107016772332035,0.0,0.13454010555480492,0.12454021090028766,0.10656032233429082,0.055840058236484386,0.27324887017904786,0.045669966300581066,0.2102749530377108,0.17600167741810335,0.03728528416173191,0.07245113056389124,0.07938132170560325,0.0,0.0577760607175414,0.0,0.31043461928477933,0.6497372249837474,0.0,0.0,0.03801396573735436,0.05339646398054608,0.042568536978655945,0.17345283830688302,0.014196405750020995,0.04361156412808251,0.0,0.023029876709879535,0.0,0.04129878872662765,0.004515503572667905,0.06188742665257714,0.03711342675840526,0.0,0.03182438642573152,0.07943336837528525,0.29157116916172915,0.0,0.041658479749576836,0.0,0.0,0.0,0.03676745698275408,0.0
399,0.025790128240111062,0.0,0.046208591665770085,0.07762182445059201,0.03688426583113176,0.060822813436159875,0.05074632284147958,0.05532713008655964,0.07677784310796924,0.07724504024473838,0.027924375874502295,0.04418099106038215,0.0341437731951279,0.06390701904362606,0.07760882682267263,0.0,0.05957530566245473,0.0624150565803456,0.04086736327653805,0.05633702097185715,0.0,0.0,0.0,0.05084448914562224,0.0915393615626853,0.0,0.0,0.11400939463018027,0.03134012012560292,0.043579636076867274,0.18126835602550134,0.028799928257720743,0.033604179605913054,0.384877024341992,0.1428376128005717,0.1611036486020947,0.03926983033495339,0.10057232403710571,0.07595054755752596,0.14313450662259034,0.012860906609484064,0.06202104787892105,0.020202365491412487,0.016964559147073933,0.04112723997809107,0.11860939023202864,0.1873297138879165,0.0,0.27647402840135094,0.03057384548966633,0.031200944713291143,0.012451869697707845,0.15868883634658373,0.08187044772612172,0.0,0.0298294908671367,0.0,0.016767392769737446,0.058692946475888075,0.0062224915849740685
400,0.09410450100717069,0.0,0.11544417106535462,0.011616189481126643,0.0,0.02331338612007424,0.0,0.017430738540949897,0.0,0.01694973363673604,0.057491296893622305,0.10462398692815537,0.0595591188158317,0.0,0.008281509210480589,0.12267463780538566,0.03650757512025014,0.0,0.18313475828029901,0.0,0.037288130452157,0.09572790432872619,0.09123342202058049,0.07104799086310976,0.10997617176122937,0.0,0.004178126051748845,0.0,0.014803909362199396,0.0,0.027640651066892116,0.038838824136411244,0.1542132366934862,0.01181389567630288,0.2983693656823406,0.005446755739423172,0.0,0.028743978792505717,0.07972163736708246,0.053649921662330076,0.24538933887961079,0.09960265127908716,0.005844395970636582,0.0,0.05337564162599441,0.11857381727814446,0.05151634009637136,0.0,0.07914766944480846,0.12899188008798249,0.06168985688335092,0.01845823240098654,0.04290483968094089,0.12392601148689562,0.03737549745138469,0.0,0.0,0.04890216208266295,0.025216085687629616,0.0
401,0.031756049517730534,0.0,0.04611996635854328,0.05133346390490884,0.11921018466655699,0.048940779482430356,0.062176290067810724,0.055443173068100655,0.0,0.0,0.09835483842547518,0.13119063381660917,0.0,0.0,0.0,0.09483479198925508,0.02301572777468841,0.06673818849142078,0.04715435272780393,0.0,0.07737097859359705,0.038039628556289895,0.09221550889449136,0.0,0.16125342244296398,0.06488418173723566,0.019288869041958954,0.0,0.03362553057119103,0.0,0.1945653379696085,0.020810896849514426,0.03640950091350056,0.04206152495096996,0.34823484766804697,0.2276499204715872,0.0,0.0772284255683148,0.03348094800134912,0.16177216620960042,0.2760974126870638,0.0,0.09994078594939344,0.04758890834828779,0.006829149030188164,0.058987035120662515,0.04002256489789793,0.0,0.007272166068353696,0.025287952371678385,0.020032779977395707,0.06005971395174185,0.37958052996293573,0.0948207635676511,0.0,0.0,0.0,0.016133864663255424,0.07194125443223365,0.045922342141154475
402,0.0,0.0,0.14003652152729962,0.06458860826602437,0.029595211113015073,0.07998475845105547,0.0,0.02508557780791543,0.04197703805957523,0.07785100858227964,0.03361652887094361,0.0,0.0,0.0,0.008995418428351507,0.07810148586493122,0.07185983896389204,0.0,0.06377368876126972,0.09583489592961589,0.09559078098801128,0.05463800602894398,0.0,0.0,0.061293616265518845,0.12540667074118625,0.0037475387155730157,0.015626547770592608,0.05285453715467722,0.0,0.042027734386374076,0.0948186909711779,0.02973306194221699,0.30546562185078224,0.01616552627584866,0.0,0.16848016488759301,0.05861932856339944,0.0,0.12469484248647145,0.2840717213299092,0.0916739551758107,0.0,0.16994679914652397,0.0,0.11833325801511176,0.030881465786194672,0.0,0.08688564839340834,0.19923529383404348,0.08533820335714902,0.05271376781220724,0.12005879360594056,0.028488428973328195,0.0,0.07751719241867294,0.0,0.059717395698151196,0.08792758477192525,0.08332006961952906
403,0.0,0.0,0.0,0.09323425762219423,0.07915760161231035,0.01504539261453036,0.0443150506413248,0.0,0.04917029557524627,0.0,0.11724038027381202,0.019955975464730425,0.0,0.0,0.0,0.20660543479707047,0.04801054340874972,0.018910540140943226,0.02602543705910844,0.30776238420646396,0.0,0.06536032260763643,0.10669077896020177,0.0,0.11543941910391346,0.06456058876766034,0.29760547495071754,0.007938129459650023,0.09688151050191003,0.0,0.16500582334105246,0.0,0.03407250176131859,0.06449022137225688,0.05415444645470011,0.0,0.0660261804112861,0.041012863090699264,0.26538208322122636,0.06388468254280258,0.020668531184101297,0.0737596367699004,0.024760505921323665,0.06573156107783702,0.0,0.0,0.24221835863984115,0.12734427740879423,0.03573936721451789,0.10948888806399559,0.084480713438002,0.01761490441570964,0.025916788936299815,0.16882538653995915,0.0,0.0,0.0,0.0,0.08349620519382472,0.0
404,0.01734478309331151,0.05181018283036136,0.019904439491224116,0.09567123892206914,0.014537342562516441,0.0,0.04450136134991158,0.0,0.03430948970153655,0.013315157890468606,0.0,0.0,0.04179087548685846,0.0,0.06955683296536681,0.027117360090630663,0.0019810627374442437,0.07647808137211363,0.19931293042065754,0.03797501121131753,0.03243404810489258,0.0,0.0,0.03371831929065693,0.0,0.0,0.0,0.04842571340470687,0.035743522325458243,0.019100236046004228,0.0,0.1062483264617827,0.09747139607346635,0.060230543347859634,0.08880933606189424,0.2504746598500306,0.21347116420658807,0.03738171416343393,0.0571482998351204,0.1018026683091822,0.044546236677185505,0.030035879182138944,0.06861585594595206,0.1568400869947191,0.05210439998123143,0.04555449436315228,0.5034682087279235,0.0,0.24785472175261097,0.13438067730955391,0.0,0.061505546297604886,0.10644709055611522,0.019511208886498252,0.007970092223814371,0.011183793919755108,0.039781499216966686,0.1450301758272671,0.03542421849152853,0.0
405,0.0603256693229386,0.018211531831014455,0.012835203224155656,0.039842081646141524,0.0,0.027354138085558085,0.06037287035368613,0.05969722587486917,0.06909301422190209,0.024183554600745255,0.0,0.07517108556854077,0.0,0.0,0.02110928363371064,0.02729398530612573,0.013053868930122907,0.0,0.008309891821509142,0.12825847301001259,0.0,0.013117125236458346,0.0,0.030513603318039078,0.015036261878251413,0.0,0.03135332667669524,0.0,0.03093000619513466,0.07670714227550442,0.11839021753587613,0.05052068443404942,0.009373022750017676,0.028806134448066414,0.24348991136321207,0.0,0.04481473418935001,0.026540147682531563,0.0,0.2226719921072693,0.15998798270776785,0.2621901899491675,0.032307163494807105,0.08195638960435538,0.1624433439305827,0.05011468790671325,0.4034200749445095,0.008111898464980885,0.012590280105740587,0.12434412523392098,0.010815054641994828,0.09092591701784364,0.0,0.10975368205605232,0.061456985734239626,0.0,0.061278488754415425,0.0783245377925192,0.023647613471704635,0.03126341787561812
406,0.002253614662182193,0.0189747869631931,0.008657575603603269,0.048571675841403136,0.10651295981518173,0.09042520731667748,0.0,0.036193256921832534,0.05246377260338535,0.03251475954872109,0.0,0.07308071906318672,0.024463920686637,0.01695294012940478,0.036404820238559676,0.033767565130961415,0.11785580407500097,0.0,0.4377056222578202,0.0,0.0,0.0,0.0,0.057287365988964334,0.10648968168898444,0.0,0.0,0.01775238423741494,0.0,0.0,0.0,0.04936043100181027,0.08311085447027176,0.13467757832114333,0.06208260106853627,0.022355326903583595,0.27963450695775277,0.29792674117878576,0.0,0.053673365606635895,0.14327702412899299,0.33332700032701956,0.012173083412769596,0.18506930266379076,0.03425025384124331,0.06327631606660827,0.004540015116751519,0.0,0.07771584117753236,0.12173865880270901,0.011447150817931573,0.012170896787841015,0.0,0.05410715183274499,0.0,0.008267031922851354,0.0,0.04288622668119744,0.11697066499013817,0.0
407,0.0,0.11585367444077249,0.10312005794283467,0.0,0.0729152356851219,0.0,0.24741727877945519,0.019905584065331248,0.05812185443607992,0.028275383440470116,0.14856179833028962,0.15253270082836864,0.0,0.0,0.002974913306888356,0.015777995483002807,0.07589634822647343,0.061969132091467004,0.0,0.03494683659839535,0.051549278440915045,0.05232971588229031,0.09600436853545384,0.05953454262413785,0.04241684489911377,0.0,0.060463928756364194,0.012020811678744737,0.015207397076924098,0.0,0.05505094473564659,0.09716969392587976,0.01088143872779693,0.0,0.0,0.035543212574094055,0.09951013311074222,0.03162004432349962,0.0,0.1361688628200537,0.012062828119214962,0.13058469036884301,0.08410958569029883,0.07990612196442838,0.07177603145789753,0.05605543031447106,0.5088013366269108,0.0,0.07772279129924105,0.08083400143089252,0.015396923287941608,0.09183027079745486,0.0,0.07393125293171972,0.10408153328837866,0.0,0.2338014966412986,0.03329159935463987,0.04862156693873167,0.13662341119943036
408,0.0,0.0,0.02670020180277778,0.006384376996966173,0.07434378607843066,0.0,0.034710481851911244,0.0080204470780449,0.022452361374109157,0.014971690216888465,0.0498688090571901,0.015323279750827073,0.0,0.0,0.034042921511909977,0.1387796366046575,0.051438425792662903,0.0,0.025250625921536974,0.08446798442463795,0.05695889526552613,0.0601180684184615,0.18148004483736568,0.0,0.045213952322103915,0.0,0.0160147183901371,0.0,0.03169721874713883,0.0,0.14416312957976038,0.03063488233423229,0.30164192922154554,0.08144791916242314,0.02478197166389175,0.03801323683052207,0.0,0.08487053167408903,0.037838295181891704,0.05551278459600246,0.0,0.2904833684021288,0.0,0.016520227886200195,0.0019293670781512539,0.05925532733896882,0.4300046357549631,0.1570203002143853,0.08176067986970363,0.12848491141633903,0.16967505223645277,0.051489645984312216,0.22134462501227503,0.08799382489768717,0.024249175933989616,0.0,0.0,0.0,0.07925506002584821,0.0
409,0.11016360158682223,0.0,0.09941821667656837,0.08094535542725362,0.049022497647574326,0.05101756345899301,0.03066275392632937,0.0,0.09427985698371175,0.039304089542206946,0.00997832530725746,0.0,0.018928901807215334,0.0,0.05164889114906594,0.055218757727806225,0.05804057662095865,0.028805510495123674,0.028662378818160018,0.0,0.04225478170006522,0.036086946248952485,0.0,0.11280505380308932,0.0,0.0,0.1355402029591474,0.0,0.0,0.06510215458438952,0.08085628094327159,0.0,0.08957026990582437,0.09523259679457706,0.12403313955773411,0.01599924986518373,0.06716336028619116,0.02947831240362949,0.043638578462662794,0.03176383371397467,0.07807130527161381,0.2578001209355263,0.0,0.2876224823595459,0.0,0.04484920565426924,0.6439932862114927,0.005663914965866572,0.10741231299362079,0.08125990454246691,0.0,0.06873214165616504,0.10656649236714155,0.10786092003777158,0.0,0.0556251050907254,0.03400948903670246,0.2705754656223895,0.0,0.0
410,0.04320517683190397,0.08831482346417055,0.0,0.017894893027476586,0.0,0.016763369752232377,0.02285860590959437,0.02398940278538758,0.03184012079948164,0.03039665860836259,0.0068576998507287774,0.07146514437513123,0.08588299933129678,0.0,0.10684991251756774,0.05087587071768484,0.13909309599781972,0.017152799090386545,0.04461963684101307,0.031698646475525186,0.018740280833379037,0.0,0.023805523409149636,0.04745708691938632,0.1030567244523925,0.0,0.05929256890591652,0.05626875650335836,0.06689503057458537,0.0,0.0,0.1764881692645815,0.03319546310247831,0.2568124242530771,0.08195843133975861,0.024299945214534564,0.14420871576970665,0.05036318988767023,0.0,0.15777997879168656,0.27240328086824733,0.009054122058699604,0.05538433304071403,0.15040643500672868,0.15042222417442577,0.03291214710093547,0.2660190631600909,0.0,0.15881698176719927,0.026222865782002357,0.0,0.07832220109159213,0.0,0.06139185509727924,0.015977293348429858,0.01688470421722607,0.05248862782594583,0.07018977785115886,0.13701288319300076,0.0
411,0.020423319694879573,0.0,0.05392897573698925,0.017857418509825678,0.0,0.1478746722185243,0.08472736141009753,0.015183314398797335,0.1828869916499076,0.01181324007673496,0.027539335480267574,0.0,0.007616522909086227,0.04800433391113727,0.004069702574276426,0.02285315048174385,0.0,0.0,0.08493468105358445,0.029289700292104214,0.11463290380524169,0.0,0.0,0.0,0.06680666841996803,0.0,0.0,0.015055764321772563,0.02496599366374288,0.0,0.15731164010105927,0.0,0.030411453513063222,0.11827355087543179,0.08787047415426744,0.28777256782666366,0.0,0.28513397992621076,0.1463636042728753,0.07594297838665684,0.26817611174814493,0.24011399595790683,0.0,0.050647106163459715,0.0,0.0799875663445683,0.497635361597122,0.03106107258920997,0.0,0.04747120406911696,0.13552802701385716,0.05193603359452959,0.03290901720239594,0.19903193032033356,0.0,0.033130719023256094,0.0,0.06629444723479738,0.0903363409149358,0.052338211350387784
412,0.0,0.024727871767814366,0.14159506826641327,0.10865181968048633,0.014626522923759419,0.010607750046135149,0.016218483825284822,0.06012254896978817,0.01078830046617703,0.0,0.04501034659328866,0.05069597209140355,0.03165150712267442,0.017328920708711407,0.007719102801892563,0.04270350476749064,0.020705573329951994,0.027680197257282716,0.09700101165845436,0.04985635442456426,0.02113306357116854,0.0,0.05549407889735182,0.05589215371120084,0.008798059874104503,0.0,0.0,0.0,0.0,0.0,0.07709470878147505,0.0,0.0,0.0523104769886981,0.05422717526289838,0.05007387082570394,0.018050078343583215,0.07660796014505689,0.0004756848752011411,0.05875104884982499,0.04295926484020751,0.7694691751796038,0.12691462768580355,0.1549041698136387,0.06444939805655502,0.016263476722686934,0.26200577675736414,0.0,0.11793936836176658,0.21364126530698468,0.0008153761932973347,0.1284522317618751,0.0,0.0031908305462468277,0.003877925923467418,0.06289773407312256,0.0,0.0,0.0,0.0800139436363013
413,0.0,0.01743034449115061,0.06109511625951222,0.038232607443343544,0.07175887190765012,0.007608950046931673,0.028184261712592026,0.034021558426963985,0.011096234875916596,0.01900429605010416,0.00582416166573954,0.0,0.024203878574870708,0.011589088213188324,0.0,0.04733722187410279,0.04544120700283436,0.036235437842301266,0.042316572646553224,0.03949930805217817,0.043175039198933396,0.25938202537343763,0.17714335994927302,0.0,0.2198062209390597,0.017990875376868373,0.06950040553014988,0.0,0.012864140041408038,0.0,0.15548774983019886,0.058442703214764816,0.060727375404682676,0.32456561836717895,0.0,0.0,0.0,0.04126338517497878,0.03243737425572211,0.05444176535211534,0.17574894747230918,0.0812513798796227,0.037019606731185324,0.04670241993352593,0.0,0.09109317931909319,0.3378805979446279,0.05072242667259833,0.1565716607063509,0.049926420947788784,0.18971184236535327,0.03253587566353902,0.029804855003045874,0.0645765675743497,0.016220263003260304,0.0,0.0,0.04439854841762386,0.20429373727357877,0.0
414,0.029187191290485383,0.0,0.10415380831768323,0.07071741286774252,0.01777347710746201,0.12459633084079622,0.018431818126980977,0.04927108660287366,0.05231347459213122,0.02389280401842469,0.031028779900846324,0.07293129176480072,0.10636661698062717,0.06280281093559528,0.027822148184924667,0.11276691608607803,0.09752328657420231,0.0,0.22272563601750947,0.0,0.020654292473861226,0.0,0.05121164553548243,0.08489782180926365,0.0,0.10495854355105029,0.0,0.008351486952267338,0.0,0.0,0.029473430120757527,0.05714071325487594,0.0034497604120520566,0.024114771556868596,0.0,0.1952015729700351,0.08548783079672641,0.10476454328113759,0.0,0.0779807799270655,0.25601496972872345,0.16896349446791437,0.07039289233846098,0.09842696685093948,0.1351012212296808,0.08017133921953777,0.018682137468010132,0.0,0.47635936434915327,0.27227480055652936,0.0,0.04528482978963596,0.0,0.08108490451244567,0.031649373895516454,0.0,0.0,0.10116484798501758,0.0,0.06160115909379594
415,0.04284532308635975,0.03989424304255563,0.018563605732585448,0.08630036822884138,0.011919684425014192,0.030681889072168237,0.06428149137641657,0.05361325733155004,0.021353915259226204,0.07154196248591696,0.018867203835564304,0.058366616782863354,0.041929316236654836,0.09354412672869306,0.016310074274545786,0.03092613061645687,0.0,0.08527347552284253,0.0,0.10319901525197,0.007583608510063159,0.0,0.04055181288122997,0.07091417022208779,0.12739409290227074,0.0,0.0,0.034745527273319615,0.04304507437062394,0.006807450042907114,0.11752919252578269,0.1337813106147054,0.08594598208943639,0.13215836164050707,0.053014183751824456,0.021147666840060593,0.008438225115423007,0.0,0.041889368555740415,0.1966754700019074,0.22658275622600738,0.16840871920626072,0.14965046096474965,0.08529696747250443,0.21358655960510564,0.010398856752864484,0.27427607038644075,0.0,0.0365774147207994,0.1908409357464547,0.0,0.014317295134430722,0.0,0.1822441223915245,0.0,0.019661479319912124,0.057070850578614774,0.0,0.004344196114334473,0.005442950807075926
416,0.006823499142877481,0.0,0.02069278670503503,0.0,0.018862851319360625,0.052280536902069595,0.04032469581897475,0.059142347391747806,0.022624735535879306,0.023815475498234616,0.08208710903957472,0.06001258314155729,0.031991925846856145,0.0,0.02050308423466337,0.05618866088844986,0.027286218025063105,0.037646705862872824,0.3207767414221437,0.0837490190020897,0.007375427108440326,0.0,0.03890882685347342,0.046899293664836916,0.038272006002338994,0.0179171335114308,0.02593135277182043,0.021488030440616788,0.031704240819133055,0.0005745078166422377,0.018619225306298438,0.0,0.0,0.048462358918913574,0.033470020230265664,0.03719802131443658,0.0,0.05275382540267112,0.004604563492118072,0.13351947357150207,0.3993371500369887,0.06760369681775993,0.07339802955766629,0.061920933727100766,0.16261966599381494,0.003952567674660431,0.22190972611624638,0.0,0.2603194478099288,0.16218234111124144,0.014477223126277465,0.0,0.0006232844525793069,0.12862498162854663,0.07476705520318488,0.0,0.08579670708739849,0.044932033972616185,0.1508320534494392,0.0025505559623819362
417,0.055051939107590965,0.05933713527016263,0.08723035700844324,0.01623144303262071,0.0,0.0,0.05493116296282207,0.030525276299403388,0.008584350614608409,0.028588471722518653,0.026034459595314263,0.059543885453517235,0.021757131885877162,0.02309769922672863,0.06618476180460581,0.0055964324798150325,0.05588522751008247,0.06829829825158251,0.011842992849677993,0.012196416099413562,0.018718425858409424,0.0,0.02339513198307165,0.07989153549283293,0.0520859747526581,0.0,0.07928491856621779,0.011555854923665888,0.04446520807502275,0.056993521667355086,0.011334397054965755,0.05096820633376462,0.0,0.10920372628313758,0.01916939064671695,0.04341286695438895,0.04776361524818229,0.0,0.0,0.026205402410388864,0.38970830490789937,0.18995051221533038,0.5678726999635338,0.23968705380530297,0.0978133606429032,0.03995205809554373,0.24834857783114722,0.0,0.04511570422323122,0.04467195083584455,0.0,0.0,0.0,0.0,0.04188768792143609,0.0771287901562132,0.0026368129323382284,0.10112641838713854,0.0,0.09232996694363815
418,0.0,0.0,0.038506248593515126,0.019161485413529942,0.0,0.0,0.05233011954509596,0.0,0.026086068040176876,0.0,0.026705308878124275,0.06978970011329753,0.0,0.033372642258238605,0.03775681679776914,0.10005326234281989,0.0,0.015803699213516983,0.04268776978673046,0.39431699053276875,0.0,0.16492565307013607,0.04782380754618523,0.038414330383487724,0.21805724075451138,0.05601674417015205,0.11732649133089153,0.04615480582671604,0.047345779908538194,0.0,0.1540759213726079,0.0,0.035357637466316164,0.04812027970517897,0.04792826008649565,0.03318408344841677,0.0,0.017759656007569992,0.029442207403513845,0.1553603467567725,0.3756978454317952,0.0,0.0,0.13005822752805615,0.04250372757013628,0.019246124300008844,0.05439228332599749,0.18580186454136002,0.16759575734012244,0.18376369814957572,0.0,0.06187371053094814,0.04394056260005272,0.031856884328509694,0.0,0.0,0.0,0.0,0.14544131446033956,0.0
419,0.003779967963041426,0.0,0.056002894820834606,0.0,0.0,0.030203900205200692,0.12402385555263978,0.0,0.08739737818581979,0.06789215184655165,0.023308638197439367,0.041671276740810684,0.03263472224120725,0.0,0.051379841097689595,0.10525028341988484,0.006706536509577783,0.08361589725287699,0.14597862998713687,0.0,0.04707158951575467,0.0,0.0,0.05684147840252541,0.13805870409807194,0.0,0.0,0.28858048171495493,0.02807192742766117,0.1149828341991964,0.10118965315260145,0.05167098228003277,0.05951494896135812,0.11617320176623357,0.2492082383851659,0.15866182434954035,0.01873063505485494,0.08687460299203816,0.0,0.07989283470931662,0.09517992263187962,0.07392956054336437,0.0,0.19975684461992926,0.08319833806531919,0.2782489990548901,0.06261337094434585,0.0,0.25476828959921904,0.05889030517759908,0.0,0.028150579637027356,0.010676168076251474,0.07255717627883286,0.0,0.0,0.0,0.06063274377852536,0.0,0.07148931970909753
420,0.035433828823451634,0.04480834170665332,0.0,0.07330117916480335,0.0,0.0,0.09273162164218332,0.027117442077037136,0.029408852011506177,0.03972889296645054,0.0,0.06886505842929741,0.04249151713194304,0.0,0.01569394177550351,0.1051327631119533,0.05808498490756898,0.0,0.021583984848869506,0.14361299848213252,0.030614720615341047,0.0,0.021768231670305477,0.07387901347428207,0.03077905875503065,0.0,0.033459653264746404,0.0,0.05945333848890653,0.020318183670775265,0.07780099199463848,0.06539561289162879,0.022693368142005177,0.14708916314847262,0.013347145065262422,0.0825254483434707,0.01740231743754832,0.012422764880052055,0.05156095279830533,0.14693457829505135,0.3197882950272232,0.11778210507670529,0.08370270870354048,0.08461757766291728,0.02201655935434861,0.1493242466189258,0.3754458096139421,0.04691312619395536,0.37046805019571466,0.015121671814132128,0.049429049556544175,0.04581238417292221,0.019726584582435654,0.02234660569660179,0.10552579786505803,0.0,0.06623727717653645,0.08269305354388667,0.0,0.09272747219896678
421,0.0,0.0,0.019933605210603108,0.004850513468468229,0.013517628232688171,0.00874829232015723,0.06956578124770597,0.0,0.0,0.0,0.07805995273934542,0.04621872669935804,0.030686407247878415,0.0,0.05287006580504468,0.02356810151135629,0.023903968190576635,0.0,0.32399425365101814,0.023715497202568523,0.049724983373383255,0.011844928854775926,0.0,0.05158298098909743,0.07688515843828822,0.0,0.03170915446773237,0.0,0.037687475825279745,0.0,0.04914842476050135,0.06043743866157893,0.03183735163210995,0.05314582975795043,0.013637984076481863,0.08055254798428634,0.0757788727109973,0.10046544652278522,0.11145854250342677,0.0375992014937028,0.24145951919014486,0.020888768975953247,0.100952488386229,0.010511786940554359,0.02432400633700655,0.10462369908670492,0.4265662750101928,0.054459907185988934,0.3912370476420635,0.04139393459094744,0.047501806378526995,0.098459741035321,0.013332550932660699,0.021181157083571267,0.06542842672260266,0.0,0.027792281199678973,0.004133021306264675,0.14788113226781616,0.05115869945224841
422,0.021197157708754712,0.01791562541424755,0.024371698823943598,0.036901619680377085,0.0,0.010194959034586244,0.023939516032625726,0.05560788135012197,0.08048987798341574,0.023431567784125768,0.05538339791797233,0.0671880718837875,0.053917638722699425,0.07608841119423122,0.01809196232947869,0.036442323876652964,0.0,0.04777014424839479,0.06607039623665022,0.01636186104961921,0.0,0.0,0.1102376297727261,0.002179734749985227,0.0,0.0,0.0,0.010000658341277098,0.0,0.0,0.0,0.07093636421287766,0.0,0.00619952736093641,0.008306245683839945,0.02652098450622352,0.04112826409342171,0.0,0.0,0.1419667979971852,0.20463369880355828,0.2467689020874264,0.2915066314535638,0.2227262219289937,0.11279918855554538,0.04736079415874682,0.4319093222384881,0.0,0.052388527593146945,0.1917971601887025,0.06279601857886888,0.12477817598005334,0.0,0.01148784575276044,0.008998713698405016,0.08356774248532906,0.0,0.008091736696801076,0.0,0.12009264497995038
423,0.0,0.0,0.0,0.05392246222627354,0.04927791366620407,0.05591462543048809,0.09177173215588633,0.02563196814660581,0.0,0.0,0.02887484328485665,0.0446101685076684,0.0,0.052670360337465756,0.034079346190814805,0.0557103109235479,0.02877068148131315,0.04219404884094328,0.10667949089988976,0.46899879780446996,0.07997521848471123,0.06280642870666195,0.12935302905747628,0.0,0.26091234992141493,0.07179743963147175,0.1640397199216557,0.013474696430555743,0.09278335007689227,0.0,0.13516479588579933,0.0,0.18204606531196002,0.057314427202148695,0.023662341228017233,0.0,0.030784333125796697,0.027156435016050914,0.1054979975692597,0.04673585100293188,0.06629070031791245,0.20779387895347903,0.0,0.058638866826618855,0.008609967454655088,0.14951400713478757,0.08282806845256144,0.013456141535310997,0.043820771341327634,0.046243272405330174,0.030819047748151533,0.035278948106223285,0.11585526709306926,0.1647990747875535,0.012454499861182841,0.0,0.0,0.0,0.141839066347657,0.0
424,0.03653224620205567,0.04063377659689152,0.0106531106449117,0.0,0.13436166950653497,0.03424776228625779,0.08384747680199788,0.0,0.0,0.03989838983068639,0.03203121676399988,0.05232819351015647,0.05978675242756732,0.03186327280950238,0.12060239774792138,0.06175472321821627,0.04544778731440623,0.042616320544011446,0.24175007581769034,0.0,0.07446468866434074,0.0,0.0,0.06975045303521821,0.02614067714542079,0.0,0.05469408950115333,0.10366042190582275,0.0,0.07415519863629985,0.0,0.0,0.2201960004687445,0.09660009390170596,0.026627669153886063,0.02151799597461231,0.061541148506256,0.06401497859452548,0.053459676588217576,0.0514230538494817,0.17745040045563726,0.2940774172962591,0.02385404231232185,0.1975932308277191,0.03426732260970616,0.02817451325629823,0.32479429615321753,0.0,0.1513201309678769,0.08908962403071756,0.0,0.006479489133416391,0.10516819882138645,0.10504011035274793,0.0833005156928064,0.0,0.028621096257316417,0.032436619534667054,0.0,0.0
425,0.060818265937163794,0.023967145552190375,0.0,0.0,0.0,0.033790916638024956,0.09327972264543892,0.03254522093058699,0.0,0.025881757697769615,0.0,0.08271089592773291,0.10192784440009837,0.0,0.02334256105118679,0.06475920701364539,0.04239019509893577,0.0,0.0,0.042398782522838276,0.0,0.007346835062861434,0.05266836948635527,0.0895160666870119,0.08133094742783858,0.03210042538604513,0.02816155322564203,0.10115469163479998,0.036479793136570474,0.04493544049601761,0.022029216971150345,0.10441974837164092,0.27876558344808816,0.12261724332957052,0.060355087142384,0.011625498429557802,0.09999288812082513,0.019666047606497036,0.0,0.212748893381879,0.0,0.01315660706429527,0.21452507258513628,0.012242345678996252,0.10794079936236445,0.05244734578542019,0.3183517293644572,0.0,0.14967100248530715,0.10332362980730886,0.0,0.07057508038854746,0.0,0.08726653103624146,0.09722691419040426,0.0,0.033916405196872154,0.0,0.021324348831016388,0.10298813394797583
426,0.008377786766252322,0.0,0.14256710369087097,0.030345450424994935,0.026411968144496818,0.011716369962702138,0.05649938049262276,0.0,0.0,0.0,0.03526102238946909,0.0,0.0,0.07506285772770102,0.0,0.035697617345893336,0.053131183114116985,0.04012993836039013,0.2137808771924899,0.0,0.06547812224976843,0.0,0.040260045898454756,0.0,0.0685414431805374,0.0,0.020139098081352825,0.028379816405583857,0.0,0.0271535562486485,0.07259324577758465,0.10265692502026648,0.07942648558982252,0.0,0.0610244682492775,0.10877763416061036,0.02778371872526076,0.15974458001087594,0.0,0.09848579097699675,0.2607511869350583,0.2684971225901629,0.0,0.08199840688575856,0.06720531619618508,0.0,0.4789639856644886,0.13006549646085455,0.14201529312244124,0.0,0.0457488751259518,0.07106285575599332,0.0940581516196372,0.02026862205455071,0.0,0.0,0.0,0.0,0.292845820263706,0.0
427,0.055636432285312704,0.03672720320656629,0.033713193605638,0.01572013962040638,0.05746211425663821,0.0,0.07961081756890405,0.04303555700791954,0.0,0.0,0.0,0.08285840805230003,0.05808847738190641,0.036715498040760644,0.0,0.008668089555121689,0.0,0.03073872361800581,0.00781923970068548,0.048568987134708294,0.06045916902310242,0.0,0.05065407711078482,0.046915368601763936,0.0,0.0,0.0,0.06730248920298075,0.07872584671891383,0.07839153157980215,0.005260662087586549,0.06666941622266187,0.1406148100226987,0.0,0.0,0.0,0.10229458324243727,0.0,0.0,0.02073045150931871,0.08827157070000319,0.4709726696080099,0.16836113485362197,0.19573030869036898,0.044976411974225104,0.054675865879490824,0.38286073418416444,0.0,0.09381593626858725,0.3141521556642051,0.0,0.06123197441792691,0.0,0.050963431549960324,0.14301508826195614,0.0002456429702691976,0.10283635043750011,0.0,0.04315616616423818,0.0005704974265006227
428,0.0,0.0,0.0646435545502776,0.04064781628783307,0.1128401289319208,0.037005848316231466,0.029471053021405305,0.07791623254382955,0.012332736387330142,0.06998945101214786,0.05750270880872045,0.08892661074778604,0.002538640275292583,0.0,0.0,0.050130029191920236,0.0521817957183605,0.04640598033830042,0.022729902606654903,0.44318503759295114,0.07396222067873769,0.12794503199590448,0.09750904158985561,0.0,0.03853519177040038,0.09210461374015376,0.057790415945888886,0.0,0.0,0.0,0.08558038731211166,0.030415246019821443,0.050022235099151206,0.018536616776963263,0.0,0.0,0.10400668140088189,0.02915378814014182,0.10402559037701288,0.025574145291279257,0.0,0.1980128684483704,0.11904556722520253,0.016775424986266198,0.022912008906402437,0.1293967734980193,0.46084934020825125,0.11692773896069697,0.004796694581269383,0.07805764042267065,0.05475590287384555,0.09446172198264449,0.008713372765479083,0.0,0.0,0.0,0.18107159916115362,0.0,0.3410081827859615,0.038442423807740614
429,0.029024152039850572,0.04571414270466853,0.0,0.073556575044006,0.03466153073981324,0.09530705729841504,0.06689555293923942,0.03563874668530778,0.02754878532296325,0.0,0.024740249781864884,0.02568661682118595,0.07204116100952909,0.0,0.04694530471562999,0.01800325530414936,0.0,0.017692033985797273,0.2008270494182705,0.0,0.04570097346286372,0.0,0.0,0.02362989214182027,0.0,0.001219879197606835,0.04154572290029026,0.024375009231985763,0.0,0.0,0.0,0.1353997896251244,0.2980369545808562,0.03972245698360709,0.0,0.12912425593718202,0.18457282839339267,0.07256402893109987,0.0,0.09225342247414177,0.040097725149473844,0.2602819652420048,0.05799729059804401,0.24499530287824686,0.0904540373063466,0.037850629905215136,0.5505680242774338,0.0,0.022996441917931657,0.0633234050259075,0.0,0.015459076251725828,0.06113803674577916,0.06099605062152567,0.07850204437320704,0.10014033746871588,0.0,0.04893550969825424,0.0,0.0
430,0.03518448199427418,0.0,0.0,0.03827315826040174,0.011363505417781314,0.03027293512210238,0.056993401110350124,0.020343012120927786,0.0844194313604348,0.0,0.0,0.009504622104360871,0.05974944514040815,0.06568360516478369,0.12843153723269682,0.0,0.1460477329618699,0.02621786562341643,0.0,0.0,0.012873550100775623,0.0,0.02608378760542924,0.027529107058352223,0.04438497819516754,0.0,0.007827328362733574,0.032896189222310274,0.0,0.10582561613806274,0.0,0.22289968804419175,0.42026180706711075,0.0,0.03412815282229027,0.01156271804437938,0.1426615426492201,0.0,0.0,0.13666624445979894,0.0903244052931471,0.3313642935467725,0.08464553974426085,0.1544504529203741,0.025087824236291304,0.026419387471364096,0.47850183431621035,0.0,0.01825320862366288,0.029423840403642158,0.0,0.0,0.0,0.0,0.07695979176629131,0.019061167783687293,0.06199181943865498,0.04938404588630396,0.040625287893772774,0.07300702794896619
431,0.020474988538627375,0.0,0.17677896942903004,0.08950130699301839,0.04551938730377259,0.03251953104126985,0.10798004741707869,0.0,0.04686003001721102,0.0,0.02348474387919951,0.02539126950371245,0.04997867970132298,0.0,0.04935996101506387,0.1901530064768339,0.05407814755431726,0.039870690120442476,0.04062730647004709,0.06531032600246425,0.04714341515975409,0.0,0.0411318582997188,0.0,0.06210373363146731,0.0,0.05103846987347772,0.06491636943307984,0.09749861641014401,0.0,0.04698836667430657,0.0,0.20282341801914539,0.01775891202484193,0.0,0.02709331722122812,0.0,0.17869549696482015,0.04044384817359605,0.08314461330404313,0.20766907741569207,0.2121458342560875,0.0,0.04194844622920124,0.1740048549658668,0.03624985342536256,0.15286803154871287,0.0,0.2169186762432209,0.018289283847943386,0.03906952606040298,0.03371580492267749,0.1162848241601803,0.22360699812367757,0.05299683185210891,0.035469193418198666,0.09335229731441955,0.055522861485458215,0.18975389036698206,0.0
432,0.042300275092677565,0.028233979213830605,0.0,0.025377777426650386,0.04090347622175144,0.05087165671576782,0.12171849547808802,0.021350332602650433,0.005866293136978398,0.019776240044987882,0.0,0.03188759728827872,0.025969692597348923,0.10447561189336828,0.05170512583190562,0.0,0.01516903511084513,0.09368068623320198,0.0,0.0,0.019936042811902324,0.0,0.06994065048030902,0.049582538866562234,0.01836813263115991,0.0,0.0,0.0,0.11346755643160815,0.055461174184247654,0.0,0.010822484141568492,0.0,0.041271713968933116,0.01650151833043565,0.10598027589426251,0.154072967639648,0.0,0.0,0.11995143609418016,0.12377283782846227,0.16979320603014503,0.22492605527357853,0.33387840448754585,0.2016184046202607,0.01542700930306797,0.5170774844164364,0.0,0.08580633917046804,0.012208391967333228,0.0,0.0,0.0,0.014223555398787795,0.02604917681870038,0.08039430738929847,0.07667474236605246,0.03212823775066914,0.05035721779761631,0.12404486554112747
433,0.018080213410942205,0.0,0.023100069854314023,0.01506186181851965,0.06574285753164609,0.05897062355041277,0.031942368482105896,0.020114884817319982,0.04277546601098761,0.0,0.04331611207304467,0.0,0.050553750161282746,0.07103609434887477,0.0,0.04757543301309053,0.0,0.0,0.06312411390777486,0.18018227950109914,0.08535639227064623,0.10958604747724596,0.2740237608490404,0.0,0.182510987953792,0.051052883785806524,0.034190442443596814,0.023347981088810577,0.029064048639132194,0.0,0.08402090772976897,0.04195883415140025,0.03584861460387244,0.023098204844690284,0.04180645510421803,0.0,0.013466991327692236,0.026701930882747124,0.21472990609320994,0.14843723645626078,0.008120482012158061,0.17377858200610574,0.0,0.0,0.07462885810942371,0.0,0.6084754263261913,0.282860374223044,0.053778788120640936,0.08905229763312553,0.04844852895903909,0.018925355486308013,0.1293239984524446,0.03261364050101987,0.0,0.0,0.025996966264090905,0.0,0.18146441964047308,0.0
434,0.04486942605337621,0.0,0.03537535774171914,0.06634938662702954,0.1029294718262262,0.025413111340322866,0.03519546838828254,0.0,0.0,0.0,0.03475434699016497,0.0,0.028103469839282882,0.04011848652854495,0.04817067457770678,0.0,0.06574352340254624,0.05330577644730402,0.24490440955956863,0.04745680128706343,0.0,0.0,0.0,0.0,0.11901030459310093,0.02781138638149948,0.0,0.0,0.0,0.0,0.0,0.019331085222468576,0.03780879657407929,0.102037104803558,0.022007425287963057,0.025039216482776478,0.0,0.05904288278628133,0.013190186663884242,0.033047463668174876,0.2649084727048796,0.35566665568239075,0.0,0.17476773685038718,0.01723891214957288,0.01876017881683606,0.08620613046709823,0.0,0.4136865802133579,0.33085996318481115,0.0,0.16781050227929625,0.008738999812263237,0.04420249265745171,0.03569819094993933,0.0,0.021506590374725007,0.1592365583338639,0.04392697955396044,0.0
435,0.026518370300009697,0.03623607766818507,0.0,0.045436127932801024,0.033749062975885,0.04836259648931983,0.08103869245855738,0.034028322337195396,0.07424080209630883,0.0,0.011088293753908558,0.019317219964855005,0.0197393593330747,0.06286146293723924,0.033915147469211995,0.08909267001511627,0.08369005258435132,0.05283019872621657,0.0,0.01227371072885401,0.01715707025311488,0.034977332971582446,0.0777810216122065,0.016648955258753283,0.018590031499548108,0.0,0.004278717353964792,0.03344724026299598,0.05174083828673973,0.031133978814003913,0.014001141766269235,0.09807486057143071,0.028096229067968412,0.23364572500812614,0.0066822978005590915,0.017456118901821544,0.0,0.02955893622407403,0.0,0.23732397718153692,0.2044567286502362,0.16764033759552752,0.0970987315992758,0.10012155738087339,0.04474729563202745,0.020075241242360726,0.4934323393225726,0.0,0.05932739901176023,0.06930200179381106,0.03196508365422304,0.03979805159669982,0.00687368918064252,0.11031030820738084,0.020196723142516877,0.0,0.0636762161369591,0.013991023325765167,0.07835829365593938,0.12763236636367495
436,0.013475583393520072,0.0,0.11864568682278012,0.10544094850245606,0.03871425102909478,0.020326841155178,0.07233522091306936,0.0,0.1177709951524046,0.0,0.03043594673376736,0.03223445887337843,0.015782160447377715,0.0,0.005227728494895109,0.0167681194039681,0.0188949941273253,0.058029070047647596,0.10403112200268798,0.042957495717622377,0.043953207869598804,0.013468839007105333,0.09804133540663651,0.0,0.09750132273321982,0.018394811972673474,0.04442803795027169,0.018007635370716625,0.0,0.0,0.017893973795375065,0.0,0.12759568194085957,0.040183736386380633,0.042416943414403684,0.04600923049768459,0.0,0.14936122876425778,0.043216969114174296,0.07334579655634844,0.006334811912896045,0.12950295587189348,0.0,0.08939717728593335,0.19274485207092465,0.010097878517035546,0.516098182645785,0.04489134963608598,0.1949873445126753,0.11919665163827747,0.07069063186969948,0.164597804583287,0.08462864102130391,0.02039408146083707,0.0,0.014691510874871513,0.0,0.10160228129062995,0.2098573109831036,0.002194304942820638
437,0.006060099760687263,0.0603953476491059,0.02942793722932714,0.02806258199163703,0.0,0.0,0.07324681298657723,0.018722296116993557,0.0,0.022275948409383413,0.0,0.0,0.0653431836312826,0.06509369107703689,0.03713371143339564,0.0,0.018786163378075007,0.05763524364759693,0.0,0.0,0.0249913116629467,0.0,0.02248485768444159,0.0,0.0,0.0,0.0,0.04450995354323383,0.0,0.00264894191228782,0.027557785974303913,0.028373121219444988,0.0,0.0,0.0,0.011588014173821985,0.02899084418380718,0.0,0.0020832450877819662,0.02882278740185534,0.43195314457470274,0.5930126484368115,0.028889109135682545,0.4051907431628454,0.12599594294306304,0.1135787718374947,0.3054265041537286,0.0,0.047250808183690686,0.33349756726163177,0.0,0.01811699978331652,0.0,0.01632154643178505,0.01612744740621329,0.033539629677068854,0.01782766544361714,0.04519719884357837,0.03319398875783352,0.04042723210526902
438,0.0,0.0,0.028877459011151876,0.0,0.042655865786428014,0.016488111522154358,0.041066809051911075,0.012007668720869228,0.017558553842959467,0.027146528364932806,0.04658309395514418,0.0,0.08171501783627189,0.0,0.020088924098873903,0.08454433921680345,0.0,0.0,0.08144872092216165,0.07574366334413991,0.020940666872229077,0.03181203328100489,0.2147529462712254,0.0,0.24599306424567302,0.04575442058888564,0.025100459468438883,0.1689734542675088,0.03171127197939327,0.0,0.08373447870038364,0.05653490925843149,0.02216224341886654,0.05537077279610171,0.026722425463447923,0.0,0.0,0.040581755860557456,0.006452407001467062,0.04936830584171357,0.40357028919916366,0.015561605080231973,0.0,0.050252259821220946,0.03688586057770944,0.19642260380439902,0.370171074651577,0.34491008834683756,0.03795617273402962,0.12133088737708012,0.24651110806377194,0.02949554288894279,0.27866704114043606,0.0,0.07209068352716777,0.002377751178305203,0.1605445075556937,0.0,0.03467226550739579,0.0
439,0.10126760997166348,0.0,0.05013595555167836,0.03201282822065113,0.058440195959375746,0.06666519147755542,0.04152615351743612,0.0,0.0,0.036378301862875634,0.011060452318333263,0.014539521076138037,0.09578276269117092,0.05370527621129293,0.07834204938201393,0.07629852072885678,0.0,0.02657807062304019,0.23451386716920036,0.08394617446859426,0.06888364918925886,0.0,0.063305789959466,0.03562910805856195,0.13226778828703234,0.0,0.0,0.0,0.024737701482176574,0.0,0.0,0.0,0.0,0.04052942459507077,0.02104052887951564,0.0468052058202881,0.0,0.06966641905887493,0.0,0.029353992683207313,0.47291083265612704,0.10747146810002234,0.0,0.34848192619458834,0.10120272113498735,0.0,0.6434029906381269,0.0,0.11070892271518204,0.014087093938452396,0.0315697923312978,0.07463786137310803,0.00608326554080024,0.024426330216086655,0.03382086586445007,0.015715876470169744,0.0,0.12822375885716492,0.0,0.0
440,0.04085367765131293,0.067407063416414,0.0,0.025698313469806052,0.0,0.03790774911138442,0.09370006106069813,0.05813880843175135,0.024575274800187286,0.043820943340943004,0.019485733186006427,0.019629425377042438,0.014635823780963007,0.030277610725388683,0.024624654268267,0.15397795593432012,0.008333087822742597,0.05710491450318266,0.030810001513914775,0.060201400448954306,0.0476956944198483,0.0,0.026341585210115186,0.0,0.07633995439662239,0.0,0.0026263143167237347,0.0038868838899408066,0.0,0.032707875698526415,0.059822396230935146,0.025568686452123984,0.10820145099906486,0.0446979697983492,0.006245697648158286,0.0609884357453593,0.0,0.010853442531693932,0.008823593578638378,0.15406973629436244,0.20399544488518018,0.014991324906451544,0.12633390250007254,0.04830733077352872,0.18666003307954748,0.04165170926726951,0.45567228893089373,0.0,0.17200610513432565,0.1666136569391034,0.0,0.06614012630425113,0.0014168460149316742,0.04096646195872454,0.018928824394318026,0.0,0.04736298893845881,0.0243949272012866,0.057288969787450406,0.25465812545282857
441,0.02338917667791491,0.0,0.08667761378388393,0.09199916739148478,0.03856010516866803,0.04553141446844729,0.0,0.0,0.0,0.0,0.07817330703092905,0.06110174009218471,0.08089947799774659,0.030228033544975802,0.029405274835816134,0.16887249034262858,0.06112921160582589,0.0,0.09129965011168778,0.03959788129386619,0.0869064719423334,0.07291960981241452,0.08374692426645508,0.0,0.012013480419623784,0.00132252778865301,0.06764269436935423,0.027057454930695148,0.0,0.0,0.029373356839562312,0.0,0.10635791265671907,0.009034721307487862,0.02585219981292743,0.07956062857168363,0.0,0.0,0.060062781272013276,0.038578446166058364,0.33366456086767093,0.11372114865685018,0.02109202349629126,0.025154167974858456,0.03667140540737745,0.01661901497382091,0.630547663247592,0.04314086848241962,0.0430099518141554,0.10478268975342443,0.08459484149488908,0.08480991702280055,0.07260935499063459,0.03151978842288286,0.04655480445631368,0.0,0.0,0.05141388310306157,0.22744776113571888,0.0
442,0.0493105611259786,0.08376555405033032,0.0,0.04014180453448441,0.04195910302780263,0.0,0.10895731576314162,0.0,0.014857236422064856,0.0,0.06170568377162826,0.12047661385172605,0.03412901893667684,0.03322425059616031,0.17455512125200146,0.018297554550579073,0.08460190823392345,0.08071329970301536,0.0,0.0,0.13069415798955938,0.0,0.1348987679576358,0.024001018737372683,0.0,0.0,0.0,0.041126308560318556,0.0,0.008534929499034404,0.12916807987542575,0.0940817412076309,0.0,0.0,0.0,0.09290450347647591,0.05276008170362745,0.0,0.006474816249621624,0.009842812875683997,0.11691588534460157,0.29336227279437865,0.10464698004998857,0.2340037340531015,0.028181320159437195,0.03147404714165771,0.3609367945924834,0.0,0.28979611274027234,0.10455391924487804,0.0806242041978442,0.0715695764781496,0.0,0.01991890722968392,0.07130586231412522,0.024938138104775884,0.0,0.024439983509768046,0.028266012130565798,0.03296617895328652
443,0.0,0.0,0.09242203641219067,0.032065326969286406,0.07750554677936294,0.05202054850676538,0.09445513163232537,0.06647379754339594,0.06607753427459838,0.04583497633416165,0.07220837397168159,0.0925019287505264,0.0,0.0,0.0,0.12071825169261811,0.0,0.057603456302901375,0.05183039539246594,0.08015436571672307,0.0811112204025212,0.05519200357589172,0.0,0.0,0.34307691994637934,0.15119959932943505,0.16604062465720015,0.15074472810336917,0.06741344181042752,0.03315923052578646,0.09240570273410219,0.09429003862161031,0.11514491905835184,0.014190150093191944,0.042127478243755546,0.0,0.02872741981449668,0.05324846741685026,0.20058794908674749,0.16351264770284743,0.31781851421790713,0.08071099890098384,0.03755789710331301,0.0,0.03324302809823953,0.09109009436033078,0.03340393770270099,0.02425159256027183,0.032745890391740674,0.0,0.06582739652382953,0.11285669576585587,0.0711370110312593,0.03066855591775445,0.0,0.07829738196754259,0.20867300118883425,0.0,0.13320086650633065,0.12054020877927156
444,0.028104512758660164,0.0,0.029994341017959916,0.0576869678389991,0.10134263600511587,0.025894531057629507,0.0,0.0,0.0,0.023561001205964455,0.024919933578062357,0.025324851654769998,0.0744670329454264,0.0,0.01789295355315601,0.10422629417869606,0.0,0.0,0.18210636960367788,0.05323286769357532,0.06757331510660258,0.0,0.1283122200630177,0.017278571719337946,0.036089552115924836,0.006632332322226549,0.0,0.0,0.07407928054357656,4.760508028658792e-05,0.0,0.0,0.007234438671355938,0.1316413451311512,0.0,0.052363713182721,0.0,0.14930368672097513,0.07123227694832021,0.017602307911705715,0.4489960607949655,0.06490740525704189,0.04262751910926734,0.12312661910436472,0.07768694199462624,0.06069484800813219,0.13742304533430835,0.0,0.389221303704272,0.3270443779622951,0.04608876471549115,0.12516567048038524,0.05586390367914662,0.04051357396157737,0.05043778338301586,0.006797046607404207,0.013662968146371624,0.07291222429958175,0.0,0.0
445,0.034804316988878876,0.07730395502961913,0.025044986050859187,0.0,0.02196544958314171,0.0,0.11405379538586682,0.010110116903875921,0.0,0.062371983977431045,0.0,0.1017948612727002,0.07609032540779305,0.0,0.07322127138887229,0.058913631673466194,0.007994403175071812,0.028967107105693835,0.0,0.06466439069955553,0.10645183711104549,0.0,0.04295783540644299,0.12492824089224895,0.061860729848228796,0.0,0.01956868423252645,0.054185633897127564,0.051754162331600545,0.06101834720684923,0.0,0.19227137709053918,0.09166708103156872,0.16240237128960075,0.0,0.06513864039531454,0.0,0.0,0.017481559944063557,0.09729287099710547,0.18884746811214584,0.16436019693693074,0.0717299449207075,0.0388913900869961,0.12274955131676422,0.010024096078070137,0.5029306015546812,0.0,0.04154182156879402,0.059639077969250505,0.0,0.07852682189111666,0.0,0.1204369816220114,0.05460119508247138,0.07605019227748289,0.052734158733494324,0.03178662972666611,0.1334241441102734,0.07245163031705423
446,0.0,0.055016094929845355,0.08897890490018583,0.0831985502118767,0.009415093957409915,0.018095914015413186,0.09212832436640273,0.02664512300180714,0.01993600951173136,0.00825774127582997,0.04694227533206954,0.043265460940312105,0.05014812397461363,0.08324475087236641,0.0,0.15659907940557324,0.0151727864332481,0.0,0.13460307791728307,0.018603229663478413,0.04905612937724394,0.06140084142702227,0.1685256569287309,0.0,0.05170630687631398,0.0,0.021760303841630815,0.035058443338298814,0.0,0.0,0.17042236300189717,0.0,0.21899845580515886,0.07208602061007273,0.09193651005156195,0.065670969848492,0.0,0.0,0.09244751540754104,0.03904246840456453,0.03635451448395934,0.06366285140882195,0.08446273178151714,0.010813558728707555,0.17264140171416134,0.03625341469462407,0.3353877192571627,0.0021207582168166006,0.13468426723053298,0.19568559633757976,0.03885808187064946,0.07754944652678013,0.04171359008592212,0.04060014754461396,0.027679287693282567,0.012293813534394982,0.013570916979503514,0.008103982703818895,0.07629941092564783,0.037492684945375554
447,0.034778383255547475,0.050517924165829446,0.0,0.0,0.02365935182025223,0.03579987803205876,0.0971193303495465,0.06478853707919632,0.04659030642442776,0.0,0.07335877418263059,0.0769094328300354,0.08328945502196278,0.09324634120042523,0.09490761455189073,0.05861839443378688,0.0,0.0,0.0,0.0,0.041889698129855164,0.0,0.028654814836780895,0.03173600385092759,0.0,0.026931217982494943,0.0,0.07116980619661538,0.052421382621718554,0.0,0.06858861066252324,0.06193440419794638,0.0,0.010648752176100116,0.014640277312838497,0.280302573710698,0.0794446528942316,0.006604295614997047,0.0338742702374747,0.014525507242185433,0.10837055170164961,0.3733800894982754,0.14512615492761977,0.09006850597499552,0.16215563682751963,0.05040208143005972,0.31200843870934925,0.0,0.16285618473220706,0.2162202392006763,0.0,0.0030038179141043475,0.012995448826103342,0.022796856115306317,0.05343986891186064,0.025071622274868033,0.02369427682953622,0.03137217339448346,0.038945406892881194,0.036529783026138817
448,0.0,0.0,0.024014718807637826,0.07390490217959352,0.03059548135959755,0.07169085402088045,0.04918915998898265,0.08569884103432421,0.017320247242780768,0.03924376234552706,0.26159020139134453,0.06270459899654442,0.0,0.0,0.0,0.0247470955653608,0.0,0.04561478630507388,0.19304233833101747,0.09953586127757813,0.06364110475251648,0.2547721412799951,0.06812429648299939,0.0,0.29659247504757175,0.03340778324966259,0.10409310094268052,0.09997118844127831,0.0,0.0,0.22171842511462472,0.03979024205195022,0.02467958624124998,0.02491161239365381,0.091006649256346,0.0,0.003824604915571039,0.007931740451220599,0.13744014148281963,0.1334784937496672,0.0,0.022490346884532858,0.0,0.0,0.04247696977166852,0.019591159627788967,0.47909881670184157,0.02140016296002101,0.14271464063081,0.0,0.03687234391688584,0.019797432107073045,0.06319651451762408,0.07310945885693547,0.0,0.12843059895422815,0.21482666421123842,0.08811235125796037,0.08971850028391466,0.0
449,0.0,0.020324590129435285,0.0303375194664385,0.08962469251796486,0.09278185557022013,0.015384199954038827,0.0,0.04567957442671491,0.012884500983587347,0.03727211405152466,0.07617575956399164,0.04270045722820233,0.0,0.0,0.0,0.037008290506673126,0.0,0.0,0.21203968171619653,0.010421885698394423,0.1012334803477252,0.0,0.0,0.0,0.07611832955085167,0.0,0.044598161607496765,0.02717225156080256,0.03568019887431126,0.0,0.10723709803910966,0.030733335335515616,0.036487634974884144,0.057239000985054106,0.13861084084941072,0.17149342513608085,0.05234479340690117,0.1060831876387981,0.012928837568887323,0.023612002205990246,0.15098207435932956,0.10478229938771587,0.06118004190112056,0.051225566846551954,0.03192415263637751,0.0,0.46375219870491935,0.0,0.02735509924361087,0.2188047965688672,0.01401404432957357,0.2954062766980291,0.0025251685541826975,0.1496848235737958,0.05436978725574014,0.0,0.0,0.012246579627162735,0.10159938859517698,0.0
450,0.07031281697152662,0.045732313493656286,0.0400692678311111,0.0215928726653545,0.11163192978033026,0.030727575018035563,0.017389284816119163,0.05491220771540534,0.014571186587455221,0.026484623426143158,0.04821443997233303,0.0475662117127814,0.05747459748877563,0.05588749904582294,0.1232644022947979,0.0435522063898912,0.03458707357398125,0.04320391687427921,0.0774335102340785,0.0836050487156911,0.05848702590456941,0.0,0.04221843926873296,0.04354768033464143,0.009879159571076816,0.0,0.0,0.11277776319082373,2.6404151944927624e-05,0.0,0.07962803335482822,0.08893689696467809,0.0,0.012000966187287281,0.019757618519735412,0.02484702335424741,0.01922806422564759,0.0,0.0,0.10873659355160653,0.2202673589701537,0.25126142386967226,0.13835896554494168,0.016443798538824366,0.016296230207778466,0.045971600914489597,0.43452756383488866,0.0,0.024969641217529072,0.047071588158577884,0.0,0.20831037887289824,0.0,0.08560447467104687,0.022196431407915537,0.10313845357179557,0.04643339308702478,0.029841324743493804,0.0788818857042043,0.10016458768239755
451,0.0,0.0,0.016796389863645955,0.0,0.03301906160026762,0.036647386883245196,0.029727789176291305,0.0,0.024501122133816115,0.05384034788222936,0.04973914916559787,0.03782246306426869,0.018279591306016137,0.06393692490370255,0.014661975873427595,0.2916164816571299,0.028500337348304573,0.0,0.04523909556618837,0.04528587503079033,0.020806592373813656,0.007764118282418087,0.055928957912382685,0.0,0.0225698232077303,0.0,0.010797628500436009,0.05593619707799536,0.042646747755153355,0.0,0.3245794460886456,0.0,0.11865448385833964,0.07343718525013859,0.0,0.0,0.0,0.0297773500621858,0.002580479853159556,0.1116603331419618,0.21574574743508315,0.16499168920701707,0.0,0.11765413910705141,0.0,0.02556746968200037,0.5143436999047338,0.0,0.028212800171628083,0.14719498016572843,0.04058754051752051,0.09232475130634564,0.0,0.14897851638392476,0.0,0.0,0.0,0.0,0.12315504883851364,0.0
452,0.09646174759494333,0.13023588028254784,0.0,0.0,0.0,0.014801225119659325,0.0,0.04609637320444149,0.042679417688992506,0.013689237001916252,0.03539993615313865,0.0418947958903777,0.0,0.040745572199304594,0.07682793887024378,0.02293866287353902,0.006723179317015169,0.049624095136628514,0.0,0.025448841979651426,0.028906777202896302,0.0,0.07175216587670105,0.06659031452237807,0.0,0.01633746277860198,0.0,0.02990323282445839,0.0,0.029897480438703494,0.04581950465589121,0.10266616244470769,0.051568306692615674,0.0,0.03289051682191606,0.11876647720359926,0.07273667006211657,0.0,0.0,0.0,0.06252704860845137,0.5049420732215277,0.15504899057676233,0.021279258693402973,0.20379729951339265,0.08198800091417766,0.3253519150405521,0.0,0.06744190056301413,0.3173663820683608,0.0,0.0,0.0,0.019226857684823444,0.02456909567110186,0.0,0.04379195164672013,0.27470015161888517,0.0,0.014352616265547409
453,0.0,0.0,0.018731922222708978,0.055910156386952084,0.12635963267318226,0.027473486530856985,0.0,0.0,0.03748169534039578,0.039188197690567535,0.18056968323983555,0.012680422551797807,0.08426676407043468,0.0,0.0,0.022217464756032847,0.0,0.011827065557665844,0.06629834766913721,0.10735890235089311,0.043472134127913994,0.10274089464678994,0.32540912541174316,0.0,0.36256004201275255,0.004309573731611158,0.0560222911451101,0.1255687535111607,0.05336576802176724,0.0,0.15222271810564741,0.04739297125499408,0.05711478491290903,0.03804473662594611,0.026617313867784053,0.0,0.0,0.024154256929973406,0.06495756349774412,0.09217710811729496,0.2838129941636035,0.0033658197633839645,0.0,0.0,0.0,0.060456225101497035,0.44940527156322085,0.046330948392248876,0.021409028905491484,0.02837389704548269,0.07530006484151876,0.04237571648178979,0.04820889862558214,0.08022647620467999,0.16130407591657814,0.018795215595005636,0.0,0.0,0.2574379046797313,0.0
454,0.0,0.020732204788795446,0.028498751009331844,0.12197700040337116,0.1193581941532809,0.01703867102435988,0.0,0.0,0.0,0.04400008274391512,0.01729266970439112,0.0,0.018912592816836375,0.0377391088224269,0.0,0.10242620288578977,0.0029029157687464656,0.058519184417245414,0.21680022119744938,0.06676902209100517,0.0,0.0,0.11903164859378342,0.0,0.0,0.008579084893010255,0.3647907516896806,0.0,0.0002490312835888697,0.0,0.0,0.0,0.07839829516586244,0.11403496821387472,0.0,0.22072520951451294,0.0,0.019110047775876323,0.019593645216157644,0.0755584917484844,0.46064251225484604,0.22266229927132078,0.019654787482078846,0.09357101616743843,0.0215406713750769,0.024336852525003585,0.0709801418314294,0.09366546883645675,0.023692974824010834,0.3045061256659517,0.0,0.01886463626959156,0.0250006067096637,0.1758129532384922,0.0,0.0,0.0,0.05584646208247264,0.0,0.0
455,0.09256880704685394,0.0,0.017126655717632774,0.021212725708131295,0.17176187419458366,0.0,0.0,0.06006820146803938,0.07347100735883305,0.013842996438862153,0.07391151274802324,0.02139116601012973,0.1081246276915813,0.03428856977025139,0.02822981906065374,0.007171933750096756,0.015574078923190546,0.08250425135542028,0.05406661327590188,0.07802257408853887,0.0,0.0,0.02244359058753357,0.03813925454293734,0.13011447250485372,0.0,0.041567770571802144,0.0,0.006965920199043325,0.005439252174494573,0.0277647693636862,0.0,0.10763380579450986,0.006028437661561881,0.009704881572322804,0.09202384351750473,0.03958225579114305,0.058330438328113667,0.04316105175954374,0.04607570519385604,0.28481114427608334,0.1647347704061917,0.16505403963421778,0.0355689056967755,0.06473123983712886,0.005870138462691197,0.5090107560156943,0.040214756805557916,0.025426099824047147,0.05261269326575189,0.0,0.06913066960353391,0.03403911243776812,0.010606805663123655,0.01591376200865083,0.08961098831347139,0.03644621278378399,0.1474318556394562,0.0,0.12920814538450606
456,0.0,0.0,0.09268900980549467,0.006716942669791155,0.006304838660367969,0.010239476746751262,0.0,0.0,0.04160992511122707,0.0,0.04293387438113627,0.0,0.052466880389303645,0.04052529302835892,0.022230934495861034,0.08165583260464025,0.007685371285196514,0.006353761580573039,0.22803735210928872,0.13863231703257706,0.09078107523791853,0.0,0.0,0.0,0.2275672437842036,0.00034219037953410204,0.0,0.015778085859418197,0.0,0.0,0.014386567049379453,0.0,0.07232763842071309,0.019814805964891106,0.004131531185232511,0.00631143169254923,0.0,0.05678173783688032,0.0205056411799326,0.07309408326578985,0.474603456730086,0.019281398987050564,0.09390048358830347,0.02033008405797533,0.02243962435137927,0.006473650864320773,0.5894734243589125,0.23736145752703922,0.0,0.024289834362336275,0.1124975725418341,0.014420366589218152,0.015342917730303473,0.04143127683358552,0.0,0.1217399621674395,0.0,0.0,0.0871687698252185,0.0
457,0.019987176096840534,0.09977620356801531,0.0,0.02105863995255004,0.004173397246691788,0.01734744630525062,0.08267810140805455,0.0,0.03726788085537688,0.007224591065625898,0.13244582358905596,0.0,0.0,0.05386315613971721,0.0804137217498492,0.08028736176022284,0.0,0.025080897072345294,0.0,0.027213902752669772,0.06023874641596997,0.0,0.0,0.04376060615287246,0.03294083964020291,0.0,0.028541407975216423,0.08250477262908222,0.0,0.0,0.09520095728419918,0.07091768861457261,0.0,0.0,0.002722159798759607,0.21561465730310972,0.10358400628914798,0.029795834664179427,0.0,0.10171576130163636,0.13555052961359396,0.21683082529382733,0.11141092626566788,0.03158356337121566,0.15951163209279773,0.04770420224844949,0.6305207571379567,0.0,0.02058359317378576,0.023557856877282575,0.021929333193883162,0.0014651408200949034,0.0006878830502406986,0.06673720505861308,0.0,0.11885757216701158,0.0,0.20740479096214545,0.047417875870096396,0.001647944648106528
458,0.0400529713040907,0.0,0.024163181889337765,0.03583038971516415,0.10326661892007104,0.04206187139562736,0.03389829843292757,0.0,0.10089435437258681,0.0,0.39766055448653476,0.07226498809710444,0.03418625773674034,0.03480102993735714,0.0,0.093936998132049,0.01950896471014791,0.05571019831194582,0.012176938252010588,0.3087248197157891,0.07160183673839238,0.05169336366569639,0.1644235350912212,0.0,0.0796215379184512,0.009104406558829556,0.0,0.006824564908172233,0.07744286609118566,0.006476893574482796,0.0894164841064666,0.06229981354603628,0.022087085974473827,0.09709009035945647,0.1392550721266846,0.0,0.02284688863520512,0.06911961372599959,0.0,0.07698989932874455,0.025978019478930227,0.11745744971178983,0.0,0.0,0.09033513319274317,0.050356209902564966,0.01892221368465548,0.0,0.1372994098717855,0.14756660650928916,0.19602740043285544,0.19739314167190994,0.11460237368303419,0.071547151580344,0.0,0.07173761205809201,0.12793001232106566,0.0,0.030361709938403862,0.007844532483179352
459,0.0,0.028035384177380357,0.05962710831913956,0.06921230242122008,0.0,0.015104707460072454,0.0,0.0,0.045026114128005876,0.04371688606859442,0.04781392642007155,0.05622915572738877,0.012099866305505667,0.07037573415053085,0.0026985148891381194,0.027969315745414107,0.005589465159431397,0.017609357507620944,0.10857481618369347,0.0,0.0,0.016840452754539777,0.0343535783206355,0.0,0.23345727174500813,0.1317554624797525,0.07503821218930211,0.07879609495265819,0.05201176915405429,0.0,0.0,0.0,0.02133617925247175,0.23232161821346167,0.02248621192763962,0.0,0.0,0.1125261054373429,0.22141491686270218,0.06564225230244651,0.0,0.0158989769868643,0.018284478396922176,0.02501334637622359,0.11664234227363325,0.07295369078773731,0.5613307018104631,0.09924577040202029,0.08561198612672849,0.14648910187001013,0.08974473954681518,0.2372673008515484,0.024844245718654803,0.05245109650655382,0.016272019325046384,0.0,0.0,0.19513294056191072,0.0,0.0
460,0.040771939079277404,0.04092771766357418,0.012138386424813796,0.0134198352835215,0.0,0.05041938370240533,0.0,0.030141128106795485,0.04648828314247127,0.015586266018484169,0.0030367264690447683,0.09128541806259323,0.025824563019563665,0.026008968601244326,0.0896198901169673,0.03457088853525068,0.08946347723433236,0.040648100939723486,0.09948834010930425,0.0,0.038435704963532484,0.0,0.015924572370174132,0.006155209219368612,0.0,0.0,0.0,0.04195363063599142,0.0,0.0,0.129027024946324,0.10550565250777655,0.07122404455240146,0.05091623968148447,0.0,0.07658144838221079,0.028742685169891518,0.03523602976203032,0.11881480912889232,0.04938902238805426,0.23107570219064896,0.020608161344981366,0.07576492972477868,0.02623688949375899,0.18126079947461768,0.04341711542811434,0.5743434363613827,0.0,0.24343041049201553,0.28220922257426934,0.0,0.056207848499657424,0.0,0.0453708228840924,0.09875961349444903,0.0,0.012815851893470653,0.0,0.0,0.11304888891899911
461,0.0,0.023957128088333363,0.020837096743310305,0.026186680150940837,0.023484680065599613,0.036667963804557224,0.026141108971049043,0.0,0.03554403627694998,0.017258378709521627,0.1461002284504329,0.028319841109421023,0.0,0.03675986649050658,0.0,0.04877196257907433,0.0,0.05345662157158026,0.04965101235785392,0.055213812171364826,0.10516187450878622,0.02712317555546972,0.017372942889549402,0.01611364847583507,0.07474407342244554,0.0,0.013246639305570608,0.008033702983436425,0.059777209722294986,0.0,0.04193300551314818,0.0,0.0016275245329322651,0.21067645873703983,0.0,0.0,0.0,0.0,0.126856819104,0.07676544030971275,0.21946411148638198,0.07882309143111661,0.0912339118108981,0.04728004949963166,0.05950257844391768,0.007395563025733635,0.7580072389485193,0.0,0.025043217199529573,0.15194447285539994,0.11874475668452718,0.0454688123553856,0.03267831010703257,0.12876691769444926,0.16175013098011573,0.0,0.05586530292030403,0.0,0.05845639397269187,0.0
462,0.0045071576042031184,0.0,0.05506019382592085,0.0,0.019802465414009686,0.0,0.0479370347829029,0.016127894028416797,0.0643721017052254,0.04295053558059833,0.11137095247035242,0.08643821466208619,0.005544121043905681,0.06644396674756713,0.11419623129928345,0.01793329238572539,0.07205784764707827,0.03841535526335944,0.10932776120278309,0.04693344080174242,0.005168880137053133,0.0,0.0,0.018307722954754812,0.029317877500277336,0.0,0.0951965241017147,0.011551753165232461,0.0,0.0,0.0,0.0,0.0830436429288446,0.05252617905928427,0.009188778154096848,0.01069790671848223,0.04340199010564444,0.0738633286074543,0.0,0.12751660527897135,0.3502251649655551,0.251274167652138,0.05041452859276582,0.09806955628868687,0.04755370365622541,0.0817551518881701,0.24808533017213377,0.0,0.3115977054600012,0.10823187084571634,0.013528286769690095,0.09465389253573152,0.02198936752318935,0.010404158792070416,0.0,0.0,0.0,0.4137867577518861,0.042458510217886596,0.0
463,0.0,0.01768150975890917,0.0,0.041750647955509826,0.20912059697012572,0.0,0.037364839529678034,0.05463831043201767,0.02948461217957221,0.02842957312336483,0.03821855744264001,0.0,0.0,0.0,0.0,0.054114443604788245,0.0,0.0,0.02118501830185279,0.2373283686547177,0.014651474514026274,0.022279476395914745,0.21258290985182174,0.04741230694688136,0.06353642591743038,0.024908350950492764,0.006263412479281907,0.05615419128481935,0.09519077470402655,0.053306649482657856,0.05749152948676718,0.016709824010252453,0.09698627135413776,0.07925210605240285,0.013688385425621999,0.0,0.0130276250844856,0.11482791400620437,0.05392410604493901,0.16275112891757884,0.32047134103341457,0.08898150229320251,0.05051582222696875,0.0,0.08223644369931112,0.010629876540060076,0.2464885540160512,0.016577139845030574,0.14805097733083264,0.14943147670677606,0.026631725884316625,0.012876581188210064,0.015784536689261826,0.08304993180321377,0.07048194649096928,0.0,0.14742122899258242,0.0,0.5220136850751955,0.04902986303913383
464,0.0,0.0,0.04187018613816781,0.04158402192957101,0.14329025997576297,0.021857825059962154,0.0,0.0,0.02218591529678061,0.0,0.07515503174528723,0.03477684543467626,0.004762299677104045,0.0,0.006283342072503384,0.0340209694962369,0.026135327953658846,0.0,0.1213214836343685,0.05459807913893668,0.0,0.0,0.0,0.0,0.033862460415754476,0.022083416353418,0.08133348535384315,0.0,0.01798552217842973,0.0,0.07156710923281917,0.0,0.15645717358960962,0.07728266326713944,0.03381797725477651,0.033809247745137355,0.0,0.06797495797858177,0.047561574466763054,0.06352307495380072,0.20405787658494862,0.2985183951770109,0.030524356435183586,0.05302284755855372,0.024014074433209593,0.0,0.532128738803845,0.1281762155942055,0.03713810957746086,0.24918095679802693,0.0,0.050083795912110665,0.09434291609584917,0.11852723342168162,0.0,0.017110124126684202,0.03540454399490544,0.2199368417151091,0.0,0.0
465,0.0551719721532063,0.05327252889310117,0.04292117485657192,0.0,0.06520170419768678,0.03286288285529433,0.0,0.05254736582607907,0.028421965748919503,0.033369573005103854,0.0182427618261719,0.02123950794424129,0.01169991815229611,0.04356042149932957,0.004285515755361804,0.03383872396912387,0.043380705477605586,0.0,0.10418256883065,0.09768574326145994,0.05075969835271564,0.0,0.02609826571252186,0.03707889310138804,0.0,0.0,0.016225534252622516,0.0,0.0,0.0,0.04044371618578031,0.02238158192413751,0.196592633219336,0.04229756344996722,0.03256321660043123,0.007715676412384572,0.020311180125820626,0.0016193307553305303,0.034821361596694536,0.13064304478161304,0.13263335880253363,0.410641417944467,0.10660682518359621,0.1539825627624938,0.13673042837900254,0.029446831734911093,0.3041318842079272,0.0,0.1886781986869747,0.14063492769535935,0.0,0.04011486321808132,0.005746112667061016,0.12463214541560153,0.046828145828493366,0.011120257242754845,0.0,0.02124271483400518,0.050551033775163685,0.14593989046919453
466,0.010919922494822907,0.014917365509233812,0.023759161931143885,0.032951579261930874,0.05443992837625727,0.0,0.0,0.014477238840880672,0.016821589400003133,0.024598466813104056,0.07575551812360434,0.008534148213302447,0.010882564651108555,0.03608957170618237,0.004006272336557566,0.04607727618965031,0.03675365078577299,0.02728763148498639,0.02899203751865079,0.131954905910311,0.04316631883603532,0.022453142001151238,0.11874464187421768,0.03194135951121782,0.19598463790722828,0.0022192150709091805,0.0,0.0,0.050861376543321735,0.003979723727783123,0.09583285416202247,0.0,0.04833042809015255,0.03118247368621128,0.04479749149607375,0.036278233853674215,0.0,0.03199722265284463,0.0,0.06742244530898021,0.38762661471006427,0.06201461598739119,0.10094050692598135,0.03221976770317785,0.02008703450088994,0.05862746325577517,0.43224247409950645,0.0,0.02036461557181536,0.2649404092533594,0.06612088485893217,0.1924736141790981,0.0008401185270540102,0.10795479015994516,0.0032581201445908816,0.02492423756827178,0.14013650781230919,0.0,0.0452137000568901,0.0
467,0.07586361100887622,0.050246398382446246,0.0,0.024333328934988515,0.0740029270828468,0.1284141885864557,0.04931920969599396,0.006178244897988028,0.1291593554435649,0.034820804396499865,0.048704875003151384,0.11002783925027057,0.030013718989200033,0.03872700688573341,0.053524105769706204,0.0,0.06761638938957125,0.050647246471442656,0.0,0.0778240654527046,0.055942346408999394,0.0,0.0,0.06232384158056771,0.03827553977040735,0.0,0.0,0.016654262930507237,0.0,0.04202605921770803,0.03561798431284163,0.00798594612107856,0.0,0.029873078464665373,0.024784894361972523,0.009850126703916157,0.0,0.03916091696997141,0.0,0.0292117980727748,0.2493057547741534,0.20146750624645196,0.2107572080305107,0.1610543831950936,0.04520001412948581,0.04488205504304391,0.502435559914601,0.0,0.04567736193451131,0.06999291145755918,0.0,0.0,0.025641596682145242,0.010092528107342704,0.1058197434437883,0.003208515042745945,0.021299292228300515,0.4054570834206725,0.005476480549423584,0.021830067175636788
468,0.0,0.15599433647064875,0.03991765856889524,0.0433990921949912,0.0753276621913353,0.006266571560151024,0.0,0.07938153595615945,0.0411738741249515,0.041429896132205574,0.08085495139409504,0.0,0.0,0.0,0.0,0.059210083069017254,0.0,0.054658009485260714,0.04057987746437711,0.15968530022565441,0.0,0.0,0.1969318536790096,0.0,0.07684317311416504,0.10704552510135242,0.05146153395963766,0.0319804284710599,0.06862890253397795,0.0,0.5539734649748269,0.03742876014774377,0.04200179979017691,0.05985566298239186,0.03988469406435853,0.0,0.06246518281499974,0.04106200255336214,0.0,0.09508517918907682,0.15276541951886335,0.0,0.025871054701181288,0.04460510927093377,0.0395916967142597,0.03848791343983915,0.5600223582768451,0.046887462967704574,0.04860095075576321,0.08684631008309188,0.022983870631026734,0.07931520097414228,0.018990616034361266,0.010425817725436097,0.1612875272505471,0.05572743910865408,0.13578222296613351,0.0,0.1984562091261152,0.19824944103992043
469,0.010185251023066257,0.05402277878357097,0.05658777043276173,0.0752455934466512,0.11670263372987139,0.015242930365996443,0.01038110509161772,0.02538730364922334,0.019682971184841174,0.01767992523811123,0.08698847360977856,0.019436277293367388,0.0,0.0,0.0,0.0980855375059691,0.006011255686265096,0.021029656384292467,0.1401596639191767,0.09048261039511513,0.04377719593333916,0.0,0.0,0.0,0.0,0.0575603955447459,0.0,0.0,0.0487894023986446,0.0,0.07017244201098582,0.0,0.3165696315435192,0.024694501873708474,0.06709874018948583,0.04507874940643721,0.0,0.01896201683911871,0.11904928249288173,0.029503102329752177,0.2563956463641713,0.17228375424867476,0.01013004747614799,0.04489823288473255,0.09059540511271078,0.09535911569962396,0.2193922849342536,0.03154495298823083,0.19673370985527983,0.317790785908357,0.0,0.07821244654399954,0.08999211450435295,0.07184421087924983,0.004500804281816293,0.0,0.0,0.14966631122760204,0.0,0.0
470,0.014320321270533771,0.02952659910153617,0.025441412668707603,0.0776076404588804,0.12578027441205053,0.0,0.046896828681201555,0.012722317560962435,0.037807614338677034,0.07227746871295998,0.041126066819471986,0.07300360647248201,0.0816899735757946,0.010443682361290244,0.050271765010107855,0.03570340178718348,0.023511350999823974,0.0419269215516602,0.07088608093917488,0.09513060699431308,0.01900528213333925,0.0,0.0,0.030053876113251006,0.038066774842917754,0.0,0.04250320408340768,0.05075739629533151,0.0,0.032702328010000045,0.11850350043890925,0.0,0.24674338885855657,0.07210973798813315,0.024515109871767846,0.06176558118038233,0.012793545813279955,0.03986076271723214,0.0,0.04134514545961369,0.3542860828917344,0.1319665467021618,0.0,0.11585126405339578,0.2481194127750716,0.08726469904616695,0.23165531873325806,0.0,0.05927815856368073,0.08232987585896182,0.0,0.061901182723242895,0.0514658852582619,0.05134786008654192,0.006935238383496269,0.0,0.0409089071336209,0.1675431235046986,0.0,0.17878269449889242
471,0.0,0.042678630831072394,0.03580974317630994,0.0,0.027651179055972263,0.03159377407042148,0.048209153919336195,0.030357526835225843,0.0,0.04080469295345166,0.009200512883052056,0.016718171796578633,0.0,0.03579198071395079,0.0,0.0,0.028754521298790595,0.03591007042675203,0.06621238248122015,0.027759502293852326,0.2230012911836885,0.0231009774774011,0.10070268453249363,0.0698325663723573,0.027741188133166558,0.0,0.05048996932132681,0.0,0.0,0.0,0.07026604030022382,0.0,0.235578907764522,0.12953153304754877,0.0,0.006764719758474521,0.0,0.061100781181522575,0.09389130698716638,0.0,0.12328138633822118,0.20272461179300558,0.014739085866281419,0.1681904693663276,0.06528789560006397,0.010799473178224899,0.6741377871579182,0.0,0.011302577476801181,0.050301999659030504,0.017988068014405376,0.0,0.014448797848224046,0.09277489179541601,0.04301876913139134,0.025351676318646554,0.14003234266692619,0.0,0.16823580115036896,0.0
472,0.023330891042271724,0.0,0.020586233123624793,0.07087570755536887,0.08621820529635092,0.0,0.058575368069038285,0.018165726778729324,0.23082385355543314,0.12996435713531806,0.062032938938179065,0.09717282548093358,0.017437831650361977,0.15672551656101064,0.03175016372927471,0.035248452238607,0.04243688917913763,0.040085034415243206,0.054574441572006895,0.016430676182256524,0.04488271268379818,0.0,0.0,0.010164773704649273,0.09108459459373662,0.0,0.0,0.001940223259552416,0.05153633872832683,0.0,0.02474375264433161,0.03489770200138975,0.09807826566676947,0.020997018937339816,0.01186218564912581,0.2520790294833243,0.03172042490286349,0.07583934120139453,0.012759515965627678,0.019960458330895568,0.39675732041483075,0.20750419812919335,0.04249170452833357,0.018732407240178814,0.035171430622339336,0.0,0.09868244444613358,0.0,0.013287294239666481,0.3238208666803991,0.0,0.10159881008381483,0.06772344283591859,0.009312419684964872,0.09849493400263971,0.0,0.0,0.27598081792048146,0.0,0.07225969098443875
473,0.0,0.0,0.02759833371181905,0.033980988336635966,0.09035019043025354,0.024660519716763255,0.0,0.04727069924335784,0.04606636025910155,0.06226883921045873,0.22675820853445988,0.0483012749744108,0.04370064763659527,0.0,0.0,0.06117522473623059,0.0,0.0,0.01409006664076057,0.026833948019949424,0.050727456576243626,0.05144008308783483,0.09292072249903828,0.0,0.06639266120965683,0.03718711965052025,0.01684423688493943,0.0908355038858482,0.023912980524660146,0.0,0.05282338562934569,0.010699475892344008,0.332499935646158,0.04469858489275439,0.013108125861763926,0.04119876974013852,0.05513140356011076,0.11249669014959057,0.03596735113075242,0.05010856784051913,0.10639457693258952,0.07777100725438889,0.0,0.02209818937262654,0.054492338578466554,0.06294914474168238,0.16715505790877805,0.0,0.14681286808367,0.06080786086498419,0.0,0.02621969707660372,0.11133626098874692,0.06822976270140234,0.41484618415733104,0.09572563747337709,0.0,0.0,0.4367256787823805,0.04878699503717037
474,0.0,0.0,0.04525143486778393,0.07099483102113585,0.13660288451171665,0.0,0.027230382216857033,0.016700137148827635,0.030141168225183555,0.016735794194163805,0.0,0.0,0.0028722042062703478,0.0,0.0,0.05804240237823731,0.016372278988077364,0.011695289355173496,0.0761634268201215,0.025243320369150266,0.07413220754906276,0.02751973185419482,0.0,0.03789178740482352,0.11932667427967561,0.010513118365553385,0.04347637082692758,0.0,0.0,0.0,0.051767180723788844,0.0,0.25346064668518786,0.06445113513014507,0.07573763683417686,0.02216532894807585,0.0,0.09947763611045075,0.06551160831260157,0.0807080950742132,0.2377132426596438,0.1958667608517579,0.0,0.1264031780552954,0.007784381018365027,0.03355986873226325,0.6930247648744315,0.0,0.09827886149075725,0.11191355471422318,0.06387279128401267,0.10206087729191154,0.042063372904862666,0.0,0.0,0.0,0.05792731186418856,0.16460301296300636,0.0,0.0
475,0.055227586980324345,0.02629870122923222,0.04968845357664102,0.02949509158117889,0.03174736141753261,0.01221891851470005,0.05987304450191802,0.0,0.08637640393424854,0.05048164422948703,0.04236840661573196,0.031167596604729276,0.05388468763102274,0.05621891805649717,0.16976413822735864,0.06545444433725872,0.021051170494812196,0.01618016884589157,0.14577703759289076,0.0,0.0,0.0,0.018728105655937948,0.09888876370986763,0.027988011594801042,0.0,0.03156395665467301,0.08156565479493497,0.009923206204407559,0.03186538234558717,0.03381797618222901,0.03637516743477745,0.2535986347045354,0.0,0.02117166868910425,0.07322157937623303,0.036177678282404084,0.07650183668219451,0.02778329018261256,0.08330931018804213,0.4698466874218643,0.03755310815477821,0.09554901805845999,0.015477040732482968,0.023910232777760724,0.02731861252510225,0.18819963769474451,0.04238723621327876,0.20064236435600424,0.318174364902929,0.0,0.024244567211511962,0.0,0.04135953441818586,0.11178691666903548,0.0,0.0,0.0025375384523193766,0.08802647562358257,0.09184253970732327
476,0.012618507936036538,0.05356125468273055,0.01579994315594056,0.07549431553188139,0.006900966118890879,0.009764938018031173,0.041022920162905784,0.0,0.0,0.02948502687312618,0.11934427020123219,0.035915615986317984,0.009058786818368305,0.025472405821400604,0.007762553891247763,0.018152298992345894,0.03280736248197344,0.039934832897603495,0.04040960408399301,0.04063884533790446,0.17236560030923154,0.03568320827586002,0.18305376983143046,0.021817881522680674,0.07427249587747092,0.0,0.0107739594028308,0.0,0.026863280009293805,0.0,0.05812328222487035,0.0,0.2880463954069166,0.048150224039718845,0.08269305972878818,0.0,0.01818439495597435,0.0,0.07373704378464803,0.026310011660503993,0.37054730621750204,0.09803219701820864,0.0,0.10938876324306515,0.06937061498531294,0.10584354310991848,0.2564008636180391,0.0,0.11150355034263709,0.1750535703766417,0.08427314850308595,0.03861318841203951,0.008614159317902745,0.04749807896258168,0.055011486327760956,0.0,0.06462282422214016,0.03645139625879337,0.12535497313737726,0.0
477,0.017635184596245294,0.10066418118004031,0.058145808893741664,0.0,0.035522827326176426,0.08187472048100534,0.06744286424662099,0.027447045569903544,0.06995985463867625,0.027066097174026,0.07938280413213179,0.011940630943848353,0.012958519534042758,0.03673255105244954,0.05429868902589194,0.03090017197363689,0.052610991543517185,0.037866532744982244,0.1792976595202206,0.06459534187096522,0.0,0.0,0.0516383733291545,0.015008687315091387,0.12531066156050152,0.0,0.010541584113495378,0.010387866008428323,0.010735134163664305,0.0,0.0,0.02218351344905095,0.0,0.012511913543109935,0.014449262879362159,0.009089476641145816,0.15671842261258298,0.05863407162530937,0.04677472494359335,0.03343590288133477,0.29080389637375376,0.08886232812349451,0.034122899954893676,0.09302441755647006,0.06799571110410145,0.03995078100802088,0.5747680276085952,0.0,0.04421946727481253,0.13775488438354516,0.10703855518889929,0.019721788507600212,0.03888298031515459,0.0,0.05968736382425271,0.0,0.08395860368035332,0.4565366454081573,0.08397682405542171,0.03727807562835383
478,0.0,0.04793949141330886,0.0,0.029691537484470315,0.037405294573307726,0.046308622006683564,0.0,0.11104351981450981,0.02623616002364811,0.03498248045578294,0.33371484426087955,0.01857212706668,0.0,0.09557969343687678,0.0,0.04636428639216639,0.02030179439243447,0.044714104593510336,0.07039942023678827,0.08544082748797154,0.0073008198463112295,0.05370362498818289,0.05776422593830934,0.0,0.08031877566627964,0.020475709556768452,0.0,0.02053633183666588,0.12134685696716419,0.0,0.12203782055850158,0.18149502111282542,0.0,0.08279375273207915,0.0333469656522896,0.0,0.0,0.018585563284817763,0.0,0.06022832645928257,0.5084507600320086,0.01590243547619739,0.019224978067532462,0.022508206210524736,0.004793727132210089,0.07283174731728728,0.1571572767397815,0.0,0.06623122134527121,0.2740091333354561,0.13847929590394867,0.047562377948941054,0.10917204426497447,0.0,0.0,0.0,0.30818003003392097,0.0,0.09514242126710817,0.10468604281947794
479,0.0830178651034851,0.07336006965949803,0.04534857977073527,0.016762213377897038,0.046291446199873965,0.0221103551526731,0.0,0.058803001691791014,0.031944485765251635,0.030961302982890567,0.06927962464731255,0.0,0.007324664370549985,0.00948847945789999,0.032418174585488756,0.04520224450732962,0.0,0.0,0.13773713470163984,0.0,0.006455261490427198,0.0,0.04412691688869364,0.05844844156326083,0.02317511418556281,0.0,0.09779710465840835,0.0,0.04523587896058245,0.0,0.0,0.0,0.01656134240329846,0.01468914903829136,0.0,0.04938665234962044,0.0,0.049816079972833195,0.025596728350702102,0.1161150180097133,0.4522280841418038,0.05424371460261993,0.034445601692287414,0.19041975556711763,0.08140301932993209,0.03930872464086679,0.8378735797975481,0.18080352183359522,0.05247286829968356,0.13833906832966292,0.0,0.049174407826616466,0.09857236115294567,0.07536149590593567,0.0,0.0,0.0417871759605446,0.021805509601729244,0.04013895262681447,0.0
480,0.01318564638029879,0.015239783596654934,0.07188621172037678,0.020888913760724197,0.050265933484814694,0.053452136150191926,0.020355100570539554,0.025914818865037374,0.06293676539031899,0.0,0.0,0.05680483031757092,0.017508636283369867,0.010990081986015277,0.12216059495194694,0.023725032612972662,0.033756069557684704,0.045529046094734106,0.18935365469146512,0.06986643159745992,0.05810818556236789,0.0,0.0,0.06794093148162916,0.0956073705067566,0.0,0.045470123367271624,0.026500054679332828,0.0,0.017088625052071964,0.08326436504835426,0.031598403822533296,0.028956465459943733,0.0,0.0,0.2194979555137756,0.01571209262325447,0.0,0.05611561617645069,0.018342205187555024,0.21046142018813555,0.03449776926880191,0.050037180393487715,0.0823984794959263,0.12429286522405786,0.1184633652213309,0.6322911926318245,0.0,0.3705415059614584,0.015131583243803823,0.0,0.10535298313433769,0.008083096849421044,0.0,0.04573582416505604,0.06170969696747851,0.05216396004123486,0.0039344049508657376,0.0,0.148227341701973
481,0.0,0.08745038053352822,0.02202577966845874,0.02664534207298606,0.030945505536281413,0.07745609865499276,0.0,0.042076462277577956,0.06739127055449987,0.02832642156043009,0.0,0.024590499645382898,0.061175641440121345,0.07655648884032944,0.023270863157352113,0.051176923951693314,0.010767784425265105,0.0725668549089674,0.023042772688603715,0.07924245713645861,0.12214985625489648,0.0,0.21489927839321019,0.015422911587968354,0.06205498562911451,0.0,0.018092066871640052,0.0,0.0459238033389882,0.0,0.043474990054629306,0.0,0.15203770919472498,0.041113649438943384,0.135289778133901,0.05167894078295457,0.0,0.09069473455098002,0.12747764795398428,0.003908309936529492,0.023866887469111142,0.1834718805194861,0.0,0.10573445966024081,0.10217955094728971,0.11545208098943169,0.4709831821733957,0.025524336728042246,0.0036286397037427155,0.138146670918945,0.18141415030336142,0.055989667723451514,0.005068591624222316,0.10635236347127773,0.01774919645466005,0.0,0.03886506285659574,0.0,0.04262443091352382,0.0
482,0.0,0.0,0.02736007278921712,0.0,0.04516297393220012,0.021277317371762118,0.05802154679483147,0.03597675662547262,0.02577110315061513,0.03085643026744773,0.06779149138521133,0.04437321719022705,0.0029339869492619308,0.028919326316193424,0.23517559835444937,0.04415822373883808,0.07212092252188834,0.058605703461337325,0.25391195104231423,0.03317336660335167,0.0,0.0660979634185666,0.0,0.026432055942500515,0.07160675355536997,0.0,0.0,0.0,0.0,0.0,0.042919432281689804,0.08642972531942268,0.02149864666224348,0.033197383336872395,0.0,0.2699416479594971,0.1182624851181117,0.2080124702280341,0.026621022429856457,0.089714983423035,0.4331681570447954,0.04967084447123461,0.030547516457228106,0.07120598277799645,0.06607537861554506,0.042564486271181534,0.6442803710219113,0.04261944886277062,0.11612452164322194,0.026764026257718586,0.07031338851613345,0.011104344883327082,0.01856003087618225,0.03708273926140825,0.0,0.014239651696277975,0.07002350835163697,0.008607088675140926,0.0,0.0
483,0.0,0.09376557961141524,0.02023760748555272,0.0,0.08037594076507595,0.050499553403904204,0.03380768617638524,0.04067498901205925,0.026566900966338097,0.048101750650587985,0.1562961275020141,0.0,0.0,0.04858634240085654,0.0,0.0,0.017393381041059062,0.0,0.0,0.0,0.037922309699265994,0.08662825645760279,0.11331637661487594,0.0,0.07234268755417192,0.023984721707088832,0.03988784024205026,0.051377676489274965,0.08495866898974869,0.015538849623254157,0.08393305396286158,0.24000353371581237,0.0,0.02290441573334943,0.01829432198219296,0.0,0.012582342377159326,0.05837383486740324,0.03044539380190356,0.02468162324033718,0.03433077994971531,0.1168698106951956,0.03588884484524956,0.028337562780384958,0.03437284254035892,0.06482780632116902,0.6198313697294918,0.0,0.0683060027736545,0.11896882706938387,0.019005029206602582,0.03378199322614927,0.04961921973394737,0.027713485218533992,0.08546582205977649,0.009131648307829572,0.38624030893880273,0.0,0.4461927553768819,0.06221940992621487
484,0.030126666532948015,0.023768935801670516,0.04270357391193966,0.05547813138975655,0.0,0.0,0.0805010357946385,0.0,0.02836164054664461,0.0822426321413953,0.0,0.023051021734290744,0.0,0.062459174979671885,0.03060128835050727,0.06727062360180791,0.004646803083448265,0.04492606122854456,0.01959310491241322,0.06414006070091248,0.03338255612105022,0.0,0.04307083621061099,0.0,0.1299947300028403,0.0875578155448162,0.009857499146002185,0.06824904049155944,0.029180634347939337,0.0,0.06686248630211672,0.09685864531324342,0.6142002082163779,0.028814383490789516,0.06533115763140562,0.06463068638103522,0.0,0.10478934217773098,0.3800053020799421,0.07738632528864028,0.03385130356625425,0.22931124982825246,0.0,0.0,0.10867417453898781,0.06461174373334094,0.10738341848531421,0.0,0.022082348135533798,0.14782019107200328,0.0,0.2013106806937072,0.0009204634378245524,0.05330516743201588,0.012304029771826226,0.0,0.0,0.07318751152428554,0.045739649011605786,0.0
485,0.04874606160794018,0.0,0.045008020345859004,0.016814063508694285,0.00699218029473232,0.08668660538668913,0.06019209981363287,0.013935881659418779,0.027140337934416652,0.022657776058773334,0.03591335349576343,0.016301550702288316,0.025934485012449104,0.0,0.06116615551988389,0.0,0.018835938757086206,0.0,0.014336281329975487,0.0,0.023612751423641498,0.0,0.0,0.049014357576876895,0.09402156586944387,0.0,0.0,0.09065461470532243,0.0,0.05800469158568173,0.0,0.016141986131903582,0.4843653711060201,0.05478950117474089,0.04382253052644985,0.171099132719524,0.04604424977532649,0.08637979746936399,0.0,0.08963201729856558,0.16886344391666935,0.27520456539828575,0.0448733156742878,0.07618469688529485,0.06973051752453933,0.03515939306600061,0.07955793270079466,0.0,0.36692531237619824,0.4638215195462254,0.0,0.002777381202658622,0.03226789343353542,0.029203595884093377,0.13583838574838075,0.0016911741957147508,0.047983869259508004,0.03590296622355832,0.0,0.035521072416911915
486,0.045122826678058114,0.10510911429922377,0.061352635665232774,0.0,0.011385525746977718,0.01996194515271469,0.025807367858709296,0.0,0.0,0.03935153801162008,0.005646153529522299,0.0,0.0012733718135893746,0.042250120273413294,0.009471070126961967,0.03682915954160626,0.011661332837362006,0.016229245435233103,0.0,0.0,0.017070090002694053,0.0,0.11255534976447629,0.018265710020099503,0.09786846817086282,0.0,0.024277186370941183,0.0,0.005991185885832359,0.0,0.1329439922139118,0.0,0.41192005008048155,0.0,0.0,0.026420944374942804,0.017888061181783953,0.019095783471549457,0.09324752048545737,0.17280226395056272,0.015195181762842305,0.09323106825807113,0.11739495257831152,0.0675888529954623,0.04554877560996823,0.022447144576933073,0.6934875805420786,0.015667473777517715,0.3566443559249251,0.11062942318128309,0.12882109287281948,0.055043732869437846,0.06864968988462679,0.0,0.07036385905678358,0.0,0.024363852333151997,0.006231079328654119,0.013936504790558737,0.0
487,0.017807841962727045,0.0,0.01686129426015673,0.0,0.12071996498215935,0.008739412463440496,0.08604352895062187,0.0,0.07954082960896894,0.1458312503260257,0.036068887399014156,0.05267153315789236,0.012536864595288955,0.10362396603990509,0.0732438432971732,0.027841119646678972,0.018692964077455704,0.0,0.19669510333017656,0.0,0.0427214346483968,0.0,0.0,0.04966392936136646,0.058800834593783026,0.025737586575737395,0.0,0.0,0.053652923489306475,0.008883500117138544,0.0,0.06102900663346739,0.3315525079678017,0.010843357712999838,0.0,0.19510293382632174,0.11135183192414122,0.21445555095804258,0.01919693732915281,0.09203731060283461,0.4957140219530702,0.2654951414755137,0.09339748935712301,0.08279934499821115,0.014341822814659167,0.050807487415254884,0.05826099668486173,0.0,0.015896968915733774,0.1044486570992464,0.0,0.018327208488950794,0.029848617621824673,0.012410175757105981,0.0,0.031545195467827226,0.02981269473738682,0.2797842448619332,0.0,0.07767002201065741
488,0.013717254431870933,0.0,0.029640316092246596,0.0,0.012218520787308517,0.02204111567975888,0.03156727897592064,0.0,0.03011385623729811,0.011642790879761358,0.04396560864168644,0.16056681562150107,0.0,0.07544306753560794,0.0,0.045988101364986954,0.0,0.012230324851925262,0.06416165258108275,0.0,0.03191374675177897,0.0,0.2281447903363557,0.008249791470918127,0.04186299105961953,0.0,0.0,0.010971454389596302,0.01242246516634192,0.02871793954795855,0.0290372235601627,0.2167365128539158,0.3372172744346856,0.05833069537368791,0.0,0.0059131716933640815,0.006675076768282735,0.08800966605908797,0.016064499722920057,0.14190722659200325,0.4557326140454376,0.19371910799881265,0.023458847398106077,0.11832914058955177,0.07325666900714144,0.09180604818997987,0.08772216983070798,0.007184076201493596,0.07958565506983835,0.23883738996752382,0.0,0.04953357490997172,0.01719888284491025,0.004626855815031732,0.035337737912035275,0.09060288165626139,0.13854099139949258,0.007100827797283482,0.4507085539764805,0.0
489,0.0,0.0,0.02209488351564647,0.025555842557186192,0.0,0.0,0.0,0.0,0.0,0.013156183969071979,0.0,0.0,0.010500600071623544,0.0,0.052204428105143884,0.1740177336389144,0.04060940367046821,0.018507897394402208,0.06464528487107606,0.025928239257243378,0.03164854203205418,0.04497972762144555,0.0,0.01835478137343543,0.04219145460324708,0.05564589564392035,0.022506020772400537,0.0,0.012624453720728353,0.0,0.11943321884198285,0.04898531233086099,0.35869676813671497,0.09159653938247575,0.023147150956744703,0.07928619000901839,0.0,0.03752701403626479,0.31728342044836977,0.03973610703497487,0.3545303918429788,0.008552553910862338,0.0,0.06834189826199476,0.0,0.0595824311353142,0.42964591626387105,0.07609860757833353,0.0436167193080319,0.09084395666440724,0.047382725676858535,0.10665804362540436,0.09054666060572879,0.031701095860998875,0.0,0.0,0.0,0.0,0.026366190565396033,0.08562642118509721
490,0.07231103078640971,0.015114657622051254,0.009661562655496154,0.0,0.027409956029373524,0.03859528878261854,0.0,0.009651630833964824,0.01585572667887432,0.024072267022759823,0.003372658219706046,0.0505610960489143,0.0,0.0191309840156375,0.037523328960239376,0.043244609003806514,0.01501665736543298,0.024753130242209372,0.014260053398132366,0.09365553530895349,0.04099836720143811,0.0,0.04079245576558277,0.039830023168565015,0.0,0.0,0.06925649808950542,0.01942319777160145,0.0,0.03444637832533522,0.07843870921790744,0.02702011843746224,0.3113189900782904,0.011694754914571833,0.06664213818162684,0.12629437753278933,0.07083779163773889,0.009746171933712123,0.0,0.10592389880053199,0.2880982002450978,0.16952983690565954,0.0059113023445483215,0.17695271292050876,0.07190152580160308,0.0,0.2792477451303259,0.0,0.1515026600796739,0.37827535387720024,0.0,0.037852361989761524,0.003919132617763066,0.10657022423670715,0.046214541384183364,0.0032319530104872253,0.0,0.1432237814564795,0.0,0.0
491,0.03350490327919301,0.029110191911390346,0.0,0.024001946923641316,0.005501784957699132,0.012182069165980644,0.03259487871492775,0.028857110751945053,0.06195072683928785,0.02991399983676577,0.10708907615232736,0.023210210357265035,0.021254543200250303,0.04850528277750683,0.006877127497797158,0.04399411662451119,0.010883211026721967,0.03556143019049415,0.017445811481748306,0.051630998587512876,0.12045449847109255,0.0,0.08638899294635279,0.06742788235325847,0.052921945019027763,0.0,0.0,0.0,0.0,0.0,0.03936569212183506,0.0,0.08276228447625204,0.07801193189421354,0.024325395240577453,0.0072470294941688424,0.09103174518724796,0.03253195398111019,0.02051742470930337,0.10790654817135233,0.2959766712678284,0.13799954089871017,0.06439856020595648,0.11966360226053155,0.07456632606882106,0.05663996360769546,0.24453169600470312,0.02306913342315609,0.24026470113963938,0.19510587794764916,0.06465889744459524,0.1596139823230781,0.0,0.0632777645566851,0.20726063496572433,0.024079639123745094,0.05216665180600431,0.009197651310651192,0.0,0.0
492,0.0,0.06158135497644466,0.08783941140897378,0.034552253951646524,0.16589806598966356,0.14443554322792246,0.08347936056819874,0.0,0.0745954383164988,0.01982888047985251,0.02619921748005507,0.0,0.0648712025087073,0.08256892132117047,0.02220962734880069,0.13519305669105022,0.024769145465791866,0.02914334412586246,0.1571943094461295,0.0,0.05513141043505773,0.0,0.0,0.050175598771620845,0.0,0.010466062168479309,0.0,0.0,0.015663733170822078,0.054946914832168646,0.09455714893730965,0.025718733622068488,0.0,0.060788138549567494,0.20488860991741706,0.40344165540044125,0.042614561888504085,0.2035891798497574,0.0,0.0967671784293316,0.2893893011834061,0.11209655722612838,0.04220801074632655,0.04346240006293575,0.005872660329613322,0.0026636622073120796,0.20259218290926476,0.043803648962271666,0.21356397494151735,0.14316985453318762,0.0,0.01613468206791091,0.06496145749313331,0.0,0.015761908859757586,0.06319234637088987,0.0,0.023023786048152143,0.0826421605079323,0.0
493,0.00982031931272402,0.17407389387246602,0.029881575666570227,0.030238691276693305,0.13147299313445682,0.04173743372843543,0.0,0.10133937025253578,0.03550220035026462,0.0,0.0,0.0909538312615917,0.0,0.06979873976309428,0.0,0.0,0.016106357229630434,0.05227666901657055,0.05747652042505047,0.08069607616052883,0.0,0.04669094546937097,0.3025071565616533,0.035618807242911193,0.12853171939674446,0.004385154360855243,0.024058709025907673,0.010349442120825461,0.03285659563225758,0.014574215145632763,0.11694097368982583,0.0666794504182035,0.0,0.0,0.07106974850367032,0.0,0.016170353526604456,0.0356353172308634,0.0,0.12020373708108269,0.02705579229092486,0.12093427863974389,0.10163180379638749,0.11781384550452698,0.2830172847964865,0.020210726525624504,0.23995692781223685,0.0,0.19791250361423118,0.26366333065050446,0.08277397170047836,0.020685029856050377,0.031296185326917796,0.03702733149462387,0.0,0.11400724691981934,0.15790293569427807,0.024669129619272156,0.08753498379448464,0.15196051149821013
494,0.03129128871476486,0.03580103827307095,0.0,0.03485449249751633,0.02358090029055603,0.07072044918267975,0.0,0.04730246087115025,0.009871938544761674,0.033044653222949666,0.0,0.019804202052562135,0.0019406195280364115,0.014063377944459115,0.04696090460765626,0.053835562877773795,0.0,0.03016006713146661,0.035863041633511436,0.18125533667239602,0.0,0.0,0.08178792255092567,0.0,0.08834844125243886,0.004340992316833969,0.23343841506807575,0.0,0.021781466209960923,0.0,0.04793543000824862,0.0,0.05471364984982245,0.10572633501285464,0.028299516440306486,0.008021693921542167,0.00543365856286044,0.08764188412132803,0.2937807034915817,0.062039115167120594,0.22357595339924663,0.08633380350463792,0.0,0.19832303546264843,0.029837102444553575,0.036915858117924055,0.5105360674440962,0.0,0.07370191548896513,0.05906278989970347,0.0,0.0,0.030892005335443357,0.028833758856521743,0.0,0.0,0.0,0.09419387867954555,0.20583636886263343,0.0
495,0.0823097674093291,0.04269327857127248,0.04905020564348911,0.0,0.02347646275625802,0.0,0.053295135719937735,0.051519202556646305,0.009522490098377079,0.0,0.0,0.04642249893407559,0.0,0.0,0.027450229462889726,0.11400074722884648,0.0676466407695083,0.029385096269519434,0.12720738527595377,0.010093235752673194,0.10195354508093793,0.0,0.0,0.09359986143661703,0.0,0.009302251908533711,0.03101771831331928,0.019180448830743844,0.0,0.0,0.19615406137635116,0.0,0.0,0.1728610603392523,0.051278544198543975,0.0024300097067407778,0.18070831502898857,0.044384169948880565,0.0,0.04252493518066871,0.01850248374467237,0.03305715150038183,0.129969616741842,0.0619866629270118,0.0171909811503408,0.03962624994176536,0.42114936710538503,0.0,0.3230284690274647,0.3202983234997275,0.0,0.061252208485512744,0.16689982031432515,0.047294592748033645,0.018438731316822318,0.05353543778086938,0.0,0.09528490558588927,0.06540200191111865,0.0
496,0.056799210249259,0.05106689307783586,0.04195187537796649,0.044560973984627106,0.06877428235255578,0.0,0.019171869609397763,0.08375297767215684,0.0,0.0,0.036001687449479014,0.026770855696860434,0.020287340996177336,0.06944290870709229,0.04982150790003617,0.037535412857638645,0.08745266229408637,0.0,0.04631796998219361,0.12381190286300045,0.015208292444551573,0.0,0.1559562010560981,0.12313227689735035,0.047639731851977486,0.0,0.013535066201512475,0.0,0.02503950523689274,0.0,0.07556379396421929,0.0,0.06989389247695918,0.1294080524148809,0.0,0.06147692355313121,0.0,0.0,0.028874016883546544,0.01944621379394852,0.15947645967498364,0.30796534840624495,0.02007779720865534,0.16787488920613552,0.01763321401286436,0.019800917167275472,0.32191409012670086,0.0,0.24341388420560878,0.11281729617915945,0.027849196310835378,0.06025965361288337,0.0,0.08160099229865919,0.0185721507980278,0.0,0.10535576330159514,0.04044781149181292,0.11582953596091379,0.0
497,0.05945543576299386,0.07252286260077134,0.014527555124661685,0.0,0.007421175934192667,0.12178085167821663,0.105548240515171,0.0,0.015378375361097365,0.10257758367434913,0.035639952113865024,0.030141377895141406,0.0,0.039379320271272736,0.011743754217479117,0.05151870276027143,0.023525438369525257,0.0,0.33916289673294403,0.0,0.0674587219808902,0.0,0.049060252029925186,0.03433683528461171,0.0,0.0,0.0,0.03256512982639585,0.0,0.0,0.2025101131246018,0.02767831699479857,0.0,0.08282095867953788,0.020693445066366098,0.2239977013421175,0.07159515929225785,0.3426579597213671,0.0,0.0420964178575775,0.2846042582049217,0.07511268398751446,0.022943284944842265,0.10782220966737284,0.016191604648681288,0.04662728664329812,0.45504098978876406,0.0,0.07168744399695016,0.031157344346160177,0.12119496381391652,0.14890779808092222,0.008181106554584712,0.01672276117758815,0.062380461920545756,0.0,0.07991172807014667,0.04006193000777978,0.0,0.09164630417502485
498,0.0,0.04418520104314869,0.08800478093893077,0.05588532689157654,0.08280902686619042,0.028394290463601837,0.04840212839093255,0.06264691219964802,0.04080643187516599,0.0,0.0,0.06450921803992556,0.0,0.1882017318629173,0.0,0.048660918236534796,0.025211673220816456,0.08046527456876978,0.0,0.04394686125257383,0.221158107167192,0.021727724358056397,0.17015623537676286,0.09417423263275147,0.026966577937547403,0.009507378466691255,0.07225708156826005,0.22506323548583054,0.0,0.0,0.0,0.07326282413544807,0.14834518590096984,0.07021492842177243,0.01728995521856858,0.016527626780556703,0.005817188012135402,0.0,0.0926866502931975,0.0,0.03358503419894124,0.039801339742707116,0.09241288822091759,0.03529543426519945,0.09892267678363659,0.13680511192861436,0.07927645621363863,0.0,0.2026345523056076,0.15866937289596386,0.0937927653830941,0.07191896180008522,0.01896586872985865,0.1255213058028713,0.25067359998855177,0.02046004703197471,0.2581411096773579,0.038559604470942296,0.0,0.10861707612527564
499,0.0,0.0,0.04134414411997403,0.046785979560577104,0.0931820454622845,0.06350037577171022,0.0,0.0,0.0,0.048459379350434116,0.10472458441192911,0.039463903419068046,0.006166151817290066,0.0,0.02848484777307224,0.04477713720806799,0.043223027309258505,0.036774315747026075,0.028853472083802744,0.3469104316931916,0.0468476524311081,0.07001624114491328,0.0,0.04349857221393655,0.0,0.027788517271234357,0.009999277564279931,0.0028816350680900137,0.03305885761449149,0.0,0.24926979767930646,0.0,0.11403702021174253,0.030890061630257874,0.018612273867067458,0.008081798134211957,0.03277828756113145,0.1473252166040615,0.10787834592294365,0.07605560709300371,0.2379144109661191,0.13217132309614255,0.0,0.0,0.06237132484740644,0.027151641206281475,0.3729569208892864,0.0032659880263759765,0.0072612053869901775,0.10353637583338267,0.04783057822507536,0.1654535363672834,0.24671276303491965,0.03839549014798992,0.039571031336134065,0.0,0.05757194429583376,0.016019675214715562,0.0,0.0
