0,1,target,task
0.8188400049828148,0.3964248869748665,0,1
0.8540921059435029,0.3584487362643157,0,1
0.853629280944525,0.3961224151203795,0,1
0.9014073580222932,0.4160977263275288,0,1
0.8967642699967011,0.4576836553032009,0,1
0.3135290453932124,0.4576836553032009,0,1
0.3149310869141994,0.4770805760099549,0,1
0.355849392612913,0.4545018500987175,1,1
0.3788509760944932,0.417113278583734,1,1
0.3463221013482228,0.3930368650101192,1,1
0.3456182690656001,0.4276308431620069,1,1
0.3714325195109548,0.4723950153437814,1,1
0.3536887123111271,0.5108257200449275,1,1
0.3563873251685349,0.4932594684581161,1,1
0.3964476249676008,0.4769110374857787,1,1
0.5801128158600533,0.4769110374857787,1,1
0.5321319704963072,0.4879714399410098,1,1
0.4832257712509054,0.4989786958901736,0,1
0.4767599630619465,0.510770889333927,0,1
0.5233924522731236,0.5438083907783564,0,1
0.5141666415198185,0.5099227710303629,0,1
0.4683511514021893,0.4680862842546621,0,1
0.4707970758177469,0.4447837044831034,0,1
0.472851488249188,0.4418740819677693,0,1
0.437898992465812,0.4145934839522988,0,1
0.4765068848947702,0.3769906188952205,0,1
0.5016662794730027,0.3392697792727659,0,1
0.5097156499498997,0.2994060989617799,0,1
0.5222220077917334,0.2527725606336776,0,1
0.142611744209239,0.2527725606336776,0,1
0.1549583840264659,0.2762949793468929,0,1
0.1409322698771326,0.25614528630728,1,1
0.1431989065332584,0.2112127053269265,1,1
0.1637376143170682,0.239791308589953,1,1
0.1427679689670937,0.2835408462027798,1,1
0.1526206842271283,0.2572106324729538,1,1
0.1715313166175186,0.2927447813620804,1,1
0.4381524227664017,0.2927447813620804,1,1
0.3977494554765881,0.2445017484573924,1,1
0.3634636809831919,0.2210813899185486,0,1
0.3257861067014036,0.2130081448269475,0,1
0.2823850832198309,0.2125293637570164,0,1
0.2581500303376342,0.2464948434350391,0,1
0.2930530932293034,0.254143822508254,0,1
0.1225641518518902,0.254143822508254,0,1
0.098276073249023,0.2570443101788606,0,1
0.1157899047194223,0.2424504026003847,1,1
0.1121122985733538,0.2373342182535131,1,1
0.11195119035593,0.2092799587743146,1,1
0.1571152766873133,0.2406393861021603,1,1
0.3391108128326103,0.2406393861021603,1,1
0.2984834469625868,0.2455733515954071,1,1
0.3420985240200266,0.2823508781274597,0,1
0.3867277821665085,0.3084921560506677,0,1
0.3796158214190033,0.2638073445324858,0,1
0.3767970815052641,0.238273703946019,0,1
0.4216527072359795,0.2399349630703223,0,1
0.4633439202037853,0.2402392918017533,0,1
0.488966240810313,0.206792042014434,0,1
0.4564905225940742,0.1954840352151773,0,1
0.05565868956169,0.1954840352151773,0,1
0.0438296165494309,0.1699423380441283,0,1
0.0518589633802221,0.1414723487617687,1,1
0.2526937076914389,0.1414723487617687,1,1
0.292959748608353,0.1629653325789741,1,1
0.2685715145846286,0.1313817068494249,0,1
0.2562739540345801,0.1352340967160496,0,1
0.3014233490619832,0.1835011813381087,0,1
0.3490188745020705,0.2228836104831872,0,1
0.3556097210239786,0.207893900214985,0,1
0.073858440642707,0.207893900214985,0,1
0.0627705879052729,0.1819705207805603,0,1
0.0615124467628022,0.1709620724137073,1,1
0.0705916250721719,0.1297125774047066,1,1
0.0642279790203544,0.1380813220838673,1,1
0.0307604743596626,0.155906600393223,1,1
0.0756975640941455,0.2021764093944199,1,1
0.0548516784792048,0.1656917338307038,1,1
0.0648864454768123,0.1285792474858181,1,1
0.2714044123245409,0.1285792474858181,1,1
0.2657719555162965,0.0954262242808713,1,1
0.2820681181100261,0.1345256230717386,0,1
0.2521822136905047,0.0956989600861609,0,1
0.290668710299973,0.1425095230904262,0,1
0.2797316097151248,0.1748448401512979,0,1
0.2612397394195785,0.2133766167777137,0,1
0.284482421382969,0.2257511303541814,0,1
0.3090888626985192,0.2719763659717512,0,1
0.1677623226767312,0.2719763659717512,0,1
0.2165074025782071,0.2413092906232542,0,1
0.2457776363675565,0.2032380160022286,0,1
0.2139161743771848,0.187015836218859,0,1
0.2030469645742427,0.2066677763862109,1,1
0.1572266887347083,0.2076207163983647,1,1
0.1567874546726575,0.1652326459808085,1,1
0.1512223919285202,0.1241680369489592,1,1
0.1589465822385366,0.1203017004663433,1,1
0.1276808968228673,0.1161089099360535,0,1
0.1206507224757648,0.1090445426901978,0,1
0.0988605891695319,0.0864307609837915,0,1
-0.0204689315543726,0.0864307609837915,0,1
-0.0196248602271727,0.1081637958028377,0,1
0.0130060386848945,0.0907300708393348,1,1
0.0183064320675491,0.0640787959854882,1,1
0.0297212139814574,0.1050102122724494,1,1
0.2162674850226603,0.1050102122724494,1,1
0.2205303803552797,0.0775142770164143,1,1
0.197589551377107,0.077413674740964,0,1
0.2102573479873552,0.1187937947416919,0,1
0.1664924672119635,0.1665865812892272,0,1
0.1243388438462897,0.1329511855931633,0,1
0.0899604998064471,0.1621552577889827,0,1
0.0399926563899907,0.1195295998877361,1,1
0.0686503256263579,0.0990781286010393,1,1
0.0307995623468035,0.1097399934037895,1,1
0.0366789271726421,0.1017487703031711,1,1
0.0786751369664789,0.0796257044307873,1,1
0.0348899231686162,0.0533851157143238,1,1
0.0628445046956225,0.0480717715084653,1,1
0.0866767602895228,0.0587631482450112,1,1
0.081177879888702,0.0404903546657673,0,1
0.0636207788510867,0.0721757462424005,0,1
0.0472163462391933,0.0277584219363279,0,1
0.0960678920169625,0.0641591793881116,0,1
0.0914549537833001,0.0206123635138148,0,1
0.0426616581762925,0.0597359603136407,0,1
0.082302125309774,0.0339210577131929,0,1
0.0574910549289822,0.0653004791548471,0,1
0.0850672631266284,0.1125828304432988,1,1
0.0702953758621481,0.1087219323580071,1,1
0.0380778476110942,0.0698502327092218,1,1
0.0425417391657549,0.0969137921033648,1,1
0.0758830538710513,0.0843049666902583,1,1
0.0804666804611411,0.0345054847336686,1,1
0.0677179905989145,0.0540968538606533,1,1
0.1080304339092772,0.0076633198701664,0,1
0.1277514945039067,0.0201827607636848,0,1
0.1215235506688451,0.0682940024684099,0,1
0.1400263961796708,0.1052303644301405,0,1
0.1509558499576329,0.0889998191488039,0,1
0.1820890882017907,0.1342274779755277,0,1
0.2303866240264882,0.1224015737150975,0,1
0.0116320085307141,0.1224015737150975,0,1
0.0506532305428469,0.1213962136669474,0,1
0.0976087208688264,0.1109604285116496,1,1
0.1120939103869515,0.1463144763477604,1,1
0.1167925581401238,0.1084969987438218,1,1
0.126287050306918,0.1506190299103741,1,1
0.1607429078455088,0.1869584919634352,1,1
0.1519707051545897,0.158812863302889,1,1
0.1798728669189844,0.1557842133509651,1,1
0.223400554257757,0.124574384715885,1,1
0.2196865421782653,0.1377764203286719,0,1
0.189040365767304,0.161272407007204,0,1
0.1717971556264444,0.1117144066621246,0,1
0.1280661716221107,0.1503972523898285,0,1
0.0869210799104208,0.1162486977181301,0,1
0.0730790195268985,0.1414008878960531,1,1
0.0537006572055386,0.1452595187640849,1,1
0.0391104107325941,0.1918184011385991,1,1
0.0462343160937041,0.2404966925747211,1,1
0.0560824099320797,0.2540527385956155,1,1
0.0264099199733917,0.2144940584885875,1,1
0.0609244651660108,0.2619849198934819,1,1
0.0946286034374805,0.3104956034105253,1,1
0.4291461169065166,0.3104956034105253,1,1
0.3933734701493565,0.3248224157351468,1,1
0.3867307135087223,0.2793133196731873,0,1
0.1702085864788655,0.2793133196731873,0,1
0.1557027612770078,0.2811645709603176,0,1
0.1179102673711801,0.2874656393905779,1,1
0.1644526851250023,0.2447737409477482,1,1
0.1502044174613766,0.286263200167686,1,1
0.1138288751476348,0.3192213310975661,1,1
0.1496389132304937,0.2828736750749011,1,1
0.4012179546893012,0.2828736750749011,1,1
0.443296186967348,0.2981713513543299,1,1
0.4330917680246492,0.252918291227608,0,1
0.414092894006059,0.2897453318474856,0,1
0.1471873048534876,0.2897453318474856,0,1
0.107605035699566,0.2449642746487113,0,1
0.0604127423470036,0.26964574703378,1,1
0.0533289805616995,0.2622659123205737,1,1
0.0447864542646985,0.2406894817605033,1,1
0.3835490352587603,0.2406894817605033,1,1
0.3786957153896663,0.2278874389342351,1,1
0.3777769171700316,0.1862622061372552,0,1
0.3964575170506151,0.1478450421470258,0,1
0.0431202185010685,0.1478450421470258,0,1
0.0828019595863155,0.1635953631593525,0,1
0.131439491310168,0.1955241641823253,1,1
0.0972962625148545,0.1621597878304005,1,1
0.0787671240955578,0.163690287701357,1,1
0.0979047883741395,0.1576233432841958,1,1
0.1450786952489642,0.1614062846638307,1,1
0.1137713461927718,0.1191361573168888,1,1
0.2615158385675371,0.1191361573168888,1,1
0.2446832379282731,0.1538622204722194,1,1
0.2645482210993054,0.1950754376483454,0,1
0.2502377884031102,0.1917912362005041,0,1
0.2845330073837578,0.2157640659913116,0,1
0.2935002604594695,0.1786404620753323,0,1
0.289411149285643,0.2230007597087228,0,1
0.2486784401745025,0.23892009940957,0,1
0.2124290298444976,0.2504066021093851,0,1
0.2160051140941527,0.2761374225977405,0,1
0.2573033233339082,0.2648105093690966,1,1
0.2127697996443498,0.3000187810932928,1,1
0.166593305993879,0.2563965351745093,1,1
0.1677000637759484,0.2407561151973379,1,1
0.1575530310367847,0.2487729271991737,1,1
0.2041630820679536,0.2122797504928424,1,1
0.2299749348960388,0.1880693901425422,1,1
0.2060509335656855,0.2077094837031192,1,1
0.1773514525679796,0.1585220420923718,1,1
0.1482904767366857,0.2060256368001094,1,1
0.1144336606983442,0.2209024808423476,1,1
0.1367363005577148,0.2156260944008328,1,1
0.1429939128108954,0.2492180566263762,1,1
0.0958903923516006,0.2930548492557059,1,1
0.0696509704072633,0.2806218279689194,1,1
0.0962669906465048,0.2590244555860984,1,1
0.0610576177873247,0.2656925003634794,1,1
0.0537145099569309,0.2341393157808052,1,1
0.0722232384675688,0.2124448080138483,1,1
0.3236283607618972,0.2124448080138483,1,1
0.3570901956830069,0.1954767382038926,1,1
0.377157484513739,0.1871139846377119,0,1
0.3855002354606959,0.1549031262383947,0,1
0.3849466210058951,0.1052530457415995,0,1
0.3436112211436042,0.1157422118082049,0,1
0.3230699869774917,0.1106932546580923,0,1
0.3559925194033625,0.0712979050346584,0,1
-0.075547232310882,0.0712979050346584,0,1
-0.0528048192504787,0.0344276120298582,0,1
-0.0497423713161244,0.0579455880509116,1,1
-0.0243938720181407,0.0617712329812813,1,1
0.0028685498719072,0.0262844591485079,1,1
0.0260047330072163,0.037919556933427,1,1
0.0537131975811997,0.082648049915347,1,1
0.0977643090246029,0.0587162947907267,1,1
0.0484353676105359,0.0438926029680941,1,1
0.0605699444859517,0.0580674800386979,0,1
0.1013488736227626,0.0458403022609292,0,1
0.0899943181014081,0.0578467966615048,0,1
0.0966221390843861,0.0480081632687879,0,1
0.1416384972891338,0.065223496146103,0,1
0.1309725646874421,0.1049802218437299,0,1
0.1105439508589309,0.1181217813479528,0,1
0.1462073017445326,0.0915455173589418,0,1
0.1053528903876537,0.1328843135971099,0,1
0.0931149786178243,0.1723514868373362,1,1
0.061029410897395,0.1947810475578321,1,1
0.0443475464946296,0.1959959188289104,1,1
0.0898692269272859,0.1934565443254027,1,1
0.1078549152281032,0.2160098719969977,1,1
0.1106141315266989,0.22312258802029,1,1
0.1051632783813808,0.1740497724654129,1,1
0.1088368919953297,0.2128542133224727,1,1
0.1359946249219982,0.2451372620078415,1,1
0.3649257651068962,0.2451372620078415,1,1
0.3752562516385349,0.2118200932108417,1,1
0.3254568382253205,0.1825849283313382,0,1
0.3676866254750811,0.1615746716002249,0,1
0.0349008102789307,0.1615746716002249,0,1
0.0807671560508036,0.1202867353627722,0,1
0.0414239700998871,0.0844726637499163,1,1
0.2217768054680255,0.0844726637499163,1,1
0.188626602257422,0.0565961592859519,1,1
0.1630874049925521,0.0532707525639282,0,1
0.1568829822061171,0.0313825744092562,0,1
0.1970451340696,0.0683807505837933,0,1
0.2008432477671389,0.0730273851072809,0,1
0.2219115697179532,0.0476437669771608,0,1
0.23239935488467,0.0479720980240181,0,1
0.2249182125495863,0.0948380199721748,0,1
0.233094428624142,0.1228350113904768,0,1
0.0098542451512528,0.1228350113904768,0,1
0.0521289889924577,0.1641116823901932,0,1
0.2760309415123156,0.1641116823901932,0,1
0.3064097291049942,0.1941978639311503,0,1
0.2987617592207636,0.1574801225837645,0,1
0.3306329159186666,0.122695821347682,0,1
0.0083848191682219,0.122695821347682,0,1
0.0120035858666036,0.073400210077538,0,1
0.0590248963292918,0.0545561214212062,0,1
0.1077831949354145,0.0484925599189726,0,1
0.0857744643166111,0.0680040084987814,0,1
0.100584766351771,0.0839712788529208,0,1
0.060158573229957,0.0391143852613074,0,1
-0.0780216024616617,0.0391143852613074,0,1
-0.0731980907579402,0.0543080108129575,0,1
-0.0301596470025025,0.077021684054728,1,1
0.0134474075773043,0.029591455942082,1,1
0.0477819694789728,0.0695190819640958,1,1
0.0952265342550328,0.098896037539606,1,1
0.0668375186293846,0.1410537210798899,1,1
0.0457253539793973,0.1805130006280265,1,1
0.3062279846936835,0.1805130006280265,1,1
0.2649248221524173,0.1774138848094357,1,1
0.2766023427441929,0.2224558211268331,0,1
0.276697664002981,0.2015807797292388,0,1
0.2907354889378439,0.1779455967915997,0,1
0.0492443598990462,0.1779455967915997,0,1
0.0503056474661711,0.1747849659301905,0,1
0.0712972403645527,0.1968756920505553,1,1
0.0256932068398187,0.1639700728957085,1,1
0.0632406087840249,0.1337726938189157,1,1
0.2402531010498761,0.1337726938189157,1,1
0.2238451484884119,0.0882558435559242,1,1
0.2045936650874635,0.0539317484475134,0,1
0.194146380072571,0.0826969776727418,0,1
0.1547381005802051,0.0465687948028473,0,1
0.1578028260108667,0.0855544543146182,0,1
0.2055703474659688,0.1129258701535132,0,1
0.1710924603506378,0.087870201408229,0,1
0.2143756845540257,0.0939550141181147,0,1
0.2275173908542514,0.1328755363049286,0,1
0.0245719447491033,0.1328755363049286,0,1
0.0594166355159995,0.1478788576701362,0,1
0.2751698207279868,0.1478788576701362,0,1
0.2759614957420095,0.187034566731802,0,1
0.2943435740100208,0.1941374764641227,0,1
0.2547975596366269,0.1953932357681398,0,1
0.2280114888985099,0.1460356998524602,0,1
0.2681432294375722,0.1447960295242485,0,1
0.031782270625426,0.1447960295242485,0,1
0.0624239539920236,0.1843831120937669,0,1
0.0706383375420428,0.1531576272182628,1,1
0.0406256263089719,0.1266781609149713,1,1
0.0613232063896206,0.1487756615125605,1,1
0.0521608295381777,0.1708502404257841,1,1
0.0675183817708735,0.1263339009917229,1,1
0.2651775095638287,0.1263339009917229,1,1
0.2835179468181115,0.1563856148888767,1,1
0.2433412964364842,0.1065220870188499,0,1
0.2551706280706066,0.0678366151410328,0,1
0.2627838999046747,0.0516531558345508,0,1
0.2427211187844733,0.0922882193908013,0,1
0.2130749760901833,0.0934877936119224,0,1
-0.0198392017101615,0.0934877936119224,0,1
0.0248462282840385,0.1245373073621395,0,1
0.0268781610877147,0.0848625023024794,1,1
0.2090418868108357,0.0848625023024794,1,1
0.1792541791246777,0.1168265281767718,1,1
-0.0313357912121402,0.1168265281767718,1,1
-0.0146056790514783,0.0797579868321482,1,1
0.028875054446647,0.0728856154399084,1,1
0.0785499995697521,0.0443733608674602,1,1
0.0353369554925159,0.0685747477058444,1,1
0.0513857581582988,0.0417911915133891,1,1
0.0827580388420355,0.0620490848195411,0,1
0.055168033570235,0.0160834117064028,0,1
0.0378000968705273,0.0650516757040337,0,1
0.087303297181034,0.1061259756874896,0,1
0.1343621698846179,0.0693376833352371,0,1
0.0933987698125655,0.1193029784449254,1,1
0.0613883563130922,0.0736932824855769,1,1
0.0530416343607521,0.0451428868127346,1,1
0.048471676853112,0.0914808570324593,1,1
0.08636301553026,0.058922812667184,1,1
0.1029086993949658,0.0430580261002442,0,1
0.1044238082965024,0.0625962821374632,0,1
0.0962834534824031,0.0538248064469992,0,1
0.1104631942683959,0.0728329683319684,0,1
0.1407711812913875,0.1024322661131835,0,1
0.1888304534866741,0.0832100224818534,0,1
0.1722867670152859,0.0734448082945673,0,1
0.1685201575817092,0.0246006937846227,0,1
0.1313192133336533,0.0281649507440911,0,1
-0.1025322185298995,0.0281649507440911,0,1
-0.0745120405588576,0.067694788070455,0,1
-0.0258643149550094,0.0940231928862603,1,1
0.0190163181240532,0.0918733197520083,1,1
0.0359915671829588,0.0497117586268505,1,1
0.0751107404527123,0.097666405345964,1,1
0.2167029324833937,0.097666405345964,1,1
0.2512533857961319,0.0773699232228538,1,1
0.2825152976717257,0.0548162590436401,0,1
0.2533408876713782,0.0063455346653065,0,1
0.2617407714256333,0.0251977644854762,0,1
0.254503834494833,0.0564555459463152,0,1
-0.0649404180848787,0.0564555459463152,0,1
-0.0263980234954484,0.0423443381453083,0,1
0.0049246005209318,0.046290138875749,1,1
0.0498843115266087,0.0738686164345643,1,1
0.0555867526435896,0.0703627128621877,1,1
0.0900664033882173,0.0491061359017261,1,1
0.0607256638757876,0.0716433906859638,1,1
0.0342148087614785,0.0849814280616214,1,1
0.0800223374454445,0.0794734917336573,1,1
0.070431748398141,0.0746100818056421,1,1
0.0646228269926602,0.1122069172094207,1,1
0.0947064078927206,0.0793057271932313,1,1
0.1297696434086472,0.0708589730533048,0,1
0.1333971115224155,0.1033204744442146,0,1
0.1016691821945357,0.0733859305643634,0,1
0.0859611866834568,0.1085544076451849,0,1
0.0713726611870192,0.1225981330492382,0,1
0.0515145246407242,0.1463415583065455,1,1
0.0952221217623529,0.1696994967742079,1,1
0.1245452255379998,0.1609240365231052,1,1
0.1237234323919722,0.1220200194086821,1,1
0.0826085979597845,0.1036984972235067,1,1
0.0446859443766546,0.0563518132197905,1,1
0.0776136101558335,0.0637470647098582,1,1
0.1256986229148647,0.0689585085537544,0,1
0.1723959993530601,0.0675331236650441,0,1
0.1710584896460322,0.1129587388402918,0,1
0.214672495730538,0.1544107837879071,0,1
0.2595912587399822,0.1465023227937374,0,1
0.3089106904906665,0.1063010886519889,0,1
-0.0253309035898026,0.1063010886519889,0,1
0.0175931813736981,0.0860456590789482,0,1
0.0472605700331498,0.0758212382417937,1,1
0.0931347621768843,0.0648706205997518,1,1
0.1304637320093183,0.0295878458755342,1,1
0.1541941038356603,0.0416563916985353,0,1
0.1698626489253573,0.0906051320865892,0,1
0.194205315329383,0.1332335128930313,0,1
0.1758874131048417,0.1350005042215899,0,1
0.2238628919342585,0.1356233058230047,0,1
0.2615106809462696,0.0948283740035924,0,1
0.21470074949779,0.1217933886181283,0,1
0.1719016438346423,0.1241254877507384,0,1
0.0145418595841584,0.1241254877507384,0,1
0.0460129863985819,0.1085131489223573,0,1
0.0495942373036327,0.1250369728554078,1,1
0.0910036781082902,0.1586320358461365,1,1
0.1222447112704028,0.1897514971419394,1,1
0.1619345110971128,0.1492462789311062,1,1
0.1787599837368237,0.1628900046282836,1,1
0.1474780692288481,0.1482922882874222,1,1
0.1027866040052911,0.1116299830507792,1,1
0.1515817125770368,0.0630874413666316,0,1
0.1628152283746799,0.0569714669289505,0,1
0.1859288512524949,0.0748031781710271,0,1
0.2329119449457019,0.0670366423406493,0,1
0.2248658873116233,0.0484491571211966,0,1
0.2165353792654503,0.0805647641512748,0,1
-0.0593787373759629,0.0805647641512748,0,1
-0.0474076275953592,0.1121940691944115,0,1
0.2317885739853786,0.1121940691944115,0,1
0.1911796476295183,0.1220574224880776,0,1
0.224138777879445,0.1038752798305054,0,1
0.2462141781110329,0.1259316543656568,0,1
0.240538437916822,0.1127068393133586,0,1
0.2564527916518209,0.1314741202430772,0,1
0.257350398842494,0.1543783535534728,0,1
0.0288867186091918,0.1543783535534728,0,1
0.0769649127529918,0.1451175100625497,0,1
0.0962274006417147,0.1723920071247082,1,1
0.0728348872766744,0.202366695587752,1,1
0.1077478960562235,0.2176514343825687,1,1
0.1222499982001991,0.2563188837065072,1,1
0.1608889798638804,0.2229027494156358,1,1
0.1218935795761871,0.1840224110312784,1,1
0.1402346598614527,0.1544516793145819,1,1
0.1077579977667471,0.1597742254193762,1,1
0.3025764046858092,0.1597742254193762,1,1
0.3066254350419599,0.1272372246542798,1,1
0.2630231851430029,0.1408418940752215,0,1
0.2734312251436692,0.1206945666971612,0,1
0.2769127856092554,0.1472098727384504,0,1
0.031034074764074,0.1472098727384504,0,1
0.0477582535062637,0.1394787543443836,0,1
0.0755545237139277,0.1310095207901058,1,1
0.0562903569231722,0.1304088074507908,1,1
0.2489320857301744,0.1304088074507908,1,1
0.2957972249231826,0.1515044994509126,1,1
0.017261996621256,0.1515044994509126,1,1
0.0381231330144952,0.1279244358478432,1,1
0.0552493163883705,0.1392228849838264,1,1
0.0629976034778928,0.1089840934927028,1,1
0.1008254799416124,0.1169583279641328,1,1
0.0554181791608778,0.0870956094794317,1,1
0.2160101300857627,0.0870956094794317,1,1
0.1985016922608641,0.1197635118440424,1,1
0.2379394466962833,0.1308332972286781,0,1
0.0054780765363541,0.1308332972286781,0,1
0.0116741356677864,0.1188473916718317,0,1
0.039661078887587,0.1540262162983901,1,1
0.0468897468508454,0.1893286414827864,1,1
0.2992707541079867,0.1893286414827864,1,1
0.301409536702665,0.1838428213698817,1,1
0.2793360667292825,0.1984931620202382,0,1
0.0938985146862706,0.1984931620202382,0,1
0.0711436707091647,0.1966291249142806,0,1
0.0727958644724692,0.2090722616276215,1,1
0.0251549378442977,0.2491454229289256,1,1
0.0532166012548857,0.2757827301731841,1,1
0.0804717009890453,0.2522413106727536,1,1
0.0929984366068077,0.2531965428728269,1,1
0.0577887992753279,0.2135752035609104,1,1
0.0415631811667086,0.1690280517606555,1,1
0.0428029387075075,0.1867713311821901,1,1
0.3278990076494787,0.1867713311821901,1,1
0.3633196929120336,0.1992916254315809,1,1
0.359365261705298,0.1556663423275103,0,1
0.403173624877925,0.1253922754724082,0,1
-0.0058403550701558,0.1253922754724082,0,1
0.0411770474149154,0.0968651304917473,0,1
0.0705707876190882,0.138860592406381,1,1
0.0782106036549205,0.1818844867309565,1,1
0.1214202612272689,0.1547734014404876,1,1
0.1112199510580973,0.1828809745936948,1,1
0.1307418393219611,0.1391419733640025,1,1
0.1458027149590611,0.1351620470476365,1,1
0.1901358378994979,0.1579432885223751,1,1
0.1985223781688365,0.1897467556762608,0,1
0.155083112120521,0.2335087396071963,0,1
0.1065142421898796,0.2674389170437212,0,1
0.0636927341840572,0.2737315324840383,1,1
0.0298682412385788,0.3059303186603219,1,1
0.0341018000994296,0.2732037480670973,1,1
0.0601630072864056,0.2581735121489232,1,1
0.0837102237063539,0.2218572121293703,1,1
0.0886557856390866,0.2129447592172849,1,1
0.0466562450774062,0.2551699406887618,1,1
0.3666405413432416,0.2551699406887618,1,1
0.3585782412898172,0.2590126798681395,1,1
0.3933351493848742,0.2237303712730718,0,1
0.3974830043905932,0.1873823989163368,0,1
0.4045990900668674,0.1954156047009112,0,1
0.3890648945496062,0.1785892238151563,0,1
0.3425052779548057,0.2234662717363733,0,1
0.338506653593206,0.2632812901651749,0,1
0.356096778877745,0.2184336787421159,0,1
0.3290770643823829,0.2574672858691405,0,1
0.1077636435266639,0.2574672858691405,0,1
0.1228266806219427,0.2771331989296076,0,1
0.1196088633591571,0.2928160802918932,1,1
0.1320264038265161,0.3289268298987973,1,1
0.0823007568369756,0.3311495773853092,1,1
0.0367386071366385,0.3809090212536933,1,1
0.0788494952361502,0.370476147591888,1,1
0.0725439595667731,0.3677745124718035,1,1
0.0232079680828096,0.3300010498804155,1,1
0.4551079735633498,0.3300010498804155,1,1
0.4601805936865599,0.2834769060939698,1,1
0.4295738977272012,0.2591740699628714,0,1
0.4209653015260686,0.2182978376928584,0,1
0.4676121679012117,0.1954077835914743,0,1
0.0688443446791144,0.1954077835914743,0,1
0.0472225362555889,0.1932159007695662,0,1
0.0791488836674195,0.1435113524889009,1,1
0.1137379224418617,0.1015312457301442,1,1
0.1271984486552689,0.0684066750857368,1,1
0.0866854049106478,0.0483400484904383,0,1
0.0383111816297135,0.0612423391393835,0,1
0.080886060246791,0.06421603933123,0,1
0.0643784461838424,0.0283274912133253,0,1
0.0353660998011664,0.0682447338678761,0,1
0.0680924648433728,0.0837347742923889,1,1
0.105421447787036,0.121315955189392,1,1
0.137525880910774,0.1626757819577399,1,1
0.1470840018536704,0.2114782764456253,1,1
0.3491260975709472,0.2114782764456253,1,1
0.3395696786407766,0.2148408684087125,1,1
0.3314994370209757,0.1988498811962011,0,1
0.3304131519911706,0.1725474261310852,0,1
0.3794543173622698,0.2099678362472144,0,1
0.3453725213060464,0.2042074743706295,0,1
0.3057176166128471,0.1935139797887355,0,1
0.0571600427112538,0.1935139797887355,0,1
0.0585406437319619,0.2082376786676725,0,1
0.0611234310879765,0.161667441607842,1,1
0.0874588940350577,0.1137758218700442,1,1
0.1169614181196052,0.0672720846390692,1,1
0.1120884005852313,0.0780746796776321,1,1
0.0737502063270154,0.0908072581970409,1,1
0.0551975778022239,0.0803193341177934,1,1
0.102184405165423,0.0383645036650623,0,1
0.0703982836516562,0.0421697819994213,0,1
0.0452752712074032,0.0517394231656545,1,1
0.0670135171853922,0.0705201663558746,1,1
0.0584604662983641,0.0346708088362642,0,1
0.0111428314547075,0.0475727730152115,1,1
0.0417708362307055,0.0662401784546294,1,1
0.0868384371740065,0.0772531514742311,1,1
0.0807770481714031,0.0787539531384477,0,1
0.1120841673050112,0.1081315142856773,0,1
0.1149519358634533,0.1555928693762303,0,1
0.1078194238567226,0.2017108158742555,0,1
0.0675314967575484,0.1851699861843553,1,1
0.0851241409344868,0.1493112111945704,1,1
0.0508561395677128,0.1497341836521176,1,1
0.0731406626328827,0.1496339781082356,1,1
0.0697513654113905,0.1903979814913438,1,1
0.0497340901982953,0.197838507619237,1,1
0.0605340845105876,0.2298182021351944,1,1
0.0480580485851097,0.2121580164180441,1,1
0.3237550183475398,0.2121580164180441,1,1
0.3025511090228301,0.1938969798018423,1,1
0.2835440000700224,0.216150158847822,0,1
0.2530352619653626,0.2495221124224409,0,1
0.2311615169689256,0.2269263354475414,0,1
0.1877158634921547,0.2243286488109341,0,1
0.2322020973494666,0.2064269068493906,0,1
0.204411090055037,0.2408129986610498,0,1
0.2404451805988355,0.2721890111847969,1,1
0.2024834412234973,0.2629723851405888,1,1
0.2028890815167178,0.2585822907365058,1,1
0.2510232209381942,0.2729367604054046,1,1
0.2128187304612701,0.3113933443429816,1,1
0.1816124326804585,0.2818861142220799,1,1
0.416039228455314,0.2818861142220799,1,1
0.4360836377308756,0.2988360952134451,1,1
0.1559631228766524,0.2988360952134451,1,1
0.1425085280225187,0.2795349496375708,1,1
0.4026459423067614,0.2795349496375708,0,1
0.3825065366702441,0.326044989684829,0,1
0.411473739865527,0.3477881691987535,0,1
0.4228633433147747,0.3446892502225235,0,1
0.4248892083913281,0.3827669614046139,0,1
0.4703402806755761,0.4069990582559111,0,1
0.4614011951107086,0.4330315511427126,0,1
0.4496605886165168,0.4070605703033672,0,1
0.4088871529462021,0.3595373974158505,0,1
0.2069424700580195,0.3595373974158505,0,1
0.1613174919872165,0.3205258649104738,0,1
0.1212876261029233,0.3500319812007788,1,1
0.1137837493950524,0.3914056442613919,1,1
0.1574256494718254,0.4332039265489237,1,1
0.1148151856306742,0.4715335353190288,1,1
0.1137931417939041,0.4233873307404183,1,1
0.5426072162649627,0.4233873307404183,1,1
0.5409086708805285,0.3791875063893991,1,1
0.4940751465267052,0.3442088722646612,0,1
0.5260560804330916,0.3224069112481933,0,1
0.205403622697524,0.3224069112481933,0,1
0.2187288561647201,0.2965475078201349,0,1
0.2300734191210107,0.2826934531202004,1,1
0.2541305006086938,0.2938230582255493,1,1
0.242268811633866,0.2499599007235162,1,1
0.2858843264379571,0.25111669774521,1,1
0.2372143121399311,0.2193010324528913,1,1
0.2026972461070988,0.1983662276148383,0,1
0.1754953438275107,0.1505913340680259,0,1
0.1974419154799416,0.1371923785487379,0,1
0.2080213696967469,0.0988810248472381,0,1
0.2189835309171767,0.0657888328351479,0,1
0.2020566208247317,0.0445488357932103,0,1
-0.1054298220712332,0.0445488357932103,0,1
-0.0637094599251169,0.054637582689472,0,1
0.157300667496597,0.054637582689472,0,1
0.1474985041970393,0.023795174955606,0,1
0.180863364467587,0.0721047297344354,0,1
0.2249168062498248,0.0595445548451359,0,1
0.2067276337357209,0.0661431042493956,0,1
-0.0527152634583995,0.0661431042493956,0,1
-0.0413328747874779,0.1003472123641792,0,1
-0.0168309340910754,0.0918498255772501,1,1
0.0206899790855378,0.0891559898311777,1,1
0.2202423756791366,0.0891559898311777,1,1
0.2104264040866552,0.0915228585526767,1,1
0.241048685272598,0.0663566195793125,0,1
0.2048780722781423,0.1043454200316182,0,1
0.1617117911149002,0.1151010631067907,0,1
0.1750364824145067,0.106219635854362,0,1
0.1757315568395049,0.0694912279017552,0,1
0.1782421976515342,0.0522306905385897,0,1
0.1445538072041886,0.0839502013785315,0,1
-0.0423457833139406,0.0839502013785315,0,1
-0.0289019111101503,0.0802032406627892,0,1
0.0131319828266963,0.0514897221830241,1,1
0.0270321394977636,0.0988111026873699,1,1
0.0684107456434646,0.1484226075305812,1,1
0.2832586852971213,0.1484226075305812,1,1
0.3116578146207609,0.1070425225114971,1,1
0.2909381657272396,0.0786125430029104,0,1
0.3073606565641085,0.1136166967094277,0,1
0.2734905570688662,0.0886792924193572,0,1
0.2669543768923067,0.0730054516660727,0,1
0.3017631361278118,0.0292472564806601,0,1
-0.0804486884575832,0.0292472564806601,0,1
-0.0515090869664432,0.0713164237934797,0,1
-0.0081204360129293,0.1000454734986178,1,1
0.0083195342801649,0.096894817869214,1,1
0.0304106637858101,0.1214727060473138,1,1
0.0495509134624224,0.1157117268738241,1,1
0.0533958458730864,0.0808853098294329,1,1
0.0503319486767248,0.1035663384340478,1,1
0.0274394775182651,0.1080789918418447,1,1
0.2498981341598667,0.1080789918418447,1,1
0.2107998568968214,0.0728454312987546,1,1
0.1906963873131524,0.0934669036732393,0,1
0.1691139159888823,0.0600144603194932,0,1
0.1697286534726308,0.0447689369529446,0,1
-0.0696772601273304,0.0447689369529446,0,1
-0.0469451142442364,0.0719849836063959,0,1
0.0010957649920916,0.0654677892159307,1,1
0.0067587014173823,0.0883763891872761,1,1
0.0086580829419798,0.0932650378899085,1,1
0.0150943289272941,0.1167054481980829,1,1
0.0262529836326737,0.1045146388119229,1,1
0.2238455024205602,0.1045146388119229,1,1
0.2527732880971347,0.1251979501485512,1,1
0.2577187137725107,0.0801977502481691,0,1
0.2691278527402377,0.0996121531882454,0,1
0.2400980503637405,0.1405565589710226,0,1
0.2080729835483454,0.1018497877666468,0,1
0.1907853599492394,0.131623642900528,0,1
0.1659404532283344,0.1070493848067936,0,1
0.1827012648023183,0.1044873931305974,0,1
-0.0186260683227832,0.1044873931305974,0,1
0.0063131145618902,0.08485155669537,0,1
0.0274387784846047,0.0735876512730728,1,1
0.0477849512665541,0.0479075760876039,1,1
0.1740467789418744,0.0479075760876039,1,1
0.2061940642297686,0.0532211594229901,1,1
0.178495542623819,0.096431306054379,0,1
0.1580206819945489,0.0505847980744129,0,1
0.1176743293020366,0.0419562763627597,0,1
0.1302004241287373,0.0793864649762625,0,1
-0.0486257696671548,0.0793864649762625,0,1
-0.0362355241432433,0.0574328643334622,0,1
-0.0209882108532874,0.0788906854453208,1,1
0.0242649224957651,0.0370858693540714,1,1
0.1606089010161267,0.0370858693540714,1,1
0.2022372692503155,0.0531172476066026,1,1
0.1740293834394861,0.0068539783900702,0,1
0.1772673728505119,0.0284265413285761,0,1
0.2084301986908177,0.0517772040647014,0,1
0.2366435587604193,0.0089637541598395,0,1
0.2622121817681226,0.0378493326269806,0,1
-0.0637864644166274,0.0378493326269806,0,1
-0.0308995419691694,0.049817519583374,0,1
-0.0057015734672634,0.0887854108055288,1,1
-0.0054811704573425,0.0657599081476198,1,1
0.0036957782712622,0.0849406797951238,1,1
0.007068778715887,0.0640502617832224,1,1
0.186797674783938,0.0640502617832224,1,1
0.2011053264984184,0.065390319407502,1,1
0.2409921463549454,0.0983313919667461,0,1
-0.0327354189985617,0.0983313919667461,0,1
0.0038118265539745,0.1393003340951354,0,1
0.2758345614161239,0.1393003340951354,0,1
0.2598584219396284,0.1252454983452841,0,1
0.2889058111706337,0.1321213248021893,0,1
0.2646243876520409,0.1160165891632138,0,1
0.3065240836546737,0.0841086808601864,0,1
-0.051324661078489,0.0841086808601864,0,1
-0.0177156704113056,0.106666661772515,0,1
0.0294812089941246,0.0752451471634278,1,1
0.0443856478181672,0.0671760663752169,1,1
0.0761505435929896,0.0411383037677598,1,1
0.0792139074276215,0.0791441267218981,1,1
0.037612982804133,0.0646707615878157,1,1
0.0409664000718177,0.0913759455430229,1,1
0.0568409879326284,0.0909931476013075,1,1
0.0154014240795213,0.0448049232959539,1,1
0.020164530109858,0.0698080065551225,1,1
0.2172827500436356,0.0698080065551225,1,1
0.2359393124324022,0.0979153721955673,1,1
-0.0277756084261204,0.0979153721955673,1,1
-0.0051035532883558,0.081009065819649,1,1
-0.0036908179643816,0.0926239426165222,1,1
-0.0023663470839456,0.0511224336576915,1,1
0.0278740855671451,0.0657125627628422,1,1
0.1661429027149359,0.0657125627628422,1,1
0.1275522477411331,0.0557096037596602,1,1
0.1524734496420761,0.043697684680105,0,1
0.1711428482607537,0.0635068149496849,0,1
0.1276397230191303,0.0581246548553519,0,1
-0.0759390957043377,0.0581246548553519,0,1
-0.0498787341619883,0.0676861753913475,0,1
-0.033071802214044,0.0759384311371609,1,1
-0.021235699882977,0.0559847988301503,1,1
-0.0200596638524369,0.0229151289331105,1,1
0.0097143597870421,0.0623976413127399,1,1
0.2044167893229588,0.0623976413127399,1,1
0.1888155907742223,0.1112323644389949,1,1
0.2233760229824826,0.0662908569223446,0,1
0.1991237920263333,0.0630114359355802,0,1
-0.038917551574524,0.0630114359355802,0,1
-0.0207127204419885,0.0819129110535912,0,1
0.011729150042019,0.0757187524513324,1,1
0.1765367406732012,0.0757187524513324,1,1
0.1625150588453801,0.0427291468805648,1,1
0.1593908841885516,0.0562045781545529,0,1
0.1579657849892153,0.0838391491760627,0,1
0.1954134355899902,0.0990441402791246,0,1
0.2146637091440321,0.052289004990942,0,1
0.1954685641077107,0.040979192637916,0,1
0.2250911055500195,0.0635532017562914,0,1
0.1947654806855908,0.0929212091438586,0,1
0.210890675325813,0.0831962955749162,0,1
-0.0233064026508967,0.0831962955749162,0,1
0.0201895149901677,0.0480066795238581,0,1
0.0360380481484659,0.05721349811741,1,1
0.0408380096261687,0.099314313418939,1,1
0.0594696398489017,0.1354157767388542,1,1
0.2407077527404563,0.1354157767388542,1,1
0.2013339399035556,0.1592704365337585,1,1
0.2236901855434267,0.1587293288665542,0,1
0.2554224396022501,0.1793323516331244,0,1
0.2245684814689376,0.1320297729390374,0,1
0.0262653684096686,0.1320297729390374,0,1
0.0369166246111206,0.1486386413492033,0,1
0.0440659198137472,0.161887490767493,1,1
0.2698647086690326,0.161887490767493,1,1
0.3033416141486894,0.204720337428691,1,1
0.3382919069020054,0.166098058296707,0,1
0.2890393990509349,0.1322237822735465,0,1
0.0211686232634367,0.1322237822735465,0,1
0.0446349234962814,0.1242980915434891,0,1
0.0889682314705299,0.1025242836008837,1,1
0.2186344846813419,0.1025242836008837,1,1
0.2644220082816951,0.0882395131366263,1,1
0.2206118621739015,0.0445154980452895,0,1
0.1776661647164545,0.0717831744267682,0,1
0.2011476307541029,0.060443229491707,0,1
0.154397412280597,0.0445797641046509,0,1
0.1221614019218639,0.087129414623449,0,1
-0.0394539791153025,0.087129414623449,0,1
-0.0274505206782956,0.0488759965500126,0,1
-0.0204964737818159,0.0654891364740836,1,1
0.17619931316923,0.0654891364740836,1,1
0.2234180420772116,0.0985009627635327,1,1
0.1778647339911931,0.0612894832129902,0,1
-0.0456715532128803,0.0612894832129902,0,1
-0.0249858535963006,0.0340094187729018,0,1
-0.0029740907931456,0.0628265386668301,1,1
0.0081610235953701,0.01984059960834,1,1
0.0168007277291087,0.0617074280583267,1,1
0.0550491913203485,0.0790599258220154,1,1
0.1016095250328086,0.0933869825011599,1,1
0.1099460297114815,0.1090346251043261,1,1
0.1084889501929809,0.1304955939969918,1,1
0.0889117738536779,0.120008840482597,1,1
0.0408886055975931,0.1644704944654908,1,1
0.0679539674880324,0.1353795895090035,1,1
0.0233621535882536,0.157736369417051,1,1
0.0628887603788101,0.1159142062850713,1,1
0.0802330826223027,0.1370418680041388,1,1
0.2687539919862568,0.1370418680041388,1,1
0.2425431948835896,0.1813751547740588,1,1
0.2315800881258576,0.1764659478282982,0,1
0.2038175392220869,0.1559288865811182,0,1
0.1700423632100106,0.1419742177205191,0,1
0.126320771213793,0.1872576314663452,0,1
0.1637265752142632,0.1910536652961974,0,1
0.1244855974783093,0.1552296703528885,1,1
0.1317326115272425,0.1581522803686156,1,1
0.1568598797286565,0.1746548264036283,1,1
0.1394614265290263,0.1938066258200503,1,1
0.1756418803298195,0.2352528178461694,1,1
0.1471061334576355,0.2745463655712046,1,1
0.1624469579781589,0.2930164235807871,1,1
0.4263875595925107,0.2930164235807871,1,1
0.4237358411913745,0.3124390382304088,1,1
0.4231983769793567,0.3256748034271969,0,1
0.4467539883757236,0.2804339905493794,0,1
0.4233000610378745,0.2927939437184843,0,1
0.4264728064467968,0.3324182716416283,0,1
0.4741895894925891,0.3573045019935902,0,1
0.4442050690137149,0.3390560503792106,0,1
0.4190067450129026,0.3485580363853036,0,1
0.2238816174583622,0.3485580363853036,0,1
0.2305517743342413,0.3667157848753356,0,1
0.4953819250272414,0.3667157848753356,0,1
0.450932718030603,0.3778761961066126,0,1
0.4308078863715922,0.3736391950514734,0,1
0.4123139786224993,0.391434864841377,0,1
0.3883348697165386,0.3607023858219894,0,1
0.3726555237218725,0.3220525877991205,0,1
0.3550621820829245,0.3055756256757077,0,1
0.3633881895856831,0.31152295360054,0,1
0.3567596040617882,0.2791194068842703,0,1
0.3636662170996341,0.2500133997266721,0,1
0.1457634070307356,0.2500133997266721,0,1
0.1724806611118162,0.2388487530972136,0,1
0.163558604414175,0.285995608727131,1,1
0.1830690375597681,0.2696088944222956,1,1
0.1956616604396864,0.2226003178445824,1,1
0.1495976403658286,0.2435278603496272,1,1
0.355303249636884,0.2435278603496272,1,1
0.3700014520127515,0.2139447849197493,1,1
0.3790752838968493,0.1807199529441105,0,1
0.3319971275525882,0.1367369728631209,0,1
-0.0136302819874589,0.1367369728631209,0,1
0.0104710105762509,0.1546180575013813,0,1
0.0351017779835883,0.1579219696306839,1,1
0.0647733035632138,0.1572183811469302,1,1
0.1111414205488615,0.1654521095337401,1,1
0.2927542452733198,0.1654521095337401,1,1
0.2991292513035286,0.1356543010308773,1,1
0.3386032542529672,0.106813004910954,0,1
0.2986628479874361,0.1256564299132241,0,1
0.2540112996855731,0.1353252218382462,0,1
0.2080881046946209,0.169137665334832,0,1
0.1774038496822938,0.1881068033364739,0,1
0.1320287247522465,0.1690336979449812,0,1
0.1586476856189142,0.2108271913890397,1,1
0.192109473920505,0.1969966638718086,1,1
0.1878424068252286,0.1484633004311852,1,1
0.2277783018119084,0.1926637864193082,1,1
0.2064047046380973,0.1713132663338951,0,1
0.1574553346481536,0.1297237287877164,0,1
0.1833915614156522,0.1544045225816529,0,1
0.1387366347870049,0.1561189129192387,0,1
0.1037590712493528,0.1082625846288423,0,1
0.1218323143795347,0.1341614019289281,1,1
0.1499427562452404,0.0920963439046991,1,1
0.1085929620955881,0.1213936739318217,1,1
0.1506686323329864,0.1099558685565883,1,1
0.1912336269741919,0.11819437253184,0,1
0.1994484772978054,0.090974275887066,0,1
0.2286621778367946,0.1163382055441712,0,1
0.2254525484905784,0.0687266548082813,0,1
0.2526461179897733,0.0802263854412533,0,1
0.2547730658905303,0.092832656591368,0,1
0.2721665721776972,0.0985554410549969,0,1
0.2248960122500163,0.1298558746888881,0,1
0.231866371873528,0.1665406167160557,0,1
0.0509519713719104,0.1665406167160557,0,1
0.0059295599033254,0.1785801963085805,0,1
0.0521779204744494,0.201923770497018,1,1
0.0136551070550953,0.2439054779636923,1,1
0.0557601524705261,0.2267213753060467,1,1
0.0110605662097739,0.2404403525158622,1,1
0.0538225138986291,0.2099811431014033,1,1
0.0853570085707459,0.1967407996090681,1,1
0.0505525306721836,0.1500340992480398,1,1
0.092936547199456,0.1722094809824102,1,1
0.2910337570622341,0.1722094809824102,1,1
0.3005875892935417,0.1498913851968113,1,1
0.3022159793098217,0.1998390844442087,0,1
0.059091571824782,0.1998390844442087,0,1
0.091867998090022,0.194010195287907,0,1
0.0998124703901913,0.2091726833926997,1,1
0.1378016182950831,0.2220323543451356,1,1
0.3616923303669939,0.2220323543451356,1,1
0.3196969104054724,0.1745284799701709,1,1
0.3413618887183954,0.141325659091951,0,1
0.3810759483705378,0.1484927856189977,0,1
0.3842317327808463,0.1876212511162938,0,1
0.3456135547249984,0.1839205371448379,0,1
0.3630862334386349,0.2159763786154707,0,1
0.3450303757175068,0.2518598490204597,0,1
0.3041644326733805,0.2594343246001589,0,1
0.3240178187327219,0.2722523788721761,0,1
0.1432123151599775,0.2722523788721761,0,1
0.1594724074635629,0.3087286498433336,0,1
0.4280718271093351,0.3087286498433336,0,1
0.4055813215422373,0.3007967968405626,0,1
0.4344697500469511,0.3472637788266929,0,1
0.4365729234127471,0.3274988332728377,0,1
0.2056355345173987,0.3274988332728377,0,1
0.2343517450452997,0.3135995640441103,0,1
0.2743804534060913,0.3256690421708186,1,1
0.2576220453675951,0.2960442357348251,1,1
0.251883651991656,0.3288702113592059,1,1
0.2376498193651342,0.2863471311024247,1,1
0.2383196313411506,0.3188471503484744,1,1
0.2541026361042882,0.3133095031805803,1,1
0.4167984896443419,0.3133095031805803,1,1
0.4002256142005193,0.2742393931884544,1,1
0.3622140287100079,0.2801402347658648,0,1
0.4055124832450189,0.2486925308544339,0,1
0.4143809237308941,0.2490561709297524,0,1
0.45090538477594,0.2358383802077951,0,1
0.4912730280803415,0.2758193193800923,0,1
0.4864263294023966,0.3241391597936103,0,1
0.5268755719732957,0.3334020838018882,0,1
0.1919618041145803,0.3334020838018882,0,1
0.1715410000715071,0.2971534352664489,0,1
0.4230254996569439,0.2971534352664489,0,1
0.4513502078407294,0.3358407189975668,0,1
0.4108352058787931,0.3353713245979816,0,1
0.4121419705437537,0.3046112420060224,0,1
0.4091956747977413,0.2892053413379504,0,1
0.4424354348309605,0.2607355189595985,0,1
0.4149442323545696,0.2976682457778354,0,1
0.429149381393577,0.2829735387689426,0,1
0.4538103353788192,0.3044860155672802,0,1
0.1697662156754376,0.3044860155672802,0,1
0.1713327970559303,0.2635311324735634,0,1
0.2090350023595269,0.28663163538078,1,1
0.2331466113850343,0.317657693794395,1,1
0.2158733986511734,0.3571339977807266,1,1
0.1987898307848903,0.376667331987177,1,1
0.1928090041239623,0.4126435009828197,1,1
0.169435454165234,0.4240831223850158,1,1
0.5563961607806429,0.4240831223850158,1,1
0.5465908733537994,0.381644036375447,1,1
0.5351402395505522,0.3747701827453715,0,1
0.4997682495340326,0.3516101748439276,0,1
0.4500634951748851,0.3957355214252652,0,1
0.4872593620437966,0.3523985053610253,0,1
0.525344234640841,0.324564537558603,0,1
0.5210352570552745,0.3110462718094108,0,1
0.5186983443510754,0.3069054617483005,0,1
0.1914172730963521,0.3069054617483005,0,1
0.2228250894564815,0.3557986418335188,0,1
0.217165207976467,0.3943812384552561,1,1
0.2527978234119492,0.3520313872182544,1,1
0.2626502848018311,0.3970143280970438,1,1
0.2988641813019633,0.4421952295930551,1,1
0.3424793829925675,0.4781150721646802,1,1
0.6088063606206218,0.4781150721646802,1,1
0.5997732157071828,0.5023970697115786,1,1
0.5744388290847829,0.476696041133469,0,1
0.5299709065940885,0.5029397091187551,0,1
0.565412966743181,0.5423933676574146,0,1
0.5532319978943268,0.5206340242829154,0,1
0.5176830800856544,0.5514674227799162,0,1
0.5104491392339343,0.5372115852319814,0,1
0.5180092150408445,0.570382354906287,1,1
0.5109721740758991,0.6025186979574257,1,1
0.523531615336661,0.5855366643925084,1,1
0.5000803347811208,0.5846410782951105,1,1
0.4511613000741622,0.5447460368937029,1,1
0.6336065816760854,0.5447460368937029,1,1
0.6624799295233095,0.583662440782421,1,1
0.6662550138551533,0.5437578874692354,0,1
0.3995827503614467,0.5437578874692354,0,1
0.3522254206690486,0.5591838634070829,0,1
0.3879463871044958,0.5440512008573174,1,1
0.4367189125568502,0.5366921875817462,1,1
0.637089968182138,0.5366921875817462,1,1
0.6839079845052279,0.505006542596265,1,1
0.732187096268266,0.4679632262878804,0,1
0.7267363813046808,0.4931632188002112,0,1
0.7096828493025562,0.5213174459500763,0,1
0.6924066013628711,0.5235918769313721,0,1
0.6621468439062171,0.5022364684351653,0,1
0.6341300795965054,0.5485647999814476,0,1
0.6838005842224023,0.5838155382412885,0,1
0.4384348594648876,0.5838155382412885,0,1
0.4353649594275193,0.5448919329940994,0,1
0.6533459313976001,0.5448919329940994,0,1
0.6842476188411205,0.5728466432441931,0,1
0.6754830087133901,0.5600402720259975,0,1
0.6946562375280712,0.5406426131005926,0,1
0.6592650872134587,0.4950092487121938,0,1
0.6401100820033461,0.4995299399398237,0,1
0.6721734526359165,0.4770502066135367,0,1
0.6970010725710392,0.4556258882961863,0,1
0.7340163911486017,0.418726744354037,0,1
0.7463567882886686,0.3731429971501607,0,1
0.2220327411528097,0.3731429971501607,0,1
0.1742628858028542,0.4150267983685357,0,1
0.1440525719337492,0.4028504704310064,1,1
0.1724283825987119,0.3659761581263941,1,1
0.1874939296492346,0.3698167709918232,1,1
0.1847795144846682,0.3295257280896851,1,1
0.1510284516627929,0.3288444615644192,1,1
0.1174032618169056,0.3102812646009896,1,1
0.0852121345679325,0.290267425059064,1,1
0.0778378810567576,0.3055508584701234,1,1
0.4223102726258041,0.3055508584701234,1,1
0.424084611743688,0.3471897777099558,1,1
0.402462202675898,0.3885513762037335,0,1
0.3864308556826912,0.360143472820272,0,1
0.4000939312171234,0.3887333398605714,0,1
0.395803975381141,0.4133189539193109,0,1
0.378676000303814,0.4226312895842598,0,1
0.3818161745970256,0.4383954456408054,1,1
0.3638142748158555,0.4491745924010977,1,1
0.3502684624555742,0.4787554829459431,1,1
0.316740521999086,0.4723527890290221,1,1
0.267720145180155,0.5219703972259646,1,1
0.6370825344700863,0.5219703972259646,1,1
0.6645449425423006,0.5418175239174272,1,1
0.634701810921085,0.5639211803265882,0,1
0.5872008989080513,0.5378097037526041,0,1
0.5614566879182938,0.4957202918124175,0,1
0.5982934160380106,0.4546792674226951,0,1
0.5669810775887646,0.4353808697884718,0,1
0.5228232647060901,0.4583037302136738,0,1
0.2987629122076529,0.4583037302136738,0,1
0.2854684733879591,0.4417339219127166,0,1
0.320294181661217,0.4280405318055514,1,1
0.3631120518779786,0.4058786971626124,1,1
0.3345223311340511,0.3830568657967789,1,1
0.3059670997054696,0.4136381759859416,1,1
0.5151016117195838,0.4136381759859416,1,1
0.4786278018599732,0.4031559645700786,1,1
0.4473990885786701,0.3609941654821724,0,1
0.4144540714686408,0.3834431572140981,0,1
0.2701312521854798,0.3834431572140981,0,1
0.2498319493287949,0.413685837928315,0,1
0.21990468841552,0.3909960095397243,1,1
0.2668212938206836,0.3549648854578332,1,1
0.2547894526471229,0.3242286852954536,1,1
0.4683783760538568,0.3242286852954536,1,1
0.5112716343623736,0.2807041765753905,1,1
0.4982981341193892,0.3224818989389554,0,1
0.1827109825378411,0.3224818989389554,0,1
0.1452989009823657,0.3198498740229279,0,1
0.1694610353076142,0.3373572806823812,1,1
0.4384412047560309,0.3373572806823812,1,1
0.467016685667221,0.332893091808407,1,1
0.4789791125912064,0.3558242143986139,0,1
0.4896800909435931,0.3785698655264479,0,1
0.5240507193778002,0.3902888455496107,0,1
0.5124083389588875,0.3805387823877755,0,1
0.4925500427703642,0.38142667093457,0,1
0.5003908432478978,0.3520175401989877,0,1
0.5306056311491534,0.3223143066617249,0,1
0.5257589134063855,0.3000368436627017,0,1
0.1612419605422267,0.3000368436627017,0,1
0.1578811083700078,0.2899003575377386,0,1
0.17708570157011,0.3126990663598219,1,1
0.1731016913386465,0.352493325994977,1,1
0.1874362871882378,0.4015140190540409,1,1
0.2076389410065507,0.3778860386192751,1,1
0.1606061293773962,0.4152654376033997,1,1
0.1336668743146326,0.4526435303651072,1,1
0.146321909743532,0.4698898884875304,1,1
0.1257721040446991,0.4302997837975435,1,1
0.557861928034406,0.4302997837975435,1,1
0.5752122124550744,0.478828558512471,1,1
0.6227656736950936,0.5240679577397787,0,1
0.6269310682808005,0.4770607155807098,0,1
0.6618193254823078,0.5153646892129388,0,1
0.656155987036159,0.4937146021964711,0,1
0.3590529421216313,0.4937146021964711,0,1
0.3913128443710937,0.5234782330084711,0,1
0.6492808910454783,0.5234782330084711,0,1
0.6489675832306797,0.4824971883388867,0,1
0.6798104254347975,0.5140418779881062,0,1
0.3731246626909416,0.5140418779881062,0,1
0.4171046039719177,0.4983389415227459,0,1
0.4422708177441155,0.5375241819832335,1,1
0.4078996764964332,0.5827373433106214,1,1
0.3882762001087448,0.5858489357624866,1,1
0.6644999714229817,0.5858489357624866,1,1
0.6740256002173687,0.5506485324782042,1,1
0.7231636412200118,0.5229983746152729,0,1
0.680808223751113,0.5477448776364447,0,1
0.7169494681475502,0.5800879074415841,0,1
0.7012896438170789,0.5886148770618543,0,1
0.7374327217903882,0.5780353546731027,0,1
0.7159324854038579,0.606356520976771,0,1
0.757980660093888,0.5742103404484743,0,1
0.7780455566758439,0.5564638313788792,0,1
0.3873879651597874,0.5564638313788792,0,1
0.4364264057128273,0.5836394073113139,0,1
0.397515560641436,0.6128565469498735,1,1
0.3613516322430062,0.5744527958120895,1,1
0.3837452193138113,0.5633200757713638,1,1
0.4192839388798273,0.520719376559834,1,1
0.4590829181394898,0.519007651880272,1,1
0.4617316904106506,0.514283456540405,1,1
0.48521871514598,0.5053979641816457,1,1
0.4985960671898563,0.5460999877958341,1,1
0.4584712277731464,0.594895321326609,1,1
0.4206620588176096,0.5499599743587016,1,1
0.4470286340829018,0.543151774064789,1,1
0.4376635440373487,0.52494454274252,1,1
0.4382766084563232,0.542497166990169,1,1
0.3971845396436573,0.5875816835709018,1,1
0.3540320831902413,0.6107394053079743,1,1
0.3136839380288934,0.6579807453741193,1,1
0.7154590305387032,0.6579807453741193,1,1
0.6816077984817616,0.6663229613689098,1,1
0.6345629485096372,0.7066689669385685,1,1
0.6058970812056982,0.7333329986519557,1,1
0.651875303768894,0.6893269241141627,0,1
0.678331444419787,0.6908075917949804,0,1
0.6839958054270784,0.7402098885310449,0,1
0.7251336043977529,0.7793473940477269,0,1
0.7715702255363719,0.8113580375919289,0,1
0.7997649368362907,0.7973951052930918,0,1
0.7848037845968722,0.8419751123998612,0,1
0.7705412265775223,0.8363032753944503,0,1
0.8200732556656867,0.8291156676964343,0,1
0.593823904977531,0.8291156676964343,0,1
0.5814443796715975,0.8166472176470153,0,1
0.5730931146002992,0.8349296645192839,1,1
0.5442297664420991,0.8826873208394205,1,1
0.5029686981786896,0.9010179167728724,1,1
0.4969169002105222,0.8890176886963672,1,1
0.4692391238229507,0.8475629974945076,1,1
0.5126504721473186,0.8626651896311844,1,1
0.8951569380731543,0.8626651896311844,1,1
0.8705085034828511,0.909363763179787,1,1
0.887528911051567,0.8990165109614583,0,1
0.8671574241049654,0.9350436397530368,0,1
0.8573247196673319,0.8988793669067118,0,1
0.8954025043548793,0.8835656174547257,0,1
0.9354869528555227,0.8660703959537169,0,1
0.8881158423495656,0.8348610479412585,0,1
0.9114654684101952,0.8131908511432673,0,1
0.5803569119672856,0.8131908511432673,0,1
0.6186286601554695,0.8046187165323198,0,1
0.5928648769381513,0.7575508551169872,1,1
0.550389481423646,0.7914940181301171,1,1
0.5321859493082022,0.8348220598400495,1,1
0.5806255934280979,0.8541178412568413,1,1
0.8667848956469673,0.8541178412568413,1,1
0.8726158293470694,0.8894190037849402,1,1
0.900989583769875,0.8835427479740179,0,1
0.910717054198324,0.8899260089565177,0,1
0.915520665910656,0.9307866580340992,0,1
0.9134209423945244,0.8934074578861355,0,1
0.9467922781170668,0.8970589989997839,0,1
0.9939305872264372,0.9075215369338908,0,1
0.987416904485102,0.8978256583912555,0,1
0.678252681756492,0.8978256583912555,0,1
0.7246437935298892,0.8986190003773589,0,1
0.7154715893374687,0.8635055338737022,1,1
0.6915647238279485,0.8899794384244556,1,1
0.9202618074270889,0.8899794384244556,1,1
0.8803337350257423,0.8479049231073619,1,1
0.9095809510925692,0.8898113886483545,0,1
0.9173658081029854,0.8881371023618311,0,1
0.8924811476765026,0.8998438346734253,0,1
0.9190794396394852,0.8954777823884899,0,1
0.8990480035695821,0.9393437786326276,0,1
0.7008536135184524,0.9393437786326276,0,1
0.7408402238861644,0.9120954674663596,0,1
0.748401539068743,0.8892206892795362,1,1
0.7884255341077278,0.9295803990007636,1,1
0.784445892275038,0.921439057454937,1,1
0.7563405979923813,0.921137435747854,1,1
0.9347582833294792,0.921137435747854,1,1
0.9215719476856598,0.887174975515406,1,1
0.9707773666688576,0.859830273392552,0,1
0.6282291029837653,0.859830273392552,0,1
0.6167313185414125,0.8101754850025148,0,1
0.5672363890892677,0.8171347116148227,1,1
0.832581152696387,0.8171347116148227,1,1
0.8009249784707384,0.8244802697212449,1,1
0.8391658856967151,0.8273383050680845,0,1
0.5989162705617873,0.8273383050680845,0,1
0.5557832113886088,0.854100081308409,0,1
0.5142509105290451,0.8945848997585888,1,1
0.5079267868925353,0.8923605092249199,1,1
0.5328155551310281,0.9003754546919812,1,1
0.5155020518924136,0.8556185613548822,1,1
0.5534230132038852,0.8504233207031588,1,1
0.5663486633900183,0.8857999362031583,1,1
0.5227779080708725,0.9213087086459528,1,1
0.4789634037574162,0.8719528846958589,1,1
0.913845906420793,0.8719528846958589,1,1
0.9163665930872076,0.9190375755040188,1,1
0.9492739321002488,0.950756431829205,0,1
0.9785164950602172,0.9348602895641988,0,1
0.9496423593801344,0.9771652253130848,0,1
0.9183420259228476,0.9665752122002956,0,1
0.8715178216173279,0.9659393226941286,0,1
0.6765135157633411,0.9659393226941286,0,1
0.6699151858376565,0.96251302746093,0,1
0.6941893040163926,0.9155344063829356,1,1
0.7100181893266873,0.8938744539241557,1,1
0.6963913761842675,0.8847695546388034,1,1
0.7343240584191354,0.9040971960409858,1,1
0.7616099971029211,0.8915101888311984,1,1
0.883478484156653,0.8915101888311984,1,1
0.8337710691253165,0.8997313438481056,1,1
0.8183641681988735,0.8557823631915193,0,1
0.8086491721281338,0.9049994670538476,0,1
0.6803737754007906,0.9049994670538476,0,1
0.6988066782796584,0.8636993889181276,0,1
0.7271273356659332,0.9102706625886092,1,1
0.715253607745816,0.9226830485470264,1,1
0.6822570676933095,0.8867618452002091,1,1
0.7045202062940776,0.9182598097515569,1,1
0.8958863734231468,0.9182598097515569,1,1
0.8773942548804298,0.8765562124438021,1,1
0.8975645256158705,0.858417989111827,0,1
0.8563342497365968,0.8968865871396532,0,1
0.8345861504663744,0.856509972375855,0,1
0.6248749375321526,0.856509972375855,0,1
0.671938057069287,0.8434257620478814,0,1
0.6474129588445761,0.8245920179090276,1,1
0.6915863767247312,0.8745492808843406,1,1
0.6599668045897943,0.918491821066904,1,1
0.6595957278482122,0.8772908030788138,1,1
0.6618252505511167,0.9072980242556512,1,1
0.6928494012917797,0.906251621443167,1,1
0.6661175220868065,0.8843576792240634,1,1
0.8947204100220193,0.8843576792240634,1,1
0.8606858962735103,0.8947646794979526,1,1
0.8291446123137826,0.8496803406715023,0,1
0.8390084319068382,0.8943370442865672,0,1
0.8633449457408052,0.8662244838857952,0,1
0.661167343427474,0.8662244838857952,0,1
0.6703486031705731,0.8898291961520722,0,1
0.7139368783294316,0.9242355117861324,1,1
0.7114863747666261,0.9202869245432928,1,1
0.7583894023109136,0.9269099194705877,1,1
0.9203639274725726,0.9269099194705877,1,1
0.9471830959858928,0.9261647913919372,1,1
0.9573013734859506,0.9497751776237384,0,1
0.9475455756428668,0.9302950037898808,0,1
0.9608341955087792,0.9185082461091516,0,1
0.9512591845407692,0.8967930298872892,0,1
0.9033166343547638,0.8746944009061937,0,1
0.6534199012921461,0.8746944009061937,0,1
0.6295001995634798,0.8589420251374763,0,1
0.5968842294539949,0.8753727915644547,1,1
0.6090922073502953,0.9190144415418128,1,1
0.602525797038377,0.9568144646342632,1,1
0.9527254180059856,0.9568144646342632,1,1
0.9232123282759336,0.9404946733593113,1,1
0.90616122313567,0.8974783216802327,0,1
0.9358276312051584,0.9289044374360448,0,1
0.6522666536357625,0.9289044374360448,0,1
0.6496798229647882,0.89687862168239,0,1
0.6668084321663227,0.889079632987376,1,1
0.6431491242648728,0.846393653246587,1,1
0.6904811253330452,0.8158843141361733,1,1
0.6452115746958674,0.7749480130811831,1,1
0.63186996152805,0.7533959502874747,1,1
0.6268506511894864,0.7463665827626901,1,1
0.577242539059329,0.7765324116356201,1,1
0.5440102500557891,0.7829244801410118,1,1
0.8367282539746415,0.7829244801410118,1,1
0.8376688387389266,0.7433849620604235,1,1
0.8064936814483732,0.7695596579230392,0,1
0.5612766054421499,0.7695596579230392,0,1
0.5333128668051619,0.7343574444096301,0,1
0.5245385595711942,0.748423276790366,1,1
0.4881401585495076,0.753569199767095,1,1
0.5272332470766014,0.7751730914381979,1,1
0.5529657877138702,0.7307070907255985,1,1
0.5933970453254529,0.7674358509441911,1,1
0.6265354104483973,0.7357385747998658,1,1
0.7801674657787323,0.7357385747998658,1,1
0.8284753531704658,0.7558678669887187,1,1
0.7803989541559192,0.7853212664039733,0,1
0.7785235169105411,0.7584484549857634,0,1
0.792219037224772,0.755731168721015,0,1
0.8075490669991322,0.728665440838783,0,1
0.8100679627402586,0.7660350526170375,0,1
0.7708688546906762,0.7851487799398195,0,1
0.7568130434530564,0.7775305017906459,0,1
0.5948554415237369,0.7775305017906459,0,1
0.6092276448248768,0.8199620139942514,0,1
0.8789158771235045,0.8199620139942514,0,1
0.8758911695842437,0.8616909442348557,0,1
0.871696759673907,0.8221880857742684,0,1
0.84056272934681,0.8683574453111349,0,1
0.8317506439455238,0.907176699976578,0,1
0.8114961380345171,0.9092574808778052,0,1
0.8459543963872574,0.885443038306131,0,1
0.6407952060867292,0.885443038306131,0,1
0.6345909758115863,0.8547552591133397,0,1
0.8635115020648672,0.8547552591133397,0,1
0.8481190650576673,0.8408857063137924,0,1
0.8524421511886267,0.8406593491182148,0,1
0.8060920859769087,0.8619100687268507,0,1
0.788285152547956,0.8861941670107157,0,1
0.7392116171357732,0.9244455529732526,0,1
0.7523541877247464,0.9008576801039404,0,1
0.7583052097013779,0.8707074028476937,1,1
0.7215623998473292,0.901755063612509,1,1
0.6946414671397461,0.9134078428107092,1,1
0.701686582795989,0.8907857629503684,1,1
0.6633623950608222,0.9348307008362188,1,1
0.6191356891869323,0.8926821661187314,1,1
0.5904645857673537,0.8655781414535154,1,1
0.9076542396414576,0.8655781414535154,1,1
0.8646444444237629,0.889033182395441,1,1
0.9130307597824776,0.9066802595278094,0,1
0.8677234401830128,0.8579380097194553,0,1
0.8327535143888638,0.902365735577101,0,1
0.8208120911143724,0.8924692547666143,0,1
0.7791430862044841,0.8717365350790398,0,1
0.7357429122236063,0.8580402792871221,0,1
0.6922457291676933,0.8376363092352975,0,1
0.722765438446266,0.8222274958163445,1,1
0.7010168646617763,0.8241151660050119,1,1
0.7404369214683022,0.8476418777639704,1,1
0.7826576559553725,0.8725014022789835,1,1
0.7475147360886053,0.8367173761079096,1,1
0.7919393705011673,0.882215886356217,0,1
0.8354000882032603,0.8687523523363652,0,1
0.8628306814773358,0.8532791037844725,0,1
0.8935155137844155,0.8548441384333737,0,1
0.8829713385887052,0.8414845526973789,0,1
0.894162630477216,0.8249838461375469,0,1
0.922558934594429,0.7970125959164964,0,1
0.5894695004165301,0.7970125959164964,0,1
0.6082584746220521,0.8310821844314478,0,1
0.8799646474490886,0.8310821844314478,0,1
0.8909074173802635,0.839045439676626,0,1
0.8599145251496132,0.794937099752153,0,1
0.8580806081273474,0.7871781878581158,0,1
0.8420202321409,0.7496040451680718,0,1
0.8716580778052317,0.7872189935250198,0,1
0.8226251016805021,0.7649939138614162,0,1
0.8327021924768117,0.7463917176591575,0,1
0.8556009470131101,0.7138210856297484,0,1
0.5293685828288203,0.7138210856297484,0,1
0.529801473090866,0.758566270129582,0,1
0.5578722108420839,0.7532764072533112,1,1
0.600120930580369,0.7299290572304742,1,1
0.7851585182774664,0.7299290572304742,1,1
0.7620092941431216,0.7374937557059704,1,1
0.7252277620976088,0.7619824214822937,0,1
0.7664507154117978,0.7359451056850168,0,1
0.7797536257141996,0.7550414994515097,0,1
0.748877265343536,0.7286325975696132,0,1
0.7372890728810318,0.7133286118130608,0,1
0.535893280981746,0.7133286118130608,0,1
0.5731063699653611,0.7273743287336488,0,1
0.6136390706878064,0.7535796598121058,1,1
0.6268037314650017,0.7518888648820354,1,1
0.5943629708433719,0.7443215022561286,1,1
0.5611589411313362,0.751683478599278,1,1
0.826469649969733,0.751683478599278,1,1
0.7945447597095318,0.7439953011089088,1,1
0.7756680601488852,0.7291239333595374,0,1
0.7847842375646972,0.7687553132907918,0,1
0.7851950873472783,0.7610293017732488,0,1
0.834254499438214,0.754036893272706,0,1
0.8183094568856389,0.7521064014510158,0,1
0.7719789895455177,0.726710559709192,0,1
0.8187167459443564,0.76921056775436,0,1
0.5700312933910808,0.76921056775436,0,1
0.5723847684618005,0.7465065383285869,0,1
0.5231904868142605,0.7129360780657754,1,1
0.5186470316897561,0.7390803478011113,1,1
0.5533397489845946,0.7886404581822528,1,1
0.829269218160127,0.7886404581822528,1,1
0.7801456460173442,0.7435773860056251,1,1
0.7689264371478887,0.7765697825713996,0,1
0.8188016471093968,0.8004440978541937,0,1
0.6099447166290177,0.8004440978541937,0,1
0.6321645692346468,0.7772640305580407,0,1
0.5908735423486327,0.822543153350188,1,1
0.5602422595890857,0.8375707638019303,1,1
0.6084360981758334,0.8377702068133236,1,1
0.5602749843846038,0.8517612786312387,1,1
0.5202513482366216,0.8356311385620673,1,1
0.5300222608545804,0.7984079667493895,1,1
0.8466360331571515,0.7984079667493895,1,1
0.8431949572350771,0.7532298564481804,1,1
0.8639014316633644,0.7920667735209609,0,1
0.8948926674285208,0.809820103684397,0,1
0.909302712330468,0.806929957395295,0,1
0.8674154471216822,0.7784640031619652,0,1
0.5951353420838783,0.7784640031619652,0,1
0.5623047747150169,0.80797627146535,0,1
0.5583730072460618,0.759616259190661,1,1
0.5260491551313715,0.805728749907022,1,1
0.5076234460432199,0.8208181981590332,1,1
0.5185369018950329,0.7979436410818761,1,1
0.5370510732114763,0.7623442791430902,1,1
0.5383906675850413,0.7332574362439165,1,1
0.5806505761945017,0.6985977925426169,1,1
0.7897117650091252,0.6985977925426169,1,1
0.8285533435975183,0.6955247127481446,1,1
0.8184947531434876,0.6659554489329972,0,1
0.8416146454176984,0.7050340615917349,0,1
0.8084925559153273,0.7371557687315946,0,1
0.8300698685757919,0.7261936601774489,0,1
0.5198494941493619,0.7261936601774489,0,1
0.4722663760688493,0.7173147931327443,0,1
0.4960698217312571,0.7016402808982328,1,1
0.4684562007558063,0.7226725106527528,1,1
0.4853999379179368,0.7055609792372642,1,1
0.5249986149858632,0.7091952421810784,1,1
0.5593821544379344,0.7403910260033809,1,1
0.566904219463642,0.7814704859808534,1,1
0.5704599836567125,0.8075964104735478,1,1
0.5950266146460852,0.7645819096319455,1,1
0.8353784277093358,0.7645819096319455,1,1
0.8011786385642217,0.7647844120955937,1,1
0.7921342622496156,0.7932896118642907,0,1
0.8103192718864288,0.8227316348393381,0,1
0.7795127914364332,0.7833735645864626,0,1
0.5830931610244506,0.7833735645864626,0,1
0.5449057561819803,0.7678835350990957,0,1
0.5377810151523439,0.7325172950387197,1,1
0.4886604937897003,0.7101578942785891,1,1
0.4952579175019217,0.7487002688279694,1,1
0.506765017523763,0.7493489339193375,1,1
0.4665087209185418,0.7691287818954369,1,1
0.4290056705156507,0.8015018721618333,1,1
0.8196836794266641,0.8015018721618333,1,1
0.8451424477765501,0.8015271728478234,1,1
0.8285487795849474,0.7720781019461113,0,1
0.8580601611944071,0.7711550135060001,0,1
0.867284774107858,0.791205501505872,0,1
0.8443448694527643,0.8402296578151589,0,1
0.846628012559304,0.8116915683830475,0,1
0.5900737224063305,0.8116915683830475,0,1
0.6257682898574892,0.8476485083154646,0,1
0.6190537154106139,0.8761368444774866,1,1
0.5971275239051808,0.9227423515086878,1,1
0.5475144142132139,0.9573900439906337,1,1
0.5061561599827469,0.9296290819937052,1,1
0.4872119847277728,0.8930877517243954,1,1
0.483065967737653,0.8960542366522188,1,1
0.5003683173790809,0.9105193678304973,1,1
0.5375207989434486,0.8619558581673104,1,1
0.8798669174922615,0.8619558581673104,1,1
0.8736344139308038,0.8491766384865171,1,1
0.9056764774919452,0.8485335109904709,0,1
0.8838939624771517,0.8046694316849313,0,1
0.9211193674853972,0.7725800389326241,0,1
0.8841040674385305,0.7368426197806632,0,1
0.8459237774150671,0.7370886407074009,0,1
0.8366306581518688,0.7531288988357682,0,1
0.8853562393858769,0.7611042209775774,0,1
0.9324469151857644,0.8014760420006722,0,1
0.5930613246275764,0.8014760420006722,0,1
0.5855137736082314,0.7803497940110891,0,1
0.5423412733538908,0.8196455537292852,1,1
0.556203795415095,0.8214355384489606,1,1
0.578351135675236,0.8522504135984521,1,1
0.8564966982785499,0.8522504135984521,1,1
0.8473051041404834,0.859689070435776,1,1
0.8892543175426613,0.8402840669691851,0,1
0.608184788302117,0.8402840669691851,0,1
0.6112590548056708,0.8374067214459058,0,1
0.5803925581826256,0.8358940403234356,1,1
0.8543170670586312,0.8358940403234356,1,1
0.850641986907235,0.8619072939278407,1,1
0.6165682694369711,0.8619072939278407,1,1
0.5669685519504948,0.909216456128677,1,1
0.9246790850735296,0.909216456128677,0,1
0.9458058234113786,0.8756558085153348,0,1
0.641601540785907,0.8756558085153348,1,1
0.6405535043467205,0.9151622502748258,1,1
0.6361453869433622,0.9311091256901474,1,1
0.6128031259100759,0.9177405732315868,1,1
0.5878858784816635,0.9365425063231424,1,1
0.6100431201036004,0.979969042458188,1,1
0.604339649430375,0.9329284997242538,1,1
0.9229450109420934,0.9329284997242538,1,1
0.8879573082323085,0.9475907825798984,1,1
0.908644588596056,0.9605040043893516,0,1
0.93212931883907,0.9360089159500896,0,1
0.919242386324771,0.975158415565864,0,1
0.9223614373024928,0.9538605546314636,0,1
0.9001659790858341,0.9356001141414292,0,1
0.8657552654675995,0.9061960994478896,0,1
0.875136894539084,0.9260149429955497,0,1
0.6805640456027039,0.9260149429955497,0,1
0.6938765237299049,0.9422417858173414,0,1
0.7307436571237469,0.95423573548771,1,1
0.7757167870459505,0.9298900049022176,1,1
0.7501408273007513,0.9144294070628506,1,1
0.9231285979968056,0.9144294070628506,1,1
0.9383542364305808,0.8719916422283613,1,1
0.9746073479309688,0.8272347526630857,0,1
0.9521971680200416,0.7937413165140839,0,1
0.9174352561840884,0.7602683058958741,0,1
0.9006486339163982,0.7195315522358596,0,1
0.8595378627074819,0.7108393374220546,0,1
0.8360843559937877,0.6859270613757436,0,1
0.8406318381291713,0.7055962451243987,0,1
0.8193041903870427,0.6702983439901695,0,1
0.5052039184786863,0.6702983439901695,0,1
0.4840170368863171,0.7098161728381849,0,1
0.4706349105017908,0.7584398494583287,1,1
0.4946840701926554,0.7288232679135827,1,1
0.4979998645728665,0.7182628668065865,1,1
0.4751931226997209,0.7018010501839071,1,1
0.4555306533156339,0.7166152425199895,1,1
0.7728515437724828,0.7166152425199895,1,1
0.7777066270882831,0.6812004444118439,1,1
0.8248840616984427,0.6893661610972314,0,1
0.5223186089467073,0.6893661610972314,0,1
0.485518103048531,0.6681572060432335,0,1
0.7553312912743733,0.6681572060432335,0,1
0.7089711129983102,0.6633108546673573,0,1
0.4751646660274322,0.6633108546673573,1,1
0.4317123347571696,0.7011986413745004,1,1
0.4067382742426672,0.7252289957018114,1,1
0.3641545074909696,0.7441568360196911,1,1
0.4071227874854506,0.7112433416463863,1,1
0.776428633926792,0.7112433416463863,1,1
0.7945903804764114,0.740822756823018,1,1
0.7817094641091751,0.7149776804473198,0,1
0.7630842982842764,0.7153658262567396,0,1
0.7489260082114471,0.6669034555366284,0,1
0.7410880897008087,0.6998276994845203,0,1
0.7542303501385651,0.6647192149918619,0,1
0.7610217408911905,0.6408292687978717,0,1
0.7479574614789133,0.6242843644506471,0,1
0.4465659092680576,0.6242843644506471,0,1
0.4796148634877446,0.647201039432804,0,1
0.4753619154941076,0.6809992621883881,1,1
0.4528346874048881,0.6730066125714137,1,1
0.465095722455997,0.6593926289901323,1,1
0.4285424419860371,0.687211408584667,1,1
0.4734902587464931,0.6683290646941125,1,1
0.4591108230850294,0.6686678206611145,1,1
0.7501368998440932,0.6686678206611145,1,1
0.7052413559688934,0.6808940855155104,1,1
0.7389281099090029,0.7099948170417277,0,1
0.7623672404770191,0.6839444227391908,0,1
0.7638492170033502,0.652957836523897,0,1
0.8086656435073705,0.6687014772464639,0,1
0.7960125560577002,0.681288027179677,0,1
0.8298565011312511,0.6667469224407763,0,1
0.8581969798318457,0.6492082519642862,0,1
0.4562112121885401,0.6492082519642862,0,1
0.4743140146444686,0.6240048432086236,0,1
0.6896632265062315,0.6240048432086236,0,1
0.6762962506623933,0.6565876143901948,0,1
0.6378583833732958,0.6253307702114952,0,1
0.6682115093627992,0.5945541083623741,0,1
0.6584451311477859,0.5818368026828049,0,1
0.685510457869657,0.548136780087851,0,1
0.6983450286088839,0.5852103493394906,0,1
0.6803248602318789,0.5569268718485538,0,1
0.7054974916446526,0.5092723929938041,0,1
0.6651703721132054,0.4976110748102347,0,1
0.3330528284383622,0.4976110748102347,0,1
0.3277255613482623,0.5195380681420112,0,1
0.3661448407232852,0.5261338572690544,1,1
0.616268168541776,0.5261338572690544,1,1
0.6653796950337021,0.48457402671847,1,1
0.7023918611847536,0.4475829221754311,0,1
0.6896364062952958,0.4671528077973597,0,1
0.7331048881414391,0.5140863504363263,0,1
0.7007030415833804,0.5623071884651583,0,1
0.4116766152510442,0.5623071884651583,0,1
0.3804985149010917,0.5934551522354445,0,1
0.4124248382905425,0.5616403132144417,1,1
0.3896469430216892,0.5394256954151769,1,1
0.3787820490125829,0.5796049825743597,1,1
0.3722374391697977,0.6199705929455549,1,1
0.4009405194139638,0.6469304557870699,1,1
0.3565484356173755,0.6591076476713894,1,1
0.7173410773255252,0.6591076476713894,1,1
0.7343645077580658,0.6460267154615617,1,1
0.7279853608482663,0.6891434913859283,0,1
0.6930837862904754,0.6477117939419355,0,1
0.740994352334457,0.6492189938818744,0,1
0.7136403440707635,0.6241475061569504,0,1
0.7352494528810042,0.6299036271464868,0,1
0.7379620416733753,0.6745427122591036,0,1
0.518403089537534,0.6745427122591036,0,1
0.5016221091449483,0.6773963618717105,0,1
0.4980345056165183,0.6720353009070154,1,1
0.5050109239938797,0.670951364119117,1,1
0.7463820692498957,0.670951364119117,1,1
0.7212564685746535,0.6805909559664841,1,1
0.681080123446933,0.7170380716501512,0,1
0.6606014740717936,0.7348448262372291,0,1
0.6522789569505447,0.7089040049149405,0,1
0.7020684979942411,0.7002725146791751,0,1
0.7119353977011862,0.65818063524432,0,1
0.6984341214611293,0.6577910229287889,0,1
0.4726326330019814,0.6577910229287889,0,1
0.5144207084519042,0.6844690801741276,0,1
0.504132767678503,0.6429804677149067,1,1
0.4653468932803036,0.6840355528584022,1,1
0.5073441967727429,0.7211486801577746,1,1
0.4815922918102333,0.767754453776082,1,1
0.4603236886237382,0.7501486045843091,1,1
0.4826853443577916,0.7865819121904519,1,1
0.8338688214358285,0.7865819121904519,1,1
0.8834381864348144,0.7597922782810269,1,1
0.8637645972128511,0.7192624514629957,0,1
0.8376055082003033,0.6928257277362599,0,1
0.8113547609507304,0.6998895941771082,0,1
0.7962493267793928,0.7245292677869665,0,1
0.5445384292385979,0.7245292677869665,0,1
0.5582480709914417,0.723473686587075,0,1
0.5467811507346473,0.7570756363734717,1,1
0.5535954939286523,0.7564731135415836,1,1
0.8050066489086903,0.7564731135415836,1,1
0.8360823406476185,0.7561950804427451,1,1
0.8040680611600283,0.7635633429531703,0,1
0.7569969429056059,0.7794861492649064,0,1
0.736471320991286,0.8116761537004913,0,1
0.7520637636253737,0.7762689638282134,0,1
0.7500033218377289,0.7314238968760058,0,1
0.561784184185857,0.7314238968760058,0,1
0.5266742389498783,0.7700798394543226,0,1
0.5327292799571305,0.7363052305794565,1,1
0.489981771081929,0.7628704261192423,1,1
0.4692544821140513,0.772533446258329,1,1
0.5089460391894377,0.7923898413757455,1,1
0.8483562800611087,0.7923898413757455,1,1
0.8133651360336817,0.7882809210023644,1,1
0.8272234441700054,0.7699948633674811,0,1
0.7940775192076321,0.7639738857989351,0,1
0.8323203189193777,0.7425551304242058,0,1
0.8228414036754884,0.7766606775279742,0,1
0.5983126996585092,0.7766606775279742,0,1
0.6009462644778433,0.73696943966813,0,1
0.6351322261745727,0.7001465699813296,1,1
0.6552956399916067,0.7134195717059623,1,1
0.6870752409775875,0.6724835096401371,1,1
0.6575132617297933,0.6315866923302799,0,1
0.6485322023907447,0.6483837669503455,0,1
0.6078740248462663,0.6099942220709741,0,1
0.4285270971511756,0.6099942220709741,0,1
0.4628970407987903,0.6079655259745806,0,1
0.4461811756028579,0.6463409173305058,1,1
0.4217049219923622,0.6568534138990351,1,1
0.4545708263172804,0.634519462758016,1,1
0.4902531413198132,0.6496546869062315,1,1
0.7408805437697008,0.6496546869062315,1,1
0.7189389890794691,0.6196298156466069,1,1
0.7151368783550143,0.5971397031769425,0,1
0.7137422341913593,0.5760119962185886,0,1
0.738303019493668,0.5745097628770081,0,1
0.695565854422595,0.5256619746827458,0,1
0.6492398711201771,0.5514082030387925,0,1
0.6974678133407233,0.5757739669916154,0,1
0.4078283321069273,0.5757739669916154,0,1
0.3922960006819842,0.5953590572469147,0,1
0.4351801490968462,0.6039282266117568,1,1
0.4303162436440741,0.6029911560716105,1,1
0.397637549502625,0.6506577043598715,1,1
0.3847342345213666,0.6112865091401504,1,1
0.3981541777387095,0.660271865898808,1,1
0.3657893812575833,0.6642411005568453,1,1
0.4035451502254947,0.6939042957898859,1,1
0.7825763310944106,0.6939042957898859,1,1
0.7942614643566854,0.6928731864540075,1,1
0.509035976842745,0.6928731864540075,1,1
0.4653370234568655,0.7160005606069891,1,1
0.4584643459803871,0.7162560673484224,1,1
0.4676596091920608,0.7546449617536545,1,1
0.5151569028854263,0.7635496647422543,1,1
0.7926088812559525,0.7635496647422543,1,1
0.7933047620903707,0.740151398656538,1,1
0.7982324876066337,0.7475760099430201,0,1
0.7889745829072308,0.7380952105323143,0,1
0.7706666309261491,0.7521309143832189,0,1
0.7421580338194321,0.8004403514927054,0,1
0.6031136034343455,0.8004403514927054,0,1
0.5683071741525431,0.835221278343152,0,1
0.5247049482656618,0.8278282843467571,1,1
0.8427319320020734,0.8278282843467571,1,1
0.8000584216433668,0.7914763775810431,1,1
0.8461653010630628,0.838708673682006,0,1
0.6430620420842825,0.838708673682006,0,1
0.6667830778986283,0.8062389586564577,0,1
0.629638646254061,0.8335543887257724,1,1
0.6617957274824424,0.854248985251662,1,1
0.6347142058885522,0.8117866082008302,1,1
0.6436326096019135,0.7940633578710611,1,1
0.6657064154974793,0.7656596583322868,1,1
0.6295240721755563,0.7557623863825538,1,1
0.8245255439343272,0.7557623863825538,1,1
0.8666336754409134,0.7487229624364319,1,1
0.8370036474587768,0.7984102689788898,0,1
0.8402865079538415,0.8138643075273624,0,1
0.8127294941038489,0.8279630145005714,0,1
0.6148450805223817,0.8279630145005714,0,1
0.5658640797330513,0.8603928496465906,0,1
0.6113208651336485,0.8166572326182385,1,1
0.6535798810885978,0.8073430901665272,1,1
0.6093946745399467,0.7916038311435664,1,1
0.6083210651187163,0.7447302103785767,1,1
0.5615835624291068,0.7029422597128162,1,1
0.5205345182662606,0.7005694708603167,1,1
0.7796531454271876,0.7005694708603167,1,1
0.7521635131931624,0.6679421624486727,1,1
0.7693036809136513,0.6801935131268583,0,1
0.8042525140982444,0.6992613908363914,0,1
0.8453744957361251,0.74797209023388,0,1
0.8918399646793858,0.781601793225444,0,1
0.5635109248842258,0.781601793225444,0,1
0.5189763079944981,0.7719133400307103,0,1
0.4954145110584085,0.8110844241845656,1,1
0.5050138960873191,0.7756936491150368,1,1
0.4563050884429304,0.7863392676853049,1,1
0.46086479469155,0.7856612363673027,1,1
0.4529642956789501,0.761437307792334,1,1
0.4130668382952359,0.7414312876861958,1,1
0.3706914134491015,0.7042206529146803,1,1
0.747465412782044,0.7042206529146803,1,1
0.7223330742294315,0.692215839364197,1,1
0.728839829710276,0.734382087045871,0,1
0.7446734511865787,0.7161774064966475,0,1
0.7537105007527598,0.7452480574626346,0,1
0.5653802231255879,0.7452480574626346,0,1
0.5841758566961669,0.7360758993184493,0,1
0.6130910530257101,0.7022537204462937,1,1
0.6187632694387597,0.6924257296644044,1,1
0.6663101889699423,0.7175433200115444,1,1
0.6930499643546695,0.6867873930794446,1,1
0.7248805401443799,0.7324032680749546,0,1
0.7422734116974067,0.7608317969862375,0,1
0.7743927869968585,0.714147962263183,0,1
0.8032771210704241,0.7352373490170588,0,1
0.5605700868642851,0.7352373490170588,0,1
0.5956712005846964,0.764428187478255,0,1
0.5650477253568065,0.7439294836665588,1,1
0.5743900775692004,0.7126450166879088,1,1
0.5897647814692875,0.7209140611212213,1,1
0.5837899233645851,0.678821197340181,1,1
0.5908255931675059,0.7179291346385391,1,1
0.6251065907008818,0.728365682289374,1,1
0.6264768451292989,0.7528054424479942,1,1
0.7979829315695944,0.7528054424479942,1,1
0.777272695194704,0.7777315278237369,1,1
0.7913006886433673,0.7988971269697657,0,1
0.783828100121886,0.7931611259991304,0,1
0.7435435353311249,0.8273450050306802,0,1
0.7900544010901516,0.8523165741368406,0,1
0.7820560611930536,0.8822193894033484,0,1
0.8276717439542778,0.8328028608547282,0,1
0.8546180023953237,0.8337100488862446,0,1
0.6096345098375721,0.8337100488862446,0,1
0.5805634693192577,0.8328510099634272,0,1
0.5470965219563799,0.85431095961472,1,1
0.8658138031143944,0.85431095961472,1,1
0.8653622077459127,0.8198164352573074,1,1
0.8782844933496596,0.7800189602051374,0,1
0.9166320260959662,0.7310542854589047,0,1
0.9546347452316306,0.7104415121469086,0,1
0.9277235253157348,0.6871199691395934,0,1
0.9016348229840344,0.6838330170006146,0,1
0.9202402604400794,0.6408064468517084,0,1
0.477483224113599,0.6408064468517084,0,1
0.4647944886145781,0.6318126382156553,0,1
0.4679373635424483,0.6052627161617452,1,1
0.6851373050372603,0.6052627161617452,1,1
0.6737955662190609,0.5967463560719704,1,1
0.69468132606847,0.5736615753422327,0,1
0.6705566550306861,0.5868218507676742,0,1
0.4260010441905363,0.5868218507676742,0,1
0.3866832025789632,0.5872746487547641,0,1
0.7003753237287322,0.5872746487547641,0,1
0.6738517386135027,0.6299678065963714,0,1
0.6672054961474008,0.6251779436372744,0,1
0.6356975503685462,0.5954115179005322,0,1
0.451265351898695,0.5954115179005322,0,1
0.4465492492442684,0.5473655286341075,0,1
0.4491983564183579,0.5120738505773108,1,1
0.4696619935996375,0.5537955595141673,1,1
0.5033522672828887,0.5204411798177999,1,1
0.4839466874953256,0.4774435091028083,1,1
0.4840466258831316,0.4965715567174538,0,1
0.463024671302735,0.5051069570799782,0,1
0.4893694213558096,0.5441390179462928,0,1
0.4496063013154714,0.5184411689394085,1,1
0.4060139711579008,0.5059045357814884,1,1
0.4348408067090092,0.4651960574463745,1,1
0.46578333196266,0.4449713075475958,1,1
0.469054730280329,0.4119413723007164,1,1
0.4621659225729606,0.428910200117666,0,1
0.4244637133884323,0.4275830099733901,0,1
0.4669472136380701,0.4428655959936317,0,1
0.489114137849164,0.4161561924162956,0,1
0.2869145504959483,0.4161561924162956,0,1
0.243576807386051,0.4117112198960659,0,1
0.5396484071327469,0.4117112198960659,0,1
0.4919388861429512,0.3876204409766005,0,1
0.4689137170642532,0.3583428391867778,0,1
0.4392176753776156,0.3981021833690128,0,1
0.3956031042158215,0.4300169201293255,0,1
0.3597278280288105,0.4266238774283545,0,1
0.310312419590933,0.417580433994908,1,1
0.3385438076651843,0.4197483046913361,1,1
0.3416057742644988,0.436212135352194,1,1
0.5561668536225274,0.436212135352194,1,1
0.6006969272199691,0.4005724195914268,1,1
0.6139181838386712,0.3753652349075457,0,1
0.5786190991106346,0.3790481133544298,0,1
0.5582832792141046,0.3897947245347189,0,1
0.2617476196418791,0.3897947245347189,0,1
0.281341098907432,0.3735642170758827,0,1
0.4784359918809958,0.3735642170758827,0,1
0.4803033381059433,0.4028676685361564,0,1
0.504478599456391,0.4074266684335065,0,1
0.4869572248040613,0.4514876682025151,0,1
0.5180915632612056,0.4078529262001201,0,1
0.5077091193945198,0.4447672361908989,0,1
0.2971355634165639,0.4447672361908989,0,1
0.2806921823426856,0.3962873357873751,0,1
0.2872502023900746,0.3695865770782263,1,1
0.3265246066669031,0.3671007229658409,1,1
0.3511035691593693,0.342236854658744,1,1
0.3145895525470716,0.3419733634139236,1,1
0.2871961494019457,0.356801752154037,1,1
0.307496073333055,0.3100819859363466,1,1
0.2717932332055436,0.2659723074802074,0,1
0.2453996481262858,0.2241771851966335,0,1
0.2856052551883556,0.2220083439486305,0,1
0.2402144651218968,0.2286117163935386,0,1
0.2594385792686419,0.2735222937494086,0,1
0.3005984962075797,0.2254205269405968,0,1
0.2826593376577083,0.2620324917943802,0,1
0.2433298254295519,0.2144107300289279,0,1
0.2700159596401263,0.2252596461335969,0,1
0.2824817745501914,0.2420900930554339,0,1
0.2845406472998761,0.2915102630898434,0,1
0.2451963488703807,0.2569966323983718,0,1
0.2805414354453823,0.232877829070855,0,1
0.320910550673525,0.2237522294053524,0,1
0.2900878252247416,0.2643290429363326,0,1
0.3242329516301196,0.2724759430434347,0,1
0.288773144894455,0.2873125442607898,0,1
0.3283462350839135,0.3237243098033987,0,1
0.3010636800566888,0.3140798728308177,0,1
0.2745110569615556,0.3438602645322327,0,1
0.2700589646398755,0.3123163130285219,1,1
0.2563916730342347,0.337219493263271,1,1
0.245716805435268,0.3301182118991607,1,1
0.2512463582960908,0.3654311353997559,1,1
0.2268486216961657,0.3971620338010739,1,1
0.2211257729325128,0.4355908053457852,1,1
0.5693446797800277,0.4355908053457852,1,1
0.5231957771745612,0.446748056402018,1,1
0.5148176244824122,0.4025970309269328,0,1
0.2683745857134451,0.4025970309269328,0,1
0.245554323779645,0.377110206756905,0,1
0.2236944532497249,0.3405580479432033,1,1
0.199192969935686,0.2979312963562089,1,1
0.1942907421910379,0.2579804484896077,1,1
0.3950524839568295,0.2579804484896077,1,1
0.3771193952766587,0.3076419714702761,1,1
0.4257413993302024,0.3400791063773512,0,1
0.4500937213250091,0.3054540975248938,0,1
0.4862217250891133,0.2676457749699445,0,1
0.1392221275741524,0.2676457749699445,0,1
0.1743792606747683,0.2840639869381147,0,1
0.1930087595821885,0.3068097656754157,1,1
0.2124918467234361,0.2693339480745502,1,1
0.1794406900415234,0.2213667116627652,1,1
0.1718563649663423,0.2217525462243446,1,1
0.1563090861774824,0.2012013061836717,1,1
0.1648787359338802,0.2193900731062226,1,1
0.2145365812680643,0.1938416561652036,1,1
0.2024705332881661,0.2399957697568281,1,1
0.2221789547351764,0.2846692798916619,1,1
0.1844369810070853,0.3002023640128596,1,1
0.1622290698124263,0.276045193978532,1,1
0.1990333342560973,0.2825281712782081,1,1
0.1552136632784217,0.2965728043488096,1,1
0.1604784633740355,0.2892995175604425,1,1
0.1517237413344458,0.3321587420074742,1,1
0.1185028832671837,0.2982698908263804,1,1
0.1451850297099566,0.3429093518139478,1,1
0.4378030300187917,0.3429093518139478,1,1
0.4007845008347063,0.3814605846022318,1,1
0.3876107644868757,0.4282510142242531,1,1
0.4046288715634603,0.4192346988490132,1,1
0.4383052047594276,0.465138360459429,1,1
0.4820661895831421,0.4812034630728739,1,1
0.449427781159785,0.4880145187990413,1,1
0.4542085419467756,0.5097261675755789,1,1
0.4395282944633948,0.4977931820117929,1,1
0.477897977533278,0.4961703911756318,1,1
0.4788613046988467,0.5455603931492831,1,1
0.4736331889362993,0.5220914401786291,1,1
0.4292689580608547,0.5021728413706672,1,1
0.4351636293179065,0.5083813013989508,1,1
0.4837461266830277,0.4607962246617388,1,1
0.4675840997672953,0.4669436360260433,1,1
0.4688227856195173,0.4944889063593634,1,1
0.4641104450327479,0.4782432746502629,0,1
0.4660729813950257,0.5111970207480399,0,1
0.4194147173996783,0.4733962642227851,1,1
0.4075595324431453,0.4465949171227549,1,1
0.3748696031967424,0.4115418881155538,1,1
0.3686419119138517,0.3703597588097987,1,1
0.4116107931417767,0.3954413471350591,1,1
0.4157177978791647,0.4240947814836509,0,1
0.396825824460056,0.4596431576941217,0,1
0.3486928932735901,0.449939564937251,0,1
0.3311280656310716,0.4920590047784466,1,1
0.2910855399446881,0.5087926741045325,1,1
0.2655846926829531,0.4938271451474996,1,1
0.2571423257244625,0.5317108253688411,1,1
0.2832278003672482,0.5294743129006325,1,1
0.2439156852967458,0.5130329813022184,1,1
0.6152517096930796,0.5130329813022184,1,1
0.5827932761003896,0.501673798590355,1,1
0.5363115420482261,0.4759168113039322,0,1
0.5238464767811604,0.4892761201959606,0,1
0.4998298391307365,0.4642669449570393,0,1
0.5304127463063132,0.4870982176996062,0,1
0.5715113590160771,0.4401182752051321,0,1
0.6009402830036957,0.4640017699780189,0,1
0.632582099517118,0.4889993175011468,0,1
0.6758995190551997,0.4813976146074477,0,1
0.3204350494561748,0.4813976146074477,0,1
0.3028886442816576,0.4770127729820808,0,1
0.2642053628382556,0.4425689958692536,1,1
0.2659188424944572,0.4723679741445119,1,1
0.266182439785169,0.5175375652102563,1,1
0.2458773740316345,0.5461550796193476,1,1
0.6247066415313536,0.5461550796193476,1,1
0.6701905828876054,0.575439292268876,1,1
0.6259156592925565,0.5908908495493941,0,1
0.4192200544689928,0.5908908495493941,0,1
0.415831395239947,0.5929768544062123,0,1
0.3676606989152305,0.6107046890458686,1,1
0.7215062956062593,0.6107046890458686,1,1
0.7506716432561464,0.5989170587096476,1,1
0.4214211861835082,0.5989170587096476,1,1
0.4063154297054653,0.6167122128322802,1,1
0.4296344490167647,0.6486866483555579,1,1
0.4557333042852834,0.6152292085561489,1,1
0.4290481922941097,0.5686633285090248,1,1
0.4716824737550176,0.6035721602972831,1,1
0.4553499788698231,0.6108781803003662,1,1
0.4767327316440853,0.5730286449897667,1,1
0.4658350791254326,0.6029068310266962,1,1
0.7053128474664961,0.6029068310266962,1,1
0.7136360211195959,0.6477948503605006,1,1
0.6893540576964275,0.6013306168640774,0,1
0.6892877425843642,0.6057304744485925,0,1
0.6705149970930311,0.639119582977459,0,1
0.6221985769491933,0.6060250852993285,0,1
0.5752589379997682,0.6386317025364207,0,1
0.5599524121908206,0.6501519331461854,0,1
0.5984100254846304,0.6030900842082244,0,1
0.5961222145303404,0.6317099886885559,0,1
0.6377790912621886,0.6085258747835087,0,1
0.6749233897222815,0.6454830985939364,0,1
0.6436245371868362,0.6140990926837301,0,1
0.6342058015735738,0.5931901855926226,0,1
0.6659485225784921,0.5700337836989062,0,1
0.6274958564012358,0.5442406111297898,0,1
0.5888847270626105,0.5245329218435465,0,1
0.3655206615992474,0.5245329218435465,0,1
0.3849812834136216,0.5710992805562124,0,1
0.3571065772453074,0.614984270704595,1,1
0.3917152528217987,0.5761473822845049,1,1
0.3605727054451889,0.5953769533611732,1,1
0.332300343160149,0.6437221801657246,1,1
0.3608033842688653,0.6178342548949168,1,1
0.7068835298904158,0.6178342548949168,1,1
0.6867381128375846,0.567917421356456,1,1
0.7233054787810725,0.6135910758674079,0,1
0.7531565792885726,0.6292730771685366,0,1
0.7671925721720586,0.6495908746218197,0,1
0.7476196106111686,0.6329990577402402,0,1
0.7611318826171127,0.5838999318784883,0,1
0.4062268771365285,0.5838999318784883,0,1
0.4146039709836633,0.6089077404310714,0,1
0.4191537240413154,0.6559599710082826,1,1
0.4086825741866342,0.6438925274109608,1,1
0.4558299039398784,0.6904490827405222,1,1
0.4745086425234534,0.7339439512523174,1,1
0.4325360169695297,0.7244507826255768,1,1
0.4788987640016644,0.6961489380768566,1,1
0.4896482414353151,0.7137363488797397,1,1
0.520483466586105,0.6950893564578069,1,1
0.7749880693463906,0.6950893564578069,1,1
0.7424509026122963,0.7261166811267132,1,1
0.7116759776785088,0.7356858459295066,0,1
0.5651650829109311,0.7356858459295066,0,1
0.5218197240440019,0.687347644587859,0,1
0.4879303248237346,0.734697246921892,1,1
0.807589386945932,0.734697246921892,1,1
0.8154525828539091,0.7343996404811661,1,1
0.7787639361109514,0.7712363025108995,0,1
0.8162288120445307,0.8083228231664925,0,1
0.8345860683104601,0.8127912519246896,0,1
0.8369612886981805,0.8308252975517625,0,1
0.7890537815954356,0.8597488196477444,0,1
0.7741020683764952,0.8440632795105437,0,1
0.6184390808858095,0.8440632795105437,0,1
0.5686832328069152,0.8385223947533029,0,1
0.6146720868103074,0.844794848481708,1,1
0.6103710660382409,0.8490509102000352,1,1
0.6003172635866095,0.8157345289356268,1,1
0.5774516954222988,0.8440386749995266,1,1
0.5344257946381724,0.8419199736250677,1,1
0.8727642005712669,0.8419199736250677,1,1
0.8786732749779287,0.8203209891301977,1,1
0.888083494101658,0.8353108417453071,0,1
0.8695299280396138,0.8592360365145346,0,1
0.8629538753885717,0.898166323029993,0,1
0.8194028013502639,0.8708116327939638,0,1
0.6498712615647303,0.8708116327939638,0,1
0.6466954099637513,0.8480160891376424,0,1
0.615398012036597,0.8227172051120344,1,1
0.5677070155814441,0.8111954296378441,1,1
0.5232546044457095,0.7859811415438853,1,1
0.552795886400498,0.8175503924788645,1,1
0.5337971723645801,0.8464680255890982,1,1
0.5080653436986983,0.8490697061194638,1,1
0.5035772307835535,0.8784839118617119,1,1
0.898637555735949,0.8784839118617119,1,1
0.926328538695512,0.9122632896881602,1,1
0.8937890251906635,0.9552494094636098,0,1
0.8656394087658457,0.933912620982476,0,1
0.8824018549834625,0.9492342228849286,0,1
0.8922537765256422,0.9293679815279392,0,1
0.8924629783081541,0.9741819704409168,0,1
0.9143862999598406,0.9633003392401976,0,1
0.6805428607031703,0.9633003392401976,0,1
0.6694813748640356,0.9579615039193764,0,1
0.6478168699114437,0.9560969245078714,1,1
0.9268836827314864,0.9560969245078714,1,1
0.9174131541734956,0.9474830165539276,1,1
0.9517539105512608,0.8991009607584236,0,1
0.9180508014496204,0.9090226231265194,0,1
0.6467086563450306,0.9090226231265194,0,1
0.6599699349060805,0.8819172593241156,0,1
0.6587211666897729,0.8631972422064274,1,1
0.8661042555150663,0.8631972422064274,1,1
0.8199910110195049,0.8335339736572328,1,1
0.8345295119671594,0.7838208200042542,0,1
0.8284885838478184,0.748079744244965,0,1
0.8502804333044407,0.7136411062461415,0,1
0.8654991165458558,0.7217464660014932,0,1
0.8367361551513596,0.7410970618627966,0,1
0.5384921298813646,0.7410970618627966,0,1
0.5515038819825627,0.742146224855051,0,1
0.5719318890710845,0.7843701400259615,1,1
0.6002509248954353,0.7359155511973073,1,1
0.5960237641749031,0.6959404080995899,1,1
0.5543301320052535,0.6866922739714171,1,1
0.5341618847004699,0.6617981936840065,1,1
0.4860183488898983,0.6656435280447442,1,1
0.4669590088094699,0.7093383050442441,1,1
0.4773048968492936,0.6785267246161435,1,1
0.7303278519647026,0.6785267246161435,1,1
0.7059638516880424,0.7161161180499375,1,1
0.5369169768184558,0.7161161180499375,1,1
0.5303634043649332,0.7272760572314764,1,1
0.5189181218753461,0.6981039768334012,1,1
0.5453420837559115,0.7041937374349636,1,1
0.5901799549220225,0.7015007508292245,1,1
0.565925413610746,0.6687045418345624,1,1
0.5920608329324941,0.6969748475434137,1,1
0.5709486044535642,0.6927644189591418,1,1
0.5219653949316588,0.7146854491068582,1,1
0.7650888922033864,0.7146854491068582,1,1
0.7192768039811862,0.7392812491070535,1,1
0.7416703212283677,0.744507068243211,0,1
0.7683837047220132,0.7583260128404933,0,1
0.8080475996538643,0.7285707302200897,0,1
0.8434330880513216,0.7303815207032812,0,1
0.8097623871802684,0.7475826518892431,0,1
0.7794167300113541,0.7600518059860342,0,1
0.823686694313765,0.7878712346457798,0,1
0.8175334825286291,0.7657970699323783,0,1
0.5840086671681611,0.7657970699323783,0,1
0.6204096644614587,0.7680552814960803,0,1
0.6488459650063749,0.7301341663345766,1,1
0.6928718235488404,0.6851624705699011,1,1
0.669918817898854,0.7297539838351708,1,1
0.7123164614580384,0.7374111858271805,0,1
0.7258071916169505,0.7686447609906334,0,1
0.6934646248979285,0.7320236495332579,0,1
0.7042206528379706,0.7138038550526428,0,1
0.747779146890392,0.7249690899249206,0,1
0.7111469519892929,0.7193415762744383,0,1
0.7471729838136943,0.7238499097075802,0,1
0.7519306216266566,0.7072646025959619,0,1
0.5392422524677503,0.7072646025959619,0,1
0.4911783658348543,0.6963269391467833,0,1
0.5298899883512861,0.6768819623766806,1,1
0.4982557516917972,0.6799710434675145,1,1
0.5020895888155855,0.6532429810660676,1,1
0.4788308241012295,0.6367923374798571,1,1
0.5157225279537151,0.6498047240345994,1,1
0.4876656190981549,0.6609412493834076,1,1
0.4918843510051177,0.6843515839922022,1,1
0.5114836830783704,0.7180569014574827,1,1
0.7672613982488504,0.7180569014574827,1,1
0.7415844809810338,0.6918970947238432,1,1
0.7573961921972235,0.7410237797287254,0,1
0.7381378960562875,0.6911583223428936,0,1
0.7464489182213793,0.714029524528156,0,1
0.7591761374152588,0.6943968948099116,0,1
0.7512544923973751,0.6884748094059712,0,1
0.4989420037080905,0.6884748094059712,0,1
0.5330426991520347,0.6877781301798913,0,1
0.5378383244757209,0.6944345421360552,1,1
0.5241081306851184,0.6687480669378894,1,1
0.7690434779188482,0.6687480669378894,1,1
0.7693892885249918,0.619497545654476,1,1
0.81222833636319,0.6084796098442835,0,1
0.7624384639592507,0.5959549678287621,0,1
0.4233783999664661,0.5959549678287621,0,1
0.4630647657696298,0.6223461099637915,0,1
0.6948227034939971,0.6223461099637915,0,1
0.7308578703912938,0.6513410496808716,0,1
0.7684562476044312,0.629098661668786,0,1
0.7193149689223606,0.579273838748446,0,1
0.6906137882475928,0.57281318793662,0,1
0.740351012697823,0.5289962083014297,0,1
0.7561443136417302,0.5603622486563328,0,1
0.7465908417594249,0.5505461698132715,0,1
0.7124223971753104,0.5923826003401087,0,1
0.7289668637140156,0.6348547130569108,0,1
0.448805271740699,0.6348547130569108,0,1
0.4495030462568348,0.628689303702899,0,1
0.4882166456311609,0.6781526744706793,1,1
0.4429770437798749,0.7240221320143899,1,1
0.4023976212371086,0.6752672825182489,1,1
0.4161813803715925,0.6489503902164874,1,1
0.3912761914576209,0.6119795578923422,1,1
0.421393048334412,0.5795917869775881,1,1
0.3891275306403902,0.6006107477976746,1,1
0.3522916759084484,0.5624038132774453,1,1
0.6727745290579876,0.5624038132774453,1,1
0.6756194246470487,0.6084020039779148,1,1
0.6367131813386292,0.5832031779874288,0,1
0.611093617330638,0.5420898787689536,0,1
0.603388552921919,0.5812209748642824,0,1
0.6014540171783452,0.5966269402052022,0,1
0.58297515204491,0.6043024217693582,0,1
0.6310087577853226,0.6396937230073223,0,1
0.5849324885923571,0.6245917927819632,0,1
0.5783985281031885,0.6639625313775461,0,1
0.5441245467121912,0.6355020316204314,0,1
0.5878663913449056,0.5933940497886895,0,1
0.6049139502806291,0.6224190876482433,0,1
0.5759912759592436,0.6159507577482224,1,1
0.5278596157054987,0.6250784665188064,1,1
0.4878309008550884,0.6584374724061995,1,1
0.4759149120287741,0.7079242652039807,1,1
0.4914734468492247,0.7251256289115315,1,1
0.5359931136399023,0.7419828991727276,1,1
0.4867956238945854,0.7213508895213917,1,1
0.4401077353218333,0.7424060377635622,1,1
0.4491585606432093,0.7424749547909931,1,1
0.4205420475908711,0.789929445767356,1,1
0.849553081754077,0.789929445767356,1,1
0.8373402328135996,0.8253128347751991,1,1
0.8460226154424407,0.8447551532088878,0,1
0.8883944382573202,0.8580600722481412,0,1
0.918615342643256,0.8900412254663133,0,1
0.638091688393598,0.8900412254663133,0,1
0.6070731733661391,0.8585106606712561,0,1
0.6182942599124077,0.8251630278095856,1,1
0.6584554549164293,0.8691222326000676,1,1
0.6404363607624078,0.8877318382751411,1,1
0.642041420376441,0.8389462637936711,1,1
0.6364937531524039,0.8676957414592812,1,1
0.6864035522044212,0.8192939563438993,1,1
0.7272696959947988,0.8199130950240985,1,1
0.8412364701236692,0.8199130950240985,1,1
0.8692987927672146,0.7875100446346026,1,1
0.8801718589234817,0.7840861888032653,0,1
0.5993595729665019,0.7840861888032653,0,1
0.6480651477188437,0.8240506909444292,0,1
0.6330418207398679,0.8631194949395594,1,1
0.8707015872255985,0.8631194949395594,1,1
0.9029801509166264,0.8361154483105704,1,1
0.8762979342921184,0.863749638897332,0,1
0.8834373356328072,0.8902155742618321,0,1
0.8470703278744601,0.8481923655899536,0,1
0.6378654706058176,0.8481923655899536,0,1
0.6160205505650064,0.803972556788021,0,1
0.6187769875597027,0.8009416765770473,1,1
0.5985062436801563,0.7850852245104674,1,1
0.5622318129473706,0.8033536569747469,1,1
0.5986665389818071,0.8290038850445829,1,1
0.5645799631398848,0.8205235242592932,1,1
0.5999220157446895,0.8146515037538254,1,1
0.873847194461367,0.8146515037538254,1,1
0.8539481244604884,0.8350922001205308,1,1
0.81607432007449,0.8250421891829293,0,1
0.6115562717719275,0.8250421891829293,0,1
0.572130852189408,0.814958625572193,0,1
0.8716417000311572,0.814958625572193,0,1
0.8613669332308235,0.7713041483968938,0,1
0.9040482508100544,0.7288044269844361,0,1
0.937184494060966,0.7674046794283922,0,1
0.933559563920974,0.774436219363061,0,1
0.955906496275334,0.7544643526034346,0,1
0.9391512139858156,0.7324896165493252,0,1
0.905834659134417,0.6838558003896046,0,1
0.5020703716508796,0.6838558003896046,0,1
0.5268018717850851,0.6600486357547685,0,1
0.5455648007330877,0.6274077948350253,1,1
0.5667092693543525,0.6553757536676994,1,1
0.5959194863429194,0.6778672942134276,1,1
0.6038671235435856,0.6628974690432577,1,1
0.7423270898263123,0.6628974690432577,1,1
0.7020722327403974,0.6755841585553656,1,1
0.6548338736903594,0.7047436776570849,0,1
0.5435839382994508,0.7047436776570849,0,1
0.5880867279249368,0.6983169465983694,0,1
0.616440242232149,0.6765867007596776,1,1
0.5734990117164496,0.6938091638200092,1,1
0.5908457395538098,0.695790081113286,1,1
0.638051064576366,0.6572758325339243,1,1
0.6328488023717852,0.6822672171626221,1,1
0.6289942281090596,0.7251136127636791,1,1
0.6364268654150609,0.7436898887035532,1,1
0.6278599165135962,0.7399125317147425,1,1
0.5821087213907911,0.7063792947527426,1,1
0.5442206691302982,0.7323566502959831,1,1
0.5627664131540735,0.7220467680654162,1,1
0.5681772405827976,0.6940131041364015,1,1
0.5668855681457207,0.7207914824785012,1,1
0.5301305798293775,0.676730112803062,1,1
0.5730128563359668,0.6830557287625769,1,1
0.7589923514388842,0.6830557287625769,1,1
0.8071574662316543,0.6523074337504493,1,1
0.8387421385685313,0.6862121612962216,0,1
0.8582267024626191,0.6917507121278096,0,1
0.9048257960725682,0.6536919858908782,0,1
0.9070445214624528,0.6756597145415209,0,1
0.9155759781467404,0.6735504551043554,0,1
0.9103872983228208,0.701653153289266,0,1
0.8747044209027213,0.7402291761928814,0,1
0.5265915919515938,0.7402291761928814,0,1
0.532736362113564,0.7254691751533248,0,1
0.5393134638515401,0.7699367307789445,1,1
0.5535860104091714,0.7204714169336766,1,1
0.5951174987298893,0.7562944272759033,1,1
0.5926645636960556,0.7090656670356121,1,1
0.5999667986786074,0.6631809931630381,1,1
0.7527308150778141,0.6631809931630381,1,1
0.7718071957554233,0.6740691135380849,1,1
0.4807825506153512,0.6740691135380849,1,1
0.4668887351073639,0.6931035903829802,1,1
0.4878264834555451,0.7131767154142141,1,1
0.479270384360397,0.713643110065828,1,1
0.5092675997364658,0.7391679202738348,1,1
0.5051790869584474,0.776787037534846,1,1
0.5105268561415057,0.7874863411841923,1,1
0.5049860046531361,0.826443657841902,1,1
0.8415134374574409,0.826443657841902,1,1
0.8433386163574595,0.8602046961709693,1,1
0.839775432494491,0.8498874797164412,0,1
0.8464516888585364,0.838940300717466,0,1
0.8873144227732488,0.8126734113347029,0,1
0.843052091547984,0.8449210543563583,0,1
0.8000137754157106,0.8142554206549755,0,1
0.7825024079393974,0.8161141767555127,0,1
0.6129824112248423,0.8161141767555127,0,1
0.5881183658918121,0.8562196542014356,0,1
0.8964545181147925,0.8562196542014356,0,1
0.8559998878358589,0.8930146630421132,0,1
0.9045430087420334,0.8545258305042702,0,1
0.9512514759725272,0.836006338761607,0,1
0.5948610126078413,0.836006338761607,0,1
0.5471403431034412,0.8117767089741085,0,1
0.5339354696888566,0.8333103431695029,1,1
0.5127339919939069,0.8260295691198388,1,1
0.4822188823032957,0.8682219054357964,1,1
0.5010630160529811,0.8889399456029164,1,1
0.5229623694796434,0.9246985812896522,1,1
0.9019909840371214,0.9246985812896522,1,1
0.8762941928606406,0.8909246881511069,1,1
0.8632191901544175,0.8559663289072847,0,1
0.8848449496364169,0.8470230274417336,0,1
0.6065427626628481,0.8470230274417336,0,1
0.6074692462610473,0.8118980445922495,0,1
0.6103221199889916,0.7647716369251973,1,1
0.6471444842829429,0.7503095804548988,1,1
0.8123146469509247,0.7503095804548988,1,1
0.8014364799291056,0.762938444829716,1,1
0.7857322044405619,0.7735732390536307,0,1
0.783886299396172,0.8061175268073997,0,1
0.7906543823972865,0.7914103008938049,0,1
0.7699929604632753,0.7694183219971014,0,1
0.7929209481941303,0.7997557967444642,0,1
0.7938201903303691,0.8465853313354049,0,1
0.8176296067992054,0.8178582130059437,0,1
0.6121860787639215,0.8178582130059437,0,1
0.6388969994177311,0.8468727957975064,0,1
0.6735345065125358,0.8370323548387361,1,1
0.7034080567939646,0.8218306494202059,1,1
0.6576445740333411,0.8192110173881639,1,1
0.657803326990176,0.7831828219405335,1,1
0.8445725108676523,0.7831828219405335,1,1
0.8062777961696109,0.7510944282017448,1,1
0.7596879320438644,0.796770184450768,0,1
0.7706372121101135,0.8396822167875516,0,1
0.7559429567915485,0.8602490567963617,0,1
0.8056030988538242,0.8777049560628655,0,1
0.789611575562971,0.8713498361432557,0,1
0.7757336883178833,0.8635273974841289,0,1
0.7383130678239396,0.830723922893403,0,1
0.7265475362713122,0.8156720374947619,0,1
0.6921503001230926,0.8108631040848873,1,1
0.6964288757639198,0.7880515801118724,1,1
0.7138487815303907,0.7418915638823022,1,1
0.6854162288315909,0.7585689208990939,1,1
0.6802220111706748,0.709559763743443,1,1
0.6847955454458834,0.6776774452917789,0,1
0.7319721842108289,0.6417839322992727,0,1
0.7001025039343096,0.6830278619389518,0,1
0.7006148743552092,0.7053568314341581,0,1
0.7216558153917769,0.734943316485639,0,1
0.5247315341889194,0.734943316485639,0,1
0.5406735470082085,0.7437343472423684,0,1
0.5845106517722478,0.7928318270431484,1,1
0.5514949516287271,0.8399499983757054,1,1
0.598447331247526,0.8315069518034881,1,1
0.5568045953143648,0.8363818070686485,1,1
0.8728717330642505,0.8363818070686485,1,1
0.9173030985223588,0.837669272919139,1,1
0.9638227534046208,0.8475952527803633,0,1
0.921126050337302,0.8769963356202238,0,1
0.9447588493011516,0.8326731613464845,0,1
0.9746570597402474,0.8285984001790249,0,1
0.93884778882772,0.8502775115104917,0,1
0.6265737920836567,0.8502775115104917,0,1
0.5915765732788332,0.8553015402641592,0,1
0.5820073847244919,0.903052923705257,1,1
0.532360665846135,0.9330943627794828,1,1
0.5302260063094155,0.9211858530318796,1,1
0.5430738434937865,0.9669844451268054,1,1
0.5130512866272388,0.9332778845280472,1,1
0.4643186463844636,0.8856357901788194,1,1
0.510933290485887,0.905820805165536,1,1
0.8998994461215257,0.905820805165536,1,1
0.8705703352190736,0.9501370615495576,1,1
0.8674522578324458,0.9024674460953552,0,1
0.8791781759691051,0.8659397105576483,0,1
0.8814709298849608,0.8608782431559955,0,1
0.9022291034110874,0.8440569292279431,0,1
0.6126857576706392,0.8440569292279431,0,1
0.6114159536725443,0.8261228020192746,0,1
0.5900014773363706,0.8036178899501537,1,1
0.5487307243707484,0.8512262475288375,1,1
0.5201009464232095,0.8824699832124474,1,1
0.5407629910703893,0.8573137539915837,1,1
0.5002923846738696,0.8094082235670169,1,1
0.4795088423188621,0.7891252535292268,1,1
0.8324106083079996,0.7891252535292268,1,1
0.8079123018509109,0.7585188573672936,1,1
0.8360092018671282,0.7771968509379595,0,1
0.8387427364667626,0.7998209358264481,0,1
0.8555420453671687,0.8120569509445186,0,1
0.8790108918813844,0.787259947713902,0,1
0.5612373408546186,0.787259947713902,0,1
0.5693520250628267,0.8102933067655931,0,1
0.8649341489244525,0.8102933067655931,0,1
0.897776140846425,0.7781758634492063,0,1
0.9335716641086051,0.7723188955625262,0,1
0.9616481068940388,0.7996692087061598,0,1
0.6076244395753363,0.7996692087061598,0,1
0.5577870244059413,0.8119801849582433,0,1
0.5273910628854807,0.836911620290776,1,1
0.5639636958968701,0.7941412528876465,1,1
0.5920223669495486,0.8018863966437212,1,1
0.5860647198192589,0.7575787611005844,1,1
0.5781586462604337,0.734208781771306,1,1
0.5569630290866783,0.7232373353305417,1,1
0.5476282864137024,0.6785831961159074,1,1
0.5499278274950788,0.656934258009187,1,1
0.7453522036377052,0.656934258009187,1,1
0.741085859631231,0.6705093712931047,1,1
0.7170679674381641,0.6959138456496928,0,1
0.74760682663878,0.6785632672615213,0,1
0.711366555781112,0.7058214923155858,0,1
0.5317784760817701,0.7058214923155858,0,1
0.5539494006063915,0.7209097784260083,0,1
0.5642740296645,0.726212813759008,1,1
0.5751612447424835,0.7489889104862831,1,1
0.5659753295484153,0.7553432714513775,1,1
0.5783626976209921,0.7791874950970462,1,1
0.8462267245330165,0.7791874950970462,1,1
0.8460539997777156,0.7952659991179157,1,1
0.8316547820119631,0.8000967336977914,0,1
0.8351016111588947,0.7806726189407969,0,1
0.7961767994307457,0.7485568560810941,0,1
0.8167395238994302,0.7929696805060981,0,1
0.8428585709124353,0.813109762488153,0,1
0.8049864366272581,0.7834351784069852,0,1
0.7839417356821953,0.7379849041421189,0,1
0.8097122786367161,0.732552831612919,0,1
0.5346334540480271,0.732552831612919,0,1
0.5680395795632223,0.7803944176145078,0,1
0.5528989380244899,0.7753525021212178,1,1
0.5503483400264317,0.8206261799750215,1,1
0.5667615770571127,0.8339207468748533,1,1
0.856500440269597,0.8339207468748533,1,1
0.8315088169974928,0.8483323515313643,1,1
0.8716176717549224,0.8827823862188725,0,1
0.8714941546399629,0.8528421540589012,0,1
0.8796662111847416,0.8987379415829427,0,1
0.9026885472766948,0.8793760589034565,0,1
0.909720825382214,0.8525683967022204,0,1
0.9171897488898224,0.8418905679874573,0,1
0.601204828994182,0.8418905679874573,0,1
0.5668087578166701,0.8393208800500113,0,1
0.6136315144055625,0.8441886452910621,1,1
0.8922636999030372,0.8441886452910621,1,1
0.8725113095175572,0.7967872160097718,1,1
0.8859686362864324,0.8395697677934785,0,1
0.8475535515573287,0.819029729517338,0,1
0.8448759477333915,0.831803657396349,0,1
0.8631725035480965,0.8102419132406293,0,1
0.8968004249955954,0.8197349466279586,0,1
0.8538722609836972,0.8266565787719234,0,1
0.5975788673624904,0.8266565787719234,0,1
0.5561582175625885,0.8017449216258625,0,1
0.5780626380541224,0.7787548720588721,1,1
0.5709376626653005,0.7545433457832523,1,1
0.5488030178490811,0.7368520321077882,1,1
0.5022925187755031,0.7749176274147029,1,1
0.4591989463103653,0.740408278542569,1,1
0.42854106560717,0.7478278851662841,1,1
0.4676912914241761,0.7232104077183509,1,1
0.4681142506783594,0.7539837222959044,1,1
0.8005797058380661,0.7539837222959044,1,1
0.8160850295546256,0.739687278543152,1,1
0.7839034147387381,0.6960182463738377,0,1
0.8241102433874782,0.6500127347323257,0,1
0.8124319038883094,0.6937192819294612,0,1
0.7661757132779974,0.7237482446567103,0,1
0.809502100317453,0.7103439507954673,0,1
0.7993315194899426,0.74496390105001,0,1
0.5566589997614161,0.74496390105001,0,1
0.6057208827267164,0.716833353806415,0,1
0.6264474798090427,0.7085324887475176,1,1
0.5837331324481771,0.715855102707385,1,1
0.7727911806579199,0.715855102707385,1,1
0.8059412150579299,0.6868444604299341,1,1
0.789165226813877,0.7087090069336361,0,1
0.7456688400730337,0.6876442649990665,0,1
0.753381473196294,0.6959773313991455,0,1
0.7138689681795887,0.6846568492556725,0,1
0.6886690004598848,0.6877336823824842,0,1
0.7071566472470446,0.6846680108613611,0,1
0.7338438467806643,0.7282601382114668,0,1
0.5302310132145264,0.7282601382114668,0,1
0.5702644073820613,0.697198710236339,0,1
0.5604281453362931,0.6562469855628474,1,1
0.5627677237817356,0.6350274694206084,1,1
0.7249449402479122,0.6350274694206084,1,1
0.7122367417711829,0.6684953009771148,1,1
0.667250773601528,0.6733414652281017,0,1
0.7063695873655697,0.6272236933460376,0,1
0.4431695124292388,0.6272236933460376,0,1
0.4796999178186855,0.6245943421864276,0,1
0.4388416678734341,0.6379489713945609,1,1
0.4304051254978758,0.617005442047978,1,1
0.4314657603739258,0.5779858479825037,1,1
0.4257083100573407,0.578753094536821,1,1
0.4208133980037204,0.5841597678781912,1,1
0.3855228983450563,0.6009061397936425,1,1
0.3538849637914501,0.6259641284514507,1,1
0.362464880443104,0.6083899662867418,1,1
0.7049676895514362,0.6083899662867418,1,1
0.7157244150890886,0.6408817581231577,1,1
0.4965209248753006,0.6408817581231577,1,1
0.4640003608868284,0.5956688176765496,1,1
0.4472372951057272,0.6218285523265845,1,1
0.4396108694300059,0.6173002021498215,1,1
0.4731132770781929,0.6195801167009122,1,1
0.5154167524214741,0.6249304623132023,1,1
0.4812940635968136,0.5859932563234744,1,1
0.5298097071351907,0.5591261075232866,1,1
0.5038215901226,0.5205589669712268,1,1
0.5438837883988585,0.5668843594391945,1,1
0.5810680366763284,0.5652616620706808,0,1
0.5922439064308119,0.5832873155067116,0,1
0.6266119963566504,0.5732118732904293,0,1
0.6438065597047632,0.5494878712607988,0,1
0.5953528804898144,0.5315822797965614,0,1
0.6241255941878255,0.5772539784013732,0,1
0.607845441603211,0.5742103360207735,0,1
0.4208998826326289,0.5742103360207735,0,1
0.4706526658827707,0.6016693394070718,0,1
0.4446672122891186,0.6290625191090513,1,1
0.6885849538799881,0.6290625191090513,1,1
0.7170431018253974,0.6052205945728935,1,1
0.4455907347044707,0.6052205945728935,1,1
0.4248108271679421,0.614705021116096,1,1
0.3771385266094508,0.6592809906327518,1,1
0.3279015229270707,0.6187870633625743,1,1
0.3533620676170839,0.6298064960198504,1,1
0.310182371252875,0.6615427481624204,1,1
0.278501843066008,0.6783217675925995,1,1
0.2431081145684156,0.6359214331144771,1,1
0.2684886962542451,0.6420049984926927,1,1
0.7026927088702156,0.6420049984926927,1,1
0.7479383852947186,0.6297104090069594,1,1
0.7632659244740008,0.6764755023665388,0,1
0.5137852071443646,0.6764755023665388,0,1
0.4809303493477641,0.6902108290287755,0,1
0.4438275948353207,0.7201765185998783,1,1
0.4689856565534786,0.6866444539821048,1,1
0.4954790609696055,0.7108196585578421,1,1
0.5225854224721443,0.7474692998203745,1,1
0.4948213063858624,0.7737405715360056,1,1
0.5059719097753091,0.8110103078145403,1,1
0.5231400275698419,0.830491293512146,1,1
0.8677732847492974,0.830491293512146,1,1
0.9032636537125044,0.8204449864882255,1,1
0.5955442007213729,0.8204449864882255,1,1
0.5579972617147672,0.7725399074096136,1,1
0.5931075059310468,0.7828707056344439,1,1
0.5910959126211677,0.7716507192551969,1,1
0.8463225954392612,0.7716507192551969,1,1
0.8349840172419029,0.7554104210010405,1,1
0.8261934756613181,0.7433952254909257,0,1
0.8413909727543633,0.7742912281478986,0,1
0.8153680572014388,0.7856919123813825,0,1
0.773054171327526,0.7586852547783606,0,1
0.8069012817409282,0.7817990634553142,0,1
0.825420182377018,0.7830437233623422,0,1
0.572069051605224,0.7830437233623422,0,1
0.5436183178763229,0.7499154077258486,0,1
0.548115658696977,0.7342592454138297,1,1
0.8019570395666711,0.7342592454138297,1,1
0.8280458106484653,0.7252283714772739,1,1
0.8239783699592509,0.6775668824564773,0,1
0.7767525374374635,0.6672324648334782,0,1
0.5112299392655768,0.6672324648334782,0,1
0.4978366675710598,0.6756940193974794,0,1
0.5011385899464084,0.7221909700063283,1,1
0.8063361150019075,0.7221909700063283,1,1
0.8054332957260689,0.7196205126901477,1,1
0.8394030396183362,0.7564230790796427,0,1
0.8088528398770194,0.7944522536718076,0,1
0.5995797893678417,0.7944522536718076,0,1
0.570862265294702,0.7512396576804166,0,1
0.7912704697317067,0.7512396576804166,0,1
0.8212671521404513,0.7887215890215167,0,1
0.7725930111214603,0.8208520971818926,0,1
0.7942056554635952,0.8337381131154753,0,1
0.7777969585136426,0.8711602315234612,0,1
0.8229186779357438,0.904454669538471,0,1
0.8071339137883511,0.9495499028065724,0,1
0.7583003996846547,0.967677250683582,0,1
0.7155336549348161,0.9633034955948118,1,1
0.7278318971336724,0.9420360808714424,1,1
0.7700252770770462,0.9483015972146664,1,1
0.7687641581357442,0.9513287181468636,1,1
0.7488891376660087,0.9069694423671814,1,1
0.7047086708755131,0.8940360746571313,1,1
0.7011249163962747,0.9142982680685928,1,1
0.6737504766021476,0.9562612361780743,1,1
0.9450989097119432,0.9562612361780743,1,1
0.9444010157243916,0.917045589574635,1,1
0.9578782871154576,0.9361985170730112,0,1
0.9483946490348988,0.892628731525805,0,1
0.9247436797390384,0.8519859731676442,0,1
0.9109229325376244,0.846412439126634,0,1
0.8615551451067257,0.8616495336651686,0,1
0.8647861006876151,0.8716920575243966,0,1
0.8948463764512619,0.8521043622378236,0,1
0.9120036334552448,0.8283417569812479,0,1
0.6292702262652026,0.8283417569812479,0,1
0.6463616003459393,0.8010424346942752,0,1
0.6573382350923367,0.754502916120207,1,1
0.6399211436231129,0.7703520023839965,1,1
0.6649354245745993,0.765704880910398,1,1
0.6558818357033279,0.7178850848315059,1,1
0.6240710849383906,0.7412184060798693,1,1
0.6428201602767213,0.7278499638751964,1,1
0.6722313365194784,0.7202640492078574,1,1
0.6957905521970418,0.7180822565630871,1,1
0.6478852902583918,0.6794483447607993,0,1
0.6383444853103605,0.6789120416312543,0,1
0.6048615342811209,0.6888766551122464,0,1
0.6320004203012923,0.7211850326960809,0,1
0.6273839543123085,0.7244181482677094,1,1
0.656911715365245,0.6956645396904361,1,1
0.6322464133837679,0.7305216066597919,1,1
0.6161354050215582,0.7437394571424184,1,1
0.6421296957746091,0.7191659689938609,1,1
0.600094785950239,0.7522229174530829,1,1
0.6030393030801998,0.7393806257622579,1,1
0.6237208192928868,0.7798724800876367,1,1
0.6350735869004338,0.828771877252892,1,1
0.6722216618384748,0.8620447241933645,1,1
0.7117947233299012,0.911395585334873,1,1
0.6661781969258939,0.9445614476901149,1,1
0.9385754944895106,0.9445614476901149,1,1
0.9650257130789168,0.989311456054912,1,1
0.9230304195406168,0.9419212290223364,0,1
0.7023478489275853,0.9419212290223364,0,1
0.7299066504238413,0.909213176284968,0,1
0.7217313986522833,0.8928585968653664,1,1
0.7088239025775159,0.8849922040902524,1,1
0.9233142820767144,0.8849922040902524,1,1
0.8755376800632068,0.9325567355239444,1,1
0.8706473116997846,0.9725976933130192,0,1
0.8693266404457689,0.9313912824284496,0,1
0.8602980818054418,0.94309823251512,0,1
0.8568171926129392,0.8980026118045918,0,1
0.8291796853439785,0.9130606262299944,0,1
0.8282789747926399,0.886430629870952,0,1
0.8077021455360587,0.8545293332057775,0,1
0.6381816324238663,0.8545293332057775,0,1
0.6568867759917405,0.8683432583498302,0,1
0.6354553487529354,0.9100678456513784,1,1
0.683620371282058,0.9335343779184908,1,1
0.6710996981788084,0.9450198941267338,1,1
0.92182119332622,0.9450198941267338,1,1
0.9374523397105838,0.9944997886902548,1,1
0.9439263900999104,0.9836216104835912,0,1
0.9087082455904766,0.955278580139809,0,1
0.8794428975385353,0.941423439591972,0,1
0.833357396762276,0.9213965493552444,0,1
0.6920783343360579,0.9213965493552444,0,1
0.6853918921761852,0.907397839899414,0,1
0.6779926983394072,0.8760202170768009,1,1
0.7192566661439272,0.8409980582344552,1,1
0.7172097854103558,0.8730994558963455,1,1
0.7440031318215554,0.9112005302799032,1,1
0.7434771561692388,0.89310568835483,1,1
0.9019059409810524,0.89310568835483,1,1
0.920031874068687,0.8915955880594687,1,1
0.943088415549068,0.904509618794453,0,1
0.6529504142061895,0.904509618794453,0,1
0.6392741304587952,0.887415211155475,0,1
0.6237243869927134,0.8797474653049593,1,1
0.5941508594292753,0.8306717424912733,1,1
0.6155582046300334,0.8511963962331986,1,1
0.5823934343719,0.8753700294363421,1,1
0.5924537487477896,0.8837898946863779,1,1
0.5634473969720462,0.8552403699385291,1,1
0.8903325004845277,0.8552403699385291,1,1
0.8482690033885996,0.9049027027243944,1,1
0.828802004144625,0.9287939635285858,0,1
0.8412987012009309,0.9363142075681616,0,1
0.8138278883664425,0.8969749233350527,0,1
0.8484632193180995,0.9274642268364176,0,1
0.8041192266832788,0.8810346434185207,0,1
0.844607845184828,0.8703441875417753,0,1
0.8804569481932599,0.902222367350062,0,1
0.8422137061619716,0.8842865434806875,0,1
0.6666389454763073,0.8842865434806875,0,1
0.6514032169526601,0.8732855923444679,0,1
0.9109986994062128,0.8732855923444679,0,1
0.927582821938796,0.8279290901995888,0,1
0.9145658167081202,0.8352139040165627,0,1
0.96166004393253,0.876343488644332,0,1
0.9392184168598982,0.8808137138180111,0,1
0.9770629675806356,0.8558834737368026,0,1
0.6322050390861169,0.8558834737368026,0,1
0.591512089658355,0.903044526966864,0,1
0.5719976864524746,0.8946813106224228,1,1
0.5447448933641058,0.9075342636024476,1,1
0.5692613521003825,0.8765716767991909,1,1
0.6145735590696371,0.8791949664849251,1,1
0.6261021898944905,0.8592973546917455,1,1
0.6538947587839753,0.8351930747762354,1,1
0.699539653141583,0.8171738067284893,1,1
0.714517178780544,0.808988055189936,1,1
0.8347976011629777,0.808988055189936,1,1
0.7978166060806424,0.8399652057746858,1,1
0.770147091613773,0.8593358208112467,0,1
0.7220744241878158,0.8248279586839729,0,1
0.7525156797114754,0.787765548307483,0,1
0.7183492965804036,0.821522860499929,0,1
0.7108380656743696,0.7808850205786038,0,1
0.6812950235981691,0.7795505101587537,1,1
0.6555932117233896,0.8110010597759073,1,1
0.6747942569834038,0.8441114919970492,1,1
0.649724691479143,0.8702860518145251,1,1
0.6100680901927489,0.9184487866001968,1,1
0.6534821876435365,0.9281515948207516,1,1
0.6475509172016333,0.9413278559784632,1,1
0.6903951466269825,0.8913797588141696,1,1
0.7121153760429432,0.9313112372764304,1,1
0.9097644930188268,0.9313112372764304,1,1
0.8801142979485719,0.9563984812821572,1,1
0.8501200516982723,0.9211723622973004,0,1
0.8744017195131735,0.8943239501527761,0,1
0.9171960253075132,0.8637650357278269,0,1
0.937326502217897,0.855891940446097,0,1
0.9543214295072224,0.8888141513271984,0,1
0.9336233582075508,0.9244343197912056,0,1
0.6546070873056129,0.9244343197912056,0,1
0.6153443500536849,0.9465725868313918,0,1
0.5961269504101289,0.9922103532947956,1,1
0.5629705642705427,0.968350325605582,1,1
0.9269146102856806,0.968350325605582,1,1
0.8827869682142389,0.9416133108286112,1,1
0.8776771093120124,0.9119848931356528,0,1
0.8608894410676513,0.9281027462618584,0,1
0.8868042838458682,0.9568808459739652,0,1
0.866981775131106,0.9483089302076242,0,1
0.8550144212506352,0.9861329743092228,0,1
0.8702112045444722,0.957695850730468,0,1
0.6839395227211684,0.957695850730468,0,1
0.6940608365349884,0.9156808522179112,0,1
0.7045040540035816,0.9256023364204468,1,1
0.7041586099757854,0.9741316692775848,1,1
0.666023219929539,0.9459026977135117,1,1
0.9459358414149612,0.9459026977135117,1,1
0.9535284340231576,0.9634354115527832,1,1
0.9265416936264806,0.9601005228069364,0,1
0.6849678930889571,0.9601005228069364,0,1
0.726829560201192,0.922608306614282,0,1
0.715504216979182,0.8843064906202417,1,1
0.7082023741605584,0.9075774639877576,1,1
0.7003197053173692,0.8721817510153255,1,1
0.7372272339108259,0.8593414745791955,1,1
0.7449367961705899,0.8727342207149077,1,1
0.7732843713604222,0.8944160817585833,1,1
0.9264740348566436,0.8944160817585833,1,1
0.889984602557028,0.9046636787388236,1,1
0.8593430084750241,0.8718424691595349,0,1
0.6415874980409491,0.8718424691595349,0,1
0.6354905550752264,0.8728295437346384,0,1
0.6315160324426451,0.8231797205782714,1,1
0.6414992393946308,0.8090114464514814,1,1
0.6592972065322901,0.8038375876343379,1,1
0.6234429840899233,0.8132112387298609,1,1
0.6070899383041611,0.8266447289325043,1,1
0.5965607011036179,0.8634272828331013,1,1
0.5753223736871564,0.8688183464729263,1,1
0.5612152524746001,0.9127888541510888,1,1
0.9367996852246154,0.9127888541510888,1,1
0.968904078325589,0.8814851869132247,1,1
0.9672551858684842,0.9245764577417824,0,1
0.9407217323484772,0.8895074128472795,0,1
0.9325005324015274,0.8615309315704724,0,1
0.9486591496663682,0.8708695204654284,0,1
0.9471013028973492,0.9097938885255108,0,1
0.686604119085692,0.9097938885255108,0,1
0.7149654212479746,0.8861264993657367,0,1
0.7266871793082363,0.8948780756279399,1,1
0.8836503853544494,0.8948780756279399,1,1
0.9286796338450166,0.8829673870840732,1,1
0.6393016702163036,0.8829673870840732,1,1
0.6486899941014912,0.8857743697754451,1,1
0.6624631780649253,0.8705560440749492,1,1
0.6977893938322377,0.917091583805702,1,1
0.7447930548631758,0.8839425078196147,1,1
0.7393530734450608,0.8428554540709007,1,1
0.6932790371911016,0.8312649780675814,1,1
0.7146548653488023,0.7989252941422337,1,1
0.8258070266473766,0.7989252941422337,1,1
0.7989378718279753,0.8363392784882853,1,1
0.7734066066272918,0.8640174587456392,0,1
0.6437722103977528,0.8640174587456392,0,1
0.651272923837433,0.8914751372336679,0,1
0.6285857517044838,0.8884391163341256,1,1
0.5884725720550431,0.8458014127645482,1,1
0.616203787412214,0.8776233259630946,1,1
0.608557762062276,0.8956251839449992,1,1
0.8947358357610266,0.8956251839449992,1,1
0.854966969941341,0.9403301085098444,1,1
0.8397958050560617,0.9150944690592772,0,1
0.819563095590472,0.9297058560815824,0,1
0.8545527009498914,0.9651948884781572,0,1
0.8760173489178268,0.9620792886856924,0,1
0.8653896936184408,0.912533553520827,0,1
0.8237408716538898,0.95009439374979,0,1
0.8617765262283712,0.9146811870790436,0,1
0.6716856978642969,0.9146811870790436,0,1
0.703459098470343,0.8803437541031093,0,1
0.7211696223111278,0.8943851557082234,1,1
0.7315872087951709,0.8907943773208802,1,1
0.7079477495706662,0.8598942159293671,1,1
0.7211604775564218,0.8440770397290154,1,1
0.7096855475645117,0.7994169947603808,1,1
0.8514829578091873,0.7994169947603808,1,1
0.8954318562716634,0.8301918370607818,1,1
0.8555297053870481,0.8692998457556071,0,1
0.8275309012745389,0.8418233869199205,0,1
0.6252145537254007,0.8418233869199205,0,1
0.6740766272459225,0.8421887556101593,0,1
0.8688193383027418,0.8421887556101593,0,1
0.9017385525897668,0.8044240212369494,0,1
0.8937925740094282,0.7773727876538921,0,1
0.5835105785667309,0.7773727876538921,0,1
0.5560047776780689,0.7649646714149029,0,1
0.5633342962194081,0.7590660044246037,1,1
0.8217160223214899,0.7590660044246037,1,1
0.854984676842055,0.7335023612210563,1,1
0.5564275726999742,0.7335023612210563,1,1
0.5111913326863355,0.6969835398658678,1,1
0.5447521274606563,0.6865768183313203,1,1
0.5921164650757297,0.7079009166447062,1,1
0.5594423493891948,0.681678010342517,1,1
0.5660675029948721,0.723414318189695,1,1
0.5741560951637902,0.7609681908165914,1,1
0.5653684372356,0.7801864600746573,1,1
0.6144322265589088,0.7865126805005899,1,1
0.5952212094637824,0.739509139297393,1,1
0.7893080990550292,0.739509139297393,1,1
0.8371219899572736,0.7864820452910356,1,1
0.8351433142471896,0.7878758300105032,0,1
0.8460152177040909,0.7474407756947922,0,1
0.8654466323938623,0.7115484724515602,0,1
0.8392738216024218,0.6785931365652541,0,1
0.526395692290943,0.6785931365652541,0,1
0.5409934665182432,0.6858684016894946,0,1
0.5343037602783687,0.6532657088406747,1,1
0.5179713485302831,0.603925271704965,1,1
0.4991293271922097,0.6365240871065256,1,1
0.54270993506965,0.6606336889820182,1,1
0.7535731744469722,0.6606336889820182,1,1
0.760881221995621,0.6213726751216342,1,1
0.4485433864688209,0.6213726751216342,1,1
0.4829373336900984,0.6659648462258292,1,1
0.5165731811816054,0.6481441319692273,1,1
0.5503134829527613,0.6338081091180484,1,1
0.5913403964874807,0.6657291014158384,1,1
0.7543700969290782,0.6657291014158384,1,1
0.7192704309680418,0.6841338633339245,1,1
0.7212331738102317,0.7164731487053537,0,1
0.713838829824656,0.7231939328749153,0,1
0.724541180331587,0.757657902286473,0,1
0.7116747840064033,0.7556474057145486,0,1
0.6918139669266551,0.7229577764010839,0,1
0.7257298965857215,0.7091957195317976,0,1
0.5481650036505618,0.7091957195317976,0,1
0.5467602872985262,0.7155171945308718,0,1
0.5397526034499959,0.675995364713265,1,1
0.5873123949460688,0.6512104904282358,1,1
0.7248529457558572,0.6512104904282358,1,1
0.7136713042204093,0.6661595988228689,1,1
0.7426173591838925,0.6464862900435531,0,1
0.4876106607994211,0.6464862900435531,0,1
0.4394393597120848,0.6426260345316458,0,1
0.4710189740895968,0.654158799387188,1,1
0.4508322422044968,0.6981747616768917,1,1
0.4457423502032971,0.6868153749770695,1,1
0.7526427451650544,0.6868153749770695,1,1
0.7391308341907009,0.6423484376580353,1,1
0.6959798602503207,0.617899798245391,0,1
0.6817979747598658,0.5879843873596601,0,1
0.658390603609532,0.6372636442718406,0,1
0.4919448258370732,0.6372636442718406,0,1
0.5311394365265053,0.6309300648720592,0,1
0.5740010327152115,0.6610152031965434,1,1
0.5895667231393454,0.6780194238154321,1,1
0.6388848059344578,0.6566275497723942,1,1
0.6332536285826637,0.6743933436869137,1,1
0.6702646469973219,0.6680622037935259,0,1
0.7164655444937879,0.681272129724762,0,1
0.7550052524020603,0.6679280374553379,0,1
0.7062157734799138,0.6256640142328342,0,1
0.6929770004407761,0.6209477122262509,0,1
0.7229488486486436,0.6611554649163957,0,1
0.6953757869738826,0.6394364700886066,0,1
0.66298339115837,0.597779127542611,0,1
0.4510349593345283,0.597779127542611,0,1
0.4521524000319213,0.5968579267129398,0,1
0.4266104342774141,0.5564965455032673,1,1
0.4063756568284592,0.5860215903108078,1,1
0.3883965006992476,0.6129861831781694,1,1
0.4097322789990129,0.5969207650792894,1,1
0.3774969863012747,0.5630892855797539,1,1
0.6483014514795501,0.5630892855797539,1,1
0.6117883986375402,0.5921094952466138,1,1
0.6318764597671038,0.6343544949628993,0,1
0.5862704439690326,0.6724769322939235,0,1
0.609763869282535,0.6455922708999439,0,1
0.6498262137052719,0.5969340032025617,0,1
0.6397445066666684,0.6331408263886616,0,1
0.66807035511861,0.638199038481279,0,1
0.6513642451252231,0.6471931684967479,0,1
0.6994698436573299,0.6194690921511434,0,1
0.6897424305127082,0.5829035622308262,0,1
0.6658390613231412,0.5725463498172823,0,1
0.6867530656084075,0.5327698239790561,0,1
0.3866353340639102,0.5327698239790561,0,1
0.3856130392653656,0.5421796084425635,0,1
0.4254551233553504,0.5349808055479977,1,1
0.4459173051819349,0.5552100440976818,1,1
0.4799068574898854,0.5767638732878408,1,1
0.6702593738308799,0.5767638732878408,1,1
0.6702413094846202,0.6108321381913191,1,1
0.6497275110450406,0.5921300329226834,0,1
0.6228087592825392,0.5692946578164287,0,1
0.6711750255385831,0.5908580137729633,0,1
0.7207157895085381,0.5677028643918339,0,1
0.7221054403617064,0.533779370114106,0,1
0.3596473847636282,0.533779370114106,0,1
0.3825862613134366,0.581784086765041,0,1
0.3794990260754658,0.6034229776909997,1,1
0.4294207040509473,0.6013359682033895,1,1
0.4231413230724281,0.5870790800504756,1,1
0.4715706687854837,0.5784925017360352,1,1
0.4248769942991344,0.5497415692432436,1,1
0.4464528342261336,0.5879372700408444,1,1
0.4468928893462383,0.633608981082724,1,1
0.4798874965274268,0.6374663411493423,1,1
0.6988614762735345,0.6374663411493423,1,1
0.6959994283198035,0.6018150654476148,1,1
0.6890466501623987,0.60031047257629,0,1
0.6412554099494594,0.6270179658215107,0,1
0.6298511876914472,0.6150666135905936,0,1
0.6737197035932148,0.6629509223113675,0,1
0.7195117361673455,0.7006324905420599,0,1
0.6923382447845507,0.6689237894205943,0,1
0.6996851411546344,0.7157999742168373,0,1
0.6593511981581012,0.7182986776277906,0,1
0.5186739042061211,0.7182986776277906,0,1
0.5432998298664325,0.7662494677959171,0,1
0.8085522365280787,0.7662494677959171,0,1
0.792994320395259,0.7898357742831357,0,1
0.8227008292308697,0.8299972338465665,0,1
0.861537584308248,0.8536224209407168,0,1
0.8291729406288977,0.878771970422744,0,1
0.843341800504692,0.8525664309806734,0,1
0.6071472996906986,0.8525664309806734,0,1
0.6079109525859966,0.8803852861713676,0,1
0.6127648943360943,0.8952010417216428,1,1
0.6363666323347531,0.8738252326017584,1,1
0.6306182395432277,0.8743142615866653,1,1
0.6756543381950091,0.8320446512776746,1,1
0.8702874182210173,0.8320446512776746,1,1
0.8288499550311821,0.8467238369286968,1,1
0.8375635327789672,0.8708003768306449,0,1
0.6631395335306349,0.8708003768306449,0,1
0.6795505990823463,0.8352817372006842,0,1
0.6520273291341608,0.8189400707991381,1,1
0.6974927507575587,0.8523538949983102,1,1
0.6569413193156491,0.8071905161297432,1,1
0.6190847619298506,0.847602224824902,1,1
0.641790725092385,0.8202147199615601,1,1
0.8491948008541851,0.8202147199615601,1,1
0.805517438188735,0.8090942156133549,1,1
0.8304524084580248,0.7705913009486892,0,1
0.5812898282780788,0.7705913009486892,0,1
0.5651652857194358,0.7423973307002132,0,1
0.596505965087428,0.7184416620287792,1,1
0.6220654793331979,0.7648135078193875,1,1
0.6232642610226162,0.7161339434186814,1,1
0.6009378196389781,0.7516680041171804,1,1
0.620379480443755,0.7392405453534995,1,1
0.6216505006854944,0.7780571511516705,1,1
0.6658687041806781,0.7873243840732087,1,1
0.6881262238303293,0.8050356231350958,1,1
0.8348549553753007,0.8050356231350958,1,1
0.8207139470035255,0.8290712360105373,1,1
0.8585771650444307,0.8378105221950969,0,1
0.8842089304993155,0.8505380497335303,0,1
0.8993339486629555,0.8039497446367916,0,1
0.9311798612288068,0.7672108181193278,0,1
0.5492418920042917,0.7672108181193278,0,1
0.5669503153130094,0.7319076041502173,0,1
0.5417851379483293,0.7137912173598865,1,1
0.5684732184955837,0.7271716621843471,1,1
0.8070534914240121,0.7271716621843471,1,1
0.7650504340239564,0.708598725193101,1,1
0.8035062104570223,0.7102470100266283,0,1
0.8285269655868172,0.7516192253408581,0,1
0.846300336547191,0.7299569540139342,0,1
0.8423863294278652,0.6887737138264322,0,1
0.5307848847203783,0.6887737138264322,0,1
0.4932171783501664,0.6569090369431679,0,1
0.4636666926506743,0.699347580665898,1,1
0.4717535288886124,0.6890153364045644,1,1
0.4270612135248049,0.7258271097688184,1,1
0.4620910022845636,0.7379299073296343,1,1
0.8100110249806317,0.7379299073296343,1,1
0.8408762858486716,0.7594974020061644,1,1
0.5788446771345963,0.7594974020061644,1,1
0.5886097396748188,0.7260426892732296,1,1
0.5884584547808285,0.7706563689536512,1,1
0.6327147787267259,0.7907396029019373,1,1
0.6388526052073862,0.829936712133901,1,1
0.6730879883889571,0.8305201405832872,1,1
0.7228789753274092,0.8051311393405005,1,1
0.6818820406171597,0.8533082483756805,1,1
0.652209983852077,0.827391654057405,1,1
0.6097366589270258,0.8009573424923179,1,1
0.6214406046496582,0.8297964042304334,1,1
0.6138090267386183,0.8796419465571488,1,1
0.5834044565810271,0.8318471207445576,1,1
0.5650251969101666,0.8753085895150813,1,1
0.5921042785052618,0.8996855638034591,1,1
0.5686044276254089,0.9016218474708364,1,1
0.5904760292908375,0.9257484652747818,1,1
0.9400912183560473,0.9257484652747818,1,1
0.930933875672068,0.8944731896245266,1,1
0.93773478967533,0.9080976703602164,0,1
0.8914972331632516,0.9198756990145373,0,1
0.8914636676367106,0.8752100582002805,0,1
0.9182573850632852,0.8756591344341723,0,1
0.895510668299577,0.8708674547351467,0,1
0.888757081521816,0.896872869922407,0,1
0.9079682944248884,0.9405906325293162,0,1
0.9052848974274208,0.9423590850136024,0,1
0.7057866287491343,0.9423590850136024,0,1
0.7189879000725682,0.9323292001124373,0,1
0.72180835167275,0.97504931862515,1,1
0.7228383618333201,0.9689353093619204,1,1
0.7110435268992653,0.9377025808720424,1,1
0.751137187546987,0.952204901531326,1,1
0.7106839594316384,0.9438600777800612,1,1
0.6913486193685087,0.9452685623236587,1,1
0.6795551751500448,0.9641886576069864,1,1
0.9364684934612948,0.9641886576069864,1,1
0.9448412045150916,0.9501323318157694,1,1
0.9104885875890428,0.9111556255611148,0,1
0.869967621541869,0.92267345721813,0,1
0.8908163468123027,0.913075059449908,0,1
0.8755796377830517,0.903500492181082,0,1
0.8993227106154642,0.9529156527646616,0,1
0.9166589329126776,0.9523372666015564,0,1
0.9621654299444136,0.9506764513287408,0,1
0.9369095883881434,0.920377617956916,0,1
0.6654025348562039,0.920377617956916,0,1
0.6654918908834192,0.9338567392647132,0,1
0.6600793217211559,0.9754438171104822,1,1
0.6500565951286308,0.9691157799649408,1,1
0.6385637663988953,0.9343876702034158,1,1
0.9309591472989228,0.9343876702034158,1,1
0.943248375303977,0.9175539903995322,1,1
0.9141247530358376,0.8826632373263931,0,1
0.9116487246041872,0.9250140493072264,0,1
0.8789179551522032,0.9169449751116818,0,1
0.8790021283957292,0.8834160202805443,0,1
0.8657409233550889,0.8528771563818021,0,1
0.8226531137297355,0.83966221856261,0,1
0.8546396054651813,0.7972152484992229,0,1
0.596320969399491,0.7972152484992229,0,1
0.5709810703590329,0.8102146958764137,0,1
0.5272534263740758,0.7789655991912046,1,1
0.8327998906908953,0.7789655991912046,1,1
0.8654429034101138,0.7750860882064827,1,1
0.8347474016976189,0.7506143192812365,0,1
0.5369162491869154,0.7506143192812365,0,1
0.5556884128219493,0.7110729917483963,0,1
0.5994036503002637,0.6781146545478008,1,1
0.5590553517864157,0.6333383050694881,1,1
0.5252364431638666,0.6586145147486688,1,1
0.5232349392869544,0.6137488389387498,1,1
0.516763671895543,0.5760926561946813,1,1
0.5188330485305139,0.5637938100806534,1,1
0.5323654958773424,0.5139819394278309,1,1
0.5383068538289246,0.4743669445468525,1,1
0.5313955674307362,0.4564924396552817,0,1
0.5304225576979132,0.4875306833651625,0,1
0.5673927593056957,0.4524521231525746,0,1
0.6136503006152888,0.480062883651248,0,1
0.6561767838631003,0.4843844769087327,0,1
0.6107764008977611,0.4425499494895838,0,1
0.6422291971824149,0.4698451434323653,0,1
0.3129602169211387,0.4698451434323653,0,1
0.3090415751122679,0.4977906639404637,0,1
0.2732222073434861,0.461936403078658,1,1
0.2727736728506515,0.4745515924416774,1,1
0.2562951907734224,0.4893249372998087,1,1
0.2845248470125605,0.4537271752437914,1,1
0.271803904225206,0.4227192829782927,1,1
0.2235530826248344,0.3914088328739259,1,1
0.488145842861785,0.3914088328739259,1,1
0.4928966318793144,0.376859722642878,1,1
0.4434558543477677,0.3597027308119497,0,1
0.215400657535845,0.3597027308119497,0,1
0.2011897169991001,0.3292269670516169,0,1
0.1513977622339265,0.3381305078716419,1,1
0.1191000009522069,0.3578636099747838,1,1
0.1628567674736887,0.3727110183497786,1,1
0.1264600021725733,0.3293677435493719,1,1
0.0850170469890895,0.3322385400020463,1,1
0.0601451612158575,0.3064553447302883,1,1
0.0757690340343738,0.3342005806174686,1,1
0.1174270889912758,0.3567472686789029,1,1
0.4789507045778995,0.3567472686789029,1,1
0.5047469713304552,0.3624317360319238,1,1
0.4864406314620213,0.3619495474929596,0,1
0.4519813494869171,0.3581736978048552,0,1
0.4332178576919723,0.3197424520249212,0,1
0.4554360501681586,0.2796376603788446,0,1
0.4387962954882712,0.3108428469422194,0,1
0.3912428856678125,0.3414135986161231,0,1
0.3444772971754662,0.3620556196723983,0,1
0.3738874448350311,0.3913707029943029,0,1
0.3718140491342604,0.3777609215972897,0,1
0.4003621870808639,0.3508889241524239,0,1
0.401675622328843,0.3101245269610747,0,1
0.4194548903625041,0.2715095453122656,0,1
0.4615005293379419,0.2267469394708435,0,1
0.4787413613539072,0.1775494925438973,0,1
0.5155008911911529,0.213676032930087,0,1
0.4858405029068101,0.2404947822409058,0,1
0.5098819029918168,0.2129691050321684,0,1
0.4600278974580082,0.2149420997005309,0,1
0.1075341281044779,0.2149420997005309,0,1
0.0880205944459429,0.1710012176012505,0,1
0.0475419673739046,0.1455299094119204,1,1
0.0900603626411711,0.1201489667903157,1,1
0.0924756486349419,0.1160840108005017,1,1
0.1417631707296852,0.1277018247459513,1,1
0.1034878748066851,0.0992180614226491,1,1
0.1319287115744848,0.0793126006398247,0,1
0.1053361999945257,0.0938522547254156,0,1
0.1131059040918082,0.0514254811247917,0,1
0.0802474037931511,0.0706286849331121,0,1
-0.0748114651101535,0.0706286849331121,0,1
-0.0378168875426279,0.0740026923442541,0,1
-0.0031652258608546,0.0905797534042798,1,1
0.0354727954491427,0.066773790580612,1,1
0.0485509620052742,0.1017666559449596,1,1
0.2266179580741253,0.1017666559449596,1,1
0.2756036719105701,0.0990502287582963,1,1
0.2436021322359544,0.0621631905111224,0,1
0.2150855283817246,0.102578396755401,0,1
0.2399729929545908,0.0806689840786415,0,1
0.267589762362218,0.0735439199428783,0,1
0.2664401881589701,0.0749782997368141,0,1
-0.0726335956027474,0.0749782997368141,0,1
-0.0246259087491381,0.0961969439336095,0,1
0.2037345607909426,0.0961969439336095,0,1
0.1738367649301306,0.0492342259104563,0,1
0.1830327632088829,0.0700188639411872,0,1
0.1334532700893732,0.0735060318789507,0,1
0.1254557497228887,0.0912770543014731,0,1
0.1569346769797499,0.1106827187656488,0,1
0.1170138484738064,0.1369089978661344,0,1
0.1204273243227656,0.1383012571811745,0,1
0.0981028826637269,0.1612573694215234,1,1
0.0653741067970396,0.1985202865860353,1,1
0.0307930192371501,0.190907983670692,1,1
0.0552985840333657,0.2333075335372063,1,1
0.0904025839277942,0.2302812771405521,1,1
0.3637929096661327,0.2302812771405521,1,1
0.3876900886966442,0.2451357702293666,1,1
0.4215249052608329,0.2001608461482618,0,1
0.4559135351654341,0.2078271780024843,0,1
0.4657988361530701,0.1640985699568469,0,1
0.4984853121495333,0.2116626467194526,0,1
0.5296226145128575,0.2143907585476866,0,1
0.4815577109830644,0.1682391639742593,0,1
0.0382108901102128,0.1682391639742593,0,1
0.0865151207031487,0.1413857074458753,0,1
0.0590127245029118,0.1400275594953263,1,1
0.0983227224395221,0.126445288970368,1,1
0.0844592194641011,0.1494834731920028,1,1
0.0904121917915801,0.1695058432004044,1,1
0.1250808018421269,0.174350714397352,1,1
0.2816488709765615,0.174350714397352,1,1
0.3127300338653152,0.1817698021246619,1,1
0.3265450418422731,0.1754338899134053,0,1
0.3746447431675809,0.1739787285271326,0,1
0.4015192951593229,0.1830978954459872,0,1
0.3898223557424732,0.1520930752116943,0,1
0.0373239572599099,0.1520930752116943,0,1
0.0402045163706433,0.1527645220870571,0,1
0.0667355284512549,0.1290466556927846,1,1
0.1071494849980881,0.146313381183998,1,1
0.2505301438909909,0.146313381183998,1,1
0.297177373036023,0.1034000445927169,1,1
0.2780033347860939,0.1295600952840908,0,1
0.2320757722689044,0.1785534137059757,0,1
0.2473097179349085,0.1338674718728253,0,1
0.2208157336569808,0.1604868579273247,0,1
0.1972746160993876,0.1529300015144649,0,1
0.1633130841285352,0.1219325382684834,0,1
0.1768417421483009,0.1642053993920461,0,1
0.0414744049529665,0.1642053993920461,0,1
0.0748165800986531,0.199674840792043,0,1
0.0696164231144554,0.1825599051551026,1,1
0.0409925061226555,0.1591973589812334,1,1
0.0517132179287328,0.1751899175354004,1,1
0.0894570283663879,0.1357574652869073,1,1
0.0918160310149498,0.142655825817804,1,1
0.1129128271269571,0.1398512904068099,1,1
0.2595907459286304,0.1398512904068099,1,1
0.2416917747498843,0.1536291708586878,1,1
0.0313651062017419,0.1536291708586878,1,1
0.0512749692821581,0.1733320099842644,1,1
0.0780985256348371,0.1924396231447628,1,1
0.3010719180252658,0.1924396231447628,1,1
0.3379353228905422,0.1442627931837045,1,1
0.329850453185366,0.1906077665894684,0,1
0.3528903265157486,0.1950729418079885,0,1
0.326973223971239,0.2121698534432457,0,1
0.297907857280727,0.2005751259801995,0,1
0.3260013029728789,0.2295377845835995,0,1
0.3700526047967168,0.2222461954308377,0,1
0.3272700241941864,0.1910179124412617,0,1
0.063160210844388,0.1910179124412617,0,1
0.0863711455224181,0.179819039853204,0,1
0.1050387978926366,0.225052905754361,1,1
0.1064440065901802,0.241085447114899,1,1
0.1280849545493511,0.2242210845009701,1,1
0.1111805455436261,0.1778459646718025,1,1
0.0739283555249931,0.1527035300572125,1,1
0.1212876853916253,0.1184922348780457,1,1
0.1376340486589151,0.0998138203971949,1,1
0.0940670070980773,0.1001096533693455,1,1
0.1115169598326531,0.0789032084562731,0,1
0.1204957025708532,0.0886124320833591,0,1
0.1095030599288963,0.0474495036445417,0,1
0.1353481913697439,0.0887987835047164,0,1
0.1487043278584686,0.1076868995961973,0,1
0.1439014553432884,0.1296142583072973,0,1
0.1773194225774682,0.1654617622168182,0,1
0.1785985065536228,0.1984869690108345,0,1
0.2262967517405237,0.1746805007665314,0,1
0.1932502094979634,0.1398682957977491,0,1
0.2093263477992613,0.1864061646063595,0,1
0.1970954260936395,0.2150124071504073,0,1
0.2350797867692279,0.199393999261657,0,1
0.2591090711476697,0.2459622691092916,0,1
0.2926267596311492,0.2300825014971206,0,1
0.3324308559574149,0.2554875859921176,0,1
0.3231229145123209,0.2632691564309697,0,1
0.2745256521683835,0.2388888220742382,0,1
0.278706568563172,0.2256945085861806,0,1
0.2824705591572112,0.2396743026463438,0,1
0.2917427594061414,0.2117433962562728,0,1
0.0636634971832619,0.2117433962562728,0,1
0.0751638617784247,0.2410807483834185,0,1
0.1234384819742438,0.200332260911038,1,1
0.1204540224839968,0.2501799289827867,1,1
0.0891639440345186,0.2604929722785556,1,1
0.1218495577812763,0.2856429774320468,1,1
0.1036108933945116,0.2584573612929239,1,1
0.3885784524042602,0.2584573612929239,1,1
0.3486436438653572,0.2637455568672142,1,1
0.3617878711284332,0.2669516623383562,0,1
0.1265991005274542,0.2669516623383562,0,1
0.1463573682801795,0.2200275929660624,0,1
0.1779876981314785,0.2037081261148863,1,1
0.1704298308054694,0.2031405334699685,1,1
0.182121027437985,0.1687230436334345,1,1
0.1612782113519667,0.1681209129285208,1,1
0.1411403107817547,0.2175826873854983,1,1
0.1516039110604385,0.2089443530607427,1,1
0.1131266418576206,0.1885238144641611,1,1
0.0691264938926412,0.1670508340656498,1,1
0.0896553278538079,0.1374229689962279,1,1
0.2611932569429792,0.1374229689962279,1,1
0.2246552250187233,0.1843276621148543,1,1
0.1892889027985209,0.1578475185084468,0,1
0.1519650731137907,0.1725978401321827,0,1
0.1895365378409049,0.2019806884170956,0,1
0.1732390507206834,0.1574779814041787,0,1
0.1938191283612989,0.1784432089130089,0,1
0.2330440755672988,0.2255453736840519,0,1
0.2773941660147837,0.1888720452394842,0,1
0.2349470941269175,0.1574633510157666,0,1
0.198573383530745,0.1278931445273514,0,1
0.0138870409564337,0.1278931445273514,0,1
0.0454112280974183,0.0900985146611102,0,1
0.0715340394046789,0.0620208863432437,0,1
0.1079980113675343,0.0190966783335634,0,1
0.0994258433433159,0.0640496637266692,0,1
-0.0525823582027512,0.0640496637266692,0,1
-0.0238570803351108,0.0259945847831382,0,1
-0.0193119090468549,0.0519534664293217,1,1
0.0298027769998901,0.078933812350159,1,1
0.0541231543876043,0.0857037049904124,1,1
0.0790607929386373,0.0403978835030346,1,1
0.0962106419449104,0.0670284099163116,1,1
0.1014933161571931,0.0797990726367699,0,1
0.0775557816225861,0.0560053163423242,0,1
0.0614983634887829,0.0134746168190086,0,1
0.0824826030582116,0.0597602864195743,0,1
0.0730066064776887,0.0300860230145708,0,1
0.10357857828264,0.0737564201193318,0,1
0.1269735083370084,0.0571259998594975,0,1
-0.0708357141162682,0.0571259998594975,0,1
-0.0622632318864392,0.0144480502756935,0,1
-0.0621901593127934,0.0383359965204662,1,1
-0.06114227568692,0.0635107156220162,1,1
-0.059632206710361,0.0323851842193916,1,1
0.1517965463331534,0.0323851842193916,1,1
0.1297447670078821,0.0643888804030284,1,1
0.0949263156748153,0.1021843477628162,1,1
0.0575812441233456,0.0784480632499604,1,1
0.0951500233907087,0.0625107637945653,0,1
0.0591707057355474,0.0904773132459315,1,1
0.0282477513460289,0.0945748445077673,1,1
0.0662656689060558,0.0819725556205455,1,1
0.0696452472759752,0.0359639334276142,1,1
0.1191658401695466,0.0379276095239405,1,1
0.1463873823281982,0.0780499486608704,0,1
0.1108414112790777,0.0655391891916777,0,1
0.0616933125536391,0.1055602965706906,0,1
0.0798952198828044,0.0810765904493127,0,1
0.0663040995939092,0.124942646016547,1,1
0.0431132111992729,0.0866171750182893,1,1
0.0492816075110924,0.1083804014202596,1,1
0.0780277571962799,0.083573784997754,1,1
0.0874304056162819,0.0789027024790191,1,1
0.085400210393931,0.1033728280878479,1,1
0.0764395417693558,0.0672679008341249,1,1
0.1083557427568418,0.0188838180523888,0,1
0.1319796393080956,0.0207377115826918,0,1
0.0827901897892897,0.024195202726685,0,1
0.053407108247307,0.0503380903123199,0,1
0.0257806611139897,0.0362999574678689,0,1
0.0348573571208465,0.0859312763110926,0,1
0.0668889654623726,0.0951957441736261,1,1
0.0727461403683969,0.0806204431367618,1,1
0.039009437218203,0.0558417722235338,1,1
0.0695587849168358,0.0600797518266819,1,1
0.0719938038850191,0.0106994631876657,1,1
0.1185669769141039,0.0195288332774979,0,1
0.1235622946072856,0.0306195243061525,0,1
0.0929442224310759,0.0797872395445249,0,1
0.0731237149247162,0.1116329664405685,0,1
0.0561960941064759,0.0971633529123201,0,1
0.016192028092421,0.1390924653173955,1,1
0.0503786184062591,0.0950544692667035,1,1
0.0776540814264097,0.0811393866336264,1,1
0.0895691188313851,0.1185581872581673,1,1
0.0627053236707115,0.0867512838213719,1,1
0.1996479952640042,0.0867512838213719,1,1
0.2038057889981916,0.1171444280609551,1,1
0.2277310895958798,0.085884525504338,0,1
0.2711809379939369,0.0704705688400197,0,1
0.2719720919052121,0.0292793603450827,0,1
0.2286168422672771,0.0502976646253698,0,1
0.2175071604399669,0.0142317799305287,0,1
0.1845277549290524,0.0467295821827775,0,1
0.1535534130877751,0.0540254064361075,0,1
-0.0582341589573522,0.0540254064361075,0,1
-0.0265674615774263,0.0395949197062042,0,1
-0.0140839555504417,0.0460281446279881,1,1
-0.0067986532508393,0.0785326623438129,1,1
0.0143772715496641,0.0593504250803109,1,1
0.0366214315111646,0.0746982136201032,1,1
0.0585323102047243,0.0887732590352406,1,1
0.2264688086845104,0.0887732590352406,1,1
0.2590714056783841,0.0707361617627537,1,1
-0.0504748117716486,0.0707361617627537,1,1
-0.0438539408099314,0.1192335769944699,1,1
-0.0244034602266351,0.1606330141024445,1,1
0.0041542637513649,0.1716416019400974,1,1
0.0403459757991112,0.1344840448727505,1,1
0.06603911575423,0.105359949726577,1,1
0.0820186890321801,0.1527258843715026,1,1
0.041073759493405,0.1892492506851297,1,1
0.0697619785502695,0.1943581778672624,1,1
0.2948559330076192,0.1943581778672624,1,1
0.27739178068927,0.2327879681122637,1,1
0.2734722770261223,0.1982689650987415,0,1
0.228125753443012,0.1925220960634515,0,1
0.1829640110165591,0.2334224751169702,0,1
0.137270184203093,0.2257563788555046,0,1
0.1843048274057409,0.2126742701028582,1,1
0.1548010331036116,0.2037984952596303,1,1
0.1100125075941657,0.2452343461429268,1,1
0.0692025907904675,0.22768638468313,1,1
0.0591908427413057,0.2475088176716575,1,1
0.1011301100919759,0.2879861232625393,1,1
0.1436468780661833,0.3329900934384759,1,1
0.4274517150674495,0.3329900934384759,1,1
0.3920346603406966,0.3661545741336719,1,1
0.4265950247290532,0.3222609091734284,0,1
0.2031047135104554,0.3222609091734284,0,1
0.1965516245118001,0.3666450214788228,0,1
0.1666506950044259,0.3229972347324573,1,1
0.1585487685471716,0.3043222338843281,1,1
0.1743812214446319,0.2924822159694371,1,1
0.1850035554226397,0.3274916810218261,1,1
0.213076634431845,0.291391288878512,1,1
0.2050050510073829,0.3154602386246808,1,1
0.2065781446094465,0.3266996047739462,1,1
0.4444241080348404,0.3266996047739462,1,1
0.4435079263283749,0.3047671484431917,1,1
0.4555551403221963,0.337114255190252,0,1
0.4985620523076659,0.3849457390792989,0,1
0.5172788161230916,0.3608714006441743,0,1
0.5053455208914542,0.3779665157920784,0,1
0.2318097597404731,0.3779665157920784,0,1
0.2216707457852996,0.4246413348028018,0,1
0.1819576541813823,0.4618387792485834,1,1
0.156202597597035,0.4378360095681251,1,1
0.1238622429856634,0.4017553486046821,1,1
0.1321732371747207,0.4165859092568066,1,1
0.130608339290195,0.4437752903501117,1,1
0.104325004613155,0.451831179603118,1,1
0.062383467282774,0.4499083260946453,1,1
0.5705354488300359,0.4499083260946453,1,1
0.6002710327323553,0.4976545213111022,1,1
0.6295336549739723,0.5413715032162972,0,1
0.6416851986623822,0.5079692693458534,0,1
0.657897639735991,0.4674929984397489,0,1
0.7039372760394766,0.5147279570273819,0,1
0.697651943289464,0.5297540747637436,0,1
0.6913096624896493,0.5493875438870905,0,1
0.3869121293068556,0.5493875438870905,0,1
0.4316649753182558,0.5397094921526545,0,1
0.4660631453872552,0.5613442732736574,1,1
0.4518230146115277,0.6091105952691276,1,1
0.467034044478963,0.611306732127472,1,1
0.5130911076451317,0.5767158461490539,1,1
0.4847876637708338,0.5554565823364012,1,1
0.6619414691197667,0.5554565823364012,1,1
0.6655049720506185,0.5459222470492607,1,1
0.6618667619233518,0.554488314728637,0,1
0.683575723203416,0.5704409555629874,0,1
0.6715144614079545,0.552929831081295,0,1
0.6624978945251971,0.584280903407058,0,1
0.4207644292080573,0.584280903407058,0,1
0.4056525494648213,0.6296680768553249,0,1
0.3583323485343376,0.592160485168498,1,1
0.3246007781661981,0.6326153322747472,1,1
0.2877249152277699,0.6098940942369622,1,1
0.2755065021339787,0.6506645438035042,1,1
0.3234774180544534,0.6272752387772836,1,1
0.3051172885582077,0.5943577845861227,1,1
0.6653239375779724,0.5943577845861227,1,1
0.6337663218477734,0.6403593262532912,1,1
0.6008025607570258,0.664281732571794,1,1
0.6123763938875396,0.6544880003506506,0,1
0.5841788063713261,0.6632576947975087,0,1
0.618553462085517,0.6445481742070708,0,1
0.5713613686345129,0.6246761042477272,1,1
0.593160762460412,0.5929521026805195,0,1
0.6211557135381564,0.5815433634399685,0,1
0.6465932513129881,0.548792462448254,0,1
0.682514266261989,0.5667253030423409,0,1
0.6644595715345327,0.5645419940218221,0,1
0.6952412751058523,0.5959616431140652,0,1
0.7226765954933425,0.5928022846064841,0,1
0.440077551219793,0.5928022846064841,0,1
0.4158038049678115,0.544008552689139,0,1
0.4088130995735442,0.5566521319065291,1,1
0.3845015548003545,0.5287832940599114,1,1
0.6071971344067406,0.5287832940599114,1,1
0.6193864745574627,0.5372736657062477,1,1
0.6452226906319816,0.5623331491768803,0,1
0.6144886136335026,0.5242978452617254,0,1
0.6048527212313662,0.5429400219052956,0,1
0.6490330091955071,0.4968789769920134,0,1
0.6165948776835425,0.5182869249637247,0,1
0.6302513379473396,0.5477651291653558,0,1
0.384037263525642,0.5477651291653558,0,1
0.3606962443056719,0.5161344187520397,0,1
0.3276431627568387,0.5495871561371514,1,1
0.3472388218482828,0.5233534274085153,1,1
0.3138797550410432,0.5422056404894893,1,1
0.6608260781618728,0.5422056404894893,1,1
0.6243871237845927,0.5643996249819833,1,1
0.6690820187637526,0.5261563681307132,0,1
0.7133586909574234,0.5702124984996402,0,1
0.7374009584307891,0.587151465044096,0,1
0.7041536556457935,0.6098277136387643,0,1
0.7172087214603751,0.6492917257449932,0,1
0.4936841700890268,0.6492917257449932,0,1
0.4607492899516461,0.6539936026559507,0,1
0.5094854397790608,0.6507939490926926,1,1
0.5421218281164809,0.6975312300220746,1,1
0.5898317071890127,0.6682019615426272,1,1
0.5552134797765751,0.6510225921561132,1,1
0.5875300532616211,0.6985432671693839,1,1
0.5899530372510223,0.6742396223002884,1,1
0.5772387056232793,0.6807518836804,1,1
0.7682932731811999,0.6807518836804,1,1
0.8139330987419532,0.6713502683596485,1,1
0.8473685203589194,0.6723166331954752,0,1
0.8585550051188082,0.6737193161702463,0,1
0.4780762465421596,0.6737193161702463,0,1
0.523889431741881,0.6682085932909704,0,1
0.5159473176540369,0.6257043504608027,1,1
0.7294936344315132,0.6257043504608027,1,1
0.736602017203268,0.6014507607555958,1,1
0.730638475459661,0.5991655752167568,0,1
0.7471996739891881,0.6107851439686702,0,1
0.7473270169022488,0.6061644078413101,0,1
0.7303849032015954,0.597914154182037,0,1
0.44909641632566,0.597914154182037,0,1
0.428180712073775,0.6409576837542204,0,1
0.4655256186439998,0.5915087440900682,1,1
0.4411590309633001,0.5653452121041413,1,1
0.4250151016405141,0.571599201329572,1,1
0.4452574278438047,0.604073716779924,1,1
0.417275926762133,0.5626015140339082,1,1
0.643176762132215,0.5626015140339082,1,1
0.6184552622868401,0.5348990485160776,1,1
0.6118519952956604,0.5248415893254675,0,1
0.5827689191594047,0.5613570641343478,0,1
0.6147513235656438,0.5211730217161125,0,1
0.5738204538141713,0.5522345625683579,0,1
0.5575828912568408,0.5796028632478106,0,1
0.537827794858594,0.5759347451947873,0,1
0.5761041895189667,0.5417645194097731,0,1
0.6241216380946379,0.5517605186076031,0,1
0.5924702764319294,0.5137373883770002,0,1
0.5878409823621578,0.5159078367448146,0,1
0.5933519382973962,0.4743866714605161,0,1
0.583937021533973,0.4439982259536921,0,1
0.6092456289443315,0.4700581015325751,0,1
0.629091039781283,0.5076753058335218,0,1
0.6661466284967099,0.5382708620437286,0,1
0.6948778272387037,0.4922745098336261,0,1
0.3483890827368002,0.4922745098336261,0,1
0.3183321410385313,0.5135268638460722,0,1
0.3293756940137772,0.4860340915003739,1,1
0.2818913801899005,0.486285777908114,1,1
0.3252356932651011,0.47271788354947,1,1
0.2839324309600346,0.4687194589250882,1,1
0.2760286303823628,0.4233339078003179,1,1
0.2291906771104385,0.3847899100101841,1,1
0.4940973743982647,0.3847899100101841,1,1
0.4867610745347327,0.3967886221278092,1,1
0.4988916130047992,0.4276947572936236,0,1
0.2743212789584467,0.4276947572936236,0,1
0.2846729250063955,0.4562225753007943,0,1
0.2615972533552992,0.4747092242314664,1,1
0.26079235378287,0.4890677471310323,1,1
0.2511142281222059,0.4935203231061973,1,1
0.2934442829960387,0.5191127094079703,1,1
0.2865488436733494,0.5158352909288665,1,1
0.3249573166052338,0.5555330669071725,1,1
0.32610750185472,0.5393225234481027,1,1
0.3391443631616994,0.5880870815804322,1,1
0.6984681540732567,0.5880870815804322,1,1
0.7082585848935385,0.6146101534595515,1,1
0.7171084733472283,0.6644643214272611,0,1
0.7614452834215669,0.6528099542201368,0,1
0.5053664278298887,0.6528099542201368,0,1
0.514375886480351,0.6724619040284397,0,1
0.5265698906650425,0.7063482884380762,1,1
0.5555739740283349,0.7297881278150049,1,1
0.5412227426871621,0.7735606834506141,1,1
0.5525770661902236,0.8211104282666526,1,1
0.5436521837982924,0.848425122965936,1,1
0.5886324578218654,0.8317825000876616,1,1
0.6076773101451884,0.7992531762933767,1,1
0.8188127341716462,0.7992531762933767,1,1
0.8687910535461189,0.8206002962715859,1,1
0.847108234701444,0.8211563736049443,0,1
0.8033279053120381,0.8182422107003721,0,1
0.601954763196746,0.8182422107003721,0,1
0.6268195584943397,0.8098579947887774,0,1
0.6767198766139318,0.7798586625521562,1,1
0.6725598625808918,0.7480367697791862,1,1
0.6256106037476938,0.7014053390098758,1,1
0.5937057228998703,0.6628008545588016,1,1
0.5905814673895121,0.6912975058472778,1,1
0.5441282047899549,0.72459697411791,1,1
0.7914445930725393,0.72459697411791,1,1
0.7437739226892744,0.6783857114147605,1,1
0.7040387536530246,0.6843192285467267,0,1
0.7215041285694932,0.6992710252271195,0,1
0.5266932733181253,0.6992710252271195,0,1
0.5388242293377272,0.6682159083277326,0,1
0.5112754172567509,0.6742521753986228,1,1
0.4705550688854671,0.6959932198328136,1,1
0.4919271842344833,0.724158567801992,1,1
0.5156667471281725,0.7391892028103904,1,1
0.5381374924340001,0.7560365449295584,1,1
0.7899538275525433,0.7560365449295584,1,1
0.7992398289261179,0.7915722252694469,1,1
0.8338809636484448,0.8134467624423654,0,1
0.8608275311657991,0.7809217935385597,0,1
0.860234828484471,0.7798364630332371,0,1
0.8926260308934738,0.7919374660460291,0,1
0.603498140884741,0.7919374660460291,0,1
0.5549161989071595,0.7877963209284128,0,1
0.5677438171244429,0.7943597727320503,1,1
0.583924734630461,0.7978509356092212,1,1
0.6243536007737601,0.7517673810271084,1,1
0.8019751186899478,0.7517673810271084,1,1
0.7697923764158743,0.7690059094064894,1,1
0.7335373035312013,0.7317822670251933,0,1
0.7169068546371639,0.7114325337781263,0,1
0.6856061675561964,0.7176572316712342,0,1
0.7322224422270637,0.7062818802364196,0,1
0.6860040594650179,0.6656767169525855,0,1
0.727766270036182,0.6464963561560676,0,1
0.4529175175475985,0.6464963561560676,0,1
0.420246004332542,0.6101390412218082,0,1
0.717218151458854,0.6101390412218082,0,1
0.6681981376176215,0.6507222733700748,0,1
0.6641952633381613,0.654696901035559,0,1
0.7068322798785076,0.6564335957876759,0,1
0.6850148295931389,0.623071278990645,0,1
0.6450997639957727,0.6577489205278767,0,1
0.4713151476106467,0.6577489205278767,0,1
0.4729551352199007,0.6978303105075295,0,1
0.5188195217399739,0.7470250954217759,1,1
0.8252678516205749,0.7470250954217759,1,1
0.7956896953496325,0.744062158137131,1,1
0.8257129466331713,0.7139986721997205,0,1
0.8306960033865906,0.6664386010400187,0,1
0.8359889446138665,0.6948460760452555,0,1
0.7937271801297052,0.6951416183199572,0,1
0.7873402268045365,0.725634485033831,0,1
0.8105935140186452,0.769034465963542,0,1
0.842094847004535,0.788036832058312,0,1
0.6073988850239238,0.788036832058312,0,1
0.6098683729780943,0.7851522426998565,0,1
0.6479513840850444,0.7740331905240831,1,1
0.68543822472159,0.8119193625027235,1,1
0.6394877185127453,0.8574117835986137,1,1
0.594697123803246,0.8911039689882623,1,1
0.6040689012494301,0.8998037503306523,1,1
0.5826327209353431,0.9192710334355296,1,1
0.9108679418260704,0.9192710334355296,1,1
0.9371056991270976,0.9335276381456454,1,1
0.9067840674922638,0.9609482286671864,0,1
0.9064131888800862,0.9225119045786234,0,1
0.898963191437631,0.9693459574063384,0,1
0.8756279083351234,0.9681713716585468,0,1
0.706861244328478,0.9681713716585468,0,1
0.7145037854547103,0.9607562828404534,0,1
0.7243472935544805,0.934791869491461,1,1
0.7476710571891236,0.9787904145200736,1,1
0.6994181154119402,0.9720583572710892,1,1
0.6556973718063127,0.9432118978680588,1,1
0.6382964469048852,0.9206519747357887,1,1
0.5965880492416084,0.8890313512942689,1,1
0.5912314951643619,0.8630009694525019,1,1
0.9053611954178148,0.8630009694525019,1,1
0.9075282165626568,0.9060874066030604,1,1
0.9505320162013228,0.9191478940064636,0,1
0.6642531114029626,0.9191478940064636,0,1
0.6335060040758621,0.9021484722596188,0,1
0.6317441813365888,0.9150959301964532,1,1
0.6328222774727629,0.9248892526984296,1,1
0.9365062445414946,0.9248892526984296,1,1
0.912190753355584,0.9185801574932004,1,1
0.6565434178976164,0.9185801574932004,1,1
0.6654275543145955,0.9544962404569164,1,1
0.704516426105431,0.9089421092782668,1,1
0.7146075440309498,0.8899325507831728,1,1
0.7082098893067312,0.9006559334660391,1,1
0.7408696695122838,0.9406746137808164,1,1
0.9369987462889474,0.9406746137808164,1,1
0.9228715928054384,0.9718605284502893,1,1
0.9064191271363088,0.9440244250641838,0,1
0.9459332506499248,0.9064623032234336,0,1
0.9140841271619536,0.9448415479016876,0,1
0.940651255445219,0.9145360945669768,0,1
0.6540436233270174,0.9145360945669768,0,1
0.6916885843786489,0.925760372550443,0,1
0.920934324311494,0.925760372550443,0,1
0.9345455722670356,0.9741570878387208,0,1
0.9786822302270354,0.969509489663304,0,1
0.9365947581915812,0.9497920438653082,0,1
0.9111600475890792,0.9074444776051096,0,1
0.9395006558722052,0.8704053668198997,0,1
0.6543742331536229,0.8704053668198997,0,1
0.6457173282886984,0.8408476014401765,0,1
0.6893797218673647,0.8566851809670993,1,1
0.8744042259161914,0.8566851809670993,1,1
0.8508051072903681,0.8280435465338244,1,1
0.8722776473156673,0.7893449909641811,0,1
0.8743363128755693,0.7742821233419055,0,1
0.8256420766226299,0.7831560439853716,0,1
0.8287471719347145,0.7703535674985763,0,1
0.8618731955179539,0.7216431820732323,0,1
0.9015810918257,0.7207447398554303,0,1
0.9475578986465244,0.6739711177687563,0,1
0.5235293832700583,0.6739711177687563,0,1
0.4788600235773176,0.6551873615972779,0,1
0.4369731444476002,0.6220697445736135,1,1
0.4020419547311032,0.5959015178162504,1,1
0.3906126410784521,0.6343571346715211,1,1
0.7325458779995043,0.6343571346715211,1,1
0.7018928872328863,0.6781858298686272,1,1
0.7332790086900505,0.6357576155204954,0,1
0.6998632923789458,0.6189761870732571,0,1
0.4508617257034016,0.6189761870732571,0,1
0.4701110957055128,0.6034666000671002,0,1
0.4301647683453911,0.5603489453808583,1,1
0.4777430495520327,0.5356220138448977,1,1
0.5264265597002212,0.497961091352909,1,1
0.5198333195472821,0.5353500626219638,1,1
0.5394356796683556,0.5209001396480851,0,1
0.4996474260732135,0.5336387960763921,0,1
0.543489487681162,0.5316039839641765,0,1
0.5150875530070207,0.5716140172023085,0,1
0.5030996573940261,0.5826417430289583,1,1
0.5249536361324056,0.6012163246781649,1,1
0.484327119965609,0.6098623297174007,1,1
0.4654491020013286,0.6344608259793,1,1
0.4672250297602244,0.6033364895209824,1,1
0.6733584819043181,0.6033364895209824,1,1
0.695649698319589,0.6517664921635105,1,1
0.498600940501099,0.6517664921635105,1,1
0.4618968494867493,0.6815713071002344,1,1
0.4432708816659107,0.7273280532453242,1,1
0.4706237860541202,0.7768960669076618,1,1
0.4935362005116196,0.7429231200693917,1,1
0.782409101820822,0.7429231200693917,1,1
0.7500494308479878,0.7626065798989585,1,1
0.7499409103199596,0.7938830644505843,0,1
0.7373498712541071,0.8313547919355293,0,1
0.7638229462083361,0.8460175924638834,0,1
0.7245516398831501,0.8184891597734829,0,1
0.772626670550107,0.8450300357688532,0,1
0.7534999922559205,0.8368831517887503,0,1
0.778551318847011,0.8277755702797007,0,1
0.7703387516436142,0.7960688552309965,0,1
0.760427685487914,0.8431856290212071,0,1
0.7727219091645366,0.8910283911643639,0,1
0.815836955669108,0.84244659652255,0,1
0.7802066282014657,0.8426116076886524,0,1
0.8223570491818987,0.7990078156632596,0,1
0.8691149144338595,0.8376632273025977,0,1
0.8990944401328397,0.8029842225550088,0,1
0.8998862541455317,0.81522342949691,0,1
0.6117665337558189,0.81522342949691,0,1
0.6418731207466146,0.8558456758038439,0,1
0.6005195696350398,0.8879906408302795,1,1
0.6131626709775281,0.8426079147111866,1,1
0.6268228523298173,0.8061657601107501,1,1
0.6714049257879462,0.778475465196274,1,1
0.6913375034533922,0.8141194202898312,1,1
0.6770712846369604,0.7675169115229901,1,1
0.6744666769170071,0.806231119181267,1,1
0.7055463029156551,0.8028087578601433,1,1
0.8666624364777663,0.8028087578601433,1,1
0.9106201125618152,0.783204750118444,1,1
0.9214933191007034,0.8171904709393285,0,1
0.931097045945797,0.8187569129486856,0,1
0.928077568094144,0.7970326159087061,0,1
0.9573048241606702,0.8393107687508419,0,1
0.9127654529743968,0.8685544476564788,0,1
0.6172018100450268,0.8685544476564788,0,1
0.6261840591388359,0.9115770881190188,0,1
0.6715341734622436,0.8639248264897998,1,1
0.636084363925631,0.9081751225064398,1,1
0.889063646305471,0.9081751225064398,1,1
0.9010636854404248,0.8856546641971229,1,1
0.9422091122278292,0.8500413803672625,0,1
0.9787764056920472,0.8684481849510188,0,1
0.6341936306684457,0.8684481849510188,0,1
0.6196704738868765,0.8270324350075596,0,1
0.6654687298134128,0.8189581972735395,1,1
0.7077719586199684,0.8537180640755191,1,1
0.7192650745798101,0.820178974815131,1,1
0.6745104044734305,0.8529036567898483,1,1
0.660895082640163,0.8579072693597566,1,1
0.6383035513825623,0.8990396427071072,1,1
0.6544182819527001,0.8834661122116416,1,1
0.8903698328465963,0.8834661122116416,1,1
0.9101434617010246,0.866706083129576,1,1
0.9030862248413796,0.9014416155237766,0,1
0.6551905010447167,0.9014416155237766,0,1
0.6196017485795726,0.9298414517424182,0,1
0.6678936047460944,0.9182164493644304,1,1
0.6616532179721614,0.9541733164014776,1,1
0.6412370187955264,0.925416078201076,1,1
0.5981442326597093,0.8800550702819426,1,1
0.6334240008524338,0.8386961742510776,1,1
0.65408759599947,0.7953139648719185,1,1
0.8629148823496934,0.7953139648719185,1,1
0.8392057360813554,0.8239310158226133,1,1
0.832615658417336,0.7757466323937433,0,1
0.8469855595165211,0.7583101627357876,0,1
0.8676714642135143,0.714458402871658,0,1
0.8587361209739507,0.745556576595677,0,1
0.8324519587974303,0.7492893271277905,0,1
0.7938980790915688,0.7794450385002167,0,1
0.8041478528451544,0.8124222179504557,0,1
0.6230635025705711,0.8124222179504557,0,1
0.6297892076161359,0.7748743108706582,0,1
0.6361616420015394,0.7801101730860658,1,1
0.6598019872992533,0.7724489850615478,1,1
0.618545598849626,0.8136541167418092,1,1
0.6175125529825922,0.7747043497526305,1,1
0.811157723969212,0.7747043497526305,1,1
0.7962210313724842,0.753008365145962,1,1
0.8244295654731668,0.7729985208071662,0,1
0.8459514733497533,0.748238016097843,0,1
0.8943677638382479,0.7453939989413947,0,1
0.53557093516796,0.7453939989413947,0,1
0.4868210834579591,0.6978062297849327,0,1
0.4449099639912082,0.684520074931537,1,1
0.4340928231645806,0.7245115632112218,1,1
0.4395073689577705,0.7106995821787743,1,1
0.46268175891763,0.7473896555798177,1,1
0.433926142552121,0.7604425196576848,1,1
0.4682890632039056,0.7589149072120679,1,1
0.5060517336370168,0.7690019552916468,1,1
0.8129013097674849,0.7690019552916468,1,1
0.8568147054622712,0.7597973677460718,1,1
0.8107181075488168,0.7348390014167613,0,1
0.8577523232930385,0.767534222286904,0,1
0.9014323738191016,0.7786620772714445,0,1
0.9203951419882084,0.7536558388793202,0,1
0.969673180057023,0.7952676374419853,0,1
0.9223780161867452,0.7489118421294465,0,1
0.5769330099006289,0.7489118421294465,0,1
0.5803890385285233,0.7382485829462666,0,1
0.8103072265377884,0.7382485829462666,0,1
0.7842446341435547,0.7383034064808306,0,1
0.7667015716911129,0.7464152628477624,0,1
0.7785371000025527,0.6965452379498157,0,1
0.755448965126242,0.6802775401493963,0,1
0.4911895846522888,0.6802775401493963,0,1
0.4667483443778777,0.72767969014374,0,1
0.4532030167670101,0.7457395796330919,1,1
0.4310715429207129,0.7125673540156755,1,1
0.4185737667879005,0.731858758734439,1,1
0.4069180799298816,0.7062053657789924,1,1
0.379081779462447,0.6651446225404455,1,1
0.7628450760992129,0.6651446225404455,1,1
0.7362135049327406,0.6407510871616751,1,1
0.6889030498431981,0.6163743310451169,0,1
0.7332387651651848,0.6319180975158596,0,1
0.7050150939077019,0.6268920479198894,0,1
0.7323322392753876,0.6762642023941287,0,1
0.6877584543209417,0.6987275127150684,0,1
0.7096555777890937,0.6814883085995053,0,1
0.6770880660054138,0.6926952213820352,0,1
0.71035958506355,0.6664313408878977,0,1
0.470209257306421,0.6664313408878977,0,1
0.5155526632780321,0.6522572662217543,0,1
0.4820134387352697,0.6093526438087652,1,1
0.489979920396326,0.6168928008039907,1,1
0.5095080327704514,0.6094882917424006,1,1
0.5559998280155889,0.6363817577848048,1,1
0.5717240943935413,0.6427125786735145,1,1
0.5720308088300234,0.6177025224764038,1,1
0.5853444283378629,0.6010521498696589,1,1
0.5433180875085626,0.6141218960647574,1,1
0.5820654496499481,0.6568428903465918,1,1
0.6178679047261451,0.6835747585827328,1,1
0.5739121953403016,0.7084412327387736,1,1
0.5750095107055971,0.6721484984089097,1,1
0.527867475310481,0.6343249946753006,1,1
0.5761177682809208,0.6594211437671049,1,1
0.5668911948927957,0.6698461490763327,1,1
0.5171373676677032,0.6716997991341117,1,1
0.5332246358244402,0.6731126915243013,1,1
0.766943312763206,0.6731126915243013,1,1
0.7355587575347361,0.6780229709048046,1,1
0.7808297203693966,0.7156435360192709,0,1
0.7426518526660322,0.75253875898894,0,1
0.7492844774977899,0.7449551655696539,0,1
0.7739028907851324,0.7156965785672259,0,1
0.7799158712201799,0.7650962155653948,0,1
0.7922259724210914,0.7925584683154535,0,1
0.574642034389787,0.7925584683154535,0,1
0.5316945759042503,0.8163907938976193,0,1
0.5372447560978134,0.8469202986136171,1,1
0.4891121641112581,0.8612277695863938,1,1
0.5135402775821167,0.8233923250176711,1,1
0.4968807037892372,0.7937493179831657,1,1
0.4861854653930888,0.7940250318234857,1,1
0.5301983890207349,0.8371511702843908,1,1
0.5459233970103599,0.8572689115180571,1,1
0.4988462744407984,0.8812092060785987,1,1
0.9207563208290608,0.8812092060785987,1,1
0.9095327574709828,0.9122988491463802,1,1
0.8948398187904669,0.8930534272717984,0,1
0.8969466566512591,0.884173270359285,0,1
0.9008535994804734,0.9056846279313058,0,1
0.8951942616464439,0.9184826471246488,0,1
0.9169618470928642,0.9466655803545097,0,1
0.922759950137726,0.8983979044237407,0,1
0.9669373718909064,0.8931560690293632,0,1
0.6383627192878486,0.8931560690293632,0,1
0.6648057292886879,0.88671481344264,0,1
0.6221684108517179,0.884096497729539,1,1
0.9026394269119252,0.884096497729539,1,1
0.9468794034518736,0.8352248724380908,1,1
0.9536454367262244,0.8189876327399845,0,1
0.9514127967695286,0.856225912386259,0,1
0.644362790278747,0.856225912386259,0,1
0.6698989329977805,0.8743618162357444,0,1
0.6570164800962248,0.8616367739358319,1,1
0.6124151525243197,0.8796341836603465,1,1
0.6070282219974726,0.8443550103373604,1,1
0.602345443004909,0.8573344103150133,1,1
0.8965333049460502,0.8573344103150133,1,1
0.9087508963795377,0.8135406239683891,1,1
0.9187715659007044,0.7709293755795565,0,1
0.94505151596523,0.7751689428884619,0,1
0.9756931502648356,0.7785740424176986,0,1
0.9403997454453558,0.7868453365402795,0,1
0.9431722837410152,0.7754710597921147,0,1
0.9116395471554312,0.772821788800022,0,1
0.8856469501748548,0.8117989408128238,0,1
0.8849237401684206,0.8473984342485048,0,1
0.6177431063841925,0.8473984342485048,0,1
0.6646856366385381,0.8831297969210183,0,1
0.6230694724075765,0.8444309230937346,1,1
0.6003002886180768,0.8151857452462142,1,1
0.8385807602774525,0.8151857452462142,1,1
0.8408036829746324,0.7806026377868787,1,1
0.8381017178591716,0.8285300368939467,0,1
0.8669149072397515,0.8179888966603032,0,1
0.61639153213503,0.8179888966603032,0,1
0.5817044962217774,0.7972305466024486,0,1
0.5483311956998942,0.8453128756889002,1,1
0.5474982524447247,0.8461474636828735,1,1
0.5313221825808448,0.8849924627803447,1,1
0.5022668694216029,0.9104947574845774,1,1
0.92846597299956,0.9104947574845774,1,1
0.9196216797744092,0.9000927304805906,1,1
0.912682757190194,0.935530601584558,0,1
0.9422303673160362,0.9278534861747214,0,1
0.9414926415995564,0.9621355903259264,0,1
0.9666976931650066,0.94399816807369,0,1
0.9195028025877,0.9254771560174224,0,1
0.6556369044175507,0.9254771560174224,0,1
0.658556483764815,0.9494400804022206,0,1
0.6133829280494667,0.9163730870090504,1,1
0.6583725556022652,0.9634062392003062,1,1
0.6400794934664626,0.9357733557402736,1,1
0.9521382352986622,0.9357733557402736,1,1
0.9150323964450104,0.9709881971505572,1,1
0.8933759707858362,0.9328605659481196,0,1
0.8613316425945078,0.9816125313508772,0,1
0.8307446829425986,0.943713076817588,0,1
0.8159719253925486,0.9607670514961392,0,1
0.850504362131262,0.9340690282137146,0,1
0.8478438182443938,0.971522432479518,0,1
0.843627196247758,0.9367859483806396,0,1
0.833429967495835,0.9233932532875307,0,1
0.8505238031914143,0.8845390618607868,0,1
0.8148958789872859,0.8978875108035893,0,1
0.8159478887368778,0.8712440804465125,0,1
0.8630175087597546,0.8434649863293662,0,1
0.6236215840331764,0.8434649863293662,0,1
0.6613296553880275,0.849841461496944,0,1
0.6302235938138158,0.8629561044291426,1,1
0.6173703900735703,0.8653971252564038,1,1
0.6533349165296238,0.8758443553455293,1,1
0.6207133564135656,0.8263404141971327,1,1
0.6070357506610269,0.8203813394875235,1,1
0.6525568815082501,0.8053967984599458,1,1
0.8478786236140892,0.8053967984599458,1,1
0.8813550074637879,0.7981401895974809,1,1
0.9165710565104608,0.7836778935284616,0,1
0.8936931288747311,0.770687682729833,0,1
0.9348773517720116,0.7502963012812415,0,1
0.9578423844447363,0.7547079441218766,0,1
0.9538391922086832,0.7128305600382938,0,1
0.5049122304642292,0.7128305600382938,0,1
0.4719689251958138,0.7072662240832206,0,1
0.4288563338465522,0.7325982275159594,1,1
0.403270143175532,0.7046297508500181,1,1
0.3590987881394107,0.6733038619617936,1,1
0.3781886398631405,0.6461305134916416,1,1
0.3471506155344564,0.6218070673912768,1,1
0.3294604229479197,0.6650729540238167,1,1
0.3273247149124949,0.6340960188395612,1,1
0.7119502730497798,0.6340960188395612,1,1
0.7179050668061001,0.5856794917205244,1,1
0.7543589927585563,0.5636786956208024,0,1
0.7062748828513842,0.5834716929392636,0,1
0.6570378567956764,0.582050001121696,0,1
0.684583424516189,0.5783157808118611,0,1
0.7192278852451328,0.6056595751393276,0,1
0.7260344323478162,0.6121272267891948,0,1
0.721905528712971,0.654119865174121,0,1
0.7514142076136665,0.6899336340265556,0,1
0.5331885711529174,0.6899336340265556,0,1
0.5582569034708997,0.6729876940433669,0,1
0.5438714262989144,0.7009075086589188,1,1
0.5214469146909997,0.6966849617912668,1,1
0.4927663577494837,0.7372004225895131,1,1
0.5341112455230569,0.7526757254922112,1,1
0.5552795017604155,0.7985899457176706,1,1
0.604327326795793,0.7879873751398562,1,1
0.636384095778237,0.7973057321044971,1,1
0.6190142059312379,0.7672159653632743,1,1
0.7945157187818058,0.7672159653632743,1,1
0.7750846083865901,0.8127660543010986,1,1
0.7803356554275777,0.8171468648202638,0,1
0.8069214568124456,0.8419733494687414,0,1
0.8505174611266345,0.828095113998988,0,1
0.6140663689334596,0.828095113998988,0,1
0.5962319044339243,0.7800014390861922,0,1
0.6339856809083708,0.7756671153257269,1,1
0.6131453995099976,0.7667363736471772,1,1
0.6592244032883074,0.8160312291466514,1,1
0.864274239139582,0.8160312291466514,1,1
0.885432327960465,0.810092869517821,1,1
0.853847594914678,0.8064270301539123,0,1
0.8750289409992547,0.7840775011930766,0,1
0.5977275309489488,0.7840775011930766,0,1
0.6235717643697375,0.7347905580047478,0,1
0.5820220848394421,0.7200494409924456,1,1
0.5470611191609154,0.7631552342096386,1,1
0.4973122940715928,0.7439864388811311,1,1
0.5398713618668373,0.7798970859013634,1,1
0.580684051838786,0.8203058368615108,1,1
0.5426139637859226,0.8403512342138969,1,1
0.5154317042281851,0.8409136787714733,1,1
0.8780032815165767,0.8409136787714733,1,1
0.8333056454900221,0.8071227628478663,1,1
0.8637726713087278,0.8212420671991503,0,1
0.871471077283079,0.8277181289657309,0,1
0.8933875419641325,0.8040576547642746,0,1
0.8726012678466459,0.8134696878633294,0,1
0.6101136009189214,0.8134696878633294,0,1
0.616073040726881,0.7841563090613834,0,1
0.5915226450756623,0.7354192159786175,1,1
0.5528427123144279,0.7516645491711746,1,1
0.5370185298843576,0.7314207107102753,1,1
0.5451313778468279,0.7333870778505218,1,1
0.5111788212472781,0.6960360800908727,1,1
0.7624418296548726,0.6960360800908727,1,1
0.7725932060167939,0.6603246337545419,1,1
0.8007405188553796,0.6671738437093919,0,1
0.7939144635516927,0.6377120376191041,0,1
0.8289764420239825,0.5940288543074309,0,1
0.8108695650533311,0.5464448580845599,0,1
0.794794614173486,0.5139867830797027,0,1
0.7580241676208356,0.5012852138872604,0,1
0.7730492505944561,0.5178286098920583,0,1
0.777019925994639,0.4809448489864092,0,1
0.3215091592289335,0.4809448489864092,0,1
0.3541617068109487,0.4729084700582738,0,1
0.3145972223909112,0.4303422951415196,1,1
0.3044866250173582,0.4563698088161333,1,1
0.2951383335025872,0.4492310436454219,1,1
0.3059569694303884,0.4251391600991982,1,1
0.5332106488132647,0.4251391600991982,1,1
0.4891813865246621,0.4044020053138468,1,1
0.4708622812746976,0.3678834237414741,0,1
0.5206689884096292,0.3901793970782039,0,1
0.2569400407124117,0.3901793970782039,0,1
0.3027733862332502,0.4028975056568318,0,1
0.5347907061329317,0.4028975056568318,0,1
0.5731347099428454,0.4427760606979745,0,1
0.5486261526955911,0.4206609433939616,0,1
0.5195865351087747,0.398082148001316,0,1
0.4739257410895864,0.3654699707932838,0,1
0.5040042952640383,0.3381235945999231,0,1
0.4960964788323381,0.2964839510241906,0,1
0.1615363274333236,0.2964839510241906,0,1
0.1888349352649637,0.3292762140359092,0,1
0.209628275625084,0.2950955051697361,1,1
0.3972296597750303,0.2950955051697361,1,1
0.4294457903186659,0.344384080835624,1,1
0.3854125222056487,0.3181168590902432,0,1
0.3919136829462044,0.3512570306316789,0,1
0.3633746209328179,0.3796636568000973,0,1
0.4083823972567914,0.4177824532809834,0,1
0.4085362996698132,0.435799071974951,0,1
0.4411330481964768,0.4424938571626743,0,1
0.396874455991526,0.4772633483984844,1,1
0.3482034545997358,0.4782805269417401,1,1
0.3853996152717258,0.4643146532831529,1,1
0.4289828611225581,0.4713324023359893,1,1
0.4729576315834382,0.4601652262956529,1,1
0.4588358898109088,0.4323529130442415,1,1
0.4419488202168561,0.4472991272041665,0,1
0.4180712367281061,0.4789672337602251,0,1
0.396437490036102,0.4950885376762519,0,1
0.4029256269712618,0.499410511199746,1,1
0.4208189032518689,0.5052127971770903,1,1
0.3898406365946703,0.4993320471941904,1,1
0.3619960798508386,0.5402527763401336,1,1
0.3656743500591063,0.4964499012530732,1,1
0.3446646282906869,0.4767448172851127,1,1
0.2961295703312592,0.4519947308728647,1,1
0.263756814280577,0.4508114566236473,1,1
0.5416179144786826,0.4508114566236473,1,1
0.5415726511587972,0.4508382557641742,1,1
0.5133065453950464,0.4825767605034307,0,1
0.4770621131628263,0.4736241753911125,0,1
0.4586129409422117,0.4734905736306866,0,1
0.4859927458783594,0.458267423616999,0,1
0.5305981261442735,0.4526973804643083,0,1
0.3082321983202359,0.4526973804643083,0,1
0.346273409069859,0.4817675776868065,0,1
0.370278274857813,0.4413047260971711,1,1
0.3811040290894332,0.4149361104375174,1,1
0.342018275608667,0.4350116008759768,1,1
0.298035346010172,0.4122960671354448,1,1
0.2506005653954993,0.3786708179721643,1,1
0.277703395790064,0.3736243165959163,1,1
0.2861123234843076,0.3782350646035128,1,1
0.480160550339814,0.3782350646035128,1,1
0.4952434257778816,0.4134473259355193,1,1
0.2525716328553723,0.4134473259355193,1,1
0.2973541510953839,0.4007535907754715,1,1
0.2978584477074722,0.4056130645177135,1,1
0.3217967901270621,0.4037821962507468,1,1
0.3594984314829068,0.4295422218395132,1,1
0.3436668583491477,0.4754574747750897,1,1
0.3540051424032851,0.4781056246178287,1,1
0.5662577941886245,0.4781056246178287,1,1
0.5730414019513123,0.5171156926736327,1,1
0.6203474992845005,0.5236537730064907,0,1
0.6563033384190091,0.4919056376676476,0,1
0.3479106123173595,0.4919056376676476,0,1
0.3578118993525721,0.4743433376336392,0,1
0.3301978451785505,0.4664615110715415,1,1
0.5501123981211764,0.4664615110715415,1,1
0.5850698413723749,0.4261230337900659,1,1
0.6270278001508486,0.4685017250186263,0,1
0.3207706119736113,0.4685017250186263,0,1
0.3089981614928266,0.497671470602958,0,1
0.297593556439902,0.4478080048648524,1,1
0.3244114408269879,0.4942890434157314,1,1
0.3000079269271077,0.5003541594543979,1,1
0.3184471523668252,0.478525516397925,1,1
0.3453948160756769,0.4633554634866519,1,1
0.350227265966654,0.4630235757143578,1,1
0.5867267427550807,0.4630235757143578,1,1
0.6122684732413024,0.4838958137110366,1,1
0.5645535318581462,0.47512177747119,0,1
0.5317539350896457,0.4611114673747396,0,1
0.5491604623541342,0.4258593900195144,0,1
0.281168142054933,0.4258593900195144,0,1
0.3093475719982766,0.398535314730509,0,1
0.274092185117256,0.3828870515424995,1,1
0.307643558106718,0.373368841085872,1,1
0.2639091475776211,0.4099266492649718,1,1
0.5414354243018835,0.4099266492649718,1,1
0.5761992670971318,0.3939537691740513,1,1
0.5746706112304442,0.3734587014781239,0,1
0.5347834558809772,0.3597518430347111,0,1
0.4911549283846151,0.3637987124260872,0,1
0.4920581524091551,0.3524186959453456,0,1
0.1959188956179974,0.3524186959453456,0,1
0.1896248195590371,0.3761754290228646,0,1
0.1755710377272458,0.3756004855382385,1,1
0.1721847534559578,0.362477240106332,1,1
0.1867553346400567,0.3499201010872867,1,1
0.2173306934694344,0.3527962559853329,1,1
0.2056597692542732,0.3779542955888849,1,1
0.1764612931591425,0.3448162812803129,1,1
0.4454753570013096,0.3448162812803129,1,1
0.4752859644287217,0.3427225128915147,1,1
0.4793575038371658,0.3871775236585821,0,1
0.5066337504496685,0.3998480456199613,0,1
0.5187327494893728,0.4330325977807208,0,1
0.5535936699328393,0.4483537762895682,0,1
0.5199559274450667,0.4306526962692553,0,1
0.5457888955184472,0.4652319134716139,0,1
0.533185129602145,0.4639198499826688,0,1
0.301345670348109,0.4639198499826688,0,1
0.2735242281210457,0.4455807095522837,0,1
0.3085677251431751,0.3962026182562205,1,1
0.5304709574425592,0.3962026182562205,1,1
0.5138268360656119,0.4072578773610997,1,1
0.4750388541206782,0.4295689111499854,0,1
0.4560662453908091,0.4121292580899899,0,1
0.4227797598988367,0.3965996239557955,0,1
0.4305185292638864,0.3956892168023266,0,1
0.4199586186449504,0.3819752703723164,0,1
0.4047390388744175,0.3794219703552942,0,1
0.3640104956916637,0.3486171109646627,0,1
0.378807705267266,0.3469835048834258,0,1
0.2237081369107946,0.3469835048834258,0,1
0.2428583532422065,0.3175582569434473,0,1
0.2072220489822695,0.2768278987298486,1,1
0.2044813479279122,0.3066417224914593,1,1
0.1993632636283377,0.3516008850780215,1,1
0.2170808264362538,0.3863596536486399,1,1
0.2118373364532557,0.4200696220278236,1,1
0.5085269329090245,0.4200696220278236,1,1
0.5483903831829137,0.4148443124660234,1,1
0.5138833835974592,0.3946543423237909,0,1
0.2422538309449269,0.3946543423237909,0,1
0.2214793101321552,0.3624507893133651,0,1
0.1762413961122764,0.3567124826219846,1,1
0.1815394603493023,0.3200784138736043,1,1
0.161506290502693,0.2783476768438474,1,1
0.1597032256676697,0.2384106682017432,1,1
0.1502347171176874,0.2302616137605217,1,1
0.1602786553786978,0.268726955589448,1,1
0.3995603966263529,0.268726955589448,1,1
0.3869622587954242,0.2851694662584942,1,1
0.4063893271948248,0.2939445699338454,0,1
0.4102336106415681,0.2478067281374719,0,1
0.1009728511965767,0.2478067281374719,0,1
0.0537735136288121,0.2835633674557,0,1
0.3923875175948703,0.2835633674557,0,1
0.4063127105902791,0.2760236115436174,0,1
0.3977558491565106,0.2949239480127344,0,1
0.4413312093872115,0.2771319121884418,0,1
0.4812794362476565,0.2825884017962478,0,1
0.1771352878257025,0.2825884017962478,0,1
0.1462723007482758,0.310339732464708,0,1
0.1864120856071891,0.2724406977601245,1,1
0.2177881394169109,0.2395331286796564,1,1
0.2111752725004821,0.2423258764106074,1,1
0.2117485201896829,0.2360731885368639,1,1
0.2235252661610216,0.1912612955208808,1,1
0.20124967183766,0.1526485550134353,1,1
0.1769663967076038,0.1987735612742372,1,1
0.1829956787483461,0.1599299673147372,0,1
0.1891411260931839,0.18095853956909,0,1
0.144792938372886,0.1427389598783053,0,1
0.1877438801199562,0.1197553319157726,0,1
0.1672322618081367,0.0718274532639919,0,1
0.1207013835727469,0.0337088618486292,0,1
0.1091537705749251,0.0794265601322718,0,1
0.0693654377223056,0.1018562993474897,0,1
0.1035471780628392,0.0950352432173656,0,1
0.1404232461004542,0.1141863045308392,0,1
0.09080271066675,0.0952978588372852,0,1
0.069600042558881,0.1432182049340701,1,1
0.1078269334345877,0.1082346585362879,1,1
0.1257559449340651,0.0757324778651073,1,1
0.118729790708095,0.0529715191937742,1,1
0.1505683043271877,0.0159835373966584,0,1
0.1517646997689422,0.053386330554559,0,1
0.1832357162868009,0.0842664308700509,0,1
0.1466652898671133,0.1211316057812194,0,1
0.1102393256295015,0.1322902553263749,0,1
0.1399468608389074,0.150951262519809,0,1
0.0957190692805765,0.1795772176796632,1,1
0.0509016051610488,0.18166836083869,1,1
0.0866046085209579,0.135352388601176,1,1
0.0514726318001316,0.1633844591457176,1,1
0.0801396524589276,0.2095775721395447,1,1
0.0585453645782395,0.1607699600727782,1,1
0.2956571736462645,0.1607699600727782,1,1
0.3259942416350165,0.1458873272793528,1,1
0.3323241947340165,0.173474035089555,0,1
0.3065047948162683,0.1813437346467975,0,1
0.2614674638091069,0.1981284262778526,0,1
0.2773031739120475,0.1782006863064129,0,1
0.2837922900285686,0.1323187727830773,0,1
0.2717501468669348,0.1605574659104938,0,1
0.0420808632869866,0.1605574659104938,0,1
0.0645353472471112,0.1384204819470013,0,1
0.2818692300909598,0.1384204819470013,0,1
0.3122920146914624,0.1789487881223865,0,1
0.3505870272616018,0.1695913409131838,0,1
0.3484220512505359,0.206514745448535,0,1
0.375732553349906,0.2334364934506957,0,1
0.1120238360424692,0.2334364934506957,0,1
0.1165447512850491,0.2028634094321443,0,1
0.0725408785772811,0.1977955002962168,1,1
0.0656116397807375,0.1756100088575502,1,1
0.0184097229562093,0.2241744091557622,1,1
0.3672101222322459,0.2241744091557622,1,1
0.3525553503563146,0.2123470219256388,1,1
0.3730076327442136,0.1752463229930275,0,1
0.3359495698087612,0.1783896692586902,0,1
0.0299473877467625,0.1783896692586902,0,1
0.0392039432496601,0.176381703268744,0,1
0.0615159582813227,0.1311016400426817,1,1
0.0692888736989154,0.1356018673542789,1,1
0.0875361837551733,0.1257721741005693,1,1
0.0675158077552089,0.107288076920759,1,1
0.2176838596202727,0.107288076920759,1,1
0.2090222731101903,0.0646504855851559,1,1
0.1833141367070209,0.0957439732116667,0,1
0.1556521566041246,0.1223206537869727,0,1
0.1760660378002726,0.1504982791228853,0,1
0.1341850530908439,0.1728049297131877,0,1
0.0892523303136802,0.1372520401957838,0,1
0.133571270431734,0.1387681560361307,1,1
0.1640737846872453,0.1602822688137734,1,1
0.1958492521082417,0.1487295939071035,1,1
0.2123171681065463,0.1496087220264437,0,1
0.184587143514248,0.1051678795136396,0,1
0.2063974065698785,0.0589231837724966,0,1
0.2179782969609163,0.0854137696277101,0,1
0.1921159135540811,0.1102712200708716,0,1
0.2095782918776972,0.1360381980065571,0,1
-0.0083967544477092,0.1360381980065571,0,1
-0.0059535495016514,0.1322450965939767,0,1
-0.001004671794124,0.1002908417524424,1,1
0.019887514328223,0.0875858734391233,1,1
0.0215654307526951,0.0677472258454084,1,1
0.0631459247889198,0.0972680808025361,1,1
0.0980372922697929,0.0750129786969512,1,1
0.0950983381478377,0.1094493703518519,1,1
0.0920502754163727,0.1540779250856106,1,1
0.1235573542290287,0.1406914686224078,1,1
0.111794050251626,0.1197428886505699,1,1
0.0680310648992286,0.1274478137570132,1,1
0.0911057212720108,0.1416976257253571,1,1
0.0710511985488994,0.1482208723992759,1,1
0.1204581383844657,0.1227444226136335,1,1
0.0920783383798457,0.1610047945894724,1,1
0.2726550407630362,0.1610047945894724,1,1
0.3121512184798589,0.1897314775831406,1,1
0.2860068276290913,0.1782926141361934,0,1
0.2757301787546355,0.1324445795696393,0,1
0.0137417218950188,0.1324445795696393,0,1
0.0575793702314678,0.096727654433359,0,1
0.1073813006869121,0.1351152401102416,1,1
0.2841344098658053,0.1351152401102416,1,1
0.3151345528453461,0.1296132202473269,1,1
0.3628344618923008,0.1009996442303733,0,1
0.4051558894915288,0.0742667010005853,0,1
-0.0295974459880394,0.0742667010005853,0,1
-0.0074290109744373,0.0315579064322586,0,1
0.0202095710118685,0.036148491033429,1,1
0.0531857513003006,0.0512090806220464,1,1
0.0523066583179544,0.0888090730075742,1,1
0.0798952226989838,0.0403863473267485,1,1
0.1055253811244301,0.0542984532254904,0,1
0.1350626386479803,0.0170807791098023,0,1
0.1089061662745632,0.0541914954384083,0,1
0.0690257798430678,0.1027872619440781,0,1
0.0712657459993457,0.0963922357535294,0,1
0.0917153078851851,0.1304091355605469,1,1
0.087349533648019,0.1589018461006676,1,1
0.0900740108039158,0.1797017111701264,1,1
0.0411004480644624,0.1878424295299391,1,1
0.0503792683902104,0.1753148233669708,1,1
0.0512085488873273,0.1500845545860653,1,1
0.0392618374297544,0.1961619818460602,1,1
0.0512456424473599,0.2090464587467354,1,1
0.3552435062483755,0.2090464587467354,1,1
0.3950298862041058,0.2138600405745446,1,1
0.353191386214517,0.2081884569214528,0,1
0.3505969179575042,0.1883726460700796,0,1
0.3734931864641648,0.1871480439842253,0,1
0.401639665710896,0.1480858660487797,0,1
0.4463706986369523,0.1136575571191635,0,1
0.4482929050400823,0.0973147625734381,0,1
0.4020234343704997,0.1342543282006135,0,1
0.4381947320263016,0.0969399219975404,0,1
-0.0439475045626305,0.0969399219975404,0,1
-0.0065218421805818,0.0520489069966514,0,1
0.0105349163679806,0.0168405291033151,1,1
0.0363885579072116,0.0264445595243768,1,1
0.0599832956641069,0.0645288843393858,1,1
0.0753650834927073,0.0427787911353396,1,1
0.0532463727007322,0.0552910513998947,1,1
0.0862627908482526,0.0463033388285192,0,1
0.0546124687406232,0.060985645706214,1,1
0.0849433977706259,0.0908119694037632,1,1
0.0404902107986865,0.1046704174655806,1,1
0.0747048510533815,0.1344198335003787,1,1
0.0645920045847933,0.1127739685040397,1,1
0.0767845249684859,0.108639451809074,1,1
0.1029804834598242,0.1167984096646876,1,1
0.1510400793027294,0.1158643213012042,1,1
0.1921890453696768,0.0725354482090327,1,1
0.2334323030644647,0.0862374291644195,0,1
0.2787098290152586,0.1142555270897024,0,1
0.2667357815626311,0.0820700813509373,0,1
0.3019974093497022,0.0484906291547722,0,1
0.308118642631859,0.059200888151957,0,1
0.3202768624286442,0.0420233609245823,0,1
-0.1054735989592596,0.0420233609245823,0,1
-0.0894423816051703,0.0779085064486577,0,1
-0.0740535563232016,0.0775647052018855,1,1
-0.0285974022994953,0.0971090349046349,1,1
0.2415137896620922,0.0971090349046349,1,1
0.2481726460749773,0.0849372827720024,1,1
0.266844510621486,0.0570830964731794,0,1
0.2610685964911958,0.0464492756423695,0,1
0.2809672137944707,0.0783543137766547,0,1
0.3188105283956549,0.0469993644225491,0,1
0.3165637494780849,0.0671574822727121,0,1
0.320238085293253,0.0877755621678854,0,1
-0.0531222549655587,0.0877755621678854,0,1
-0.0167447061459395,0.0760396282777432,0,1
0.1993998048451183,0.0760396282777432,0,1
0.2273648639986781,0.0901484189460649,0,1
0.2201658989544786,0.1236813582798653,0,1
0.2675914430656336,0.1591866604516913,0,1
0.2912823692512649,0.1244808592334735,0,1
0.0177452429464117,0.1244808592334735,0,1
0.0375107057069,0.140216404129905,0,1
0.0400746486123814,0.094256826793077,1,1
0.0494342170459525,0.1043195754396005,1,1
0.0659935298828245,0.0965292285683375,1,1
0.0907730183625161,0.1455944140808223,1,1
0.0475336094006658,0.1261526955354702,1,1
0.0789117539477573,0.1459044998132379,1,1
0.2773637092486665,0.1459044998132379,1,1
0.2952339555949074,0.1492755477386323,1,1
0.0003147617682117,0.1492755477386323,1,1
0.0222021144651965,0.1432439620151077,1,1
0.2430545331187256,0.1432439620151077,0,1
0.2627264108729729,0.1198041701541828,0,1
0.2407695189121964,0.1087919817261842,0,1
0.2610256850853732,0.1582755942176603,0,1
0.3070904827163582,0.1722703133090758,0,1
0.0315100624992886,0.1722703133090758,0,1
0.0327030247228362,0.1642056105421238,0,1
0.0374031810657907,0.1631897009446031,1,1
0.2963463759461853,0.1631897009446031,1,1
0.3118112220898009,0.1339458568807827,1,1
-0.0046931897374998,0.1339458568807827,1,1
0.0309438950307792,0.0981927135561424,1,1
0.0782114429185851,0.1316127279391447,1,1
0.0745798881912059,0.1265448959333499,1,1
0.1135159715413848,0.160461911365066,1,1
0.0996801200725668,0.1574788901312853,1,1
0.1474386007827521,0.1268854638210896,1,1
0.1738168820682707,0.087981893590037,1,1
0.2116984601449355,0.082539973839344,0,1
0.2456968332935101,0.0901770874593398,0,1
0.216215868687546,0.1161021061190139,0,1
0.2285961991896131,0.1220037428778551,0,1
0.2609624682411816,0.0866155393809685,0,1
0.2256869137357736,0.0486605064960142,0,1
0.1984276929141242,0.0516298558046177,0,1
0.2008950528021034,0.0125551954101445,0,1
-0.1157186663632856,0.0125551954101445,0,1
-0.0923275648286204,0.0395883931053973,0,1
-0.0587028123146483,0.0469708061069725,1,1
0.1575603185696009,0.0469708061069725,1,1
0.1619619267827075,0.0544653241466939,1,1
0.1692551891621384,0.0586252069552731,0,1
0.1853245910819675,0.0417550399933526,0,1
0.1805893362349402,0.0901977977767313,0,1
0.2277539331513581,0.069747056147748,0,1
0.187243468116121,0.0549149011589389,0,1
0.1634799272460957,0.0799788860577064,0,1
0.1999971516397,0.1053297197062416,0,1
-0.0107181179478146,0.1053297197062416,0,1
0.0329540402217639,0.1050944252889919,0,1
0.0775975228640343,0.0655992667525369,0,1
0.0329110650732739,0.0338368968543765,1,1
0.03312255442236,0.0802882732706072,1,1
0.0692011814666775,0.0994086312498815,1,1
0.1002194181135065,0.110728181150492,1,1
0.1131294597695586,0.1092303384870802,1,1
0.0914451464319072,0.0990842051588778,1,1
0.0629638479818171,0.0887934322830828,1,1
0.0459086796321055,0.0431594669190407,1,1
0.0789852084388995,0.0608378254241121,0,1
0.0994806623982068,0.0144762613603097,0,1
0.0700558820975466,0.0483600979632779,0,1
0.0278997014141532,0.0940528860068229,0,1
0.0715526834606166,0.1419173169105063,0,1
0.0438498992462961,0.1458144184800893,1,1
0.0895222456406297,0.1259120273628579,1,1
0.1043719769930284,0.0922661499503042,1,1
0.146432902850742,0.09762364202556,1,1
0.143835677757935,0.1318323893478772,0,1
0.1923961872541508,0.1303132472900129,0,1
0.1860946513311974,0.1508866826635937,0,1
0.1403643623033495,0.1234025658974835,0,1
0.1092105332315789,0.0747954869910478,0,1
0.0738336898207131,0.0743914785713663,0,1
0.0252457182396722,0.0894371776269527,0,1
0.0344851135436101,0.0601080082831291,1,1
0.0719134384657937,0.0332595350894005,1,1
0.1027739533988298,0.0556230839885279,1,1
0.1259997287229909,0.1025593554972949,0,1
0.134656926115719,0.0989619796708937,0,1
0.1244827517200073,0.1399141248375652,0,1
0.0825733828515065,0.0902664181659412,0,1
0.0592018596257246,0.0932445870191064,1,1
0.0608552356657515,0.0544806308414639,1,1
0.0469581734717352,0.004492664645487,1,1
0.0724223690725603,0.0210725174192483,0,1
0.1072643082788268,0.0558517829417774,0,1
0.0925703716096272,0.0681971121194645,0,1
0.0937881452204036,0.0560752069533486,0,1
0.0858444287463052,0.0763733948787658,0,1
0.1108599617068945,0.0637979845689889,0,1
0.0836359434315228,0.0338729723641948,0,1
-0.0803253715321705,0.0338729723641948,0,1
-0.0779261114020547,0.0650598125432804,0,1
-0.0315961882571754,0.0165103774085968,1,1
0.1368139696935024,0.0165103774085968,1,1
0.09405898977546,0.0457103938757905,1,1
0.0448730939870576,0.0734749604035545,1,1
0.0780292493005175,0.0582850213613797,0,1
0.0509351638586316,0.0429178301137779,0,1
0.042410439285563,0.0489176035772625,0,1
0.0880364311214579,0.0769057310858779,0,1
0.1263707367944152,0.0933382935363081,0,1
0.1591619609252819,0.0562507515274386,0,1
0.1110604564365642,0.0429071745599075,0,1
-0.1027819736468221,0.0429071745599075,0,1
-0.0866230402095966,0.0535132903850885,0,1
-0.0833143614026312,0.0110260183293662,1,1
-0.0601827863521736,0.0246474258841767,1,1
-0.0108516892280651,0.0333523255708526,1,1
0.0072885336585828,0.0784396369215762,1,1
0.0400643769334462,0.090083126334037,1,1
0.071761799081003,0.1221091950985331,1,1
0.0577360462403899,0.1212018458025187,1,1
0.2351807397390772,0.1212018458025187,1,1
0.2042821097044764,0.1554104277463934,1,1
0.1914182340367703,0.1512180257342633,0,1
0.2208828582741297,0.1093808207284781,0,1
0.1980391725931762,0.1025856205250693,0,1
0.2031413045253109,0.0812873613208127,0,1
0.1978430403767081,0.094078184996474,0,1
-0.028884643111722,0.094078184996474,0,1
-0.0012033395374358,0.056575401779153,0,1
0.0345023252245096,0.0147434107495869,0,1
0.0387614946262407,0.0496695798083883,1,1
0.0775713425522812,0.0894369372571865,1,1
0.0639857425455647,0.129106010662142,1,1
0.0351868938364939,0.1512605866003138,1,1
0.0708152084127284,0.1867308762408051,1,1
0.0346042650459005,0.1821271908509848,1,1
0.0360508665018643,0.2316039808353079,1,1
0.0443567589292884,0.2244641830207337,1,1
0.0828458589125583,0.267432953868586,1,1
0.0581479273115276,0.2783903194586281,1,1
0.4049388945029847,0.2783903194586281,1,1
0.3575853239439457,0.2938350264939992,1,1
0.3414004132135886,0.3013869279387146,0,1
0.3266132195620562,0.3000408584286919,0,1
0.2982278788775168,0.2545475707337744,0,1
0.3170530019017419,0.2966882075949191,0,1
0.3556241865671626,0.2984019760767383,0,1
0.1723457493716214,0.2984019760767383,0,1
0.1640062600117837,0.2678002144365904,0,1
0.1748400143769592,0.2669952124510342,1,1
0.2110377581684437,0.2989386726673574,1,1
0.1946748001115376,0.280346220921961,1,1
0.2239705653785896,0.2378531064158309,1,1
0.1827227057060095,0.2713505214814767,1,1
0.3849826490244263,0.2713505214814767,1,1
0.3764992312402132,0.2533851686944556,1,1
0.3349034141158308,0.2076967071729369,0,1
0.0594011107125577,0.2076967071729369,0,1
0.036745023351357,0.1714985810594904,0,1
0.0374868294021927,0.1988551237659533,1,1
0.0587873018518625,0.2304046472837941,1,1
0.0439296195760287,0.2381031290877058,1,1
0.0685236520989784,0.215148869012053,1,1
0.3464933226551065,0.215148869012053,1,1
0.3756863533387189,0.2448356634786876,1,1
0.3756467060238889,0.2941689277617335,0,1
0.4024817207765878,0.3294746606455312,0,1
0.4352510510086385,0.3121234866076471,0,1
0.1809834418070511,0.3121234866076471,0,1
0.2011467316172093,0.2799278666734726,0,1
0.2066163305560338,0.2580095392204731,1,1
0.1877899179115992,0.3068239687435277,1,1
0.2166045016830259,0.3462377316179035,1,1
0.2486932581619658,0.3333270773599719,1,1
0.2297517713037339,0.2887463483826072,1,1
0.1848620913215231,0.3253102058838017,1,1
0.2128268080695118,0.3181905722740692,1,1
0.2240040479862349,0.2795488159434074,1,1
0.4057554027133452,0.2795488159434074,1,1
0.4388695633435773,0.2916582627209608,1,1
0.3958278777917553,0.3331819258835783,0,1
0.3524435741749452,0.3083145282358916,0,1
0.3993573566022851,0.3005374445811746,0,1
0.4430285843529056,0.2965526960007479,0,1
0.4250705130631091,0.289577237570442,0,1
0.4506733294478234,0.2417679221283996,0,1
0.4692448710298034,0.1973519140653298,0,1
0.0923716781840485,0.1973519140653298,0,1
0.077343301274931,0.213276997170371,0,1
0.0869217387379436,0.2388358397826145,1,1
0.0410682880577163,0.2192564810108725,1,1
0.3510154606168114,0.2192564810108725,1,1
0.3031850437310097,0.2411328313825619,1,1
0.2725589048164836,0.2710478764389039,0,1
0.3037847064566826,0.2217972973495422,0,1
0.2712782302703379,0.2012138926877113,0,1
0.3153271882443036,0.2447326834978884,0,1
0.2979915864703781,0.2836048801267106,0,1
0.1474360760871484,0.2836048801267106,0,1
0.1811138789942049,0.2738093341441898,0,1
0.1821885458962151,0.2785450190630534,1,1
0.1464356431190685,0.304331900520631,1,1
0.1480001075909811,0.3372947858024447,1,1
0.1750965597671296,0.3544352465628461,1,1
0.2015929477517915,0.3376484588262312,1,1
0.2374449572462718,0.3830085999683687,1,1
0.2099010191617749,0.3673668115327043,1,1
0.4925021358191634,0.3673668115327043,1,1
0.5292506617789556,0.3407799744936679,1,1
0.5542058468569526,0.3008640842483183,0,1
0.525659277796371,0.2561864560503859,0,1
0.5747002084896085,0.2148420653518941,0,1
0.621351261985943,0.2487215222092926,0,1
0.6128341435759224,0.2796524920950887,0,1
0.6195066577571298,0.2364553681562861,0,1
0.648571289498119,0.2626662654884327,0,1
0.6674427034532144,0.2568716993847647,0,1
0.1540183611544487,0.2568716993847647,0,1
0.1875833698591375,0.2822749744734646,0,1
0.2109177112065958,0.2958486042109733,1,1
0.2124872713424533,0.2608292204458349,1,1
0.2076527879409905,0.2643787992665551,1,1
0.2082975864803254,0.3010454326540616,1,1
0.2268933792090994,0.2580160045030061,1,1
0.2413835530503037,0.3073773845926987,1,1
0.2168759153739411,0.3483334445938177,1,1
0.4827563984516119,0.3483334445938177,1,1
0.4730623097601441,0.387216411828774,1,1
0.4434339281115689,0.4310871512776328,0,1
0.4046425112081487,0.4484078163456865,0,1
0.4494174638721209,0.4811980537355388,0,1
0.418287008828453,0.4546086159719923,1,1
0.4097207785264572,0.439095096588502,1,1
0.5448762809619592,0.439095096588502,1,1
0.5660967490673214,0.4757854174220523,1,1
0.3412245758600706,0.4757854174220523,1,1
0.3849662249857997,0.4397436338150345,1,1
0.427348865084736,0.4773729956329325,1,1
0.4607454654619664,0.4439303753572851,1,1
0.4160180214967227,0.4363478628897869,1,1
0.3992546881969626,0.4634592000571071,1,1
0.4397918876243825,0.4580246835260504,1,1
0.4846062468834986,0.4731018606965122,1,1
0.4516655502100216,0.5162138735130799,1,1
0.4685884191755762,0.5017975810276879,1,1
0.4962227120914873,0.5139033773744269,1,1
0.4538702431059215,0.546134641590702,1,1
0.4391130770017346,0.5833832638345402,1,1
0.4197193670996447,0.6120089750003829,1,1
0.3768039409517497,0.6060227328258684,1,1
0.3882155987796046,0.6526661352165894,1,1
0.7544667666757585,0.6526661352165894,1,1
0.7726273616712813,0.6294211122162644,1,1
0.7367879103548911,0.6288658243602575,0,1
0.4468814166247848,0.6288658243602575,0,1
0.4616747808312396,0.6337152651184019,0,1
0.7043500062010107,0.6337152651184019,0,1
0.7209122681287085,0.629323382056463,0,1
0.6780469297130117,0.6172297921599663,0,1
0.6513978367626843,0.6210075807504216,0,1
0.6091928378298328,0.6260881351921156,0,1
0.4731969908616738,0.6260881351921156,0,1
0.5197609182536628,0.6223714911339666,0,1
0.5361319734635656,0.5774873802251771,1,1
0.5591849453441172,0.5669890056071846,1,1
0.549979041855555,0.5306756477646849,1,1
0.536094668887145,0.5571645475732729,0,1
0.4892179188859222,0.51292219427423,0,1
0.5176925993643274,0.5500742662226854,0,1
0.4751132742516712,0.5709352168134695,1,1
0.5041991643901443,0.5226863158938106,1,1
0.4789973793515091,0.5294758609879366,1,1
0.4846527952209954,0.541632678356393,1,1
0.4917791867852614,0.519652763405666,1,1
0.5328811209791698,0.5387239984766524,1,1
0.5689242597750699,0.501126225306153,1,1
0.5219011287932249,0.505311861258495,0,1
0.5518701605952534,0.4606954606604073,0,1
0.5278969881234393,0.448823024735597,0,1
0.5019086707733662,0.4928093716548958,0,1
0.5115086985113301,0.5404764755244736,0,1
0.5266449766328261,0.5693767247599182,0,1
0.5454393225426566,0.5293278733765141,0,1
0.5743077684650608,0.5436777914583485,0,1
0.5578275295088466,0.5112681509292023,0,1
0.5101069489156095,0.5219355827921274,0,1
0.5345652676301833,0.5131948324273852,0,1
0.5248981720510797,0.5545678644020726,0,1
0.5502395439795837,0.5632749917555122,0,1
0.5728193528343303,0.5699298011405312,0,1
0.5436096499440454,0.5425391056528672,0,1
0.522211155012591,0.5385711251329346,0,1
0.5004493539220868,0.5422790090767815,0,1
0.4685231132323668,0.5662217082519486,0,1
0.4542299671363887,0.5474189955035038,1,1
0.4747122243862182,0.5262674426038773,1,1
0.467676088764926,0.4833729698747265,1,1
0.4794692082564211,0.5196416876923198,1,1
0.4797650650133604,0.5062692246659076,1,1
0.4842105442829379,0.5399336818904658,1,1
0.4617858691385102,0.5022002207377236,1,1
0.4773465950134397,0.5387753475976763,1,1
0.4957743903102874,0.5641783202689348,1,1
0.479505511428753,0.6002625921768419,1,1
0.4588531727807572,0.5818890412991974,1,1
0.4324172500732469,0.6125993282605606,1,1
0.6769913949795394,0.6125993282605606,1,1
0.7108470442035905,0.5750989320437477,1,1
0.6762227406425135,0.5596806041226762,0,1
0.6277815510869997,0.5478721914775937,0,1
0.3888333657217206,0.5478721914775937,0,1
0.363424025318969,0.4997045981007434,0,1
0.3620376254193128,0.4832006495217582,1,1
0.3312823291579742,0.4396987836074088,1,1
0.3711157683219414,0.4659766888759445,1,1
0.3310664645998297,0.4354090602493022,1,1
0.3581801419189391,0.485289625919254,1,1
0.3234011206752319,0.4602846710311747,1,1
0.2811185067162656,0.4309166569188677,1,1
0.5288417196494608,0.4309166569188677,1,1
0.5310795196142276,0.479574707153973,1,1
0.5124019382506924,0.4673729358413707,0,1
0.4760249236275246,0.5089901932671586,0,1
0.4877531843053372,0.5330779557111656,0,1
0.4844045180556861,0.5514439740999673,1,1
0.5033753271843244,0.5429279325709139,1,1
0.5405347740382254,0.5699997649678172,1,1
0.4973105281236079,0.6153101297627339,1,1
0.5050286982935156,0.5967345442369436,1,1
0.4847597237482455,0.6356252715302017,1,1
0.4524325611159002,0.6720642427522839,1,1
0.491968407644243,0.6933784336897633,1,1
0.46740772312263,0.7124898049129578,1,1
0.4946248017594394,0.7141544039342032,1,1
0.4798822095545161,0.7067721625145058,1,1
0.758321191583825,0.7067721625145058,1,1
0.8083085174611895,0.7053371090970421,1,1
0.8035629910665156,0.7463197954064464,0,1
0.7970382913584332,0.6965582428709284,0,1
0.8068179526281984,0.6747426364654063,0,1
0.4915395507814116,0.6747426364654063,0,1
0.4443421624449027,0.722717286608286,0,1
0.4390419461373965,0.7510453779529969,1,1
0.4251796129794464,0.7378079112850956,1,1
0.4340831434858834,0.7457282116638855,1,1
0.4366747148228618,0.7795106820799672,1,1
0.411229067467089,0.7312090068262724,1,1
0.3711175080306839,0.7147133050703016,1,1
0.7757474377479047,0.7147133050703016,1,1
0.7634778533078204,0.7529067918537409,1,1
0.7798563518740484,0.7424348830213653,0,1
0.8293668734696142,0.7494642851100762,0,1
0.8598448439271219,0.7982878824510142,0,1
0.9048170551097536,0.8196537725598408,0,1
0.914112214821461,0.847951030530155,0,1
0.6473834459416167,0.847951030530155,0,1
0.6431825192744827,0.8563812175411768,0,1
0.6286955259519871,0.8699819972351743,1,1
0.6593872846768896,0.8220722096420524,1,1
0.8655954946730855,0.8220722096420524,1,1
0.8756782988504349,0.7769842363663202,1,1
0.8392339076687866,0.7657549882954738,0,1
0.8728004571278171,0.8081676972653546,0,1
0.9108838424553598,0.8367348947366632,0,1
0.8845956087769928,0.8617853986359795,0,1
0.8813474683437189,0.8440752364141705,0,1
0.9262052556792774,0.8017593441136902,0,1
0.5921411641703861,0.8017593441136902,0,1
0.6226071449744583,0.8070553241381312,0,1
0.6653568157478271,0.7916027869563736,1,1
0.6669057339926964,0.832735794085337,1,1
0.6703246694359563,0.8116359785902831,1,1
0.6797167857767881,0.7751649549821984,1,1
0.64132352063952,0.7661346440555509,1,1
0.6709932396117216,0.7524449495267974,1,1
0.6561475198531694,0.714172876921759,1,1
0.6796937546174682,0.6834521883149601,1,1
0.7125739484305686,0.7120451016702007,0,1
0.7518449216823185,0.7525644364686406,0,1
0.7606966644441233,0.7509595270312034,0,1
0.7538136348437682,0.7129916864934134,0,1
0.7468443942921626,0.7047302781249244,0,1
0.7304909360761154,0.7514474399288342,0,1
0.7654882258788103,0.740253595972833,0,1
0.5339629210825594,0.740253595972833,0,1
0.5713750110300806,0.7383936264046997,0,1
0.5835104691618287,0.7283187283954091,1,1
0.5786086791940102,0.746062900138168,1,1
0.61175789134881,0.7398853980505279,1,1
0.6609995808165968,0.7697548142765255,1,1
0.6445667139695953,0.7842554798655776,1,1
0.8306834677105415,0.7842554798655776,1,1
0.8607801220319587,0.8242111282281253,1,1
0.6191020459099084,0.8242111282281253,1,1
0.6531983630967315,0.8188432933906029,1,1
0.6707784117657397,0.8413818119736154,1,1
0.6872415705360831,0.831787906018201,1,1
0.6819664280302078,0.8724618512392391,1,1
0.6981128461190151,0.9211479900385036,1,1
0.6583428724268547,0.8815970106271527,1,1
0.8892613120383557,0.8815970106271527,1,1
0.9392333505458,0.8777773910684059,1,1
0.9706587174877924,0.8406535189542884,0,1
0.922072079493406,0.8491325445881237,0,1
0.9457222070029314,0.820520104333356,0,1
0.927725191308822,0.8703522461117029,0,1
0.6420001717344648,0.8703522461117029,0,1
0.6477301929847578,0.8839676027088552,0,1
0.5984025330363387,0.9087022858621624,1,1
0.5525451872528399,0.9469768407530944,1,1
0.5571449701994118,0.9746694244026364,1,1
0.5463825019535155,0.956827249815588,1,1
0.5365087740238286,0.9256347677179156,1,1
0.5024640715964661,0.9233217095097224,1,1
0.9227869077619844,0.9233217095097224,1,1
0.8889915276738984,0.928879847269302,1,1
0.8469887356922565,0.8936830026503527,0,1
0.6323350088533171,0.8936830026503527,0,1
0.6754237681592852,0.8474139815031262,0,1
0.7242382715906193,0.8133512199200993,1,1
0.7613567939331186,0.8333332480441968,1,1
0.760081662547178,0.7982560543036017,1,1
0.781432587067238,0.7996058550154009,0,1
0.7420740367188764,0.7746749236701896,0,1
0.5827321900305052,0.7746749236701896,0,1
0.6130875513116877,0.7512047477574345,0,1
0.5837858967917587,0.7563078378994728,1,1
0.5358393487106677,0.7960022850474617,1,1
0.5536599099532609,0.7931712125526253,1,1
0.5042810533859681,0.8073091531777424,1,1
0.5161936117361874,0.7709546868333005,1,1
0.5376691569099814,0.7263818379911986,1,1
0.8085061665246512,0.7263818379911986,1,1
0.773070748223054,0.7746575001186409,1,1
0.7666611330014768,0.7517437158899419,0,1
0.7554606653927566,0.7489776880537322,0,1
0.7995951855073191,0.7123950155624879,0,1
0.7605962444212712,0.6749408052923249,0,1
0.7890450695516212,0.673294572366189,0,1
0.5111713157255295,0.673294572366189,0,1
0.527383254154784,0.6722825901526328,0,1
0.7494109885381638,0.6722825901526328,0,1
0.7304243830330686,0.6284268295485672,0,1
0.7477865903762785,0.6136447696070962,0,1
0.7071280709514828,0.5741417719322865,0,1
0.4398762379778008,0.5741417719322865,0,1
0.3925462013430515,0.5937651336913609,0,1
0.4153370847547573,0.6315492174998409,1,1
0.7094754942613822,0.6315492174998409,1,1
0.7097396582925378,0.6692331467295907,1,1
0.6925088455478166,0.7174148552523093,0,1
0.7096879627622443,0.7549860453053431,0,1
0.7227400639827493,0.7082819979667738,0,1
0.7666141079223548,0.7353614759900323,0,1
0.8122318116482786,0.7605870917297721,0,1
0.8022748223666992,0.7399517458191258,0,1
0.7921410810846976,0.7339197644732074,0,1
0.5394973421198093,0.7339197644732074,0,1
0.5072332433328095,0.7101049824456828,0,1
0.5179393421869345,0.6938956476116548,1,1
0.5370051640026021,0.7391393890189707,1,1
0.4880112708438824,0.7362935223138533,1,1
0.4759129576125483,0.7266267602810276,1,1
0.4698457833483615,0.7110565231546527,1,1
0.4872795956939459,0.7005842168573027,1,1
0.777981919343713,0.7005842168573027,1,1
0.778054139621553,0.6723297223357216,1,1
0.7977725403024265,0.695411930380947,0,1
0.7964241393229778,0.6487997123097016,0,1
0.8176524575645291,0.6700283754243254,0,1
0.8238685543036728,0.6777535581142934,0,1
0.8052435080469023,0.676001060446909,0,1
0.4971087021436087,0.676001060446909,0,1
0.4543086503925747,0.6925745777352244,0,1
0.4353762290780106,0.7035382616073927,1,1
0.3944139820319127,0.6822690807941686,1,1
0.4341178297430654,0.7007033322210202,1,1
0.468719919617045,0.7215392352921648,1,1
0.4204688423160911,0.7557330611586545,1,1
0.3775987610261735,0.771062604140027,1,1
0.8020153151388025,0.771062604140027,1,1
0.8175432471058446,0.751969380980835,1,1
0.8299170352024525,0.7808490957564216,0,1
0.8017818003343041,0.733785829192646,0,1
0.7783737163336386,0.6872877848176078,0,1
0.7720336041138195,0.726258242429421,0,1
0.7743725881934109,0.6910085297377161,0,1
0.7257338736198967,0.6717682415483474,0,1
0.7156169159952227,0.6285636206681803,0,1
0.4492140177718496,0.6285636206681803,0,1
0.4399587052066944,0.6755474740115361,0,1
0.462495958205767,0.649488820537571,1,1
0.4843416661319244,0.5999524182421603,1,1
0.5286903681813291,0.5537238527344827,1,1
0.5766698310653315,0.5880528927395217,1,1
0.5746681116832164,0.5410562792941696,0,1
0.6095399864956661,0.540917894404273,0,1
0.6491657416112666,0.502469352526094,0,1
0.6932526676948714,0.5225430322121136,0,1
0.3548289427260708,0.5225430322121136,0,1
0.3724436187725757,0.5669421881965784,0,1
0.3895062926318307,0.5945255016186456,1,1
0.373620835704745,0.6053845723110587,1,1
0.6798287081645246,0.6053845723110587,1,1
0.6642628615559956,0.629415502543396,1,1
0.6533853850920237,0.5815481136461609,0,1
0.6424270567726614,0.5689994335679698,0,1
0.6672663357603201,0.5374284752651569,0,1
0.6297352329778727,0.5155963458152707,0,1
0.6040830259626502,0.5118123275166552,0,1
0.6157884014385456,0.5351366923937265,0,1
0.595146808541901,0.5127027515633615,0,1
0.5520717757031658,0.5328318507730314,0,1
0.3951387331447578,0.5328318507730314,0,1
0.3848925225702407,0.4836900753254658,0,1
0.3672594379391075,0.4430579253989268,1,1
0.5403622686699664,0.4430579253989268,1,1
0.5353365326085946,0.4676217615531624,1,1
0.5148173321124135,0.420672977141676,0,1
0.2668665508677336,0.420672977141676,0,1
0.2714384046682861,0.3948467041047481,0,1
0.2625559570510645,0.3784743777885959,1,1
0.2863140146415414,0.3998856153990759,1,1
0.2870913434680855,0.3808375026678888,1,1
0.3328781196727681,0.4302182235287527,1,1
0.3111487245554845,0.3825813547323368,1,1
0.4971435306829442,0.3825813547323368,1,1
0.4765436996828447,0.3809807399605853,1,1
0.4952786647535454,0.4193664804074738,0,1
0.5132529581124831,0.410361367322052,0,1
0.4647037349679015,0.4488001369482075,0,1
0.4606525570093636,0.4452496492883042,0,1
0.4404976547787113,0.4580564130688075,0,1
0.4480008890408198,0.5077654181906842,0,1
0.4970615645984556,0.5327052683665991,1,1
0.530423572358794,0.5053337125318962,1,1
0.4805339642147068,0.5329574345069795,1,1
0.50201476738289,0.564942327392215,1,1
0.4931857790493456,0.5565342884684665,1,1
0.4760502114147678,0.593870403145897,1,1
0.4765193828556066,0.5450344139207202,1,1
0.4385209034661135,0.5133508756784171,1,1
0.4580030784313146,0.4713019745673431,1,1
0.4974992104898963,0.4966720129287806,1,1
0.4770265077703102,0.4936640940851081,0,1
0.5194086137675374,0.4998334059140424,0,1
0.5018487525783812,0.5154534105927099,0,1
0.4876961744803266,0.5361025671547853,0,1
0.4903377535625447,0.5336813297475933,0,1
0.525132568453698,0.5026155590500619,0,1
0.501597773561393,0.4548917914334185,0,1
0.5260535950368105,0.4906374813124254,0,1
0.4873375352112181,0.4740713093500718,0,1
0.531792511610209,0.4601748041539262,0,1
0.549523241766228,0.4648823895455771,0,1
0.5333454266348242,0.4622456119388191,0,1
0.5530000732804152,0.5096652069122996,0,1
0.3388453204568535,0.5096652069122996,0,1
0.3234190150968132,0.5054058783996399,0,1
0.3022430620377968,0.4713010380404236,1,1
0.2780437074084236,0.4242580904893061,1,1
0.2928176090326373,0.3801018103639653,1,1
0.2557836692350513,0.3314869643373749,1,1
0.2531216751159181,0.3508134834655854,1,1
0.2863460604968728,0.3672099637108286,1,1
0.2716273308300989,0.3911918627375508,1,1
0.4975933508322441,0.3911918627375508,1,1
0.4695379821915473,0.3736175257073873,1,1
0.4877347091928573,0.4225293036565657,0,1
0.505697025474666,0.4715326915082206,0,1
0.5507278129711033,0.5034737865130541,0,1
0.5127878917893005,0.5524531594899385,0,1
0.535000744958138,0.5516459506644429,0,1
0.5638880007219599,0.5250608401277651,0,1
0.5978493497903565,0.4952399931067368,0,1
0.6077739265226998,0.5066370367744216,0,1
0.6220804348102186,0.5036741018517421,0,1
0.655600357437712,0.4779186203954329,0,1
0.6856626332995586,0.5020548217675697,0,1
0.6848378922815582,0.4887310341159862,0,1
0.666954733240066,0.5078741269497055,0,1
0.3676159718155755,0.5078741269497055,0,1
0.3375461536812467,0.461875803429893,0,1
0.0903305671881299,0.9357422127023556,1,2
0.0815987094116953,0.9297638316130872,1,2
0.1237421454415907,0.8908543264182964,1,2
0.0769608235022652,0.8937840432862634,1,2
0.0755233386980174,0.8449337069357957,1,2
0.0662830329884736,0.7993320812830685,1,2
0.0435456597248142,0.8180368985964581,1,2
0.0523022937497212,0.8654411127461205,1,2
0.0199633499815612,0.8601373146167014,1,2
0.9307025579713292,0.8601373146167014,1,2
0.9263673084670404,0.8687612109438277,1,2
0.9657065154976178,0.8908723742971089,0,2
0.6354432504812386,0.8908723742971089,0,2
0.6064316133234467,0.8701666702926395,0,2
0.6137772081176063,0.8370950013954005,1,2
0.6404662940842383,0.8716981166534061,1,2
0.908513460292428,0.8716981166534061,1,2
0.8851479525662567,0.8678310498721654,1,2
0.9225644829692228,0.8436381794581944,0,2
0.9322746274099176,0.8508442273053288,0,2
0.9346258259716712,0.8321073117876958,0,2
0.8917295891286606,0.8204503520917666,0,2
0.9031183701550184,0.7895756466578437,0,2
0.936559993838844,0.7631762585330963,0,2
0.9780970741395856,0.7575523151520736,0,2
0.6174846627651321,0.7575523151520736,0,2
0.6111822087358585,0.7360757674491312,0,2
0.5696815491901085,0.6924284674740718,1,2
0.6796238738748877,0.6924284674740718,1,2
0.727113111145145,0.6690972856068653,1,2
0.6921189819938306,0.6990053440104803,0,2
0.6527833560367786,0.736885305679394,0,2
0.6090185825707158,0.7114926101100919,0,2
0.6092934018192048,0.757642252003384,1,2
0.5918178799344276,0.7862721185242322,1,2
0.5980375077529791,0.7518882278712669,1,2
0.6418568223726763,0.7732538297646797,1,2
0.6584233417374072,0.8120440687275773,1,2
0.930728386131454,0.8120440687275773,1,2
0.9490897849543006,0.7983917135676144,1,2
0.9450299846702946,0.787550866743162,0,2
0.9910338396475908,0.797112036253116,0,2
0.6728871377728355,0.797112036253116,0,2
0.7142794563383087,0.8459263916034901,0,2
0.709369120096759,0.8663084059102484,1,2
0.675554920662801,0.8291344984195615,1,2
0.7092560550922044,0.820754278100452,1,2
0.7112200369166828,0.8634615585541479,1,2
0.7264081534046313,0.8752058028087848,1,2
0.7507572123326303,0.853035524354876,1,2
0.9371218788109196,0.853035524354876,1,2
0.944489159010534,0.9000970996365819,1,2
0.993035141318706,0.9488811252108325,0,2
0.9546956142693338,0.9075047603306832,0,2
0.9499398734449545,0.9198303309065072,0,2
0.9874932399618922,0.8897466105891858,0,2
0.945321423561135,0.8736777431219901,0,2
0.9725762960423175,0.8791997267658405,0,2
0.9407948782069048,0.8521996104058582,0,2
0.9450910369535792,0.8041145922405701,0,2
0.6866353562563792,0.8041145922405701,0,2
0.6896916845456792,0.8256859944274623,0,2
0.9281106787506288,0.8256859944274623,0,2
0.9609537129962156,0.7988564043354041,0,2
0.920808574384062,0.8138920784053996,0,2
0.9068997590832268,0.7950118123947331,0,2
0.8928475230518116,0.7820921331990126,0,2
0.933949486176096,0.8271807715765565,0,2
0.8903525439580368,0.8177645368910251,0,2
0.6480448887043073,0.8177645368910251,0,2
0.6444640028024256,0.8125575675114852,0,2
0.6478678845087138,0.8520520199899719,1,2
0.6642237760742643,0.8302087442622255,1,2
0.6870245546586697,0.8376113129235617,1,2
0.7097078073903712,0.8655543115792359,1,2
0.8867223106168027,0.8655543115792359,1,2
0.9293949002039258,0.8471723683583201,1,2
0.9190925027100968,0.8161288310753116,0,2
0.9609428106446648,0.837630535174101,0,2
0.922249039612386,0.8254884353111793,0,2
0.9311474102544124,0.8676138517667866,0,2
0.9757543114338816,0.9111611661051476,0,2
0.9756306601159044,0.8731316975934378,0,2
0.632091389267801,0.8731316975934378,0,2
0.5851290644784457,0.9160339206754998,0,2
0.5993000757678341,0.8933381043384365,1,2
0.5596264193700381,0.9039472975744524,1,2
0.5734533095720302,0.8804072876198527,1,2
0.5883021315831065,0.8862715435021864,1,2
0.5647153113884233,0.9119851823199856,1,2
0.5950856967339376,0.8933492834202008,1,2
0.8843534072702949,0.8933492834202008,1,2
0.8364982209850089,0.8905940039949003,1,2
0.8348218804095497,0.914763366070536,0,2
0.6019700471016138,0.914763366070536,0,2
0.6255006710357098,0.9419864180789868,0,2
0.6463271331560082,0.9642823322239782,0,2
0.6565460052331239,0.9393594868913788,1,2
0.6993860089579061,0.900559913930189,1,2
0.7331956688410347,0.8527271455700142,1,2
0.7780430910217578,0.881708422555746,1,2
0.7931641968778991,0.8593579388460961,1,2
0.7909272172211552,0.8622777077145998,0,2
0.7483295939790434,0.8417451240637762,0,2
0.7301055247006764,0.8158296234296486,0,2
0.7770048878385132,0.845762312276882,1,2
0.8075395842029098,0.8726310227636624,1,2
0.8512365392541863,0.8375782098119289,1,2
0.8428069494487062,0.853060766268503,0,2
0.8530715926242227,0.860588936368249,0,2
0.8672604788830173,0.8141620458285957,0,2
0.8195292328376056,0.8098347762173305,0,2
0.8440026782918936,0.8084729419845897,0,2
0.6428177390090868,0.8084729419845897,0,2
0.6487587565603539,0.7891601062495,0,2
0.5998582878605125,0.7831734517333997,1,2
0.622735732836886,0.7908651735625315,1,2
0.592889159980593,0.7573588078061405,1,2
0.5483295062729316,0.7625191720930897,1,2
0.8548412687384697,0.7625191720930897,1,2
0.8561990766127575,0.7494517317266552,1,2
0.8983838481296432,0.7029479093627748,0,2
0.9262499305194845,0.6628294420347057,0,2
0.9008895954663032,0.6815718732430398,0,2
0.4119294693114104,0.6815718732430398,0,2
0.403315270050215,0.7146810498539204,0,2
0.4107994398384998,0.7029019763967048,1,2
0.4407243304157519,0.6716826876047968,1,2
0.4444429250149281,0.7137430380226856,1,2
0.4720138304575497,0.7088757580741692,1,2
0.5160743809339956,0.6674124949497928,1,2
0.5097635636740275,0.69747919539442,1,2
0.5126845255074471,0.6905456580165367,1,2
0.5537790160652355,0.6956648933909144,1,2
0.5809097672208002,0.7392955906001688,1,2
0.5744969606424201,0.7660385831779711,1,2
0.5425541277562463,0.7436789915014651,1,2
0.5229877179628156,0.7270296926735484,1,2
0.8081505572943084,0.7270296926735484,1,2
0.8580269916067834,0.7330392744781524,1,2
0.8136375732982026,0.6974452254891645,0,2
0.470142151034617,0.6974452254891645,0,2
0.4576025356471463,0.7165003163547089,0,2
0.4292518686919547,0.7362053030350627,1,2
0.4120035323844171,0.7590677153130575,1,2
0.3700118921643377,0.7916725856912762,1,2
0.8891858594332508,0.7916725856912762,1,2
0.8970457350863168,0.8126984849698242,1,2
0.6773095210615935,0.8126984849698242,1,2
0.6855705231256516,0.7865831280808879,1,2
0.6365619979166933,0.7726450201206732,1,2
0.6835103405819964,0.7990146623437976,1,2
0.7297395548957939,0.7614923288904685,1,2
0.7025203213619519,0.7865576093394779,1,2
0.6834886996595351,0.797901258389676,1,2
0.9261268553525456,0.797901258389676,1,2
0.9185385739288852,0.8462925989848786,1,2
0.8731221492827138,0.861107491229048,0,2
0.9086484542133438,0.8549531013695812,0,2
0.8589242913734296,0.8307255991732632,0,2
0.8990377168385486,0.8295963595796896,0,2
0.67309079635386,0.8295963595796896,0,2
0.6287786407708583,0.8402617317707244,0,2
0.589872614341727,0.8137495731394978,1,2
0.6006707986586204,0.8424042861956763,1,2
0.620890597428358,0.8339028730181237,1,2
0.9053486489278528,0.8339028730181237,1,2
0.9342585291775612,0.8694917156723154,1,2
0.9221101631492964,0.8641429525330158,0,2
0.9416689867657874,0.8543765107589439,0,2
0.9303253265741264,0.9015902012506272,0,2
0.9437516266674534,0.9499516560778792,0,2
0.95617411773187,0.9628314763274708,0,2
0.4705526255482813,0.9628314763274708,0,2
0.5050377413746305,0.941092430692366,0,2
0.4740550023695795,0.9191772694445158,1,2
0.4912333321078239,0.901705266459146,1,2
0.4961410532370512,0.9429616026583456,1,2
0.524862879269901,0.9687287839181746,1,2
0.4938598612131277,0.9288035625927304,1,2
0.4706102780211713,0.960053325799722,1,2
0.4346238353045228,0.9349378875691302,1,2
0.7936349042382081,0.9349378875691302,1,2
0.796433083783194,0.9691065567829944,1,2
0.7617323121783628,0.9684312111071868,0,2
0.7581400226852981,0.962361107620644,0,2
0.7481848388024773,0.9209573039490496,0,2
0.751807896504892,0.9455918676275238,0,2
0.7995597354351287,0.9748791306363008,0,2
0.8427001660193729,0.9367818510224956,0,2
0.5581735304962396,0.9367818510224956,0,2
0.5091031589335355,0.9383845647581018,0,2
0.473030190984739,0.9076086781544156,1,2
0.8325317879595483,0.9076086781544156,1,2
0.7929750268873127,0.8873243039042967,1,2
0.7687869195022741,0.8992663306187252,0,2
0.8067064150949361,0.868226593683185,0,2
0.6782602782434486,0.868226593683185,0,2
0.6835769667767796,0.8985718170467902,0,2
0.6717343580173836,0.9092914318890752,1,2
0.7110309822281884,0.9092030388894043,1,2
0.7461885274021416,0.9203457594664872,1,2
0.728382995726701,0.8773673857618257,1,2
0.7114965123330834,0.8291203887765288,1,2
0.6647965656524772,0.8015046583374071,1,2
0.6678486286675407,0.794198791293734,1,2
0.6643237259870279,0.8304452759057647,1,2
0.7021038981565976,0.8710190525787079,1,2
0.7323097858580615,0.92055616101686,1,2
0.7063962975913216,0.9302521609098506,1,2
0.6850677064741579,0.8848009643343286,1,2
0.667087415271434,0.9048065110852924,1,2
0.6774572798802695,0.9413553203971602,0,2
0.6888554875920064,0.9722713885075271,0,2
0.6740692083244731,0.947003194911928,0,2
0.6600375620795526,0.904470538573329,0,2
0.6890123681790132,0.8894432219399722,0,2
0.6661981120929029,0.8594668885089907,1,2
0.6774561747209153,0.8806484202610427,1,2
0.6448286606948705,0.8842062259941983,1,2
0.6918761096219501,0.8541689329730671,1,2
0.6441352040745509,0.8277633645268119,1,2
0.6606368305839446,0.8042449881208314,1,2
0.6567014573067208,0.8535219272963859,1,2
0.9012750675438016,0.8535219272963859,1,2
0.927646124061279,0.8276242508244106,1,2
0.8801837829112846,0.8037639316623515,0,2
0.8463981160136165,0.8408649212105126,0,2
0.664560806792656,0.8408649212105126,0,2
0.6892067729291891,0.8606402488554834,0,2
0.93355979932642,0.8606402488554834,0,2
0.9004773108345074,0.8245835184121567,0,2
0.8506530757594352,0.7939693023303034,0,2
0.8923150476726414,0.7717428588979364,0,2
0.6067520149530939,0.7717428588979364,0,2
0.5748923601268818,0.7618779683969662,0,2
0.5765686131247199,0.7363862556694831,1,2
0.6077752657899524,0.7718644054036312,1,2
0.6260449210266718,0.7625159847074726,1,2
0.6578215542720931,0.7975154990037598,1,2
0.6486521402246195,0.8108465943362281,1,2
0.6952542099577573,0.7925092665224924,1,2
0.6940657820780975,0.759754635866213,1,2
0.8648364243183602,0.759754635866213,1,2
0.8184500631396665,0.7341644441005111,1,2
0.5745507285950465,0.7341644441005111,1,2
0.6142817066249582,0.7284099819781116,1,2
0.785720424730863,0.7284099819781116,0,2
0.8248225457938888,0.682743888393931,0,2
0.4098087618180674,0.682743888393931,1,2
0.4188103449552078,0.7126790751528123,1,2
0.4668688623183845,0.6721405237253149,1,2
0.6357584896248221,0.6721405237253149,1,2
0.6421039817584566,0.7025843501713508,1,2
0.6147093118445692,0.6844600867058037,0,2
0.6518587297260284,0.6477400854889871,0,2
0.6549751419748544,0.6725337892724668,0,2
0.372670026940469,0.6725337892724668,0,2
0.3735319920234065,0.7141233577045883,0,2
0.4187675230337362,0.6742809233347611,1,2
0.429796095459212,0.643631968514234,1,2
0.456874126408651,0.6017865520616684,1,2
0.4589730060972898,0.5905252860976921,1,2
0.4477074390194308,0.6127182948396042,0,2
0.4470454104030595,0.6489795178802924,0,2
0.4747125837106961,0.6692967455879824,0,2
0.4587067228457811,0.6288228832371199,0,2
0.4465039856329336,0.6605990558805056,1,2
0.4422409390634633,0.6206778496099192,1,2
0.4880000048677719,0.6162991813009401,0,2
0.5374218051138046,0.6623500601935504,0,2
0.5369988058180681,0.6581406520030822,0,2
0.5857153400533663,0.6677749841605072,0,2
0.5412094669547243,0.6292180407100116,0,2
0.5229985884919056,0.6584100434002138,0,2
0.4813259003789266,0.6666529127287595,0,2
0.4873645311322634,0.668523436901894,0,2
0.5149213535996406,0.6354245835457283,0,2
0.4843787352428915,0.6004131613074032,0,2
0.4367656648720929,0.57296080532119,0,2
0.3992632237835513,0.5356624637525347,0,2
0.3641533509274351,0.517404235870101,0,2
0.4102937061002706,0.5377083564287972,0,2
0.3686443685816065,0.5562429503645806,0,2
0.3771916781029998,0.5069628389713103,0,2
0.3487296523810316,0.555306999965561,0,2
0.3923959708284357,0.5678830260894357,0,2
0.1207465801681463,0.5678830260894357,0,2
0.0950218360418113,0.568581002179219,0,2
0.0717413377606577,0.5483882002066386,1,2
0.3359987344139249,0.5483882002066386,1,2
0.3306831417775073,0.4996217444725695,1,2
0.3095413430943562,0.4899614023723303,0,2
0.3003579824583984,0.4450922501647099,0,2
0.3189807631807867,0.4821523032380125,0,2
0.337615624579927,0.5261966171394373,0,2
0.2915040331226881,0.4990876886706925,0,2
0.3130120380025007,0.5441103537634232,0,2
0.344956513634528,0.5443205557633124,0,2
0.1195233137859034,0.5443205557633124,0,2
0.1580791046376515,0.5918272873805882,0,2
0.1602243885874772,0.6308840706716083,1,2
0.1675154851982236,0.6674123808807375,1,2
0.1952189927605367,0.7133943969792537,1,2
0.2149109441071628,0.7053276992101062,1,2
0.2101315270828544,0.6609298297849562,1,2
0.1758122390514166,0.6640671510056823,1,2
0.6385524138853964,0.6640671510056823,1,2
0.5889413416728937,0.688190067522634,1,2
0.6151798016234589,0.6416374545364297,0,2
0.624703069741858,0.5931101335105978,0,2
0.654344750238282,0.5788389785771569,0,2
0.7014582261249297,0.6251655225945535,0,2
0.2360109129936703,0.6251655225945535,0,2
0.2514331046790901,0.6294020309857793,0,2
0.2062419820728723,0.6740338931527204,1,2
0.201674793188932,0.6679587742599662,1,2
0.1773635073733796,0.7066350214198729,1,2
0.7246623867963486,0.7066350214198729,1,2
0.7739732867051626,0.6666144932260409,1,2
0.799892318682642,0.6197013863315209,0,2
0.7671761564090103,0.6583828721577051,0,2
0.7357206791920538,0.6743831062267447,0,2
0.3909557804954749,0.6743831062267447,0,2
0.3980735382714409,0.719805494985468,0,2
0.4065141374514088,0.6772991038393925,1,2
0.4515538995613689,0.7194391229167392,1,2
0.450532646150445,0.6938249348989048,1,2
0.4632266186016897,0.6518472205964213,1,2
0.4508341856565017,0.6234120713929028,1,2
0.4109107818914077,0.6521818072872758,1,2
0.365783218671451,0.629894591053423,1,2
0.3449873893412914,0.6034858177236013,0,2
0.301667097839001,0.5616502146405766,0,2
0.3041177789588799,0.5503739716509379,0,2
0.3301651191280535,0.5382360819617342,0,2
0.3129374946157782,0.5077231296655225,0,2
0.3091719472714849,0.4726132066105648,0,2
0.3023197604865453,0.4659643912804485,0,2
0.3465644197906106,0.4859343350059621,0,2
0.0722055928768808,0.4859343350059621,0,2
0.0607954113408109,0.5055865591117842,0,2
0.0551764832794825,0.5162630466357361,1,2
0.0150470207207995,0.5128855078149017,1,2
0.0181367651753781,0.5107817159670639,1,2
0.0670939498048278,0.5050499883151922,1,2
0.0503867404311928,0.4874159179913856,1,2
0.014292092544441,0.4692167763531426,1,2
0.0379104434313552,0.4251640451536686,1,2
0.4195123241996716,0.4251640451536686,1,2
0.3777453699892383,0.4229726199009553,1,2
0.3646160064678164,0.4243597059806854,0,2
0.408224088505937,0.4358131167554966,0,2
0.4189166510622162,0.4420003223463254,0,2
0.4535018674773552,0.4908968324181977,0,2
0.4464698522625679,0.5031928872176512,0,2
0.4878743906919799,0.5334082703777753,0,2
0.5223046051028918,0.5588553731110811,0,2
0.5556481932756923,0.5206499387677396,0,2
0.082719638368461,0.5206499387677396,0,2
0.1147632994619857,0.4882296303345336,0,2
0.3269245317326564,0.4882296303345336,0,2
0.3600222514577259,0.4404396759078222,0,2
0.3518837751736908,0.4898486203618487,0,2
0.3353902683512514,0.4815312793850409,0,2
0.3096191099942976,0.4947900054983946,0,2
0.3186080632826987,0.5251898646546017,0,2
0.3248491233278456,0.5493167923806348,0,2
0.1101849193886841,0.5493167923806348,0,2
0.0660483512874815,0.5238619840059032,0,2
0.0210822991334794,0.5561124541993377,1,2
0.0615964243277106,0.5897389187746939,1,2
0.0843026737097902,0.5564293806711292,1,2
0.0895428824882963,0.5110734465372608,1,2
0.3471496123317825,0.5110734465372608,1,2
0.3739826907320524,0.4919517732120823,1,2
0.3729415153341275,0.5114837106543274,0,2
0.339018422126742,0.52447036895575,0,2
0.3488434135210314,0.5425397324964402,0,2
0.3422061278394975,0.5082600233954967,0,2
0.3343460621518154,0.5473399599912776,0,2
0.3232406851184816,0.5545959229641811,0,2
0.3128571258990049,0.5897762990451818,0,2
0.1684996312218809,0.5897762990451818,0,2
0.1810231104115638,0.6174323055726247,0,2
0.1422950377898558,0.6462048998546003,1,2
0.5449267598322858,0.6462048998546003,1,2
0.5467550334753245,0.658499728629748,1,2
0.5174151520699118,0.6707102107550105,0,2
0.4743057414517269,0.6824600222912365,0,2
0.5201300895333906,0.6779224942071274,0,2
0.5627657234631713,0.6333537404236507,0,2
0.5897527317848082,0.6315665531897761,0,2
0.5614136891981222,0.6791578690021635,0,2
0.5464822685949978,0.6512939650794151,0,2
0.4976173905921659,0.6509562370445012,0,2
0.5277092253943833,0.6974911824968526,0,2
0.4824846123473024,0.6951594986942852,0,2
0.4609420241949866,0.7168956130447587,1,2
0.4621092384807918,0.6828103948911315,1,2
0.421667113062546,0.6554288838819777,1,2
0.4154222457056033,0.6543224571683168,1,2
0.3969034660679799,0.6690507198833633,1,2
0.6106964288150545,0.6690507198833633,1,2
0.6411004781742453,0.7045238778580358,1,2
0.6899526090251568,0.7299745223421562,0,2
0.7318901162445374,0.7622088071982192,0,2
0.7400260110814154,0.7579232590394855,0,2
0.7114665071854311,0.7533677962681978,0,2
0.7322212251818088,0.7935448447879215,1,2
0.6839198122841029,0.7517295418524003,1,2
0.6627714937004863,0.7289341434782186,1,2
0.6822514011220935,0.7338053785957482,1,2
0.6356713711045379,0.7770608743098835,1,2
0.6333921673547792,0.758577736207558,1,2
0.6523394270900881,0.7613460614248114,1,2
0.6329964775949296,0.7431992661429245,1,2
0.5936775530609312,0.7105096113603104,1,2
0.609935267140898,0.6869860137235453,1,2
0.5694539479387601,0.7167978015196075,1,2
0.5265005277095743,0.7075210501589269,1,2
0.511808973066632,0.6790292546368787,1,2
0.5146031957677385,0.6898807311418623,1,2
0.5601346358164523,0.706383918327938,1,2
0.5128527244063352,0.6926984540881957,1,2
0.4962205282654886,0.6683487859431289,1,2
0.6199455347490039,0.6683487859431289,1,2
0.573580933197153,0.7150256642675453,1,2
0.5390948475179379,0.6803547628814697,1,2
0.5575594339282391,0.6537013561349222,0,2
0.5766060476864465,0.6819626571300637,0,2
0.5485901562725848,0.7153651275696911,0,2
0.5063132854624776,0.7478740377036557,0,2
0.4831547202094389,0.7693675662996999,1,2
0.5114929375938789,0.8024159968176502,1,2
0.5123561902415432,0.7896070218041527,1,2
0.8773660047607407,0.7896070218041527,1,2
0.8498099809102135,0.7594913696626132,1,2
0.6243451912679786,0.7594913696626132,1,2
0.6582187405166617,0.7309702791675091,1,2
0.6507758963419302,0.7349014283748109,1,2
0.6784645602930813,0.7671416997511338,1,2
0.7203202597536854,0.733103376338798,1,2
0.7503035838521832,0.7336885630193337,1,2
0.7720281373670793,0.7536629829097211,0,2
0.7404657667429205,0.7229700613524562,0,2
0.7022355247887697,0.7020413547275605,0,2
0.6894165364215763,0.7047125587154208,0,2
0.4914955244488091,0.7047125587154208,0,2
0.5219009435837147,0.6778487423548076,0,2
0.5170810378482048,0.6437193849533672,0,2
0.5198337502198109,0.6264857632753202,0,2
0.5059684067929063,0.6437260801059617,0,2
0.5038402240330881,0.6441069786756416,0,2
0.4689037577217773,0.6260467500799619,0,2
0.2725680240867619,0.6260467500799619,0,2
0.2498706810390578,0.6422916443213831,0,2
0.2009726291268493,0.622471823331856,1,2
0.2389317781710495,0.6181176480800274,1,2
0.2265391252832717,0.6034354013809762,1,2
0.2312192482612049,0.5542265159338763,1,2
0.1955217624506914,0.5781543866092269,1,2
0.2250227874477857,0.6216954382713168,1,2
0.2523050940663984,0.6604585438613461,1,2
0.2289085354581679,0.6986693895620817,1,2
0.6982851259545511,0.6986693895620817,1,2
0.6578074993023478,0.6687283818348586,1,2
0.7036543795926782,0.6572555267613914,0,2
0.6814933581300563,0.6997353014093856,0,2
0.6336469861284779,0.6663120616536878,0,2
0.61758928862866,0.7079340215738621,0,2
0.5867734470196024,0.7268350807111278,0,2
0.6335627768317954,0.7076008330673662,0,2
0.6791354980080413,0.6764456821636144,0,2
0.7117685398716385,0.6312665616950262,0,2
0.6991968156287206,0.636865269167409,0,2
0.6628219174349047,0.6595748923202542,0,2
0.6343879784758036,0.6825714531212833,0,2
0.6261108638700598,0.6612931068874498,0,2
0.6077730287789355,0.6328637214534475,0,2
0.5969693938325986,0.5948484503450552,0,2
0.5761906664041394,0.6057240535441651,0,2
0.2200137020563324,0.6057240535441651,0,2
0.2228602459513545,0.6252792344607184,0,2
0.1795282835108713,0.6003784012653045,1,2
0.2079330128698865,0.6183002095823521,1,2
0.2215455371739766,0.5774105145973245,1,2
0.2660921194527339,0.6223968261093804,1,2
0.3030177185966638,0.5882287833230151,1,2
0.2562426786078483,0.608829544215607,1,2
0.2255898299172723,0.6304179596070284,1,2
0.2599429980515872,0.6527773726238881,1,2
0.2370344766921832,0.6757030037467839,1,2
0.2593348827648832,0.6537180840007986,1,2
0.3071062394388396,0.6509546971657354,1,2
0.3006721034533018,0.6546077846009041,1,2
0.3117235297942133,0.60598579080224,1,2
0.4440105120808482,0.60598579080224,1,2
0.3980554965837331,0.6218095250820032,1,2
0.263850809657306,0.6218095250820032,1,2
0.2748817404522609,0.5833585406691839,1,2
0.2988119739862821,0.5502927005008434,0,2
0.3382817388126482,0.521545006240869,0,2
0.3321504951280546,0.4911113676123096,0,2
0.2910567624093106,0.4496547667881271,0,2
0.3135964093730421,0.443321858519983,0,2
0.2819699771741143,0.4527150543630539,0,2
0.2851517994340791,0.4830505497193531,0,2
0.2904137723566065,0.4469602866826684,0,2
0.316248738631969,0.4179570521725652,0,2
0.1578141627912783,0.4179570521725652,0,2
0.1267133510997442,0.4363338371802744,0,2
0.1548155171310352,0.4098473430671223,1,2
0.106928056392998,0.3705462571824506,1,2
0.1458143723747955,0.340646438967634,1,2
0.1485550651633681,0.379564416273158,1,2
0.1053189113344531,0.3337390508783165,1,2
0.0969125237512673,0.3408482502715874,1,2
0.6086207809053283,0.3408482502715874,1,2
0.5683264014977232,0.3308633014771505,1,2
0.5680087942166221,0.2907808878535778,1,2
0.6113443442819232,0.2686417215269935,1,2
0.6501618444701532,0.2681799506100329,1,2
0.6281241300886299,0.2345453571174899,1,2
0.6502961120866657,0.2550785355342831,1,2
0.6474043992804676,0.299795444144258,1,2
0.6064104633847609,0.2943520402475108,1,2
0.6378000889514853,0.2638245065250639,1,2
0.6197204341138312,0.2363631420905231,1,2
0.6234391767752414,0.2443005139722084,1,2
0.5907713844167246,0.2712278592347933,1,2
0.6285411053471776,0.311039606039329,1,2
0.6219339941801663,0.3223753618007067,1,2
0.5976110519286125,0.3685894083687664,0,2
0.6149522202712618,0.3664837329360428,0,2
0.6248873675226657,0.3922407601677714,0,2
0.5838312119047578,0.4220597304715948,0,2
0.53584361211555,0.4443202713861872,0,2
0.5397757237157546,0.4923885611086617,0,2
0.0642295086019352,0.4923885611086617,0,2
0.0863708811865691,0.5211062915752998,0,2
0.0999803508214469,0.5058960144468742,1,2
0.0912952730435164,0.5048511522102723,1,2
0.0775150492774507,0.4599111731719384,1,2
0.3589683328571579,0.4599111731719384,1,2
0.3176372739509817,0.4739129699069769,1,2
0.3240108962968748,0.4441854079229852,0,2
0.3151744929721854,0.4493832328880554,0,2
0.3326867836884506,0.4447799868919346,0,2
0.1287067738649631,0.4447799868919346,0,2
0.0823491617870199,0.4384056197723152,0,2
0.124207301664017,0.4558033934056032,1,2
0.1225549651027906,0.426371373619225,1,2
0.1252455723591434,0.4731874870941119,1,2
0.1301094136308208,0.4806592654817121,1,2
0.1355788904715039,0.4752814843676933,1,2
0.1745657503313243,0.4775877531359302,1,2
0.208447350624614,0.4850499966163503,1,2
0.2400191004523693,0.4535169785998163,1,2
0.2807369518368027,0.4629910618476392,0,2
0.2805941116570876,0.5102800427036482,0,2
0.2453187983237648,0.5051798646947413,0,2
0.2363245968215203,0.4947815647871768,0,2
0.2768216434628001,0.4595444343882508,0,2
0.3246779734002693,0.5005539130297723,0,2
0.3555778054820642,0.5087454173957994,0,2
0.3354564186479559,0.4868201882106431,0,2
0.0659038103687578,0.4868201882106431,0,2
0.1037769052367538,0.506838229713519,0,2
0.1265022745250189,0.4651143263529109,1,2
0.1614730687433324,0.514168367737399,1,2
0.1341448236413838,0.5236270651794227,1,2
0.35361788021738,0.5236270651794227,1,2
0.3456310548061817,0.4786778553272887,1,2
0.0861321347677708,0.4786778553272887,1,2
0.1052139198286739,0.4540081322987691,1,2
0.127613729044561,0.4377982219431757,1,2
0.0951115695005052,0.447058921575369,1,2
0.0568730860238368,0.4022736547298661,1,2
0.4526521708794224,0.4022736547298661,1,2
0.4037010903706975,0.4482436107369589,1,2
0.4429038960578222,0.4766850124182772,0,2
0.4497994808373814,0.4366349061336388,0,2
0.4926812862501177,0.3941033437418025,0,2
0.5331026917462558,0.356822963676301,0,2
0.5727816149237376,0.327068780882284,0,2
0.3945053219212589,0.327068780882284,0,2
0.4351954033954417,0.2864602929146673,0,2
0.4468999211766471,0.2533537373416014,1,2
0.4898804516740893,0.2141458617319122,1,2
0.5172901580215145,0.212534061011008,1,2
0.475922788640382,0.2335377317489673,1,2
0.4978571720985635,0.2816147460524751,1,2
0.4512062163849054,0.2987295955428273,1,2
0.4067572481072194,0.3199606693876095,1,2
0.686014200782974,0.3199606693876095,1,2
0.7330844583620318,0.3433731836122924,1,2
0.7404091356914483,0.2948282159238448,0,2
0.7023474308312321,0.2550707513922839,0,2
0.7415252592624193,0.2371917322241866,0,2
0.724734200920208,0.1900006702267153,0,2
0.7110327331361005,0.2362028618241567,0,2
0.7022389017190883,0.2558362802736555,0,2
0.7312065301274051,0.2770238550227358,0,2
0.7417715817400568,0.300026816225136,0,2
0.7427668010314183,0.2718652381963337,0,2
0.7454584341554283,0.2486337893072684,0,2
0.7207606929223556,0.2196738997129017,0,2
0.721073727344731,0.2534899325242871,0,2
0.7146106399893025,0.2079668681132651,0,2
0.7063304758398173,0.2568257621230343,0,2
0.6788961316304207,0.2102470855817828,1,2
0.6540883418384236,0.2246179144103053,1,2
0.6077386842382517,0.185781254716757,1,2
0.6564848092019736,0.1880176229226843,1,2
0.6793239022561508,0.1961818293909322,1,2
0.7028967556780743,0.2011612104399703,1,2
0.7175400727636007,0.2489020365586594,1,2
0.7558641729370944,0.2017572875451239,1,2
0.7123733008459302,0.1967531556889861,1,2
0.6689472963136487,0.2121224052170927,1,2
0.6932138441733984,0.2007826037102185,1,2
0.6729314452371176,0.2153722246188626,1,2
0.6309885180585147,0.2283767003743534,1,2
0.6140215150051349,0.2234268320362763,1,2
0.6109109286668271,0.2445001185330775,1,2
0.834375405396674,0.2445001185330775,1,2
0.8839627820345275,0.2019744317853387,1,2
0.8941158784219366,0.193253878644667,0,2
0.8711003804582993,0.1775612210608411,0,2
0.901053045744896,0.1850227852194317,0,2
0.8798198791772464,0.205672317027468,0,2
0.9267295201104176,0.2435310975973163,0,2
0.9705476434566052,0.2643347117597221,0,2
0.5625520010504432,0.2643347117597221,0,2
0.5506657488169423,0.2426370494245784,0,2
0.5411096165009559,0.1966563246411611,1,2
0.5135689458348912,0.1981184503920456,1,2
0.9106128674673496,0.1981184503920456,1,2
0.9254511935055464,0.1522354401005522,1,2
0.9331491858894924,0.1830062287791401,0,2
0.9069833283079708,0.2052156093644883,0,2
0.8964963276581519,0.1587002046875554,0,2
0.878475579074472,0.128317416877181,0,2
0.9208899807248012,0.1211202474567773,0,2
0.8747496174378377,0.1100593779639886,0,2
0.8832305605330883,0.1420798284541359,0,2
0.6910016103393017,0.1420798284541359,0,2
0.6621770458335676,0.1758773115365884,0,2
0.7061373360536932,0.2216025793079201,1,2
0.6874596105532097,0.1732463628501964,1,2
0.7129635519418038,0.1532810814781136,1,2
0.7251670804938218,0.1740516840195144,1,2
0.7496886746974719,0.2162920451295804,1,2
0.796561440290392,0.2023722111470554,1,2
0.7546830475799468,0.2176501157050647,1,2
0.7645469717991236,0.2103200187210095,1,2
0.7789774284000988,0.2110950556635749,1,2
0.7776689519861288,0.2573323618220564,0,2
0.7663938192063499,0.2665508947958696,0,2
0.7753436885660131,0.2947146899772911,0,2
0.7903808825948205,0.2647978947527075,0,2
0.8302389214529067,0.281765039408791,0,2
0.8684919608594385,0.2538952263191743,0,2
0.8731235355251314,0.2539331800062286,0,2
0.8695380011273475,0.2770468846992248,0,2
0.9060580592739148,0.2425018119560817,0,2
0.5876772850936997,0.2425018119560817,0,2
0.5578294375434829,0.2592189688007486,0,2
0.578636956645454,0.3021532777061846,1,2
0.6161494519558091,0.2762951649267173,1,2
0.7776035325543699,0.2762951649267173,1,2
0.7951282664901191,0.2928112748447587,1,2
0.4890845799146022,0.2928112748447587,1,2
0.4994981506741724,0.2475046817839278,1,2
0.5476225458928375,0.2558614565112809,1,2
0.5208444391362017,0.2061174656928733,1,2
0.5198227143422077,0.2471814869079859,1,2
0.5357200763288149,0.2303542518503514,1,2
0.8656800142542384,0.2303542518503514,1,2
0.8721744000522634,0.2053558554057616,1,2
0.842530584030941,0.2207447338809637,0,2
0.8085559074312237,0.261249160063852,0,2
0.8475015943338496,0.2908867256943118,0,2
0.8534949432345821,0.2949000952506746,0,2
0.8339964347843448,0.2865200112238858,0,2
0.5004798885602246,0.2865200112238858,0,2
0.4924042331561938,0.2912794397705435,0,2
0.5219213400784835,0.264097860128718,1,2
0.5560565041970464,0.2876463593235677,1,2
0.5103756586047172,0.3246938054537391,1,2
0.4965873636489704,0.3129555223912201,1,2
0.4531514873134102,0.3140860316909046,1,2
0.4855582803990332,0.3318863449974336,1,2
0.6295743227498585,0.3318863449974336,1,2
0.6085381469854602,0.3236891546994441,1,2
0.6446860639619343,0.34598284045617,0,2
0.6270276575750562,0.3195895378705942,0,2
0.6277215088405305,0.3020945329774954,0,2
0.6338315591440419,0.329209527983739,0,2
0.6080968390869701,0.2902964606456019,0,2
0.6130024737627294,0.3056749287854025,0,2
0.6483697126157595,0.2970624823084077,0,2
0.6447443793834181,0.3062651476341098,0,2
0.6784549722223554,0.2602437959689502,0,2
0.631288350105876,0.2692082230989461,0,2
0.6426395541887391,0.2245530017999876,1,2
0.6839969640884176,0.2648271477836317,1,2
0.6362794948376518,0.2923873800325118,1,2
0.6745427678444402,0.2852353075748916,0,2
0.6450624152185351,0.3150478685715973,0,2
0.6413183143690812,0.3161080232784113,0,2
0.6635714171856038,0.3243494231405771,0,2
0.6244811631926483,0.3381370902205233,0,2
0.6055591916939979,0.2926202694578916,0,2
0.6526718942231595,0.3031327400418454,0,2
0.6344419968011481,0.3213479499850162,0,2
0.615841040531895,0.3606730480957131,0,2
0.6152206098982651,0.3682745546509532,0,2
0.6633622485364087,0.3577214194746188,0,2
0.6212107077202617,0.3316752594887883,0,2
0.6196795858440456,0.3341636320928114,0,2
0.6421407890719192,0.2843540722722529,0,2
0.6727219907196729,0.2786466664786098,0,2
0.521797353648621,0.2786466664786098,0,2
0.5263620835428692,0.277046644127395,0,2
0.548945342139611,0.2359005747684244,1,2
0.5362614967659346,0.2731908149541696,1,2
0.7847804582638701,0.2731908149541696,1,2
0.7671273464642987,0.282439656675331,1,2
0.5115037463299456,0.282439656675331,1,2
0.5372968168823332,0.317277755848855,1,2
0.4880903841668815,0.2778651189143837,1,2
0.5245007461152644,0.2397513203163495,1,2
0.4954403261899257,0.2030494560498759,1,2
0.5112442415599999,0.2272444707339482,1,2
0.4845301906722515,0.2546827087185558,1,2
0.5193669559937263,0.2304289350740598,1,2
0.5350437039031547,0.1959136500913542,1,2
0.5386238432757556,0.2054385998126172,1,2
0.8878896038188805,0.2054385998126172,1,2
0.934113507149374,0.2083020709344985,1,2
0.961147839512512,0.2512464882451743,0,2
0.924577437868523,0.2659599508112255,0,2
0.9270704602322276,0.2489609093423635,0,2
0.5681069741199526,0.2489609093423635,0,2
0.5630557718935089,0.2781584074434354,0,2
0.5158283503396898,0.2787084632952192,1,2
0.4792116442299483,0.2684671218885937,1,2
0.4940989434641314,0.2290311126339947,1,2
0.480923328707723,0.2382635793930765,1,2
0.4589117622254506,0.2239064205177542,1,2
0.4835337363247008,0.2568455905273561,1,2
0.8167056894689589,0.2568455905273561,1,2
0.7850848563008114,0.2106602920560381,1,2
0.7603063275619306,0.1932087646254111,1,2
0.7396934388750497,0.1698018614715254,1,2
0.7439134621279175,0.1914115830760677,1,2
0.7830806645494404,0.14177849499307,1,2
0.810882025895872,0.1309890245956523,1,2
0.8507427210262608,0.1532990655335691,1,2
0.846924756178825,0.1500716664668849,0,2
0.8254249499916514,0.1352860509378371,0,2
0.8696374338852867,0.1763614864755638,0,2
0.836596872698335,0.1319332176450358,0,2
0.8234559393457581,0.1328356062624849,0,2
0.8504254050841952,0.1076433558010463,0,2
0.6415964828593056,0.1076433558010463,0,2
0.672827508042305,0.0931692737580305,0,2
0.7000610802925552,0.0845447142490618,1,2
0.663183467525766,0.0809299064411382,1,2
0.6204124660186559,0.0444983403171462,1,2
0.5972636890348992,0.0618523274607651,1,2
0.5808460269100981,0.0635054743156543,1,2
0.6264403114253496,0.0184252594128409,1,2
0.5825978783756189,0.0428526820115247,1,2
0.6182174815125859,0.0579184995354902,1,2
0.5857739628338299,0.0343763653425933,1,2
0.6023377083840131,0.0742172981529248,1,2
0.620328538022816,0.1085381487639162,1,2
0.6280430170751706,0.0803974320192849,1,2
0.6073153576355642,0.0672631156480592,1,2
0.6506852578036013,0.1072951971219421,1,2
0.6051050581236982,0.1306967050192852,1,2
0.5954709953979475,0.1398449038660852,1,2
0.9196913594985844,0.1398449038660852,1,2
0.8886257532506525,0.18879563746106,1,2
0.8701834719777675,0.1399686302128494,0,2
0.874817132082188,0.1382446656447862,0,2
0.8861272638376066,0.1295138039229651,0,2
0.8450271325622114,0.1486075924297064,0,2
0.8414369052985863,0.1183791617572432,0,2
0.881431221425975,0.0790168910888588,0,2
0.8393636010041708,0.0646775437622797,0,2
0.5453245978320983,0.0646775437622797,0,2
0.5694201764672835,0.1106352153391943,0,2
0.8813119176879664,0.1106352153391943,0,2
0.8526338778099206,0.1465411144839185,0,2
0.8234029291005727,0.1078790479873179,0,2
0.7990740956172853,0.1238465885480559,0,2
0.8427704090106923,0.1217029430660618,0,2
0.8732589050870225,0.1438087930113214,0,2
0.8955907551815028,0.1258934586648933,0,2
0.909601512408796,0.138056344914516,0,2
0.8730695605749397,0.1180654433436774,0,2
0.6382451137372493,0.1180654433436774,0,2
0.6554850609774043,0.1120731358597714,0,2
0.6672216274372305,0.086261276849909,1,2
0.6880665385239794,0.0529878701514409,1,2
0.7217058719165197,0.0595686998076637,1,2
0.6786496058993228,0.0377295021015154,0,2
0.7181955179273007,0.0464820075396084,0,2
0.689488446701812,0.0703810588380009,0,2
0.7376398277576005,0.0388098476809893,0,2
0.7432901189002192,0.0499889190386119,0,2
0.5146975578412364,0.0499889190386119,0,2
0.4825021056522256,0.0918105289830409,0,2
0.8595507804601623,0.0918105289830409,0,2
0.8301278028653993,0.1152722077433781,0,2
0.8544003033315911,0.1195748112816149,0,2
0.901922904986503,0.1545496326931403,0,2
0.6744604677495228,0.1545496326931403,0,2
0.6950979918980708,0.1741624652156165,0,2
0.6486631974668526,0.222022383383051,1,2
0.8809040221518701,0.222022383383051,1,2
0.8745093699292928,0.1722474785941364,1,2
0.8742559717564315,0.1965682189887191,0,2
0.8577121241447979,0.2047443580258576,0,2
0.8929915973531956,0.1651065673961689,0,2
0.9076096353420752,0.1763581503966156,0,2
0.8904051218363779,0.1548829834380564,0,2
0.8441671927652507,0.1604065499613101,0,2
0.817634940326589,0.1375162617728092,0,2
0.8024236256147839,0.1564386221608411,0,2
0.680293402301518,0.1564386221608411,0,2
0.6643269367853728,0.1565976847780281,0,2
0.6976038055172484,0.1769603547531346,1,2
0.7190834007720641,0.1571802005069829,1,2
0.7164279200686218,0.1555279457410865,1,2
0.7292945475951848,0.116099125034904,1,2
0.7653239510135275,0.0849355258063161,1,2
0.7946256391563961,0.1256047983672709,1,2
0.8362434172922726,0.148454484878327,0,2
0.8710476346189385,0.1413878461229291,0,2
0.8550944179314574,0.1411482919889179,0,2
0.8121006857971579,0.1587321280942162,0,2
0.8552061110117184,0.139700198777439,0,2
0.864931533652603,0.1268746509284317,0,2
0.8429474890779746,0.159459213158267,0,2
0.6891888608060792,0.159459213158267,0,2
0.6785515849947771,0.1383619223629065,0,2
0.6325736161558103,0.1828096646239481,1,2
0.5858959950557077,0.231595052792452,1,2
0.5375788474415438,0.2319828490182757,1,2
0.5665733325123694,0.2167003587946243,1,2
0.5582176525091516,0.1881433253841974,1,2
0.598092633163581,0.211143418851168,1,2
0.5983255644521142,0.1630449463298918,1,2
0.5544776427945004,0.1328167585876977,1,2
0.912537582205645,0.1328167585876977,1,2
0.9058746333673516,0.1678226406852437,1,2
0.9268034282856226,0.1941610876405716,0,2
0.9407564141311556,0.1728893229490643,0,2
0.8979463253756516,0.1460846352743464,0,2
0.942192168844693,0.1584444581998057,0,2
0.9744030916915454,0.150400998245424,0,2
0.6565092261343904,0.150400998245424,0,2
0.6541962135369611,0.1626370675598468,0,2
0.6318985608745888,0.1160668913843443,1,2
0.6565705312770774,0.105923334180072,1,2
0.6718879942335031,0.1149138972019784,1,2
0.6270125422485984,0.1395649153308309,1,2
0.6689543856330126,0.1340494656512591,1,2
0.9031777904831274,0.1340494656512591,1,2
0.9004068666741833,0.0939587650024053,1,2
0.9081056902559124,0.1240216329078713,0,2
0.8993289640618175,0.1114027700495302,0,2
0.924022800162444,0.140025610304645,0,2
0.933065167834946,0.1160323811458038,0,2
0.9242934974075,0.1550393967172447,0,2
0.9380704650931724,0.1748780534780905,0,2
0.9404328041169178,0.1668899107862173,0,2
0.6804632503772952,0.1668899107862173,0,2
0.6714895558633077,0.1428435040291934,0,2
0.6643577791384326,0.1104444573101872,1,2
0.7082185432491536,0.1542230254864129,1,2
0.941740886988968,0.1542230254864129,1,2
0.928001358153668,0.2009045127741018,1,2
0.935269059782539,0.1525526085976289,0,2
0.9293561657065,0.148921613128954,0,2
0.9587288800395636,0.1693135961016781,0,2
0.957115126640355,0.1779146269117238,0,2
0.9530359417715976,0.1651595186419317,0,2
0.9162172651572928,0.1515226251669444,0,2
0.8860577844151376,0.126819366386907,0,2
0.8605238687208268,0.0875693333989534,0,2
0.6078631731382097,0.0875693333989534,0,2
0.636928890527907,0.0774050289389401,0,2
0.8485202180383091,0.0774050289389401,0,2
0.8035893283229447,0.0449803831835107,0,2
0.4843192461299326,0.0449803831835107,1,2
0.4658315860927296,0.0734234760765781,1,2
0.5048652486045324,0.1033138196846836,1,2
0.5408503997609478,0.0797140187667889,1,2
0.5571305138909393,0.0539032979254386,1,2
0.5191420268212646,0.0499680349718503,1,2
0.4763627533343086,0.0789355325915358,1,2
0.5094720193089474,0.075702438020407,1,2
0.4633508055019392,0.0960812160935193,1,2
0.8459494206375077,0.0960812160935193,1,2
0.8943669017050542,0.0587625951653459,1,2
0.8745075616903156,0.0287592584729948,0,2
0.4493849199869349,0.0287592584729948,0,2
0.4379194211567321,0.0449240479663714,0,2
0.4268229920795515,0.0643108897183819,1,2
0.771966145055622,0.0643108897183819,1,2
0.7560713290034116,0.0284007710598546,1,2
0.7645355716069805,0.0591149920622027,0,2
0.7686518426490965,0.09630788590132,0,2
0.7809856703484285,0.0907574830179744,0,2
0.5776841124156976,0.0907574830179744,0,2
0.5967494936152256,0.068443770119676,0,2
0.6420320165264509,0.0193261060553615,0,2
0.6723565477563103,0.0243998596490126,0,2
0.6464108265628977,0.0562205497595388,1,2
0.6550891941429374,0.0411517825957504,0,2
0.6618839420354345,0.0608229514729782,0,2
0.6726480189136326,0.1070370303347738,1,2
0.7049093355246311,0.0847965094917827,1,2
0.7243974764170868,0.1296850561038466,1,2
0.7332862796234267,0.0994027047881373,1,2
0.7782241374783277,0.0792559199638705,1,2
0.8059205679936159,0.1185606012627606,1,2
0.7675478451654998,0.0910883017145292,0,2
0.8145079211334387,0.0516417639696817,0,2
0.8462442042860812,0.053358276447439,0,2
0.8247790217099282,0.082363631800743,0,2
0.7804619729120685,0.0508692689123593,0,2
0.7682253531039976,0.1001981191133415,0,2
0.6188757368698936,0.1001981191133415,0,2
0.6111388475180577,0.0657695685381415,0,2
0.5940296316063951,0.0362870188111425,1,2
0.589310026913196,0.057133847063765,1,2
0.5591089007952499,0.0701363699248112,1,2
0.5633095705325131,0.0926940500045507,1,2
0.5825809372066915,0.0676045338140099,1,2
0.5344791669588796,0.0515918016215916,1,2
0.4949728827313994,0.0932329547758527,1,2
0.8319822069839342,0.0932329547758527,1,2
0.8328675968459516,0.057767806250453,1,2
0.8295973540085846,0.0165382548038811,0,2
0.7944782382774844,0.0252180987680445,0,2
0.8284074185836108,0.0604493509293733,0,2
0.7933549821253535,0.050397604911334,0,2
0.751852845773621,0.0814850160501242,0,2
0.7653666244376419,0.0919790001534728,0,2
0.7921557850610652,0.106653028394345,0,2
0.6195760306902621,0.106653028394345,0,2
0.6575248797163534,0.1190684342765277,0,2
0.6853655582853924,0.1212206238653065,1,2
0.7109424076136176,0.1009024739059432,1,2
0.7060757021507043,0.0694448528704738,1,2
0.6740450104308762,0.1047968095740184,1,2
0.6925023698367081,0.0644370886395975,1,2
0.728172673586935,0.0359872041579163,0,2
0.7240866153489721,0.077149278307265,0,2
0.760066947006834,0.1206936249114919,0,2
0.7700729530475391,0.1169890380826773,0,2
0.763658678620374,0.1471254134880425,0,2
0.8004901354294134,0.1520937028219514,0,2
0.8215767574551103,0.185113346324073,0,2
0.8543339673993333,0.141378828976035,0,2
0.8897306274619268,0.173762392170381,0,2
0.9207753617140544,0.1377885644447139,0,2
0.9371103326136287,0.1555850138198522,0,2
0.8931264921550298,0.1971987182677924,0,2
0.8792696381040119,0.2177152298031238,0,2
0.873182146695847,0.1695767525231795,0,2
0.6864030463522429,0.1695767525231795,0,2
0.7352108782895443,0.1782669613138656,0,2
0.762486322979393,0.175345005747633,1,2
0.7295935239412716,0.1351548976328018,1,2
0.7015119409910371,0.1192850894052703,1,2
0.6834586428522721,0.1129094471147427,1,2
0.638243758718101,0.0959328198281387,1,2
0.6611829830783229,0.0472720285581394,1,2
0.6743456009131692,0.091746363198867,1,2
0.6812469947935155,0.0516906669320456,1,2
0.7293422963908713,0.0960249913005499,1,2
0.7498425240803056,0.0662845428394048,0,2
0.7335691083695035,0.0970401894595689,1,2
0.7007975886706567,0.1224356420564542,1,2
0.7187427725692024,0.0788119926991127,1,2
0.7394783306979371,0.0752747948045226,0,2
0.7056502408997836,0.1009193274724638,1,2
0.6810028371730696,0.0761886416786809,1,2
0.6776786437542249,0.0957006263735351,1,2
0.673319942678359,0.0543125780139586,1,2
0.6665083319964112,0.0982001107941095,1,2
0.704323619627433,0.1415456049715983,1,2
0.6646989365651277,0.1288658829625662,1,2
0.7132264507013374,0.1190056525766308,1,2
0.7055281677563625,0.0807268600809564,1,2
0.7005047184799481,0.0817725891387566,1,2
0.66132426204302,0.0575517505574928,1,2
0.7094670087369486,0.0842698035955116,1,2
0.7151668941319153,0.059114725207815,1,2
0.7043360480509387,0.083047067386017,1,2
0.6793822509350889,0.1103967585651003,1,2
0.7085160154017736,0.1475511421611884,1,2
0.6862066300376486,0.0991047381686884,1,2
0.672026394416297,0.1223746784484484,1,2
0.6459877028502363,0.1209951224833186,1,2
0.678351361726545,0.0730590535106379,1,2
0.6830067408843874,0.1199604422129788,1,2
0.905556761095294,0.1199604422129788,1,2
0.8771419078034978,0.1509047327934767,1,2
0.6736482200444689,0.1509047327934767,1,2
0.7215753176953266,0.1455088561136343,1,2
0.7415574631325089,0.1817863442429649,1,2
0.9354801596329568,0.1817863442429649,1,2
0.9415118353297616,0.2243973999221832,1,2
0.9791713180423128,0.1968711377089156,0,2
0.977744008436238,0.1922111702861556,0,2
0.9733513818862204,0.2170348613703021,0,2
0.9490966809175948,0.2073374827148601,0,2
0.9045544436529852,0.2306812907563485,0,2
0.6265088728057575,0.2306812907563485,0,2
0.6758557667358246,0.207468505549021,0,2
0.6583208290905206,0.1865888908129861,1,2
0.7023706433323946,0.1923483191814655,1,2
0.6669960940005146,0.1471851879235223,1,2
0.6928646116798683,0.1570383804099564,1,2
0.7308509144216034,0.1166608923897872,1,2
0.760611664631912,0.1394420980946898,1,2
0.7171059884050386,0.1181871538556019,1,2
0.7308031840136212,0.0823512215175486,1,2
0.6853416852658338,0.0887862342420615,1,2
0.7188192578809999,0.0930729318578388,1,2
0.684135397002255,0.1192767776540063,1,2
0.6777644875767365,0.0737769735882691,1,2
0.7002875228440254,0.1076743115228489,1,2
0.6693155685376615,0.1083508422746333,1,2
0.6296333813217521,0.0641021214171388,1,2
0.6522598484449189,0.0556518520339663,1,2
0.633608670319462,0.0312176536991141,1,2
0.6660430412195593,0.0694700220401831,1,2
0.6478558246722017,0.067126727291109,1,2
0.6059126924431493,0.0775255003611136,1,2
0.6295092117167064,0.0964861562508545,1,2
0.6588479525852039,0.0684850699089731,1,2
0.6324312404799637,0.0616909845147269,1,2
0.6691250425245565,0.098799088028643,1,2
0.6582404307686403,0.0733394742372688,1,2
0.6545218257806745,0.0400372489755975,1,2
0.6591112349006721,0.0891105768191877,1,2
0.642185020941157,0.0428774738425658,1,2
0.6283163195417869,0.0496596550569788,1,2
0.5940136229269855,0.0545959664567609,1,2
0.598245503047339,0.0404319093176176,1,2
0.56030300671218,0.0584751263023607,1,2
0.5800199136517503,0.0725826203678472,1,2
0.603959071701801,0.0494164731103361,1,2
0.5604374655251387,0.0754358698387976,1,2
0.5685984397388963,0.1143560500109212,1,2
0.5743143859796512,0.0907557066820045,1,2
0.5762107965035025,0.1169891033441321,1,2
0.9124492178600352,0.1169891033441321,1,2
0.92230017132963,0.1243288750385171,1,2
0.8876690417539124,0.1127014778014423,0,2
0.9187880447118536,0.1049334803949397,0,2
0.632972356243035,0.1049334803949397,0,2
0.6821835038250339,0.081837766918512,0,2
0.8590687845110134,0.081837766918512,0,2
0.8284842687215952,0.1157877118443408,0,2
0.7868701905063848,0.0701537314419153,0,2
0.5786303706544963,0.0701537314419153,0,2
0.5704268184148532,0.0287867616426653,0,2
0.5819993643879537,0.0724375446466056,1,2
0.6267341327836975,0.1077756545241772,1,2
0.6579393944271869,0.1392863151191526,1,2
0.6909865432847712,0.1018564593901679,1,2
0.6843517689849252,0.084690746107033,1,2
0.6687329846911695,0.0739272807345291,1,2
0.6633295505178137,0.0949787310256021,1,2
0.668828596187869,0.1313334085370955,1,2
0.8990406760257877,0.1313334085370955,1,2
0.8729997753583184,0.1395814147110894,1,2
0.9185014113486096,0.1745519874431264,0,2
0.9311615012656502,0.1540599956442381,0,2
0.8846067105944603,0.1875981696336389,0,2
0.9040087931549474,0.2020395077308539,0,2
0.8929673839151427,0.1964514321917937,0,2
0.8954145906467185,0.2118283231061831,0,2
0.6263613507645976,0.2118283231061831,0,2
0.65565536028737,0.1733734385910378,0,2
0.6169324533420801,0.181985818063646,1,2
0.5856637457605969,0.1629043430850318,1,2
0.5667801410110268,0.2058504171110582,1,2
0.9173626195004624,0.2058504171110582,1,2
0.9259248975143296,0.2530876521333488,1,2
0.9496011906060594,0.2101271174234055,0,2
0.940473551709607,0.2514471690138227,0,2
0.9662158162287496,0.254037392847865,0,2
0.9186257767628552,0.2408702330024764,0,2
0.8915088674249435,0.2144942698093539,0,2
0.9414601951970154,0.1981064085645048,0,2
0.6607041659391507,0.1981064085645048,0,2
0.6329643816718248,0.2233629753324916,0,2
0.5974790697679428,0.1970394185430312,1,2
0.596885002934327,0.2029774125771246,1,2
0.6184672173128366,0.1785613786998335,1,2
0.6467454868742759,0.1378300936948302,1,2
0.6577932244786345,0.17836194412254,1,2
0.9094886167912352,0.17836194412254,1,2
0.9161678100453624,0.1487059514850834,1,2
0.9542399491272648,0.1407974390446593,0,2
0.9195552336497544,0.1610651671137444,0,2
0.9094922163053112,0.1184521278952565,0,2
0.9530143712749362,0.1001531782089796,0,2
0.9443988269855464,0.0823401267485128,0,2
0.9248747846920048,0.1135000589802645,0,2
0.939582599278548,0.1631787121864691,0,2
0.8908706297984875,0.1888635197170929,0,2
0.6702587886225346,0.1888635197170929,0,2
0.647989671470093,0.1499213609767446,0,2
0.9005542811911906,0.1499213609767446,0,2
0.8864632207534643,0.1628394001939228,0,2
0.8606080417042353,0.1770382380447692,0,2
0.6683979433234892,0.1770382380447692,0,2
0.6385116898100581,0.140901961522337,0,2
0.5939780673581886,0.1292349150448161,1,2
0.9240176979675028,0.1292349150448161,1,2
0.9252609381694532,0.1032779447781205,1,2
0.9578702277358472,0.0668614855443115,0,2
0.5427396655930117,0.0668614855443115,0,2
0.5317245674108824,0.0589649411874111,0,2
0.5049631571279609,0.0676918766138059,1,2
0.4851040643033607,0.1111568921849255,1,2
0.4556061913859166,0.1414597734531121,1,2
0.4642154172860838,0.1719326582200238,1,2
0.4882311320654517,0.2018198423174283,1,2
0.4880254802780837,0.1798697748167081,1,2
0.5056521229466596,0.2176922222141784,1,2
0.9149725075214244,0.2176922222141784,1,2
0.9458441130318894,0.1766937301380162,1,2
0.9769354107758106,0.1508913992748919,0,2
0.9689773897549024,0.155821994843199,0,2
0.6729833073801897,0.155821994843199,0,2
0.6655679355029643,0.146107954244717,0,2
0.6618219306696427,0.1340305708002743,1,2
0.9269798871137872,0.1340305708002743,1,2
0.9500804305185918,0.0938014901576259,1,2
0.9456332428733868,0.0914251913901483,0,2
0.9829253032172304,0.1120889157197155,0,2
0.9489198495762056,0.0788425901738647,0,2
0.9864192554235476,0.1047694420733772,0,2
0.981986513359569,0.1428816413132801,0,2
0.6583240835946274,0.1428816413132801,0,2
0.6999806585382559,0.0978236335482824,0,2
0.7139740844741086,0.0830782210918978,0,2
0.6772208128417153,0.0632206668676098,0,2
0.6546702667198123,0.0523050963264966,0,2
0.6251650107276034,0.1004433821311185,0,2
0.5773458288615243,0.0574593870995974,0,2
0.5627266482766722,0.0815479067889643,1,2
0.5534185889281186,0.118764660884264,1,2
0.6024038308516264,0.1625431674751684,1,2
0.5796673571932773,0.1139414441194679,1,2
0.5516868830779437,0.0954473415602898,1,2
0.5139690229315508,0.1249324455950212,1,2
0.4863260177939362,0.1647863398398162,1,2
0.9458582343993832,0.1647863398398162,1,2
0.9548273656756656,0.2083396911013952,1,2
0.6600233911730129,0.2083396911013952,1,2
0.7055390133897549,0.2399092190879752,1,2
0.6760137816337274,0.2771661487880555,0,2
0.6276643262696816,0.3158213465621255,0,2
0.616381475492229,0.3397605007400872,0,2
0.5951916172254719,0.3468578247841277,0,2
0.5977112450957229,0.3941879299647345,0,2
0.6295412742091858,0.4295363637799827,0,2
0.6632821370961011,0.4542532283039154,0,2
0.7106069360186327,0.4128144291310104,0,2
0.719279742313884,0.3670963779870578,0,2
0.6833960222133709,0.4052370222116374,0,2
0.1910494149632977,0.4052370222116374,0,2
0.2293509327966413,0.4099705123555784,0,2
0.1929239869302433,0.4546797920227694,1,2
0.3626662284052592,0.4546797920227694,1,2
0.3950397427581085,0.4250637542684226,1,2
0.3957351341593421,0.3776696638607671,0,2
0.2550262025954075,0.3776696638607671,0,2
0.289178779389554,0.3865813978418395,0,2
0.2416371817096244,0.362323123105384,1,2
0.1949097640701616,0.3693906157770025,1,2
0.1952550511905707,0.3791859592327161,1,2
0.1809483365285035,0.3764465683385749,1,2
0.496448785044458,0.3764465683385749,1,2
0.539452955173991,0.4005792187281865,1,2
0.5769753557889847,0.4127310365140971,0,2
0.5644814949417309,0.4008631257813753,0,2
0.5791572682991754,0.3531618216688164,0,2
0.6085302093207283,0.3357671727965949,0,2
0.6388677451519367,0.2904352220784758,0,2
0.4836275760842411,0.2904352220784758,0,2
0.5074684615764942,0.2485051049611147,0,2
0.8183745081898938,0.2485051049611147,0,2
0.7992785362463428,0.260840489454847,0,2
0.7757534979872461,0.2429422803734449,0,2
0.7272251590105334,0.279192251640818,0,2
0.7248450556638448,0.2854490306553756,0,2
0.7572718354806712,0.3145279531977082,0,2
0.4256150946337263,0.3145279531977082,0,2
0.3954576371173541,0.3364833306351126,0,2
0.3650993967196887,0.287118348928942,1,2
0.3822226225623435,0.2591212723332701,1,2
0.407601824959535,0.2554700076603947,1,2
0.3864633678743705,0.2643770834681448,1,2
0.3806292454278023,0.279567044593486,1,2
0.4203587982938098,0.2391150454143482,1,2
0.4691127942664534,0.2037012564168905,1,2
0.8915051350008792,0.2037012564168905,1,2
0.8718203876407621,0.1537183998888484,1,2
0.8237578964586759,0.141580386297424,0,2
0.8099453108820946,0.1029387699116677,0,2
0.8365331802183779,0.0879537596093911,0,2
0.8420172862902013,0.063038139807106,0,2
0.8056739019659119,0.0280373728181158,0,2
0.786004070858135,0.057569201687155,0,2
0.7649223296355471,0.0693237082358462,0,2
0.7831281205341614,0.0632118195731163,0,2
0.5303757838206064,0.0632118195731163,0,2
0.5035941334845008,0.0244211931482981,0,2
0.4982441920788264,0.0487782272389183,1,2
0.4577555659084461,0.0643123313763813,1,2
0.8205285095820067,0.0643123313763813,1,2
0.8571281266244555,0.0215172292496339,1,2
0.8189127733640261,0.0350448924638271,0,2
0.8611032557760049,0.0448951252988887,0,2
0.8719452571123764,0.0740110697605019,0,2
0.9199534447423656,0.0686964105923949,0,2
0.5504253571271918,0.0686964105923949,0,2
0.5339125815357206,0.0330465881547916,0,2
0.5512301834897693,0.0740334396094023,1,2
0.543522589921685,0.03191025587641,1,2
0.5443636079498877,0.0358366193556665,1,2
0.4967870122505338,0.0709908112024279,1,2
0.8019838760087753,0.0709908112024279,1,2
0.7577038018305131,0.1146611356859562,1,2
0.8014138152461276,0.1425930695876169,1,2
0.8408936740845063,0.1822759368617258,0,2
0.6488853160937872,0.1822759368617258,0,2
0.6046613453897931,0.1540546306615713,1,2
0.5566987803891276,0.1160778145194343,1,2
0.6021506307427791,0.0930153671848468,1,2
0.853763499493614,0.0930153671848468,1,2
0.8266889139175342,0.0823868589720758,1,2
0.7947007433712232,0.0697305487583627,0,2
0.7485561556773596,0.0846396185274546,0,2
0.7392545466178985,0.1170525567241838,0,2
0.750392933216875,0.1450547851244415,0,2
0.7738725868602497,0.1730482878148723,1,2
0.8067238303861444,0.1609828908670726,1,2
0.8523220512886287,0.2082478732243509,1,2
0.8326179197541208,0.2461001622645874,0,2
0.818124296853654,0.2442676975807227,0,2
0.844278146144452,0.253125236091142,0,2
0.8563159065831969,0.2301603254632533,0,2
0.8617735796166017,0.2668122504888028,0,2
0.8510780289073869,0.2355139492302362,0,2
0.598455565392514,0.2355139492302362,0,2
0.6433079597992122,0.2779430592749685,0,2
0.663317906551264,0.283133485495574,0,2
0.6425694574602224,0.2637504604877276,1,2
0.6217757594652777,0.2904481441168022,1,2
0.6541678792687062,0.3277503957352811,0,2
0.6343239741687979,0.3509532610881561,0,2
0.6483010485583459,0.3774190581527147,0,2
0.6418921551338315,0.3357346533221835,0,2
0.6434432512374771,0.344805571573677,0,2
0.6031912002001808,0.3886905874141438,0,2
0.6107672099895343,0.3791605188651418,0,2
0.5822760757330013,0.3502414780248658,0,2
0.6070856617196182,0.3895618071488364,0,2
0.2456164091682571,0.3895618071488364,0,2
0.2293331463353664,0.3480415389206422,0,2
0.2186440896056943,0.3357547552185037,1,2
0.6168993732106753,0.3357547552185037,1,2
0.627692921328305,0.3777633706950544,1,2
0.6736514652677494,0.3666704161256373,0,2
0.6600426110101036,0.3185931480374271,0,2
0.6856715648170272,0.3425193543084618,0,2
0.6395148091787883,0.3878046285029459,0,2
0.6099015956763735,0.4073900462772706,0,2
0.5776167828545047,0.4454019477092385,0,2
0.1154777068803922,0.4454019477092385,0,2
0.1424585503271379,0.4668949891853904,0,2
0.167917701621529,0.4907068361498891,1,2
0.3344443266811759,0.4907068361498891,1,2
0.3520391006422371,0.4688507001221029,1,2
0.3856612884001461,0.5176717977385542,0,2
0.3485748919618037,0.4776712945186737,0,2
0.3378344527359446,0.474248032518531,0,2
0.1048856451551402,0.474248032518531,0,2
0.1324875987276682,0.5205080093024479,0,2
0.1056448567730079,0.4911646823779776,1,2
0.0875012340553431,0.5023220991411937,1,2
0.0545922983232849,0.4526814768447408,1,2
0.361095307209493,0.4526814768447408,1,2
0.3365951069484885,0.4755392155300916,1,2
0.2895872981790754,0.4510356219137509,0,2
0.2853943716927148,0.4471081465031821,0,2
0.1097045861932296,0.4471081465031821,0,2
0.1461618028424393,0.3977000342018814,0,2
0.0995289561088561,0.4255035733574733,1,2
0.1476721645341211,0.4289271563463255,1,2
0.1209127036015053,0.4626932725876669,1,2
0.1671147735183719,0.4825109882196507,1,2
0.337631408355399,0.4825109882196507,1,2
0.2887206242639082,0.4729372140407986,1,2
0.3099842221079935,0.4518174342244782,0,2
0.3103799671466511,0.4579980677787996,0,2
0.261019872881772,0.5065735653102453,0,2
0.0811576951757595,0.5065735653102453,0,2
0.0611596441264923,0.5222129333088695,0,2
0.0871165861926248,0.4731588929539857,1,2
0.1203838526891425,0.4422483694473803,1,2
0.3685426643040531,0.4422483694473803,1,2
0.375354391609958,0.3956557245643738,1,2
0.3934106833587676,0.3550668281551361,1,2
0.3813462021664593,0.3444224874837089,1,2
0.3876427036966893,0.3324763508783182,1,2
0.3882532067350183,0.3605477367382891,1,2
0.3965423527876159,0.345960628857912,1,2
0.4069341131920675,0.3456452369264409,1,2
0.4231269334771048,0.3761318581459624,1,2
0.4329264695831601,0.3612056592494709,1,2
0.4424374074995817,0.348388672950754,1,2
0.4109804161582348,0.2993972783953563,1,2
0.3748090133878521,0.334392190873515,1,2
0.3367485626277398,0.3198431680148426,1,2
0.2914014528703897,0.3373037700850968,1,2
0.2519409400653922,0.3157668578099792,1,2
0.2393994768345878,0.3104275775275762,1,2
0.2269648036394887,0.2935069958271991,1,2
0.2214359879361324,0.2925825987899127,1,2
0.251477711584944,0.2693497765866984,1,2
0.8113393487829257,0.2693497765866984,1,2
0.7762494195630616,0.2629508866300681,1,2
0.7813466555009291,0.3010702244611375,0,2
0.7908075958694467,0.3151143262818532,0,2
0.826975757932449,0.2791551220320066,0,2
0.782210228716538,0.2614480423182599,0,2
0.739675705583362,0.2394984601322268,0,2
0.6019866033755403,0.2394984601322268,0,2
0.6153225006376233,0.2348454665876883,0,2
0.6348981509159727,0.1889781854979528,1,2
0.6724704611916088,0.1629133839246086,1,2
0.6299310256037324,0.1220881910844783,1,2
0.6675220400315026,0.1018279758376919,1,2
0.6433796245043485,0.0521264385783536,1,2
0.6551054891826108,0.0687013256383675,1,2
0.6896695559250846,0.0225552126764359,1,2
0.7193155972350666,0.03012066354591,0,2
0.7666902962126835,0.0784063189731414,0,2
0.7451409858844676,0.0853040344383839,0,2
0.7633590227997799,0.06825773067426,0,2
0.7470652164051721,0.1037196742958911,0,2
0.7502957374767317,0.0897674675064558,0,2
0.7518901757744197,0.130195132958397,0,2
0.7761651592583066,0.0900024634123657,0,2
0.7334637793790979,0.1225521270365892,1,2
0.7175464614795387,0.1400993069341363,1,2
0.6910468701463998,0.1498425919162867,1,2
0.718673103415838,0.1027815596427892,1,2
0.685649010363893,0.0702554453245517,1,2
0.6953046167422532,0.0311566724165563,1,2
0.7384793883021306,0.032281059066111,0,2
0.6917899535304526,0.0508345809394548,0,2
0.6451521139916774,0.0551822024833385,0,2
0.6135784289187205,0.0334093737461684,0,2
0.6469268533550262,0.0560600342318104,0,2
0.6306205167417696,0.0965223819136697,1,2
0.6577548590104043,0.1210853491273606,1,2
0.6865228107873288,0.1078922264239606,1,2
0.6378570788089998,0.1506571502875527,1,2
0.6758404753759348,0.1103863470351635,1,2
0.6436153021588678,0.1590119976998957,1,2
0.614434952590073,0.156833647424627,1,2
0.9391972087141194,0.156833647424627,1,2
0.8898273179771278,0.2052470713893275,1,2
0.8622319673612155,0.242421704641393,0,2
0.8800160663496749,0.2807951932263987,0,2
0.872805169168707,0.2437861835666435,0,2
0.8515288335247596,0.2264899540876984,0,2
0.8799274303242801,0.2347299731404868,0,2
0.8798460712347761,0.2315918493178772,0,2
0.6245323828824011,0.2315918493178772,0,2
0.6123190763920114,0.2544716257524648,0,2
0.5812037941815397,0.2271965074114901,1,2
0.5517345385791551,0.2682668994948548,1,2
0.5102356196421503,0.2958635275956509,1,2
0.50152144902878,0.3054930744064212,1,2
0.5144913711572545,0.2725485563697367,1,2
0.5232233771874255,0.2357286868768308,1,2
0.5252763328747609,0.2331784647621405,1,2
0.8775596374212227,0.2331784647621405,1,2
0.9194314313799204,0.2736776227479131,1,2
0.8926846965315793,0.2532198725732573,0,2
0.844183282802265,0.2711294516716412,0,2
0.8704382539077998,0.2753784029650319,0,2
0.917495852160074,0.2933341981615521,0,2
0.8976780519032062,0.3233088136923029,0,2
0.3839008602829635,0.3233088136923029,0,2
0.3813610013754333,0.3623767015794038,0,2
0.3593286143266357,0.3948457349661146,0,2
0.3219396591962116,0.3653381362258053,1,2
0.2779775441123909,0.3712760865346433,1,2
0.2919313727629685,0.4089468827571774,1,2
0.2994080661580691,0.4101728411693667,1,2
0.4298850696845285,0.4101728411693667,1,2
0.3972298437503986,0.3845752442762247,1,2
0.3902491666640293,0.3940679311161418,0,2
0.3685206498159259,0.3953964672562733,0,2
0.334507063298427,0.417452495475309,0,2
0.318312740173545,0.4310534057472888,0,2
0.1169330777298894,0.4310534057472888,0,2
0.0747002601812834,0.4127717909335512,0,2
0.1158897480899783,0.3990826739966917,1,2
0.0731760420922335,0.3584281389540049,1,2
0.0919774226602736,0.3542029155390904,1,2
0.1108199136217372,0.3318928474363696,1,2
0.0639635833436133,0.3280765298926115,1,2
0.1087728590025201,0.3141115293565872,1,2
0.6772476057281037,0.3141115293565872,1,2
0.7191994321058752,0.2731178122735522,1,2
0.6721879553214234,0.2943529439783328,0,2
0.7185147323541842,0.2597988737871139,0,2
0.706576644893088,0.2417880074560754,0,2
0.6824482279344142,0.2904122751563409,0,2
0.663928002360732,0.2670544505302598,0,2
0.6896932636028357,0.3105280355046607,0,2
0.6585851630546425,0.3139601198764423,0,2
0.6957798665214903,0.2834215347581746,0,2
0.6815987047573825,0.2929347725034362,0,2
0.71472310163562,0.2446643142080456,0,2
0.7080017648702581,0.2164422120656143,0,2
0.7394197028254362,0.2436239869810418,0,2
0.7225921125921269,0.2438226086167578,1,2
0.7354485117490848,0.2855541490893739,1,2
0.7265231358698672,0.2985218794574806,0,2
0.7569019100342731,0.2493517590232728,0,2
0.8012722188241092,0.2032096280067522,0,2
0.8474987884037668,0.1649308534908744,0,2
0.8715640073910059,0.1200253530138381,0,2
0.8703855404688887,0.0985127139977415,0,2
0.8687843425430162,0.0516389919665886,0,2
0.5044565170593361,0.0516389919665886,0,2
0.5113132912367159,0.1012581540703607,0,2
0.5383994113423988,0.1336067394191523,1,2
0.5047543092120664,0.1737728801393237,1,2
0.5375966162410936,0.1447782222017405,1,2
0.9420711318579416,0.1447782222017405,1,2
0.937187165646709,0.1052686670486068,1,2
0.9574195669729868,0.0699527764314938,0,2
0.9327529381878632,0.0538594194604368,0,2
0.958829287027014,0.0978737888077277,0,2
0.9241241437604568,0.1126988421526923,0,2
0.9522447422338028,0.1618438762466597,0,2
0.9359422478569094,0.1767753286269263,0,2
0.9567274355880848,0.1887300964315839,0,2
0.6493761921668506,0.1887300964315839,0,2
0.6155432447645228,0.1647640360518378,0,2
0.6059257983722509,0.1445488619515415,1,2
0.5987802295026975,0.1307926749231585,1,2
0.5900708476943938,0.0898874967786833,1,2
0.5895467914139235,0.1085875739476956,1,2
0.8684933964748567,0.1085875739476956,1,2
0.9051583827630488,0.1542432192578984,1,2
0.8607056947628218,0.1702467865095383,0,2
0.6632634241953376,0.1702467865095383,0,2
0.6291590958521127,0.2200659425143368,0,2
0.6141718578745994,0.2534911231537322,1,2
0.8228337734239978,0.2534911231537322,1,2
0.8345130174431186,0.249732670813951,1,2
0.8253735167987378,0.2697236029254081,0,2
0.8323870635310567,0.2782874610330483,0,2
0.8643901971730261,0.2620348727712689,0,2
0.8880830086018487,0.2856845439184845,0,2
0.5152861983948396,0.2856845439184845,0,2
0.5105512364065521,0.2657019271332354,0,2
0.4854003851340442,0.2510172028795065,1,2
0.8243241531616415,0.2510172028795065,1,2
0.7761154696230013,0.2923818703540954,1,2
0.7464032218996691,0.2837208045585906,0,2
0.7696214056605437,0.2561650968557193,0,2
0.8044542872997058,0.2063699988045543,0,2
0.7574035408574236,0.164612332643316,0,2
0.7798489340427187,0.1514470798575448,0,2
0.8217374766983462,0.1182409274564944,0,2
0.8260167642163139,0.1034550773054808,0,2
0.8696551112049236,0.1452516802872261,0,2
0.909037015488712,0.1935118943683643,0,2
0.9234410041197172,0.2336169535762683,0,2
0.9402927639046272,0.1894375076648426,0,2
0.9648106742650908,0.1695266504638137,0,2
0.9372333865298246,0.1285113066601442,0,2
0.6628366420157095,0.1285113066601442,0,2
0.6430577417064606,0.1047895134284631,0,2
0.6893114979076719,0.1085443033795697,1,2
0.7194598702581537,0.1488221644498,1,2
0.6925644345604185,0.1771325676013293,1,2
0.7081513726108185,0.1554701704603062,1,2
0.6971669004442783,0.1279592155914294,1,2
0.7023623058903324,0.1097774534322724,1,2
0.6775520539239476,0.1266282037098391,1,2
0.9194746810844698,0.1266282037098391,1,2
0.9242742766160577,0.1379415695446861,1,2
0.9191774430011884,0.1229509297463072,0,2
0.8908690402840327,0.1574203886092043,0,2
0.9363859261045996,0.1394522673837923,0,2
0.9158262628862976,0.1194736372105843,0,2
0.9422289273192664,0.0992610255210613,0,2
0.6236624592558121,0.0992610255210613,0,2
0.6193479098588898,0.0936763034782289,0,2
0.5846476207128924,0.0721875602487458,1,2
0.5635229626045642,0.0229797188137205,1,2
0.5995544720823964,0.0447696144822923,1,2
0.6208764102487995,0.0459627920091695,1,2
0.7282167245379246,0.0459627920091695,1,2
0.6797887833454774,0.0491234305578116,1,2
0.6851731342812438,0.0727161779618392,1,2
0.6973528288015504,0.0564376594325995,0,2
0.6496719011525918,0.0226384140451269,0,2
0.6106396771422261,0.0607981484566316,0,2
0.5843659905931776,0.0325682947873492,1,2
0.5386450285670366,0.063818307585519,1,2
0.578117386625075,0.0768144140141902,1,2
0.8349303995718288,0.0768144140141902,1,2
0.78775337991258,0.0312877910801059,1,2
0.74402522862834,0.0369949975716173,0,2
0.7254257137775599,0.0818924467173802,0,2
0.708403474039229,0.0509887121159315,0,2
0.5101572321562923,0.0509887121159315,0,2
0.4844026642704628,0.0198638434376764,0,2
0.4747487823355248,0.0412601342047023,1,2
0.4282599707046471,0.043804421118199,1,2
0.4271857675040006,0.0860678858937031,1,2
0.4331228615176384,0.124000170130017,1,2
0.4500235404405803,0.1248856752606267,1,2
0.8927918737537259,0.1248856752606267,1,2
0.8741502507122103,0.1645842601900507,1,2
0.6876965935603826,0.1645842601900507,1,2
0.7273334863165039,0.132792576002616,1,2
0.7453638719683803,0.1107017617077501,1,2
0.7674079516589406,0.0718225271664573,1,2
0.7452384477647949,0.0445225693878962,1,2
0.7874795738482768,0.0450996348218969,0,2
0.816356512405101,0.0468438617813571,0,2
0.515865924433899,0.0468438617813571,0,2
0.4820036249309439,0.070562972288624,0,2
0.7877666545375248,0.070562972288624,0,2
0.7473351513676895,0.0268746279846587,0,2
0.7195158316127065,0.0451723012194579,0,2
0.7334653787913277,0.0921297036693101,0,2
0.7085442200535026,0.0500343048125248,0,2
0.6857627276662586,0.0283700460194352,0,2
0.6883992381060267,0.0731165792460172,0,2
0.6949371793244643,0.0290401926583936,0,2
0.7259118702900385,0.0487680496957643,0,2
0.7242861702210217,0.0873488519984265,0,2
0.748918590456724,0.0735540704602027,0,2
0.7740626892257041,0.096027494674832,0,2
0.7839798258543287,0.0635706843282969,0,2
0.7981634288371171,0.1039155448056574,0,2
0.8294146893055088,0.1212793837374985,0,2
0.8211390031452537,0.1404850808422699,0,2
0.6635656131694836,0.1404850808422699,0,2
0.6388366727009633,0.0974857779432231,0,2
0.6563079370230771,0.0907343035761181,1,2
0.6475880053087557,0.1322350443896426,1,2
0.8923516645655212,0.1322350443896426,1,2
0.9157773666401618,0.1522615962258589,1,2
0.889581521675761,0.1187209434735803,0,2
0.9082932819019904,0.1161856168624907,0,2
0.8769254750423776,0.0976781757498651,0,2
0.910458514798078,0.0667177054609092,0,2
0.5532563581940917,0.0667177054609092,0,2
0.5679458256553356,0.0512479479657526,0,2
0.6012444349319933,0.0079212223157447,0,2
0.5928339609095635,0.0261346366355874,0,2
0.5971264023748128,0.066001845961865,1,2
0.6144062010422884,0.016620457959443,0,2
0.6539604440158221,0.0424416443167438,0,2
0.6100155960169957,0.044493385714476,0,2
0.5991353870602779,0.088854712861055,1,2
0.5511898118740436,0.1363791038882028,1,2
0.5620604184641423,0.1061854186555059,1,2
0.5418413526151558,0.0755155141931747,1,2
0.4934547544110096,0.1186231036947795,1,2
0.5090963730955994,0.077209210872969,1,2
0.812794530140427,0.077209210872969,1,2
0.8577019580724417,0.0678389813174572,1,2
0.8869718961423878,0.0834879432772638,0,2
0.8424257310715682,0.0661269769689816,0,2
0.8434879109839438,0.0572078071249768,0,2
0.5182371341883688,0.0572078071249768,0,2
0.5635766465768384,0.0451547719733162,0,2
0.5364798073933976,0.0777886760570386,1,2
0.4922391367454796,0.0891563812033482,1,2
0.8705989219554221,0.0891563812033482,1,2
0.8551647818755438,0.0675726430481558,1,2
0.8362414732510789,0.0873594812845614,0,2
0.8388778502443968,0.0601748307648169,0,2
0.8704722319501418,0.0288416388018423,0,2
0.4752122791161964,0.0288416388018423,0,2
0.4911319518974341,0.0682658228186882,0,2
0.5007293422044603,0.0965926938113857,1,2
0.4855194174369749,0.0492460404320447,1,2
0.4944052601488045,0.0916611252889953,1,2
0.5274708324511335,0.0945285636481582,1,2
0.5642858880004633,0.1326485252313523,1,2
0.5793171097928629,0.1514533782295544,1,2
0.5296334699987069,0.196667432746808,1,2
0.577902081071821,0.1867983820835263,1,2
0.9186149938799612,0.1867983820835263,1,2
0.9424168125819444,0.1694422412440281,1,2
0.9419090139886316,0.160960173618163,0,2
0.9074433815476068,0.1239012667936252,0,2
0.9130829360516484,0.1720362500513164,0,2
0.8950473835590914,0.1571716430240167,0,2
0.8982654140765599,0.148823203471568,0,2
0.9329579237460724,0.151526016929778,0,2
0.9205347143328108,0.1975571748772446,0,2
0.9255814072738576,0.1715637879854671,0,2
0.65010404076059,0.1715637879854671,0,2
0.6667810255825072,0.2074542663484037,0,2
0.688568617897804,0.2161072536363227,1,2
0.7382003161336124,0.2462428492916491,1,2
0.7233976342498758,0.2448383127177115,1,2
0.7252138974520983,0.2343649505639664,1,2
0.6877462145652292,0.2549324391764846,1,2
0.673067136894255,0.2945821828312482,0,2
0.631854958401157,0.2537067202769183,1,2
0.67715984444728,0.217221189884987,1,2
0.638537771564692,0.2613494867757593,1,2
0.6804465035603942,0.2607515306113497,1,2
0.7200258524555123,0.2627060767267339,1,2
0.7112390477565775,0.2211757668048804,1,2
0.7557469901426517,0.2338736422190519,1,2
0.7059516908576496,0.2256422071657222,1,2
0.6792057192525766,0.2626224663221186,1,2
0.7021532049457627,0.2358958780644283,1,2
0.6780351962296576,0.2220557484806851,1,2
0.6344453841236626,0.1865966536381359,1,2
0.5871919695264682,0.2091156107419199,1,2
0.5415293886504425,0.2212762557821281,1,2
0.5501354709460946,0.1916987283784066,1,2
0.5962307629338586,0.1672621745260985,1,2
0.945765121840685,0.1672621745260985,1,2
0.896739440304126,0.1264198529601076,1,2
0.9297698547091156,0.1719674166148068,0,2
0.8845060900029925,0.1310290610375439,0,2
0.6628513212350862,0.1310290610375439,0,2
0.630383289622121,0.0894325279509247,0,2
0.8466909038749406,0.0894325279509247,0,2
0.87957356673586,0.0723543751312405,0,2
0.899251641403672,0.0323938995088706,0,2
0.9204236200979028,0.0678457706365733,0,2
0.8731418777535681,0.036490485217724,0,2
0.8784187080074255,0.0749284137667261,0,2
0.901078305154574,0.066062978041557,0,2
0.9325066296823976,0.1159792369938073,0,2
0.9209155616580672,0.0716125682257117,0,2
0.5449531106070431,0.0716125682257117,0,2
0.5145333643105748,0.0453619167911253,0,2
0.5166659239237362,0.0513949571630728,1,2
0.7669790326877015,0.0513949571630728,1,2
0.7240084295550142,0.0726605685501291,1,2
0.7074405789488153,0.024561416624066,0,2
0.7235843714826702,0.0684844952916976,0,2
0.5433467767707052,0.0684844952916976,0,2
0.5017720084480999,0.0942400275460393,0,2
0.8741974413058515,0.0942400275460393,0,2
0.90518146875779,0.0881271261250908,0,2
0.9440002848126792,0.1031064735900208,0,2
0.9530083693573482,0.1444344692846331,0,2
0.906191838764728,0.169955072093864,0,2
0.8989440870562414,0.1540587607167901,0,2
0.6711096899878598,0.1540587607167901,0,2
0.6731479091749025,0.1919287551957175,0,2
0.7177711469983366,0.1436172059400276,1,2
0.6678031792555926,0.1852288743456054,1,2
0.6767406377834607,0.211640730319672,1,2
0.6753066406620082,0.2384385861156172,1,2
0.8820636690067155,0.2384385861156172,1,2
0.8882351473738044,0.2548411910003073,1,2
0.8841787398659333,0.2467498428326318,0,2
0.9225457829037412,0.2138251930291017,0,2
0.9350103014348232,0.2036895405742083,0,2
0.9770305621080084,0.1907216004335094,0,2
0.9673655267979004,0.1559137637042081,0,2
0.9646711899130176,0.1544442973781634,0,2
0.9394251807014856,0.1999740459163554,0,2
0.6632588266427891,0.1999740459163554,0,2
0.7088651980684963,0.2485633699303441,0,2
0.6899198663313625,0.2065716096368504,1,2
0.8890275617478819,0.2065716096368504,1,2
0.918704997016811,0.2494664620167917,1,2
0.8968831510281785,0.2153427852560548,0,2
0.9069575152958084,0.2301652438982823,0,2
0.956601308982954,0.1944255877323988,0,2
0.927822804987532,0.2300399548970663,0,2
0.8836222732912655,0.2349582680755691,0,2
0.9321462018365884,0.2092473684838298,0,2
0.930544287322362,0.1852254686416358,0,2
0.9452073241841038,0.1804972781766695,0,2
0.6871683896500759,0.1804972781766695,0,2
0.6627648628189483,0.1463629457874598,0,2
0.6995184339816496,0.1471339021804155,1,2
0.7197297269664046,0.1326575954953253,1,2
0.7164750621282936,0.1134806694345366,1,2
0.7161083847149535,0.0851887810377938,1,2
0.7630480809574898,0.1002786315051766,1,2
0.8015651874762306,0.0637087300560347,0,2
0.7552851896976926,0.0256063086940691,0,2
0.7872381179196148,0.0460898096886359,0,2
0.7387231792171214,0.0584558414405863,0,2
0.5199058935422203,0.0584558414405863,0,2
0.5133396547745611,0.0477937967361019,0,2
0.4764909754061308,0.0685852039724359,1,2
0.802300087009392,0.0685852039724359,1,2
0.8515476147750558,0.0581271068288038,1,2
0.8252308190024805,0.0236639253716472,0,2
0.801229718436431,0.0262515164487398,0,2
0.7630905585978979,0.0566863139371997,0,2
0.7273291973159866,0.0702181323534684,0,2
0.7120754547901038,0.0340393507242208,0,2
0.7498813217689904,0.0565876665938405,0,2
0.7792030917845522,0.0751968512887145,0,2
0.7472096371848538,0.0764658415740095,0,2
0.548558948779625,0.0764658415740095,0,2
0.561192596499978,0.1043850897398836,0,2
0.6083741985179815,0.1476405452292885,1,2
0.6143360911406677,0.1786789091958582,1,2
0.6375705017780643,0.2243993322796031,1,2
0.6034466947355538,0.1982643290284615,1,2
0.5946293575711284,0.2223066512289606,1,2
0.8935349097407195,0.2223066512289606,1,2
0.9197065214189726,0.2213993744842324,1,2
0.6396887545978407,0.2213993744842324,1,2
0.6495399159334615,0.2640509651162958,1,2
0.6636246596156189,0.2783663702068605,0,2
0.679942842372949,0.3048660761523348,0,2
0.7006254598860444,0.3339766306156407,0,2
0.7240916798497941,0.3064349305149891,0,2
0.6813782874393788,0.2676420910584443,0,2
0.7273356200758176,0.2995332055871859,0,2
0.7157058441559359,0.3162175344318148,0,2
0.6942553300228916,0.2892086994303892,0,2
0.5187459343470321,0.2892086994303892,0,2
0.5301892901195049,0.2628409118993487,0,2
0.8226410450840823,0.2628409118993487,0,2
0.8059804563394074,0.2295463824630493,0,2
0.6099875447176277,0.2295463824630493,1,2
0.6163250776982482,0.2727735946001808,1,2
0.6298105550797533,0.2692917387889493,1,2
0.8120557009630704,0.2692917387889493,1,2
0.8179023181457498,0.2616952045625027,1,2
0.8270377517188666,0.2339550624884561,0,2
0.8276048226172166,0.2742808170644484,0,2
0.7855059315810571,0.290156483256061,0,2
0.7785537259190922,0.3300628762199133,0,2
0.7536869093762646,0.3197416213511734,0,2
0.8032396105944224,0.319891885516458,0,2
0.3888618717357351,0.319891885516458,0,2
0.3415788029565479,0.3428546536165745,0,2
0.3448385687855326,0.3361180166676254,1,2
0.318961515303961,0.2881898098701833,1,2
0.3482262779567389,0.283397347948306,1,2
0.3617984453730518,0.2884362419227088,1,2
0.3467746922326831,0.2797663234959346,1,2
0.3270537120167614,0.270918101149239,1,2
0.2839043060645655,0.2678237463320513,1,2
0.2680996185832451,0.2201126366756224,1,2
0.8642138181085112,0.2201126366756224,1,2
0.8809619437638087,0.2032478850993136,1,2
0.6501914099041449,0.2032478850993136,1,2
0.6953939025148488,0.2012727790129866,1,2
0.7371213506880756,0.2149002756117192,1,2
0.7425784435104299,0.1773658986765321,1,2
0.938265405552048,0.1773658986765321,1,2
0.9865327938753062,0.1723110605223075,1,2
0.9670770896042548,0.1548894333623199,0,2
0.9231008191751624,0.1624172000738343,0,2
0.9074844358110388,0.1829860578809679,0,2
0.8838211664501247,0.2087512836596717,0,2
0.6709501842252342,0.2087512836596717,0,2
0.6526246309476508,0.2505785231127326,0,2
0.6805178531909356,0.249191611159778,1,2
0.6741875379643083,0.2638556700660234,1,2
0.8262858898220893,0.2638556700660234,1,2
0.7805226169947497,0.2218331516357985,1,2
0.732517599828061,0.2237582599205479,1,2
0.7712008717686241,0.2077700327269644,1,2
0.8012061307582856,0.1810092300256105,0,2
0.8194763805117798,0.1618252172430531,0,2
0.8083597237243824,0.1458622249234072,0,2
0.7719077418230467,0.1826306624227363,0,2
0.8041906438501164,0.2025172736352926,0,2
0.781717866613386,0.1918010363432001,0,2
0.8091781478180871,0.2216888916575718,0,2
0.8022464987788935,0.1850854194000217,0,2
0.8274539207383962,0.1620547495202111,0,2
0.8037697206278455,0.1531165909433736,0,2
0.7763510416131101,0.1337709243963604,0,2
0.7497965300266799,0.1525322783153879,0,2
0.7890175246300558,0.1792256918034437,1,2
0.7920899767596652,0.1913188821751085,1,2
0.825991194688268,0.1948442304831261,1,2
0.793850974809135,0.1779661657161446,1,2
0.783752150400051,0.1989709783755048,1,2
0.7466888065934666,0.1690536310395763,1,2
0.7019737995127535,0.1970580645345702,1,2
0.7115532293093496,0.177250346276742,1,2
0.7254398969576725,0.154111055036902,1,2
0.7491412721471611,0.1464539291850675,1,2
0.7981563526717204,0.1815591276779185,1,2
0.8013898125777141,0.1426064233779449,1,2
0.7621775252838502,0.1172334026479146,1,2
0.72252019767276,0.139856805095965,1,2
0.7526827088936503,0.1336614452312747,1,2
0.788791791905343,0.1109654246598879,1,2
0.74875910903847,0.1489812373051338,1,2
0.7797877447928404,0.1754455447836939,1,2
0.796789794270589,0.2039449316999451,1,2
0.8313180608829149,0.1733316974978344,0,2
0.8398631142747595,0.2109508611593893,0,2
0.8814637300981587,0.2193684831840108,0,2
0.8734037812997729,0.2431178977974513,0,2
0.843672959562211,0.2125129794158445,0,2
0.8271353201568067,0.2039610236662078,0,2
0.8683130328478506,0.1759441044130464,0,2
0.8603880087019327,0.2203981187635536,0,2
0.6621337772996897,0.2203981187635536,0,2
0.7061604259989351,0.2267162628760581,0,2
0.7354897101910599,0.2471956711902651,0,2
0.7121926062823254,0.286036324398916,0,2
0.708561314218789,0.2410548008858812,1,2
0.7176594486611751,0.262117440166719,0,2
0.753879002458407,0.2530980348299421,0,2
0.7060118131520269,0.2323817242893236,0,2
0.7184881029201148,0.2557947320111379,0,2
0.7138596328962125,0.2697737691294682,0,2
0.7100746972000929,0.2457847440532912,0,2
0.7348503190109891,0.2304469114813033,1,2
0.7157968368549913,0.278821486972808,0,2
0.759342453409775,0.2892252500855795,0,2
0.7646608460652897,0.3373233808511602,0,2
0.740115641768041,0.3469737514505263,0,2
0.7522789920282933,0.3234929296584953,0,2
0.7602465859399639,0.2889576385260328,0,2
0.7921892370528718,0.2803659201766273,0,2
0.7856285246452943,0.3057562551982252,0,2
0.4520114458303793,0.3057562551982252,0,2
0.4077406283846872,0.272377798866233,0,2
0.3735161764272583,0.3140318393311205,1,2
0.4090127110775672,0.3190229648074282,1,2
0.3978552843585228,0.3008260329393949,1,2
0.3716116711691385,0.3136334837822933,1,2
0.3836071061081262,0.3398579308878078,1,2
0.4274419171620284,0.2925081798390899,1,2
0.4068625012874113,0.2771502768383356,1,2
0.4228973732456388,0.2954210934180876,1,2
0.735856040313185,0.2954210934180876,1,2
0.7607927297187174,0.3086664676871384,1,2
0.7579686746788273,0.2666241134937063,0,2
0.5686258203836694,0.2666241134937063,0,2
0.6026696157414815,0.2969520271058675,0,2
0.5786613214154449,0.3370801030870961,0,2
0.5813636893056975,0.3186491598910271,0,2
0.589747564690365,0.272716068463911,0,2
0.6124749437816916,0.2877067042730005,0,2
0.5761457482388899,0.24398699342529,1,2
0.567313248593671,0.2668056445502592,1,2
0.5640670351583327,0.2367642403162396,1,2
0.5309869118569563,0.2509501401384441,1,2
0.5060399232836935,0.2409642842219635,1,2
0.5479685098051419,0.2243266331941727,1,2
0.5403118239708655,0.2587274500795348,1,2
0.5648808954963525,0.2311718109422292,1,2
0.8834870352172027,0.2311718109422292,1,2
0.888386985184768,0.186773732752152,1,2
0.8490575191687146,0.1732136344547635,0,2
0.8797352804411553,0.1804985473211186,0,2
0.8823022431664338,0.178381052839177,0,2
0.8478616729547034,0.1670812118915492,0,2
0.8047382480276191,0.1730529934358393,0,2
0.8108206365711245,0.1748908017808428,0,2
0.6828866995584532,0.1748908017808428,0,2
0.7291902991581298,0.1673582214901443,0,2
0.727459715257407,0.2036622377356508,1,2
0.7588478029296629,0.2242860799142206,1,2
0.7180352489387543,0.2268769577779855,1,2
0.6864041608030664,0.2596281949652514,1,2
0.6638730188946764,0.2644744331054434,1,2
0.7092603225666605,0.2167344221601564,1,2
0.6612646518989423,0.2055106663819938,1,2
0.6349129434893511,0.2268133048589172,1,2
0.6579164118909006,0.2461148566334731,1,2
0.695765294617188,0.2789397719107131,1,2
0.6881302948552945,0.317422200643453,1,2
0.6568222443765063,0.3184188186047791,0,2
0.6180172786878285,0.3482014425034769,0,2
0.662697149991932,0.3413362025693104,0,2
0.6370530273065746,0.3183020938051855,0,2
0.6015206297993111,0.2702568833871152,0,2
0.6079772612400297,0.2376426830240373,0,2
0.64050884950058,0.2284271665789652,1,2
0.6680348258194485,0.2203961316689664,1,2
0.6884370613110882,0.184821776651357,1,2
0.737795559531134,0.1430932536877363,1,2
0.7611129945016498,0.1055953067059284,1,2
0.8043121074954862,0.0914529950418117,1,2
0.8204057966951188,0.120858350398401,0,2
0.8153681201936,0.1608249851415369,0,2
0.8434418026163236,0.1656762326653664,0,2
0.804489248223418,0.1177877056813139,0,2
0.7722129804555878,0.0686687423097411,0,2
0.7993525808980698,0.072417598486202,0,2
0.8455833917342643,0.0234667214249718,0,2
0.4416028534854089,0.0234667214249718,0,2
0.438160366520832,0.048357184841472,0,2
0.460727152603449,0.0812976492570971,1,2
0.4697643261400301,0.0602919490047525,1,2
0.4521075160622815,0.0953453853425319,1,2
0.4052313476352265,0.1174796153679073,1,2
0.3875943237230222,0.1403689815972416,1,2
0.4330210003365974,0.145068566425311,1,2
0.9335770243409316,0.145068566425311,1,2
0.8870574737394019,0.1806579499850536,1,2
0.9184513741121298,0.1993831458134913,0,2
0.9345868758966188,0.1513323422260582,0,2
0.9477599144211032,0.112433275485627,0,2
0.6427745662759315,0.112433275485627,0,2
0.6586238115697776,0.0660873611648977,0,2
0.6168955419178902,0.0984912567829386,1,2
0.6444090848224551,0.0895516276295309,1,2
0.691506547540746,0.1289655713985641,1,2
0.9133590933730794,0.1289655713985641,1,2
0.9044179685658124,0.1111859777244753,1,2
0.9098476233082856,0.1440180140395374,0,2
0.9123020909354252,0.1510780398158694,0,2
0.9363375768978184,0.1948118892190496,0,2
0.9077600769910218,0.2117647089905939,0,2
0.934998044092778,0.2050131591965461,0,2
0.984650005589208,0.2461565630003742,0,2
0.9348731903899864,0.207223349017313,0,2
0.9646105066497532,0.241528180018455,0,2
0.6045406282958488,0.241528180018455,0,2
0.6254283317612591,0.2007343245910111,0,2
0.593129174862825,0.1563835771980175,1,2
0.6052135014891271,0.1464633021722835,1,2
0.6026982859422856,0.1671501226408558,1,2
0.6061510574744197,0.1336438904295391,1,2
0.8989132131293679,0.1336438904295391,1,2
0.8997846103239554,0.121818395758404,1,2
0.9031619482164668,0.1698346978716676,0,2
0.9431487841634992,0.1759550490787198,0,2
0.9153284416386306,0.1991917722176034,0,2
0.6553597797879757,0.1991917722176034,0,2
0.6071604234526403,0.245513226511977,0,2
0.6050064195960498,0.2448704313300983,1,2
0.6506110283652912,0.2452170309550876,1,2
0.8366516623635832,0.2452170309550876,1,2
0.7878369530770251,0.2050948344067827,1,2
0.7589163901266984,0.2207730208472473,1,2
0.8028129584774892,0.2521434673044036,0,2
0.8427014334547338,0.2983704341599398,0,2
0.8099690239924691,0.2978262073923255,0,2
0.7868466826829453,0.3210268068161075,0,2
0.801445464796569,0.3059586034395331,0,2
0.843000181737305,0.3336584570577169,0,2
0.8738667314363465,0.344734465750794,0,2
0.8958560613653513,0.3750407638706232,0,2
0.901776399023839,0.3807086481603992,0,2
0.220516201740035,0.3807086481603992,0,2
0.1967601422410019,0.3863875001099969,0,2
0.1631661009325833,0.350507436500982,1,2
0.1305952599884053,0.3019789505232891,1,2
0.0896559773266107,0.3496031145782043,1,2
0.0407688145119118,0.3060885423354275,1,2
0.0748010602157863,0.2668936580180479,1,2
0.0911570745308454,0.2876662084741249,1,2
0.079535741403858,0.253414926417763,1,2
0.0864369726265172,0.3033015621444516,1,2
0.724407886744104,0.3033015621444516,1,2
0.7096711967899766,0.3134087798312447,1,2
0.6917928614661015,0.280381018033642,0,2
0.6541398386406865,0.272163390548202,0,2
0.6767911606304404,0.268266417094248,0,2
0.6508848273972137,0.3117256482707602,0,2
0.6710872912473844,0.3171044039046887,0,2
0.7007915035431338,0.2790263467962512,0,2
0.6735318635584929,0.2775767456282607,0,2
0.6693669312811279,0.2542814170221243,0,2
0.7038114559493982,0.253950655884069,0,2
0.7512177995726805,0.2810990143350338,0,2
0.740761047379641,0.3096901166363413,0,2
0.7626148309686578,0.280978829570161,0,2
0.7227545241923043,0.2886647855575603,0,2
0.7022453887540108,0.2746102698881549,0,2
0.6721024454255049,0.2686060790361825,0,2
0.646887396909007,0.2869284133542572,0,2
0.4814428213831616,0.2869284133542572,0,2
0.5285111605625648,0.3333205162453689,0,2
0.5599764260811528,0.3106245817290128,0,2
0.5394628343454458,0.3377857245371867,0,2
0.5821144065116093,0.295535493195211,1,2
0.5770092743161481,0.3382558504813246,0,2
0.605257893081985,0.3139242603074691,0,2
0.5850712273465007,0.330051013612064,0,2
0.5463090703940094,0.3217281122859179,0,2
0.589392846762061,0.3130737961741739,0,2
0.5607521208506935,0.3334002882999309,0,2
0.547943623287731,0.3058981603329697,0,2
0.5645367187680722,0.3396840390611266,0,2
0.6034722822189262,0.3147724528077061,0,2
0.5742553474441201,0.3511732747353473,0,2
0.5832896513190037,0.3860006703434718,0,2
0.5610729286243855,0.3409447171669214,0,2
0.6058359131320082,0.3587379174580737,0,2
0.5698966856578814,0.3362690350760912,0,2
0.598654672617578,0.2891400732227021,0,2
0.6237940337314539,0.316960657517941,0,2
0.6567870154659861,0.3228944599083121,0,2
0.6972250894091634,0.3307868273132051,0,2
0.6909519117940661,0.355573816474572,0,2
0.7023899840585284,0.3589246036198648,0,2
0.6540373866523643,0.3786247749820571,0,2
0.6890703799779351,0.3540792288923625,0,2
0.6390713462918601,0.3169918425227224,0,2
0.675388912914699,0.3313885967761437,0,2
0.3831470589314555,0.3313885967761437,0,2
0.4045560663418147,0.3179574235506759,0,2
0.4041002424190301,0.3431276000209231,1,2
0.4419025085408692,0.3549188018840076,1,2
0.4018340454672186,0.3915755468155763,1,2
0.4115925693293618,0.3699548940015758,0,2
0.4587668170344324,0.3238449138954812,0,2
0.4893822647692099,0.3519073454946996,0,2
0.5200928518994296,0.3572893610470843,0,2
0.4859248232476867,0.3253567532696694,0,2
0.5067157937685973,0.3237352190082462,1,2
0.5454112711092568,0.3313333669611306,0,2
0.571684914676301,0.3676261040291433,0,2
0.5510422240803183,0.3461770312579009,0,2
0.5320247018635296,0.3103330924968246,0,2
0.5299710795676413,0.3315334421288595,0,2
0.5509433141761557,0.3487299069390821,0,2
0.5092403358552816,0.3174150547805848,0,2
0.5293800501446054,0.3143615559257653,1,2
0.4829582921642723,0.3029028536415299,1,2
0.5287644233796251,0.3339871588737872,1,2
0.5391958498092748,0.3570045144051416,1,2
0.5547638460053325,0.3584286846781887,0,2
0.603920445405633,0.3768713029528053,0,2
0.6414493508405479,0.3470970321258994,0,2
0.5986422504174475,0.3608286244321568,0,2
0.6335284059521735,0.3949469335979456,0,2
0.6484605447144371,0.4156979894745919,0,2
0.141030098716953,0.4156979894745919,0,2
0.1342776032468836,0.4350104985742235,0,2
0.1042925544883157,0.396340540810095,1,2
0.1528333190627658,0.4388287493489523,1,2
0.1624863257976252,0.4202543263781791,1,2
0.408985386742862,0.4202543263781791,1,2
0.3592206728539016,0.3824905014327451,1,2
0.3141450361241004,0.3605635400453656,1,2
0.3634289492214261,0.313747761098987,1,2
0.3950483232387916,0.3310928381527649,1,2
0.4377799111649786,0.3076768828389295,1,2
0.4064028669908933,0.2815651350161622,1,2
0.431111509078866,0.2325966411107403,1,2
0.8611164219714258,0.2325966411107403,1,2
0.8818449242502591,0.1992507606637597,1,2
0.8379566217120111,0.1921415237583331,0,2
0.7987448359277309,0.1624290204933857,0,2
0.8398972496058997,0.2102585830656377,0,2
0.8637514361117573,0.2602081485512382,0,2
0.8221892780471003,0.3011698636396173,0,2
0.8347549172022725,0.302296953100547,0,2
0.7986545746337348,0.3462698960682415,0,2
0.3433095326375939,0.3462698960682415,0,2
0.3874293145848918,0.3662770204430848,0,2
0.5089213119760276,0.3662770204430848,0,2
0.4982947092577746,0.4053009627918462,0,2
0.4763164859672238,0.4317564539657274,0,2
0.4944285012002661,0.4194730669979554,0,2
0.5384143462131951,0.4206541440762603,0,2
0.552436543423494,0.4117243973998538,0,2
0.1901686241709322,0.4117243973998538,0,2
0.2273592379889837,0.3958227664601424,0,2
0.1961557107747586,0.3840701954905664,1,2
0.5092217869276883,0.3840701954905664,1,2
0.4897491237541061,0.4283635100044464,1,2
0.5158752837821311,0.4775728661662218,0,2
0.553450146104843,0.493357208111359,0,2
0.5905208997946916,0.4538392917490779,0,2
0.6396138154003752,0.4490890072537601,0,2
0.6694628590102097,0.4469109816317534,0,2
0.7185623497783497,0.4151586692636067,0,2
0.7649111824367595,0.4352431992969158,0,2
0.8007451250591606,0.458600406968494,0,2
0.0758943651755815,0.458600406968494,0,2
0.1130071363721945,0.4421163704457861,0,2
0.1535060293514538,0.4918757063236686,1,2
0.1281418790703422,0.5236647845658273,1,2
0.1150175720628301,0.5069129524981614,1,2
0.0792175581415501,0.4758380242139489,1,2
0.0492392444710349,0.4260672288177944,1,2
0.0567960552938585,0.3817961243005115,1,2
0.0944762439419123,0.4037896987019363,1,2
0.4459335801718142,0.4037896987019363,1,2
0.4568331573370466,0.3662450373803877,1,2
0.4598942210817297,0.3853783798264215,0,2
0.4760963275052876,0.4306851422368385,0,2
0.1564469659646316,0.4306851422368385,0,2
0.1329906538910956,0.4189178815507204,0,2
0.1395482338474137,0.4011269261213856,1,2
0.1838040612376876,0.3776161599717678,1,2
0.1352447577396106,0.4047723750571725,1,2
0.1111107218524576,0.3893106167972994,1,2
0.4590270148057671,0.3893106167972994,1,2
0.4252336120589462,0.3891247159222309,1,2
0.3937784251168263,0.3756402918162326,0,2
0.4066251215017514,0.424346973845115,0,2
0.3635538112879977,0.4059120006371445,0,2
0.3588431811876126,0.4377166423645781,0,2
0.4012048994836704,0.4334787654679121,0,2
0.4283014220830173,0.3856648523732618,0,2
0.252141873279447,0.3856648523732618,0,2
0.2405199849123072,0.4272370072055209,0,2
0.2741252651893769,0.4357534953633346,0,2
0.3122734020169971,0.3954242748123261,1,2
0.3141519174269085,0.3603176922091489,1,2
0.3343496066809254,0.3164664758158708,1,2
0.3604794818387763,0.3521224540240116,1,2
0.5655011742497303,0.3521224540240116,1,2
0.5222488814839035,0.392470913968947,1,2
0.5639869687978633,0.3492006357669095,0,2
0.5160310747307378,0.3823523204856011,0,2
0.5053786822923421,0.4010177834886187,0,2
0.1937010899606337,0.4010177834886187,0,2
0.2044918993117619,0.4178033760574637,0,2
0.1554136349162689,0.3710399301307024,1,2
0.120453132988777,0.3820578465201159,1,2
0.1699593993280258,0.3967326972598179,1,2
0.4450209969378799,0.3967326972598179,1,2
0.4048447675057154,0.3903521525681524,1,2
0.4304052002894948,0.3511235854389585,1,2
0.4627744775147177,0.3833820769977497,0,2
0.4393694811387288,0.4206966646119226,0,2
0.4516653813744863,0.3784317508406897,0,2
0.4676065444208331,0.3297847180891357,0,2
0.4964754266516444,0.3745799852610555,0,2
0.4952210459772517,0.4055071181127792,0,2
0.4781086751433995,0.4554087106418489,0,2
0.4670019811490397,0.4439382415600222,0,2
0.4338931421389524,0.4006341320123562,0,2
0.2099689135565597,0.4006341320123562,0,2
0.1998193304742507,0.3832655460937159,0,2
0.1766689388791627,0.39528080042696,1,2
0.1805346131938773,0.4354292186412744,1,2
0.3931797524855389,0.4354292186412744,1,2
0.351080589094802,0.4803325533030594,1,2
0.3114967933838234,0.4454527460507559,0,2
0.355343027946039,0.4171909102086772,0,2
0.3246851323591824,0.3929588558549566,0,2
0.2821603920285312,0.4287524887457582,0,2
0.2640227882886491,0.4137759468331793,0,2
0.2939211122755132,0.4140420440054833,0,2
0.2676163387606114,0.4548623995203211,0,2
0.2357013996334712,0.4137039850674188,0,2
0.2516808138744294,0.3906272901140425,1,2
0.23520235699439,0.4122254090305139,1,2
0.2354641981218949,0.4519492672558542,1,2
0.2191585042585594,0.4542144585340198,1,2
0.1892799844246519,0.4670413896585624,1,2
0.1446898878475643,0.4335021272264823,1,2
0.1165353318501158,0.429415494711696,1,2
0.0914361061749594,0.4138929155058231,1,2
0.097951247847618,0.3976651426527313,1,2
0.0828053911727639,0.3969877396913473,1,2
0.4796834171331913,0.3969877396913473,1,2
0.4745753628506128,0.3788786725479373,1,2
0.4246074982149607,0.3944043481281621,0,2
0.4688994687142331,0.3889672296587726,0,2
0.4704299645775643,0.3417821794929854,0,2
0.4789229053378192,0.3266449108908565,0,2
0.461078598932329,0.3679035739883374,0,2
0.4646847751792014,0.3606600648445279,0,2
0.4376782712869556,0.3601039124234231,0,2
0.4484469057166869,0.3913982716885514,0,2
0.4701950780117799,0.3817537666436508,0,2
0.2574224708925345,0.3817537666436508,0,2
0.2209057152529185,0.3935342154074652,0,2
0.2267003715103646,0.3895301833190253,1,2
0.2467523238197882,0.3440757824695891,1,2
0.5998280894881733,0.3440757824695891,1,2
0.5805265797027406,0.3234768116873028,1,2
0.5888301054032201,0.3327392638638105,0,2
0.3727542605908363,0.3327392638638105,0,2
0.3844411149434783,0.3569681800201751,0,2
0.3488354704209564,0.3891944926561029,1,2
0.4676818710242901,0.3891944926561029,1,2
0.4967963061550284,0.3634832801826664,1,2
0.5242183269914723,0.343604303787838,0,2
0.3349032734684531,0.343604303787838,0,2
0.3808742260755765,0.3744260257224844,0,2
0.4904881735323668,0.3744260257224844,0,2
0.4437637264132126,0.4095120274963758,0,2
0.4387168411565129,0.3761850062392652,0,2
0.4043622326140249,0.3373740724103821,0,2
0.3929584784538696,0.3398784520938702,0,2
0.4376086514820489,0.310615304796675,1,2
0.439844892576016,0.2658516764341792,1,2
0.4743548384127452,0.2340070197889724,1,2
0.4524470957059554,0.2813070933337442,1,2
0.4377024290724139,0.2979554793834315,1,2
0.3968900023716105,0.2842598376742851,1,2
0.7486292654002458,0.2842598376742851,1,2
0.7899939268363727,0.2395797279712183,1,2
0.8381417233180778,0.2614470828839622,0,2
0.8234652215639062,0.2975057642286688,0,2
0.7911920438256758,0.3281998751737219,0,2
0.8210353161249798,0.3751086192089189,0,2
0.8412288538215932,0.3495697268636968,0,2
0.8811437260437467,0.3441325881941771,0,2
0.8785258045614525,0.3359771731760507,0,2
0.8735552221907802,0.3102009597427435,0,2
0.4295832382275654,0.3102009597427435,0,2
0.4188958764799058,0.2626561978418257,0,2
0.4654810215501668,0.2677390850428583,1,2
0.4860723947679518,0.2284051486514575,1,2
0.4809320826284634,0.2073766861411981,1,2
0.9005715353899733,0.2073766861411981,1,2
0.90884751050462,0.2526201638459787,1,2
0.9572971023261562,0.2725619748408364,0,2
0.9532613018030262,0.3170573937370422,0,2
0.9423380749574216,0.3669497527406555,0,2
0.9882464015852348,0.4001803854887463,0,2
0.9519722596277276,0.4289872619474468,0,2
0.9143687098976936,0.4640255842952844,0,2
0.0764452446190772,0.4640255842952844,0,2
0.1103354913444019,0.4836683302874575,0,2
0.1354332542140537,0.4762987721355617,1,2
0.1099451271806822,0.4806494276946786,1,2
0.1089517992804622,0.4352743837492492,1,2
0.1323756948924779,0.4753122191341657,1,2
0.1213697567561831,0.4563813244040717,1,2
0.1138290463315215,0.4307692688688078,1,2
0.1008811758918035,0.4550162624535452,1,2
0.1178780137118339,0.4191936739838136,1,2
0.4147445002887767,0.4191936739838136,1,2
0.370792198200351,0.4450836970958122,1,2
0.0985178408462425,0.4450836970958122,1,2
0.0489885697900459,0.4447276312168517,1,2
0.0491080995355802,0.43754388551009,1,2
0.049147073114372,0.3919627772633377,1,2
0.0499956495251281,0.4336887167105012,1,2
0.0928718189205901,0.4259553708197579,1,2
0.0623484401240849,0.4290807950613167,1,2
0.0487675288797582,0.40796834621016,1,2
0.0669993258633652,0.4009914550775031,1,2
0.0327801276706272,0.4090077951389591,1,2
0.4457717349521156,0.4090077951389591,1,2
0.4869651013272311,0.4512783264381237,1,2
0.5245766337839098,0.4196881569319842,0,2
0.4963889608187604,0.4694665746938882,0,2
0.5182678030994937,0.4890891564109335,0,2
0.0664091482679291,0.4890891564109335,0,2
0.0468895926329751,0.4649133462401021,0,2
0.0686117651576801,0.4161559986643913,1,2
0.1134665175132604,0.4594745898701227,1,2
0.1452678101617794,0.4277557655959439,1,2
0.1447757044330319,0.4090758084319931,1,2
0.113970304796907,0.3700928964659452,1,2
0.5315755428739426,0.3700928964659452,1,2
0.5632800087827922,0.3349602250305082,1,2
0.5169712966806723,0.3476427590590114,0,2
0.5027417192879788,0.3714089500621182,0,2
0.4528243129178628,0.3722045294791696,0,2
0.4855372828425279,0.3799958034527697,0,2
0.4733848504831966,0.3558181348481745,0,2
0.4254765326788776,0.316856960645103,0,2
0.41245919677661,0.3337938270300911,0,2
0.36770991441098,0.3076984284631177,1,2
0.3830714821857742,0.3238164334411565,1,2
0.4011663649321996,0.3112236314402737,1,2
0.4205798762767306,0.3408005667231301,1,2
0.3862834739590672,0.2942698317759694,1,2
0.4195265712450489,0.2543915146777163,1,2
0.4546380329219665,0.2190303745446668,1,2
0.4498791274958518,0.2109244576678737,1,2
0.9192693872354568,0.2109244576678737,1,2
0.8914445718208702,0.2153195646840509,1,2
0.9276535339394616,0.2049613914116523,0,2
0.8914215588480601,0.156933386430003,0,2
0.9352294987596452,0.1209561972871896,0,2
0.969695439890506,0.1079436207807346,0,2
0.9494933435627336,0.1287368127990009,0,2
0.9442960434639922,0.1662727772504568,0,2
0.6580640965440365,0.1662727772504568,0,2
0.6198213813596153,0.143861256910305,0,2
0.6167664018243503,0.181889323812901,1,2
0.5816042500330804,0.1499995884037372,1,2
0.6105283990623676,0.1537522053002918,1,2
0.5713121922620134,0.1541998253376652,1,2
0.6154231539814377,0.1049986700907503,1,2
0.9005241331282215,0.1049986700907503,1,2
0.9400475589163264,0.1369163236762658,1,2
0.9714055732245048,0.131874470005249,0,2
0.94076586817087,0.1200952651262605,0,2
0.988737736617396,0.0821809425083182,0,2
0.9629836313070348,0.101231501290744,0,2
0.9500225546298772,0.0554707688743444,0,2
0.9305749428978598,0.0679905895405718,0,2
0.9466854773066758,0.0643896851214414,0,2
0.561534645681468,0.0643896851214414,0,2
0.543762758653314,0.0387013149899926,0,2
0.4996613872081449,0.0562028383189398,1,2
0.7727403200009232,0.0562028383189398,1,2
0.794068267196601,0.079748768257898,1,2
0.7505599445012022,0.1023494139322253,0,2
0.7050214510375561,0.0696505752690466,0,2
0.7173889255098896,0.0218299092450792,0,2
0.6761102083721899,0.0714381696538553,0,2
0.7023599538002417,0.1058979528207845,0,2
0.7290719363323264,0.1140742369087948,1,2
0.6928708224289969,0.1120002892918399,1,2
0.6822572313954024,0.1464564373149926,1,2
0.6463690444623442,0.1311221867345435,1,2
0.6690515794277283,0.0880735637630021,1,2
0.7094073912045435,0.0388542491471644,1,2
0.7395091149522102,0.0693062947559885,1,2
0.6917715952623434,0.0930448898177876,1,2
0.7410281321657355,0.0913165455140424,0,2
0.7807461136047236,0.0510603232422448,0,2
0.7336664085694456,0.0011046691745475,0,2
0.6932983313585744,0.0104433554772756,0,2
0.7072524801861929,0.0479201340747847,0,2
0.7519940388986365,0.0571934615385831,0,2
0.7849689205354599,0.0907574760429515,0,2
0.809951247544103,0.0863712109949706,0,2
0.7698976216139696,0.0985014269760304,0,2
0.6162503335216187,0.0985014269760304,0,2
0.6094235479912877,0.0534694603958558,0,2
0.6163036125107332,0.0469792199989663,1,2
0.6443419216716999,0.0948935577726247,1,2
0.6859151364548188,0.1383036094543421,1,2
0.6863902728434982,0.1379800112334272,1,2
0.6783283415702948,0.0971536660999659,1,2
0.7143498795797053,0.0763203771814843,1,2
0.7287123229395457,0.1037029024115374,1,2
0.6862443147717091,0.0679973464076873,1,2
0.6738655723693888,0.0722781124614716,1,2
0.6421493004127907,0.0621291016909585,1,2
0.6020097328906543,0.0836037381995962,1,2
0.561657294987356,0.1238133822123597,1,2
0.595828466929062,0.0999863260143005,1,2
0.6194457914381566,0.1168250359417369,1,2
0.6688413685596285,0.1606934791191646,1,2
0.6316135405332077,0.1731250054622284,1,2
0.6573588944408956,0.175724757451512,1,2
0.9199906468612498,0.175724757451512,1,2
0.966346535752749,0.1390882089479514,1,2
0.9593746874943658,0.1642278969401574,0,2
0.9282271125249884,0.2006771894170974,0,2
0.9319873890017372,0.2422609472961149,0,2
0.6025081257792437,0.2422609472961149,0,2
0.5859759530948481,0.2807832437124544,0,2
0.6171236778018659,0.2435340363489026,1,2
0.6403093134291895,0.1955948909408346,1,2
0.6885148374889323,0.1853260520598807,1,2
0.9387657564550858,0.1853260520598807,1,2
0.9762555834248672,0.2114166216093678,1,2
0.9386965005062258,0.1871646842149249,0,2
0.912926681522846,0.173797096853844,0,2
0.9166606545449064,0.1248153729196905,0,2
0.9283491634117224,0.1576520020646197,0,2
0.6584633369304154,0.1576520020646197,0,2
0.6525713722651483,0.1306958811197196,0,2
0.6401893180708619,0.1436660349139057,1,2
0.6264138300313733,0.1677866970813777,1,2
0.6546579154542896,0.1609509592059013,1,2
0.61898841077078,0.1392924402686823,1,2
0.6014909107218216,0.1226510114055006,1,2
0.6195303807650806,0.1136405586202403,1,2
0.6575182844896218,0.1303053491111739,1,2
0.9117841953292244,0.1303053491111739,1,2
0.8962337741535047,0.1193796949826038,1,2
0.8830342719978831,0.1382019116684863,0,2
0.9252341131373928,0.1737533656651726,0,2
0.912624400775744,0.2208555102860679,0,2
0.8960395380264965,0.2259832492061986,0,2
0.611107694202536,0.2259832492061986,0,2
0.6160916956404988,0.2407879321032199,0,2
0.5723769799304479,0.2166262654510949,1,2
0.5483906391566838,0.2274807006727414,1,2
0.5559756468979398,0.2017068555814855,1,2
0.5371135143492429,0.2176220918820176,1,2
0.5358908075596007,0.2317366158704112,1,2
0.5005048019014757,0.19146250291315,1,2
0.9057234026716536,0.19146250291315,1,2
0.87998480736379,0.1906467132665806,1,2
0.9112955502016812,0.2291881733773038,0,2
0.8953653615469621,0.1883487559312626,0,2
0.6575378669167926,0.1883487559312626,0,2
0.7011261027715364,0.181957460663128,0,2
0.733676599318844,0.178764717387672,1,2
0.7627997846692236,0.1784769266195956,1,2
0.7378675134386885,0.1828725518167243,1,2
0.7394732287204538,0.1577324121398018,1,2
0.7041893587279853,0.1277766273155047,1,2
0.7532744107328047,0.1335329286820204,1,2
0.919446052991202,0.1335329286820204,1,2
0.9357816890902384,0.1012034546731566,1,2
0.9115802611753476,0.0740336259197663,0,2
0.9064770752088072,0.0448323213021718,0,2
0.9312012931741436,0.0926969123922041,0,2
0.9330629029023988,0.0692067956203869,0,2
0.9494462718118922,0.0460702393558681,0,2
0.9630983688739532,0.0560412549102311,0,2
0.9175670687612744,0.0208338769933417,0,2
0.965773363454962,0.0428654012011273,0,2
0.477268557709809,0.0428654012011273,0,2
0.5171842494124943,0.0767410703431969,0,2
0.501825554457323,0.1159196072233522,1,2
0.4900585679984723,0.1421336875747062,1,2
0.5288734377854606,0.1791362556303642,1,2
0.5002433908245516,0.216970342830405,1,2
0.898165910225929,0.216970342830405,1,2
0.932967490055714,0.2186704244679502,1,2
0.964828680066772,0.2275476527492779,0,2
0.928492821442269,0.2544238542806799,0,2
0.930147507624165,0.2256311924399395,0,2
0.9450594194237576,0.247961663351852,0,2
0.9921199110980666,0.2255820713575025,0,2
0.962220918839238,0.1833728928718399,0,2
0.6850814019761654,0.1833728928718399,0,2
0.6520884169835669,0.1626661297508624,0,2
0.6482004271427835,0.1817140240055599,1,2
0.6955774716179147,0.1740629759187663,1,2
0.7073120536213262,0.1258972827760771,1,2
0.7214102517347253,0.1439807303002937,1,2
0.6922644183248627,0.1741139047955484,1,2
0.925201485542543,0.1741139047955484,1,2
0.8795149633703391,0.1377776363178783,1,2
0.6634409551090377,0.1377776363178783,1,2
0.7112434884236334,0.125177773621003,1,2
0.7019342121615075,0.1350777072204199,1,2
0.718563181369855,0.1402023707515416,1,2
0.694932823213721,0.1087232232421293,1,2
0.8786153401732272,0.1087232232421293,1,2
0.8308683123308049,0.1172379219810189,1,2
0.7992940240423918,0.1157202023682747,0,2
0.8053940109381108,0.1258342382697825,0,2
0.8268175279270925,0.1682329095737794,0,2
0.8103617019275976,0.2155966159087043,0,2
0.7866924471096581,0.2387915917653844,0,2
0.7846200568056381,0.2714212487108148,0,2
0.5630827714396913,0.2714212487108148,0,2
0.5322073380910587,0.276597502219524,0,2
0.5171974721740733,0.2310261393165227,1,2
0.5431807783773634,0.1942864564736893,1,2
0.5797927998568599,0.1687262880171149,1,2
0.6294934871566542,0.1294954477223515,1,2
0.6587036523638645,0.133416629618671,1,2
0.6805892573159269,0.1096527181700481,1,2
0.6858852523268166,0.1214255287731334,1,2
0.6817228062918254,0.1407051704338415,1,2
0.9086184587028814,0.1407051704338415,1,2
0.9012428995080476,0.1563325116682632,1,2
0.942751322639227,0.1742873904953599,0,2
0.6697872840825766,0.1742873904953599,0,2
0.6636416701179642,0.1652463658021398,0,2
0.6894189761995849,0.1508000455149016,1,2
0.7251750146303445,0.1604483341932842,1,2
0.7218402145458379,0.1791824643728,1,2
0.9046510201607236,0.1791824643728,1,2
0.9048845693495892,0.222494661794595,1,2
0.9518800252578982,0.2568219172693084,0,2
0.9316060651324876,0.2880271483066323,0,2
0.9117017282502342,0.2476860997318649,0,2
0.939047988087066,0.2395638694252433,0,2
0.6295025185159413,0.2395638694252433,0,2
0.6358454886862781,0.2199728009129154,0,2
0.6242672464776949,0.2287558491295887,1,2
0.864372991171124,0.2287558491295887,1,2
0.8930296166974487,0.220526345316205,1,2
0.8888963471701615,0.2522372410033944,0,2
0.9026716955162374,0.2437188670853191,0,2
0.8653239155629394,0.2186934602283757,0,2
0.8951553561447119,0.1951241619453035,0,2
0.6434169533381826,0.1951241619453035,0,2
0.6683807420770728,0.1480980083931485,0,2
0.6822441902637758,0.1024966850194763,1,2
0.6381564937870263,0.1074474231120769,1,2
0.8987499334178205,0.1074474231120769,1,2
0.935660626603334,0.0688081152878508,1,2
0.9447884393450476,0.0604631894154518,0,2
0.9245252625036694,0.0303726938642157,0,2
0.8795345388606475,0.064739190379272,0,2
0.8675607915554723,0.0946747181506156,0,2
0.819377048860821,0.114160671017261,0,2
0.8417005629009969,0.1266657062243539,0,2
0.6503295240546398,0.1266657062243539,0,2
0.6174209334052628,0.1288527688150099,0,2
0.5682068625087819,0.1208943626140493,1,2
0.5633288992326555,0.0733808532702513,1,2
0.6082015223117689,0.0335318205376079,1,2
0.5957051643163213,0.0547778052239653,1,2
0.6073755327268633,0.00828582854709,1,2
0.6518146548856193,0.0119695948403144,0,2
0.6032465295320328,0.0260684720176773,0,2
0.6451734625422265,0.0406074640487325,0,2
0.673655558061755,0.0638990762494963,0,2
0.5486946657881648,0.0638990762494963,0,2
0.4991219700282876,0.0746925057186247,0,2
0.8192075171533985,0.0746925057186247,0,2
0.8273779549059046,0.1048607119806608,0,2
0.8551060592681093,0.1303234836257253,0,2
0.6745771234703319,0.1303234836257253,0,2
0.7172152761249434,0.109225086100992,0,2
0.7331508015146259,0.1534620410013088,1,2
0.6878801334348729,0.1662417784395462,1,2
0.7001278021912165,0.1401485019422937,1,2
0.8910732397731175,0.1401485019422937,1,2
0.9063696081940844,0.1010736256108119,1,2
0.9443788392437368,0.0639667418066907,0,2
0.9643720289296636,0.0215390069057628,0,2
0.9395869774738153,0.0451473035398188,0,2
0.5144170740776407,0.0451473035398188,0,2
0.4931433814474728,0.0651327112919795,0,2
0.5002618104437041,0.0763775359392187,1,2
0.457435694962303,0.1215471551833085,1,2
0.4206780810640999,0.0940697981721915,1,2
0.4466063985971181,0.0987714693128376,1,2
0.8645343367370764,0.0987714693128376,1,2
0.8969001168572441,0.1058257063445603,1,2
0.8559048952636331,0.0880065377202609,0,2
0.8288095167689666,0.0770795895542389,0,2
0.5876946397090997,0.0770795895542389,0,2
0.5863785021632701,0.1109871181729351,0,2
0.5576929575492497,0.0681546980101022,1,2
0.5626965577594744,0.1071113190722945,1,2
0.5276495837560533,0.1556857920502817,1,2
0.5497187025925787,0.1642009205083607,1,2
0.5882273692642846,0.1483422093175427,1,2
0.545047552510146,0.1652964545676103,1,2
0.5482744017441333,0.2022247278941592,1,2
0.9016749990940548,0.2022247278941592,1,2
0.8568861131352746,0.1745396985477606,1,2
0.8970338075597561,0.210965138932148,0,2
0.9077413626936248,0.1844921130734656,0,2
0.6864048937694979,0.1844921130734656,0,2
0.6972977599115887,0.171632939341479,0,2
0.7437841391358099,0.1367189617484547,1,2
0.9047385465820358,0.1367189617484547,1,2
0.860965762031519,0.148018652952517,1,2
0.6846605670025787,0.148018652952517,1,2
0.7038350154029956,0.0986719369290649,1,2
0.6593178513461426,0.0670955181284588,1,2
0.811828150085945,0.0670955181284588,1,2
0.8217381210488235,0.0357029393240617,1,2
0.8494028629419311,0.0699949260326175,0,2
0.8851206558153184,0.0933409127423559,0,2
0.9261312243524696,0.128710207572175,0,2
0.9196015953796068,0.0971211431757355,0,2
0.9381634395649898,0.0811265490922106,0,2
0.5582481627070346,0.0811265490922106,0,2
0.5256994182439372,0.0416405274982906,0,2
0.570259657005604,0.0851765518692809,1,2
0.6035301120951511,0.0426628282263947,1,2
0.5610360925705544,0.0895343450736066,1,2
0.5510115685588882,0.1289774109327266,1,2
0.5259668539208816,0.1232268484367323,1,2
0.5550909965696783,0.1150238496214586,1,2
0.5080229795204373,0.0883906052654504,1,2
0.8518006919405667,0.0883906052654504,1,2
0.8761395683810527,0.1068579439949426,1,2
0.8894721792715736,0.1468414130205306,0,2
0.8713035798403748,0.1832935993270124,0,2
0.915280983599301,0.1397825571485164,0,2
0.8772698840588405,0.1352005026931164,0,2
0.6464740575613098,0.1352005026931164,0,2
0.6819487966141662,0.0994370296046956,0,2
0.6541856324513016,0.0978227259679741,1,2
0.6667020291792429,0.0771868863469541,1,2
0.7041789298678715,0.0914129682289657,1,2
0.6702250981781162,0.0632106663177251,1,2
0.6202675970344795,0.1020316069570532,1,2
0.6218413052450116,0.1389539496054727,1,2
0.6382447708740144,0.1793358585204715,1,2
0.5956518740315548,0.191987957596291,1,2
0.6421274622448506,0.1741568059276772,1,2
0.6739591716275125,0.1878064194965026,1,2
0.636714481337066,0.2135284848368971,1,2
0.8955173679635527,0.2135284848368971,1,2
0.8658501002134172,0.2474786038252543,1,2
0.8165978733799737,0.218724860030114,0,2
0.8472887262077253,0.177413842498702,0,2
0.8854017951674235,0.16847600254928,0,2
0.8770447839830093,0.1489589842807934,0,2
0.8770686280845941,0.1273530595016294,0,2
0.8850113070839195,0.1762746541240143,0,2
0.6501974829478168,0.1762746541240143,0,2
0.6070500101586739,0.1453613006951187,0,2
0.6279523580486382,0.1506612356930908,1,2
0.5984159660134997,0.1222288540340269,1,2
0.5838525158138999,0.1058584123323597,1,2
0.5913281585155862,0.0903737384219465,1,2
0.5860878447823495,0.0906537585226968,1,2
0.5692243426473418,0.1331624279921646,1,2
0.551182291607309,0.1533292778519869,1,2
0.5759786835783898,0.1571732418732202,1,2
0.9236660110927698,0.1571732418732202,1,2
0.9194323524748876,0.1441347830033913,1,2
0.8775481350199017,0.1765191214642738,0,2
0.8294361074657761,0.1294589255755548,0,2
0.8403001996126509,0.0927701165387598,0,2
0.8897388080436199,0.0819186115220922,0,2
0.9080533517002264,0.0828286719786587,0,2
0.9220171025701436,0.124814995449896,0,2
0.9487583724080424,0.1461013358438705,0,2
0.6573592112266649,0.1461013358438705,0,2
0.6268229058987604,0.1617958379509263,0,2
0.6047621466001918,0.1670460758833459,1,2
0.5852819751436893,0.1474922694569571,1,2
0.8956498080077833,0.1474922694569571,1,2
0.9231975333625528,0.1513439563049715,1,2
0.9448369047690334,0.1183170870156581,0,2
0.6335675374167413,0.1183170870156581,0,2
0.6274631983168383,0.0816854474175556,0,2
0.6342171529817127,0.0641901591138627,1,2
0.8056994937517689,0.0641901591138627,1,2
0.7619175059392328,0.0564807847200763,1,2
0.7778136705852062,0.0989884595162931,0,2
0.7663875274538984,0.1362235393769009,0,2
0.8117763971535462,0.1171843709386569,0,2
0.7691286787220009,0.1029893226912041,0,2
0.7384903960744861,0.0585113573983381,0,2
0.7689482632151979,0.0480542819721597,0,2
0.7383722090560758,0.078971563651298,0,2
0.7482969454464478,0.060419790978497,0,2
0.762255107987079,0.1083778777033719,0,2
0.716116709288875,0.0677967354078246,0,2
0.7635700667407178,0.0215702197617055,0,2
0.4479753131877602,0.0215702197617055,0,2
0.4192729490768297,0.0437824911914187,0,2
0.7567887247997944,0.0437824911914187,0,2
0.7413187301253407,0.049088829255973,0,2
0.7528928322632965,0.0987318680000585,0,2
0.7616410293982662,0.0947062769603706,0,2
0.7983489295392273,0.0829204120281365,0,2
0.8347239145195203,0.1086168468950041,0,2
0.8179990096872147,0.1537734179516292,0,2
0.6706126429862096,0.1537734179516292,0,2
0.6721323505101074,0.1702845336796148,0,2
0.698848102280289,0.1963659790918289,1,2
0.6562440891198468,0.2110701057422392,1,2
0.7002185499419775,0.1716046138016146,1,2
0.6829836878180967,0.1628850639203132,1,2
0.7022952272104809,0.1487136633259989,1,2
0.9055871517528136,0.1487136633259989,1,2
0.93123670806052,0.1102172721178463,1,2
0.9760289663420684,0.0878077663712992,0,2
0.9541108970781984,0.0965448331193387,0,2
0.9146566365063205,0.0630221523116472,0,2
0.9317517064228238,0.0525018211307279,0,2
0.9700235579996236,0.0457686993080799,0,2
0.9494545379315928,0.0547973240384465,0,2
0.5083371479980582,0.0547973240384465,0,2
0.5482322760836786,0.09462945401579,0,2
0.5622543341902596,0.044662812020851,1,2
0.6003596657193202,0.0462828791895081,1,2
0.7666901060564659,0.0462828791895081,1,2
0.7662861415950107,0.0818776985626005,1,2
0.7480552654194484,0.0832021121119419,0,2
0.727351171815399,0.0922022497918229,0,2
0.6788402772414319,0.0535230035533683,0,2
0.6675234460512697,0.0376554543738606,0,2
0.6662158077548885,0.0453763578824815,0,2
0.640090923032338,0.0632642180043241,0,2
0.5908628298673513,0.0303866650627159,0,2
0.5881051315443457,0.0732837196718881,0,2
0.5674994369245544,0.0937262990542909,1,2
0.597182891923609,0.1319858901171446,1,2
0.5495675611042894,0.1000123988316397,1,2
0.8502355130216793,0.1000123988316397,1,2
0.8294394798788071,0.0688483711789823,1,2
0.7913973667742292,0.1135170199667384,0,2
0.785332488051385,0.1436004026049873,0,2
0.7634208286677798,0.1693353444381233,0,2
0.7886477996224645,0.1426510691391778,1,2
0.7936556005002815,0.1079179427492121,1,2
0.7797696436280148,0.1144989849658348,1,2
0.8068712928795928,0.0681822252052625,0,2
0.8419788153160109,0.0253512024628527,0,2
0.461008128264067,0.0253512024628527,0,2
0.4247039690256903,0.0366233663218399,0,2
0.422922232774923,0.0522900769849973,1,2
0.3860773665487769,0.0578004940737481,1,2
0.4118795787663499,0.0648800567095432,1,2
0.4015518572276966,0.0395980870734013,1,2
0.4339813129335604,0.0589727011865777,1,2
0.7918394568696994,0.0589727011865777,1,2
0.806135472303362,0.0643550447105991,1,2
0.7857598613525751,0.0579578520794639,0,2
0.7909333853495807,0.0732406998209708,0,2
0.7588729388346711,0.0545617348181978,0,2
0.7289932897438343,0.0263970517586713,0,2
0.7738738768265301,0.0612159754491067,0,2
0.5604631365137025,0.0612159754491067,0,2
0.553771823947079,0.0360713557736456,0,2
0.6000129881061275,0.0746999595049022,1,2
0.6416964594808117,0.0819822427551736,1,2
0.5958615236620013,0.1256767611575571,1,2
0.5876891020676199,0.1445574321387566,1,2
0.6014929457651986,0.1410810895194777,1,2
0.8933918308265889,0.1410810895194777,1,2
0.9012977927634191,0.1139019824603654,1,2
0.6321236029333162,0.1139019824603654,1,2
0.6016568688518715,0.1056957109061711,1,2
0.6264700985733808,0.0929708057090302,1,2
0.6106133706876277,0.0980778883213004,1,2
0.8818534434520059,0.0980778883213004,1,2
0.8991161023204582,0.0749588805045917,1,2
0.9083151627305672,0.1108025093291512,0,2
0.9171036606192172,0.1171812452872768,0,2
0.9626322314327178,0.1044224001832244,0,2
0.6421356818999793,0.1044224001832244,0,2
0.6001333231712844,0.080214722584602,0,2
0.5610242095692031,0.1243154264912504,1,2
0.5422743239231953,0.1125092972091534,1,2
0.5714778834469781,0.0868244314577449,1,2
0.6022771957585032,0.1089922029889803,1,2
0.6036639365243884,0.0874136619546747,1,2
0.5588236510494952,0.1086333641999872,1,2
0.52703980958247,0.1378459796740155,1,2
0.5331251764731385,0.18709529505633,1,2
0.9138189951494448,0.18709529505633,1,2
0.91428021109057,0.2329544963039754,1,2
0.8727171852963598,0.2312709455300632,0,2
0.8262017772117229,0.2244231569399827,0,2
0.8175340386197648,0.1888975617943568,0,2
0.8606586616971883,0.1408717240149428,0,2
0.9064440796936571,0.1284171610204259,0,2
0.6414849932324038,0.1284171610204259,0,2
0.6780681448455478,0.1751840990835404,0,2
0.6413340367379565,0.1302567318378677,1,2
0.9237046986415616,0.1302567318378677,1,2
0.9430372717481244,0.1318824357017998,1,2
0.9370856544043988,0.095095972731693,0,2
0.9758364723301384,0.1007881277365877,0,2
0.9680078542311636,0.1401232909536083,0,2
0.9524297301874828,0.1712917670545072,0,2
0.9100506880733384,0.1613716341030755,0,2
0.9565327165976232,0.1207156385716085,0,2
0.669667966691611,0.1207156385716085,0,2
0.649736159330635,0.1695238476417904,0,2
0.6025111827814543,0.161067459926303,1,2
0.6360319250182944,0.1539131509685067,1,2
0.6772412447266344,0.1367869468265463,1,2
0.6316029151460296,0.1375206468346082,1,2
0.9230325465094126,0.1375206468346082,1,2
0.9061095286341182,0.1095735524702742,1,2
0.8808177874660803,0.1458812644193767,0,2
0.9015763975664082,0.1599053861464479,0,2
0.9294123771646532,0.2090368745622391,0,2
0.9423780974826844,0.2241060092136789,0,2
0.92093065533402,0.2364122046757346,0,2
0.6004713668772377,0.2364122046757346,0,2
0.6440401854587434,0.1906731200118765,0,2
0.652242672050907,0.1869557476911167,1,2
0.6686176443495213,0.1543632604383963,1,2
0.6869420251178147,0.1259408899563925,1,2
0.6824023205287396,0.1311576960523707,1,2
0.6757693997035568,0.1204303511005156,1,2
0.6910686787034029,0.1418466705954588,1,2
0.7345892349866208,0.1860028859865128,1,2
0.9382689833858332,0.1860028859865128,1,2
0.9533840644175428,0.1527063180851832,1,2
0.9182879262630664,0.1732620907928183,0,2
0.8958696487239632,0.2088120253308872,0,2
0.9162895497257356,0.241674475560497,0,2
0.94114382519861,0.2187551115894495,0,2
0.9097928409118742,0.1872814582108491,0,2
0.9427603083391076,0.2310374744410756,0,2
0.9422937487113424,0.2574595639730275,0,2
0.9106456591519756,0.2524632736487113,0,2
0.5926021852727942,0.2524632736487113,0,2
0.5938026411864784,0.2645069453362445,0,2
0.7823434524222143,0.2645069453362445,0,2
0.749685439201225,0.2149690106819291,1,2
0.7238307382261585,0.1821665339603028,1,2
0.9342109285303708,0.1821665339603028,1,2
0.9676604026990524,0.1939295993171271,0,2
0.9337329179929664,0.1623325730998613,0,2
0.8928714217568603,0.1668521375108531,0,2
0.8748964865634024,0.1714071116682713,0,2
0.8375262997615771,0.2174545831236537,0,2
0.6653982172357916,0.2174545831236537,0,2
0.6755528214732923,0.1731871285206036,0,2
0.6299941568770809,0.1253849576574605,1,2
0.6245608729561789,0.0998929424194437,1,2
0.6065557374904857,0.1080134933444874,1,2
0.5895033654563033,0.1560103909369966,1,2
0.5761359633295386,0.1529614454069172,1,2
0.922607494996435,0.1529614454069172,1,2
0.934531269856104,0.1289164130417814,1,2
0.9230017759342783,0.1502711914505315,0,2
0.9196646450141706,0.1774768710668854,0,2
0.6543039204168,0.1774768710668854,0,2
0.6824263038954237,0.1748605607615149,0,2
0.68905189164071,0.1820877539177962,1,2
0.7359608806631984,0.1462954571333586,1,2
0.7565294881791416,0.1403766317348826,1,2
0.7794521218114213,0.1500009726299281,1,2
0.8002910591225578,0.1003817243248449,1,2
0.7863755206385156,0.0751673139995078,1,2
0.7909024970129653,0.0550220517907811,0,2
0.7492533865537239,0.0208124216470437,0,2
0.7011384952941463,0.0392078425912473,0,2
0.7421934046239347,0.0443025655681892,0,2
0.7777195414928852,0.0740520415017257,0,2
0.7685453508576581,0.1217206104570481,0,2
0.7972170124325542,0.0783730484721768,0,2
0.807648730899172,0.0399615936432832,0,2
0.8401166384619299,0.0646484101631267,0,2
0.8408353451088422,0.0514483351984741,0,2
0.7927602662322457,0.0890248784827054,0,2
0.8024971854460616,0.0887444900512148,0,2
0.7554265077228,0.065382342187711,0,2
0.7913497244285651,0.0417128114810656,0,2
0.5021470264991819,0.0417128114810656,0,2
0.4752746472226343,0.0905825944515809,0,2
0.5068522557257692,0.0987564688666927,1,2
0.4994418397078849,0.10303562627786,1,2
0.5461747429018752,0.1411654312126765,1,2
0.5754308979913831,0.1598105910809914,1,2
0.580600787845313,0.1566091204534507,1,2
0.546926139982432,0.1259334042797478,1,2
0.5093394962280848,0.1439027109128499,1,2
0.9324593134092252,0.1439027109128499,1,2
0.9279149080464796,0.1053408066048389,1,2
0.9282872724532056,0.0907890020842315,0,2
0.9255171796096002,0.0980850162573654,0,2
0.9458333682176148,0.1062372511016501,0,2
0.9107468957910704,0.129475362008539,0,2
0.6553108866329181,0.129475362008539,0,2
0.6161396073449643,0.1633937576749391,0,2
0.6152403314836173,0.1422919854507936,1,2
0.6015519643870949,0.1852601935850158,1,2
0.9154491405344916,0.1852601935850158,1,2
0.9266415022931758,0.177433814713059,1,2
0.8942907706232719,0.2051550860764326,0,2
0.8781633923860352,0.1835415431975975,0,2
0.90163742254684,0.183408831998633,0,2
0.902828005693846,0.1399676503457195,0,2
0.6685075182155034,0.1399676503457195,0,2
0.6741746956389741,0.1244413686340867,0,2
0.6619712847214003,0.1352963970729918,1,2
0.9241698031473116,0.1352963970729918,1,2
0.912040418879814,0.1220506463261089,1,2
0.9317569040896336,0.1058684091087941,0,2
0.9186849711647984,0.1300751651616123,0,2
0.9452087434306354,0.1244143686427823,0,2
0.9880273492620462,0.1416619866585443,0,2
0.9790958067232914,0.1008281308218868,0,2
0.6113557221519133,0.1008281308218868,0,2
0.6536224751834145,0.1453310610762084,0,2
0.6615114436747763,0.1532989980854169,1,2
0.6193756576591941,0.1887825478078147,1,2
0.6262837345330228,0.1854926517308318,1,2
0.6158710405417086,0.1419032034959234,1,2
0.9318716078744638,0.1419032034959234,1,2
0.9018891689914964,0.137239270602711,1,2
0.8851515277896933,0.1161614420682852,0,2
0.9313448177736876,0.1258726867624231,0,2
0.9269935024676784,0.1043595887597269,0,2
0.9293243308713268,0.061906424339842,0,2
0.9295535066753464,0.0557489021336008,0,2
0.9623188546991904,0.0802845114609537,0,2
0.9519109787397416,0.0807427318325299,0,2
0.9260822342790576,0.0567063975488851,0,2
0.5374629994640863,0.0567063975488851,0,2
0.5283602552782765,0.0549898679265474,0,2
0.5518714674308466,0.0405070502940264,1,2
0.5265446281807291,0.0596017617744966,1,2
0.5231381114722787,0.0124676443712073,1,2
0.5100204231257841,0.0608273459816926,1,2
0.4633307259667754,0.097403572606105,1,2
0.8680253135873248,0.097403572606105,1,2
0.8795796402349154,0.0652395068651179,1,2
0.8371891732031078,0.1130119468323659,0,2
0.8343651629681418,0.1110668555363367,0,2
0.8297929307860666,0.1350762188535995,0,2
0.7887654535174092,0.1143815180774765,0,2
0.7511885264233358,0.0687760806222164,0,2
0.7182096330588782,0.0253793393893632,0,2
0.7179411122762622,0.0515134632160438,0,2
0.7075114495684344,0.0544638675203304,0,2
0.5098288246614207,0.0544638675203304,0,2
0.5371290624219934,0.0069367033495449,0,2
0.5548607872021084,0.0210158892386264,0,2
0.5243704822478017,0.0609397094333129,1,2
0.5376860517804654,0.063707675912435,1,2
0.5215589748791591,0.0744746874503709,1,2
0.5511225173911779,0.0882936872375499,1,2
0.5811341186887039,0.050723352885119,1,2
0.7461056933537621,0.050723352885119,1,2
0.7372834307982993,0.076397203021828,1,2
0.74445747806235,0.0417019729728053,0,2
0.7913626506423861,0.0419263467321169,0,2
0.7820571132671259,0.0462685009077768,0,2
0.8173840308372607,0.0601590686675401,0,2
0.8192877611097142,0.07692464404638,0,2
0.8507454704057681,0.039940681369846,0,2
0.8276244429039875,0.0547616182064337,0,2
0.7919062408419237,0.0426280456971345,0,2
0.498169549142481,0.0426280456971345,0,2
0.5146221669600833,0.0446150191505588,0,2
0.5127737760990233,0.0614909409991612,1,2
0.4767854619304434,0.0832915857319104,1,2
0.5028416670066999,0.1310427548995118,1,2
0.481194240041874,0.1688245926383892,1,2
0.5054068554873404,0.2072132913675154,1,2
0.9217541079805848,0.2072132913675154,1,2
0.9066345165925666,0.1791204626628273,1,2
0.9481306328020724,0.2264910579300038,0,2
0.9297429808552818,0.2556395898473122,0,2
0.94709366069349,0.2971533719922452,0,2
0.948488987902289,0.2689349541446937,0,2
0.9247511100687348,0.2599472799728852,0,2
0.9728007073499658,0.3079550091705387,0,2
0.9665066389354796,0.3288860999501749,0,2
0.3884139131064043,0.3288860999501749,0,2
0.3484467156913687,0.365199636529904,0,2
0.357043986271539,0.3361525252442984,1,2
0.3440582951152585,0.3852195891079924,1,2
0.3207198810313987,0.4017297350775367,1,2
0.3381758599968691,0.4290787756333575,1,2
0.3489451523726473,0.4684146509476775,0,2
0.3374152734393534,0.4877484347761008,0,2
0.3331415549575744,0.4794796030158276,0,2
0.3538192459253552,0.4400688594793774,0,2
0.3197678809804067,0.4592296218390533,0,2
0.0959212767114424,0.4592296218390533,0,2
0.1132031083395597,0.4710174606265279,0,2
0.1373097974091963,0.4855459354666109,1,2
0.1615664953801818,0.5026054440777861,1,2
0.1602271138660328,0.544646368072855,1,2
0.3749131191642157,0.544646368072855,1,2
0.3555189319000355,0.5501042111820292,1,2
0.3176739371288567,0.5394764105275554,0,2
0.2804607024599854,0.5330501005724121,0,2
0.3046154187402231,0.5605817457094032,0,2
0.2895656776284141,0.56443676676574,0,2
0.2931894038010754,0.5794844892535969,0,2
0.2722872069639335,0.5908335752346432,0,2
0.248308577273898,0.6160502736188799,0,2
0.2798270517485549,0.6451298119165229,1,2
0.2560883843625398,0.6490053972986396,1,2
0.2682054050860217,0.6165825856294153,1,2
0.2285032475097964,0.5951731574239019,1,2
0.2738856308040756,0.629206498599161,1,2
0.2731467490921392,0.6581051140615691,1,2
0.2987147638607711,0.6159397989631535,1,2
0.2712773783280602,0.652548854123988,1,2
0.6055061232537587,0.652548854123988,1,2
0.5809932848916173,0.6196879462748506,1,2
0.609175145051667,0.6358442693928594,0,2
0.6435120913762554,0.5872426927258352,0,2
0.6783847046120506,0.5998240766700417,0,2
0.2031823593474602,0.5998240766700417,0,2
0.1984733059112801,0.5687490398660703,0,2
0.1807418677614535,0.5541958117581546,1,2
0.339744723939622,0.5541958117581546,1,2
0.301663150835567,0.5164370645280284,1,2
0.3447891403448007,0.5223721622329276,0,2
0.3711419700416077,0.5583248154789149,0,2
0.1052426627313248,0.5583248154789149,0,2
0.06537502083334,0.5487666323490885,0,2
0.0652103855635656,0.5541201939354673,1,2
0.1102495734322971,0.5470691610853071,1,2
0.1089202274167936,0.5841105054297323,1,2
0.0866707153544352,0.6188894077829774,1,2
0.0723293675281013,0.5849623936789637,1,2
0.0227387014694249,0.56302963910874,1,2
0.37921028875269,0.56302963910874,1,2
0.3853284724885412,0.5742928209394832,1,2
0.3903489812230863,0.590163440866329,0,2
0.4156710671627345,0.6311927425087274,0,2
0.4351971459541003,0.6338692718025318,0,2
0.4510413583908557,0.6752616354132884,0,2
0.4896715007246918,0.7184898850224056,0,2
0.4432730095538894,0.7491465371544913,1,2
0.4869497979219406,0.7328861180339528,1,2
0.4626685703041549,0.7489416384042308,1,2
0.4683786377804901,0.7141614524860133,1,2
0.45531756018956,0.7040414723625815,1,2
0.4494936901380317,0.6627644244206398,1,2
0.4434441096775871,0.6253647082742329,1,2
0.4379111757104347,0.642032734224777,1,2
0.4765932343991836,0.6056418652294543,0,2
0.4775788322488201,0.5755874526481444,0,2
0.5246555033398101,0.5453240365514352,0,2
0.5378415276186297,0.5812689766803799,0,2
0.5722684437723425,0.5774987760632423,0,2
0.5304418221603459,0.6233932397244155,0,2
0.4936739192483559,0.6039303420123624,0,2
0.2281879090820935,0.6039303420123624,0,2
0.2417968045476689,0.6514975870926992,0,2
0.2473024486511197,0.6132631624026754,1,2
0.2441967254419667,0.6220637806434857,1,2
0.5201695446890697,0.6220637806434857,1,2
0.4821298617756712,0.611192642566958,1,2
0.2217982528790296,0.611192642566958,1,2
0.2682274467147839,0.6466259820447964,1,2
0.3084510496730104,0.6692427499989224,1,2
0.3053597914589929,0.6680510935503765,1,2
0.2912043431938872,0.6451006439470485,1,2
0.2622678166941205,0.6165417589753619,1,2
0.2489818902599321,0.6190372591882755,1,2
0.2903220407338011,0.5799246290614153,1,2
0.2594421110654805,0.5483567834392369,1,2
0.2381674946986725,0.5470242180940066,0,2
0.2672660090243596,0.5351406174127187,0,2
0.2951257711336228,0.50804788189275,0,2
0.2636886988040419,0.4892677440057845,0,2
0.3022942519690212,0.4935431558707423,0,2
0.3303082624667051,0.4695682875416246,0,2
0.1052210962994685,0.4695682875416246,0,2
0.0912322817169596,0.4781838636466137,0,2
0.0803196442638489,0.4595815053348889,1,2
0.124206258746447,0.4929218446973401,1,2
0.1355236025787571,0.4675957584197735,1,2
0.1084379439524035,0.4437447508513656,1,2
0.3751043930456511,0.4437447508513656,1,2
0.3800243302210609,0.4681074016362686,1,2
0.3760696695752912,0.492575681221176,0,2
0.0588070766457323,0.492575681221176,0,2
0.0380022793450255,0.5187130108829525,0,2
0.3257198755604369,0.5187130108829525,0,2
0.326975708556148,0.5196305674274392,0,2
0.3105636166120049,0.5650387205455247,0,2
0.3081015300640744,0.5539732815146614,0,2
0.3201483578332503,0.5188058627999326,0,2
0.3625013825206418,0.5324359374306021,0,2
0.0645961321013794,0.5324359374306021,0,2
0.0171160870247433,0.5425749157902355,0,2
0.0637602546742738,0.4933441739326136,1,2
0.1051298384930494,0.4741202977356371,1,2
0.0991137781278201,0.5054304664294268,1,2
0.1230510836363472,0.4741524894180326,1,2
0.1413822981892221,0.4724943233550872,1,2
0.1300585494385858,0.5038641429041446,1,2
0.1181423053744507,0.51314376926215,1,2
0.3143219175847294,0.51314376926215,1,2
0.3103663267332705,0.5239311366286968,1,2
0.3373965386883413,0.5040925292669683,0,2
0.3195056949810114,0.501114717985491,0,2
0.2723283123407271,0.5278540330042265,0,2
0.3055546256178396,0.566252743576998,0,2
0.3177088219117892,0.5243568226397154,0,2
0.3120775601330763,0.568699466258379,0,2
0.1281162455901983,0.568699466258379,0,2
0.1191372697918148,0.5334201882528277,0,2
0.0847885393742016,0.4886874736534801,1,2
0.0980461039510725,0.5280288448817988,1,2
0.0915081226714739,0.496006222916979,1,2
0.1085815170542245,0.5236546570575566,1,2
0.0996788617391816,0.5586032568775274,1,2
0.1330587471634693,0.5359617507638003,1,2
0.3631081486641831,0.5359617507638003,1,2
0.3901097974683147,0.4895796593094287,1,2
0.3543534922181476,0.4948827906084321,0,2
0.3947196535946302,0.452711591046031,0,2
0.3765869540924359,0.4406370077605384,0,2
0.35188979655038,0.483343679622488,0,2
0.3620458416637112,0.4842568617181195,0,2
0.3801840070381443,0.4836020894232599,0,2
0.3587898859338985,0.5113142825561718,0,2
0.0789047438555147,0.5113142825561718,0,2
0.0491268882617915,0.5182232248976927,0,2
0.0607228437526687,0.4719551297181673,1,2
0.0310638208405066,0.4945924799941559,1,2
0.065222173305566,0.5152852025745793,1,2
0.0517412598742389,0.525006120057989,1,2
0.3141385859838224,0.525006120057989,1,2
0.2883224623658902,0.5226839161621379,1,2
0.2792897191684737,0.5235070147663826,0,2
0.3012971458009434,0.5365165172902602,0,2
0.3035486120826844,0.490275133589339,0,2
0.3413726617051808,0.4617854018812011,0,2
0.3779598413797503,0.4170157754415514,0,2
0.3786431527338031,0.3757740618808816,0,2
0.371111981442455,0.3911328625158681,0,2
0.3845257667386228,0.4028077173492559,0,2
0.3647147031415418,0.4025961176069,0,2
0.3286626414276676,0.3787547675767788,0,2
0.3222231104187705,0.4199771448945857,0,2
0.3085823003933823,0.3735174809626144,0,2
0.2719395982560503,0.3863413000837442,1,2
0.2388006461160124,0.4259462353777689,1,2
0.2062576688225604,0.3927134805122897,1,2
0.2242489172316812,0.3926894195107192,1,2
0.249772390252769,0.3540068633374681,1,2
0.2045253748723773,0.3778182875573357,1,2
0.2091366387633917,0.3881558821179708,1,2
0.198031227596625,0.4316723377125112,1,2
0.2426899337441572,0.3914278951331049,1,2
0.4871970655795177,0.3914278951331049,1,2
0.5012533725948287,0.3903338700170586,1,2
0.2256424312785604,0.3903338700170586,1,2
0.2356853305691236,0.4121829864735181,1,2
0.4009851419332981,0.4121829864735181,0,2
0.3645005596371169,0.3991535859136796,0,2
0.3654289047237041,0.4305569603092564,0,2
0.3985068700695295,0.4187843290264731,0,2
0.4015255672352406,0.3837365413180115,0,2
0.3638779902121805,0.3992576956672813,0,2
0.2026131701931459,0.3992576956672813,0,2
0.2054815144451973,0.4066641470960258,0,2
0.2341825424633765,0.387352156586526,1,2
0.4560999727836164,0.387352156586526,1,2
0.4532763257405433,0.3498021706915907,1,2
0.4632657685270557,0.3576505486719257,1,2
0.5008838001141885,0.3771827692903334,0,2
0.5368683667951089,0.3872601019957054,0,2
0.2111173360982481,0.3872601019957054,0,2
0.2521022465391525,0.3654925068282708,0,2
0.2979818237784269,0.3820592468192748,1,2
0.2777608708775076,0.4130298617177778,1,2
0.4265301472564344,0.4130298617177778,1,2
0.4267901476063732,0.4011522792179864,1,2
0.4333984766744416,0.3625732139078164,0,2
0.4501404911859893,0.3206027244806709,0,2
0.4092637373074,0.3597792170653351,0,2
0.3634411071688073,0.3280914512846602,1,2
0.4057824104239376,0.327382603347317,1,2
0.6495824293286172,0.327382603347317,1,2
0.692198626618367,0.360921706655906,1,2
0.6960213695206654,0.3525243181725697,0,2
0.3024755099738478,0.3525243181725697,0,2
0.3355978102277878,0.3727254473177522,0,2
0.2960767373764297,0.3822046416162469,1,2
0.3301743777039054,0.332495093472107,1,2
0.332792133767494,0.353939141270628,1,2
0.3404789024895174,0.3947080821290853,1,2
0.3316120699997222,0.387745116341007,1,2
0.2884978399042931,0.4092830050680908,1,2
0.3203946762288522,0.363826221538051,1,2
0.368370690357761,0.3228419771265239,1,2
0.3843024082669231,0.3598233199164808,1,2
0.4231984810415992,0.3146152428798585,1,2
0.3979274894634396,0.2831169038258899,1,2
0.7717725888293269,0.2831169038258899,1,2
0.820584668713755,0.28084464728346,1,2
0.7758826015647665,0.2371925547278343,0,2
0.7685829502243571,0.2192655261282556,0,2
0.7849558874527354,0.2108121152663375,0,2
0.8284750982669584,0.1994224744764307,0,2
0.8591246963463077,0.1568893340452239,0,2
0.6907582015565567,0.1568893340452239,0,2
0.7182932593053768,0.1556733762173577,0,2
0.75609232627384,0.1894753260570183,1,2
0.7230125261597521,0.2037564009720095,1,2
0.8937142750364928,0.2037564009720095,1,2
0.9263695061458992,0.1612764877848655,1,2
0.8886300492898596,0.1536416038592993,0,2
0.6480397265154797,0.1536416038592993,0,2
0.6465987627114731,0.1796723663313668,0,2
0.6335644055853146,0.1816801220820812,1,2
0.6298318890369619,0.1742463411169958,1,2
0.6384411573370772,0.1958868391226992,1,2
0.6057533910467555,0.1685071479304987,1,2
0.5640102388294979,0.2134426719051483,1,2
0.5531479599747858,0.237531706010643,1,2
0.5692635296500194,0.241373195655435,1,2
0.5685865187678417,0.2366786323938733,1,2
0.8414637316728382,0.2366786323938733,1,2
0.828848953304499,0.2688513283696664,1,2
0.8221824663988029,0.28366430711046,0,2
0.8121321721395289,0.2779125254818074,0,2
0.7841812880001484,0.3079207067088959,0,2
0.7741193877678441,0.3051942362399469,0,2
0.8076418284332141,0.3352725123569871,0,2
0.7771419561738754,0.3541557862890651,0,2
0.3341960697886958,0.3541557862890651,0,2
0.3509627735273754,0.3662324554352269,0,2
0.3062427595727623,0.4121593461319719,0,2
0.2902477869588962,0.4042582034290357,1,2
0.3083941658431741,0.4436551546092392,1,2
0.2903311445729765,0.4885674056548436,0,2
0.252228764709268,0.5101076550697882,0,2
0.2737212159610098,0.5586819639008155,0,2
0.226559999145275,0.5283095006451356,0,2
0.2692826225898785,0.5336591202933627,0,2
0.313612207509006,0.543675285891851,0,2
0.3523552634678357,0.5233723755961646,0,2
0.3471997672616466,0.5529542958248913,0,2
0.3393078282130066,0.5102488688875408,0,2
0.0985269822469861,0.5102488688875408,0,2
0.1134098514450051,0.5171519701995001,0,2
0.11500080532548,0.496006194230406,1,2
0.3430805203426535,0.496006194230406,1,2
0.2941698444199374,0.4820547904829687,1,2
0.2847035703223267,0.5243179968607438,0,2
0.2618169628682363,0.5695150293157714,0,2
0.2588752174268933,0.5564898778705025,0,2
0.3020947007004616,0.5828309266719469,0,2
0.3113180041960339,0.5811963078088747,0,2
0.3325291709383412,0.61125750061177,0,2
0.3498279031051665,0.6050585869450055,0,2
0.3330695347737469,0.6360798664043219,0,2
0.3303524711014177,0.6702550432560868,1,2
0.3678121137409757,0.6376019457521402,1,2
0.3697895074518966,0.5934036963246854,1,2
0.4011389414867584,0.5771335093678274,1,2
0.3548647394363616,0.5440667207267865,0,2
0.3509215969330636,0.5362289740015667,0,2
0.3699888699431909,0.5235900485303553,0,2
0.3278818813747011,0.4920729241119663,0,2
0.3771933584989601,0.462189266728603,0,2
0.3959040149506307,0.4402943742653549,0,2
0.1038131068652616,0.4402943742653549,0,2
0.1471522945819998,0.400639032355831,0,2
0.0984586644017902,0.4196577484566907,1,2
0.1056078783363643,0.463197301086054,1,2
0.0675094619698656,0.4890433384955396,1,2
0.0494147134320298,0.4687497062516852,1,2
0.0708083739112462,0.5128100062056475,1,2
0.0513381435915153,0.5119681598218695,1,2
0.0515202847453461,0.5102128924000529,1,2
0.095955669796011,0.4945667919248764,1,2
0.3026850500038224,0.4945667919248764,1,2
0.3206368549332506,0.4586916204075134,1,2
0.3284313086790661,0.4993480610434552,0,2
0.0515325992163066,0.4993480610434552,0,2
0.0580209990495843,0.4498883280588177,0,2
0.0621517220594778,0.4026065874333018,1,2
0.0762827117091707,0.4436274967880107,1,2
0.0766382351252987,0.4672021386733707,1,2
0.3342173708038643,0.4672021386733707,1,2
0.3414464361477186,0.4745761708102679,1,2
0.347389248494925,0.4988932559395362,0,2
0.3154620574716018,0.4596414562491884,0,2
0.29921464017931,0.4593394050517125,0,2
0.2947740258944962,0.5002487992589926,0,2
0.0511813319088722,0.5002487992589926,0,2
0.0937065672408378,0.5352008169601034,0,2
0.0811154512011835,0.5740795801507841,1,2
0.0828214418402291,0.5337474393536744,1,2
0.0397275628224443,0.504942879486102,1,2
0.0779869336356262,0.5364873544739945,1,2
0.0302242560379694,0.540627994386376,1,2
0.0691731131770523,0.5354355899568835,1,2
0.329016586654695,0.5354355899568835,1,2
0.3574632878721245,0.5011119496636718,1,2
0.3768124672610986,0.5299554926467077,0,2
0.0658754114994794,0.5299554926467077,0,2
0.0373195020981809,0.5666683306023148,0,2
0.0784784801196393,0.5917300860170491,1,2
0.4246170746108007,0.5917300860170491,1,2
0.3773516645218541,0.5943108310628017,1,2
0.3450044726889942,0.6366213885522123,1,2
0.3696577477728727,0.5916495457528383,0,2
0.3750743963958982,0.6175963978578833,0,2
0.3990624951769844,0.596377393501859,0,2
0.4470507712721828,0.6224084021856039,0,2
0.4826198912720355,0.6359714962307359,0,2
0.2978249025779939,0.6359714962307359,0,2
0.2634666297581555,0.6084262424847342,0,2
0.3020146064307893,0.5699589036715837,0,2
0.3393642118388905,0.5889690858690102,0,2
0.3528250446716509,0.5667440591206673,0,2
0.4009463149614538,0.5414647909493255,0,2
0.4370875900661998,0.5128862763270778,0,2
0.3911894951079513,0.5017567280575993,0,2
0.372128559564874,0.5487399510201806,0,2
0.4150706914579704,0.5536713544065434,0,2
0.4299159578831639,0.5044088782954675,0,2
0.3873629934734608,0.4942958739358781,0,2
0.0601080279579583,0.4942958739358781,0,2
0.0326553794604073,0.4998709817559112,0,2
0.0788018151207814,0.5112291561152487,1,2
0.0320286499464555,0.5099637490406419,1,2
0.0767343957138293,0.5003321467040771,1,2
0.107578895842806,0.4591657611361505,1,2
0.1323598150010701,0.4383628715726827,1,2
0.133399781568492,0.3970835633837437,1,2
0.1489687396124876,0.4000339885365447,1,2
0.1482081287068584,0.3827771232732151,1,2
0.4686318510645667,0.3827771232732151,1,2
0.4809384865508362,0.4018252624600563,1,2
0.4457858915311873,0.3865291000119075,0,2
0.4031333880303214,0.3628356896563436,0,2
0.4286956149895785,0.3276285840263334,0,2
0.4238470466944038,0.3640244909799796,0,2
0.3950191878528528,0.4075207368005982,0,2
0.3476276530406896,0.3876164705353787,1,2
0.3887051821740427,0.3938340728363649,0,2
0.3506343388294154,0.3907359232431303,0,2
0.3491837812119424,0.4218776389517362,0,2
0.3462597393629567,0.3925978911436388,0,2
0.3169514001522261,0.3671096737792533,0,2
0.3277056178402636,0.3409153890118047,0,2
0.3711596726018489,0.3080744581938366,1,2
0.4156159641772738,0.3491492827369005,1,2
0.4499223511358236,0.3170724811511792,1,2
0.411488259666615,0.3560198639443068,1,2
0.5374117018246047,0.3560198639443068,1,2
0.5535660666339389,0.3945077588396893,1,2
0.5458820259920538,0.4100229348050482,0,2
0.5625057737668051,0.4445743745973305,0,2
0.5772817853174393,0.4043047805236749,0,2
0.5786299693310728,0.4253982409378286,0,2
0.1400821717557999,0.4253982409378286,0,2
0.1268349056335758,0.4602691705269915,0,2
0.1402091007745041,0.4802002785818381,1,2
0.156849832726026,0.4339179305420514,1,2
0.1222843789493857,0.4266382890408332,1,2
0.3985380358075406,0.4266382890408332,1,2
0.4058632877092893,0.4018806536428769,1,2
0.4182314175758828,0.4305154935827834,0,2
0.4076342415934181,0.4390046103741913,0,2
0.4267178631073848,0.4283814438029982,0,2
0.4647657878606022,0.4322533611631572,0,2
0.4299029977610784,0.3883055703234336,0,2
0.4318729350394344,0.3799386498792539,0,2
0.2530073991244103,0.3799386498792539,0,2
0.2635316754143065,0.3481791458713622,0,2
0.2219340334206243,0.3269498565736737,1,2
0.2414128203547279,0.3342749936346305,1,2
0.2760219279411555,0.2907283694674732,1,2
0.2712702164948727,0.2891840081279445,1,2
0.2433227049546231,0.3048607009325426,1,2
0.7097309031784165,0.3048607009325426,1,2
0.6934556425779965,0.2910782995423367,1,2
0.7356173850475892,0.3216444595736503,0,2
0.743890020851573,0.3300086751283458,0,2
0.7511148298159955,0.2818990039921836,0,2
0.7487477709024241,0.2842778742358569,0,2
0.4878067582525803,0.2842778742358569,0,2
0.5009215879140612,0.2629059254611779,0,2
0.7935302101610702,0.2629059254611779,0,2
0.8385075214285369,0.3120752373412152,0,2
0.4227314712336653,0.3120752373412152,1,2
0.3796434553589962,0.2915519316719649,1,2
0.372244146620531,0.3276881456894814,1,2
0.3751315133233575,0.31203021750971,1,2
0.3866705027114125,0.3145408398821204,1,2
0.4057664504206426,0.2927600137214582,1,2
0.7336146833278915,0.2927600137214582,1,2
0.7823821187476763,0.2641996759160978,1,2
0.754447626963255,0.2933559191103339,0,2
0.7878765850206427,0.2568596763888454,0,2
0.8058771388089837,0.2685384942908577,0,2
0.5354011627948947,0.2685384942908577,0,2
0.4953188201821781,0.2395933696222684,0,2
0.5010510137288353,0.2336322230090573,1,2
0.4645999754206085,0.2153617491187499,1,2
0.4200295270817811,0.2588667061975674,1,2
0.4040011480999643,0.2812518854804179,1,2
0.4455705915868403,0.3091215871717193,1,2
0.4946801824938989,0.2600580130194759,1,2
0.534146738314752,0.2796714119660275,1,2
0.5615413756692457,0.2520178999571262,1,2
0.8128830012712691,0.2520178999571262,1,2
0.8344399047447942,0.3016708171032877,1,2
0.8521325199343327,0.3246057565494906,0,2
0.3869987182495606,0.3246057565494906,0,2
0.4037523004062709,0.3141642856567647,0,2
0.3763690073305293,0.2677247368642139,1,2
0.4073753726766431,0.2216125652229433,1,2
0.416472804575544,0.2396945882667213,1,2
0.4020789112117128,0.286359425540572,1,2
0.3619076234218562,0.3043522334970482,1,2
0.3866096137647085,0.2655838396200943,1,2
0.3698811792041761,0.2478748628391443,1,2
0.359199243849896,0.2843553031969436,1,2
0.741485987390194,0.2843553031969436,1,2
0.7118704192658988,0.235252017165081,1,2
0.7594227470374124,0.2711143896390011,1,2
0.7395949410254183,0.2333091143675007,1,2
0.7759452209253118,0.2180766531185006,0,2
0.8119183634374402,0.238545906790371,0,2
0.8547928987217388,0.1890083313237625,0,2
0.8897319472181185,0.1778127200180971,0,2
0.92784985203031,0.1669254332703623,0,2
0.8825267798998305,0.1945114918720318,0,2
0.8352901282353431,0.1834385834978947,0,2
0.6931717445701482,0.1834385834978947,0,2
0.7185775501857324,0.1589268522092075,0,2
0.700404520343709,0.1342280444824438,1,2
0.7111106620189946,0.1781018372073198,1,2
0.7012548670622422,0.2188144603895704,1,2
0.7249331424017421,0.2333720158998373,1,2
0.7061461083936225,0.2637896595244879,1,2
0.7378509722794149,0.2274875820540636,1,2
0.7277781478565922,0.2685399962749981,1,2
0.7421805668371471,0.2676114332472059,0,2
0.7460070200895238,0.3136695183102918,0,2
0.7359491139311708,0.2797085821260245,0,2
0.7597019881546498,0.2536767690798838,0,2
0.7355873600004322,0.2447140793906364,0,2
0.7759025669112494,0.2566208944267704,0,2
0.7500214586601809,0.254494409305627,0,2
0.7145219223623048,0.2048215297253532,0,2
0.7166139760889224,0.1787115070832693,0,2
0.7156574242067598,0.1731362194322612,1,2
0.7313710526839567,0.1821147244767818,1,2
0.7152379643801196,0.1360874527900905,1,2
0.6860594557027249,0.1408208365359404,1,2
0.6793468230430292,0.1705345312606413,1,2
0.6851775684883822,0.1892107429895895,1,2
0.6542158463044289,0.1533896225884651,1,2
0.7030539820518283,0.1511275847984518,1,2
0.907846718750764,0.1511275847984518,1,2
0.8649213050470983,0.1872260806772247,1,2
0.8765120972828928,0.1594252372422188,0,2
0.8700412197889804,0.1432625416804907,0,2
0.8269470563737082,0.1712387531242971,0,2
0.6961998004822443,0.1712387531242971,0,2
0.7084577873187847,0.1554619793370208,0,2
0.7301675724647252,0.1159858927862686,1,2
0.6941142651899056,0.1266496775272669,1,2
0.7046263369531973,0.108202522718322,1,2
0.667640868571084,0.122825446563652,1,2
0.6281499031067804,0.0754081344901121,1,2
0.6072623684766156,0.1216945961344693,1,2
0.5649555379693217,0.1616079052745988,1,2
0.5538318445666907,0.14000642732109,1,2
0.9172974142998256,0.14000642732109,1,2
0.9394609581786656,0.1786732066174315,1,2
0.9501472285435824,0.1715042053900554,0,2
0.9278490494716696,0.146775821740158,0,2
0.923340171675245,0.1113325255505631,0,2
0.6119138599783908,0.1113325255505631,0,2
0.6460444214611019,0.137410825104103,0,2
0.6694577815024251,0.1453928247103145,1,2
0.7134386494681932,0.1326621653472096,1,2
0.7143190804247515,0.085260867519296,1,2
0.8253490739726406,0.085260867519296,1,2
0.8688208175110459,0.0366337393601466,1,2
0.8614176287887092,0.0570617660969592,0,2
0.9082053145259316,0.0782022286300132,0,2
0.94378184807687,0.0304396556547248,0,2
0.4375846198750382,0.0304396556547248,0,2
0.4429534932299626,0.0421160797758175,0,2
0.4769774745637598,0.0544142373931453,1,2
0.4727017405721132,0.0505741295770944,1,2
0.4771029598299068,0.0500908203117388,1,2
0.4904855263283487,0.0033605193418418,1,2
0.6558789298263065,0.0033605193418418,1,2
0.6170305493256949,0.0194675266035197,1,2
0.6651989832992438,0.0225642593451535,0,2
0.675992128308926,0.0538971833803849,0,2
0.6859125827171876,0.0184532076331211,0,2
0.6535619781519839,0.0431803909257408,0,2
0.6238163387443617,0.0619318824683327,0,2
0.6273648075077867,0.103129672855975,0,2
0.6093786095188105,0.1256097627017586,1,2
0.6277060816754921,0.1155132107279473,1,2
0.600318375665513,0.0788492483471817,1,2
0.6487830371881405,0.059798234461209,1,2
0.625796238374298,0.0836391811386436,1,2
0.5890619149904164,0.0445601365325966,1,2
0.7378745318805913,0.0445601365325966,1,2
0.7021617643919454,0.0737658204382513,1,2
0.6892527146057428,0.096131926743053,1,2
0.6863192139948792,0.129873411725263,1,2
0.6811471438272049,0.1561157379386925,1,2
0.7001929989033436,0.1986246938219024,1,2
0.9177509604576276,0.1986246938219024,1,2
0.9042955699991884,0.1630325924829097,1,2
0.8647679435457731,0.1291149180864641,0,2
0.8576767365844786,0.1367834698589277,0,2
0.8462637695774727,0.1784937130190745,0,2
0.8731455817633555,0.1643202608334733,0,2
0.8558841910363181,0.1944514763817742,0,2
0.6746763544527764,0.1944514763817742,0,2
0.6880455643214581,0.228338718842999,0,2
0.7252349161984746,0.2194938450467201,1,2
0.6867877641130807,0.1986196155038463,1,2
0.6793222318087334,0.1531404551070005,1,2
0.6353613522696375,0.1429567984129581,1,2
0.6114276553673199,0.1770478202100107,1,2
0.6461588888437705,0.1591484964331839,1,2
0.93124709552931,0.1591484964331839,1,2
0.956134752890877,0.1096837517224946,1,2
0.9140963350618508,0.1046978123158671,0,2
0.6372623056213846,0.1046978123158671,0,2
0.5997811651574597,0.0579762469257594,0,2
0.6370426649340964,0.1013250526377442,1,2
0.6489880181305864,0.0685620398745345,1,2
0.7894262136473558,0.0685620398745345,1,2
0.8016205857772702,0.0892092655559536,1,2
0.7811406809051705,0.0676222982875712,0,2
0.8160410565639684,0.090273560991141,0,2
0.8238615903062737,0.070898375385379,0,2
0.844964457597125,0.0406639365038037,0,2
0.8814926095751723,0.0536066560262106,0,2
0.5443295979021532,0.0536066560262106,0,2
0.5353698204560748,0.005930620167105,0,2
0.488369669803713,0.0412938486226904,0,2
0.498652144814259,0.0636027535725102,1,2
0.5016849324421929,0.0168455381689847,1,2
0.51993499512059,0.0652208472721288,1,2
0.4927685728022958,0.0167142339831304,1,2
0.4640074277565031,0.0531962463653168,1,2
0.7713527004922033,0.0531962463653168,1,2
0.745065501029738,0.0617529344015618,1,2
0.7174063326440291,0.0337960342830644,0,2
0.6879741012084435,0.0694636853743716,0,2
0.6878748721574417,0.0912117935313319,0,2
0.6600383726738461,0.0972395944115253,0,2
0.622845665660333,0.0651530534405019,1,2
0.6584291077251598,0.100371091991646,1,2
0.6252354423051941,0.1206243418535959,1,2
0.6666736649251765,0.1594569107481045,1,2
0.6245852598372661,0.114996023743849,1,2
0.6312192354794826,0.0680994110211354,1,2
0.5857954917722453,0.0455221376483426,1,2
0.7653361822737766,0.0455221376483426,1,2
0.7932771709487598,0.0743611629131551,1,2
0.7941547705342138,0.0827010647615906,0,2
0.8431058802512097,0.1167630698968624,0,2
0.8666448497753215,0.1240753371287876,0,2
0.8687728013158234,0.1127708735988438,0,2
0.6582576283905308,0.1127708735988438,0,2
0.6227537233690114,0.1051020923107668,0,2
0.584179888935726,0.0785331247211858,1,2
0.8046669086815973,0.0785331247211858,1,2
0.7663660768370214,0.067219435901256,1,2
0.7638782385730704,0.0410600366140716,0,2
0.7650948182363793,0.0740043701949988,0,2
0.779375213239594,0.0326381569407196,0,2
0.7896757567451363,0.0679186978760433,0,2
0.5538403676588506,0.0679186978760433,0,2
0.5983354571008895,0.0670198332321925,0,2
0.5869148361840845,0.0570100439823548,1,2
0.5584623640049075,0.0924687528345891,1,2
0.5791718961358615,0.0896825127974321,1,2
0.6087428877279323,0.1146384216929178,1,2
0.5722713140506515,0.1045030392400536,1,2
0.8808527770131791,0.1045030392400536,1,2
0.929147779592333,0.118992031108019,1,2
0.6480950528412813,0.118992031108019,1,2
0.6632331828636427,0.0953857579296748,1,2
0.6884349561624755,0.1099881609753294,1,2
0.9057046890505248,0.1099881609753294,1,2
0.8610481361335788,0.0757676471914169,1,2
0.8160356109589983,0.0726992118443768,0,2
0.5619978999752387,0.0726992118443768,0,2
0.5932351114423521,0.0336148713303698,0,2
0.6320981990809644,0.0585443046419882,1,2
0.5844173855207305,0.0203112211562506,1,2
0.5347484401891441,0.0557123701959604,1,2
0.4916706112205252,0.0673096174222744,1,2
0.4814414582210404,0.0885527794342041,1,2
0.4501766784355153,0.0904680201078969,1,2
0.4237623464964075,0.1130157497535798,1,2
0.4127203848807839,0.1575439775049507,1,2
0.3812280159174414,0.1117018476289282,1,2
0.3970075177613376,0.1263065114029155,1,2
0.3482092163568662,0.1661793476796386,1,2
0.3542545251620635,0.2140998806936282,1,2
0.8889340661083691,0.2140998806936282,1,2
0.8907878917330873,0.1912170546187193,1,2
0.8783879955696413,0.2222240354725414,0,2
0.877163640823763,0.1950130328516754,0,2
0.8909279496142317,0.1508037648009664,0,2
0.6872989232354645,0.1508037648009664,0,2
0.6485388227286126,0.1559973087614444,0,2
0.651614078983637,0.1212593076620312,1,2
0.6234231061592715,0.1076339582609701,1,2
0.9035553157601786,0.1076339582609701,1,2
0.8813180923306421,0.1231368432675468,1,2
0.9000261399867198,0.1289510252585062,0,2
0.937949756022204,0.1348625458965577,0,2
0.9567785976040152,0.1081183844790942,0,2
0.925788970438989,0.1222985299499255,0,2
0.6424696772331057,0.1222985299499255,0,2
0.6609331063454835,0.1094744561798108,0,2
0.6998044456711925,0.1219015304874291,1,2
0.7439853905139611,0.1142652767418719,1,2
0.7224621440853792,0.0852410853076551,1,2
0.6987266271627256,0.0663698466997916,1,2
0.7156595096315982,0.0828843141875005,0,2
0.7610177917011051,0.0650639486597771,0,2
0.7587584328353933,0.1049327172563454,0,2
0.8071886846909924,0.0958093361146823,0,2
0.8313079701019693,0.0940084459380275,0,2
0.811096754961066,0.0603953283468004,0,2
0.5279656437535544,0.0603953283468004,0,2
0.5085115029711352,0.0444464212599979,0,2
0.724929816129285,0.0444464212599979,0,2
0.7586400133798127,0.0891749688059302,0,2
0.7733014765189877,0.1242928070437765,1,2
0.7914469096585118,0.0800979817830784,0,2
0.8171300885563753,0.1074995381279654,0,2
0.8287629700935025,0.0990231083802043,0,2
0.8552639017470687,0.0533647109146898,0,2
0.8834658444257011,0.0676472734896327,0,2
0.5710653947968027,0.0676472734896327,0,2
0.5828061988985797,0.0897506418667454,0,2
0.6014311634712162,0.0730816712244391,1,2
0.5656764700417072,0.0233506327329678,1,2
0.5802452730840147,0.0267472705374641,1,2
0.5436146340536308,0.0342074580227328,1,2
0.5710670474180599,0.046764940020243,1,2
0.61960771884625,0.0936457718102596,1,2
0.586483244897385,0.1133008776292891,1,2
0.5748683052172807,0.0817871430633744,1,2
0.5567139743369365,0.0460894101463144,1,2
0.6011130055499849,0.0927825290255069,1,2
0.5599836238766873,0.0834499769231871,1,2
0.8194422912434668,0.0834499769231871,1,2
0.841456585702383,0.0479985032926034,1,2
0.8512857047597567,0.0621245347624017,0,2
0.8799845165645832,0.0568687498063308,0,2
0.5289019653211169,0.0568687498063308,0,2
0.5243654346348222,0.0380082494037977,0,2
0.5145532901471651,0.0638504856517052,1,2
0.5337881196791676,0.0614672033007027,1,2
0.5063510986048961,0.1014281009557858,1,2
0.5259067965827923,0.0540016071126138,1,2
0.5609847414473418,0.0313057724893919,1,2
0.5520140071775219,0.0553502007042458,1,2
0.7635019205249491,0.0553502007042458,1,2
0.7304337524670279,0.0594948640001963,1,2
0.5543436540055994,0.0594948640001963,1,2
0.5547032881683169,0.0944539581482609,1,2
0.5160853488427513,0.1075665664489612,1,2
0.5607291525608294,0.1429042990284731,1,2
0.5124858070760976,0.1310363746912863,1,2
0.8860571618837261,0.1310363746912863,1,2
0.9111489772096478,0.1079369092586287,1,2
0.8674803556296626,0.1116683831808819,0,2
0.8932006803944054,0.1213481698364375,0,2
0.671277518516384,0.1213481698364375,0,2
0.6315436674413091,0.1639038702497015,0,2
0.9210859818253342,0.1639038702497015,0,2
0.9552953475492167,0.1601936722960375,0,2
0.9237458816930872,0.1723726471581173,0,2
0.9071492724391504,0.1375572547892872,0,2
0.8902851499365674,0.1605797781174341,0,2
0.8455432535034691,0.153127451286442,0,2
0.8129060440638396,0.1058872121067601,0,2
0.6021558547826431,0.1058872121067601,0,2
0.608535818022488,0.1503560895285693,0,2
0.5738254282483415,0.1967200357078566,1,2
0.918969736174488,0.1967200357078566,1,2
0.8730463203842286,0.1606313334110335,1,2
0.8831597216867625,0.1540575167455954,0,2
0.9325628522075228,0.1742567551684349,0,2
0.8991891521584863,0.1682811170490339,0,2
0.9124322825470398,0.1237349736630094,0,2
0.9164714242125404,0.1578149328510846,0,2
0.6747908271042806,0.1578149328510846,0,2
0.6520839235326363,0.125802963737128,0,2
0.6897320336638348,0.1022805997279551,1,2
0.6440440453442964,0.0682690233983561,1,2
0.6561667018308199,0.0362196856958711,1,2
0.6816366655138364,0.0652087659378327,1,2
0.7233467340479753,0.0849294424969288,0,2
0.7065225079162212,0.1237204917360094,0,2
0.73354687101329,0.0742272515516645,0,2
0.7673232824161,0.0424724991044655,0,2
0.8124385296602512,0.0482489142040244,0,2
0.8257765559969427,0.056702378688488,0,2
0.7944961909752195,0.0250212315846003,0,2
0.7827580574812408,0.0452617925321485,0,2
0.7435594989068176,0.0775831261535916,0,2
0.5538524488740234,0.0775831261535916,0,2
0.56797040383813,0.1187699733512807,0,2
0.587208038222106,0.161605206321422,1,2
0.6154688663570727,0.1578790386500689,1,2
0.571518297887903,0.1564485827810076,1,2
0.5505468302411156,0.1349828876268715,1,2
0.8995323065621376,0.1349828876268715,1,2
0.8703374805114371,0.0922582143907592,1,2
0.9079974765880624,0.0564133670050148,0,2
0.8797529954561762,0.0583007190980251,0,2
0.8403718069401277,0.0607774783335716,0,2
0.8091982516512254,0.0967171243060804,0,2
0.7897761228917779,0.0833198169360905,0,2
0.7916400127295191,0.0882128316847141,0,2
0.8339882739892762,0.1158012120905504,0,2
0.6402592360645653,0.1158012120905504,0,2
0.6663360393516797,0.1450734055235323,0,2
0.6761109046576499,0.1398108459695786,1,2
0.6306011030255381,0.1689609249308048,1,2
0.94941504841457,0.1689609249308048,1,2
0.9009844641149876,0.1629170945374815,1,2
0.8856511105346224,0.1466562932183573,0,2
0.8909816240701663,0.1073118661873208,0,2
0.606314367056746,0.1073118661873208,0,2
0.6275128722978549,0.1336985761918288,0,2
0.6696207390290747,0.0866768490237477,1,2
0.6834927898480008,0.1260281918003561,1,2
0.6853077058510223,0.1591204703847144,1,2
0.665064617715981,0.1816000796137277,1,2
0.6407189247628859,0.2159977895062381,1,2
0.8763418206133768,0.2159977895062381,1,2
0.9072004239405992,0.2248026076141978,1,2
0.8595267817207131,0.2177431684145531,0,2
0.8473803815667674,0.2252713486637841,0,2
0.8152202813971623,0.1757263270889104,0,2
0.7979922382395408,0.1695440395976305,0,2
0.7874317926365892,0.1442082955990032,0,2
0.7875193931766169,0.1720477032353763,1,2
0.8022331673159314,0.2214850011942699,1,2
0.8054068252176848,0.1750622086524794,1,2
0.8325926611025277,0.1713872908119439,0,2
0.8489469280299099,0.1600555013457019,0,2
0.8115733763490675,0.1523838854999686,0,2
0.786552039399498,0.1386934631946545,0,2
0.7829581519156364,0.1635806789494502,0,2
0.7472050248260154,0.1961352361157685,1,2
0.7504537883373708,0.1823280585762268,1,2
0.7746523503042756,0.1983895027456849,1,2
0.7602828032317629,0.1865886468747474,1,2
0.9156779284419112,0.1865886468747474,1,2
0.8924011400835945,0.1888774784463351,1,2
0.9126470080253722,0.2167280881717317,0,2
0.8940337148856071,0.2469141924098511,0,2
0.9374835388490732,0.2391515822206281,0,2
0.5952973595832987,0.2391515822206281,0,2
0.5630444725708489,0.201134936826076,0,2
0.544908471808667,0.2015938661691343,1,2
0.5325621788681708,0.1528059860186153,1,2
0.5711195148933416,0.1911013869536588,1,2
0.5577201083093113,0.2342691492858621,1,2
0.5451132233640074,0.2215460374025084,1,2
0.512123169580764,0.2578242943019904,1,2
0.4676098597188073,0.2816396279222406,1,2
0.4514357358924825,0.2921006413429007,1,2
0.7625184983520397,0.2921006413429007,1,2
0.7242606315732308,0.2436780565815385,1,2
0.7101485201099137,0.1940027510307499,1,2
0.7108971204471048,0.2179494395159421,1,2
0.886009099682488,0.2179494395159421,1,2
0.884226382378503,0.2007336891379839,1,2
0.898289016323976,0.1656616577807886,0,2
0.6750120448467258,0.1656616577807886,0,2
0.6649600887320312,0.1805973727431795,0,2
0.6518506861275405,0.2052314260409467,1,2
0.6946873405814737,0.2245928644570595,1,2
0.7013331516995371,0.1909475825137936,1,2
0.7400770299378936,0.2006257123802944,1,2
0.7282384034645208,0.1741902532732848,1,2
0.9060353288092928,0.1741902532732848,1,2
0.93039390411776,0.1691060710080173,1,2
0.93249917668011,0.1708154106321505,0,2
0.9417554341538386,0.1756225504761511,0,2
0.9214228463462412,0.1857255677268183,0,2
0.9278371166714512,0.1726442243357222,0,2
0.9665860864406484,0.1492237095099542,0,2
0.6620437986544259,0.1492237095099542,0,2
0.6973216964734454,0.1586565859923433,0,2
0.7240636373173448,0.1723933096970475,1,2
0.7723766345018802,0.1607639031522784,1,2
0.9231663912766678,0.1607639031522784,1,2
0.914755103471546,0.1706048638689798,1,2
0.6923643417185176,0.1706048638689798,1,2
0.7363766764392482,0.1733216239144934,1,2
0.74329434808125,0.1413002348519665,1,2
0.752373871475791,0.1265409544747524,1,2
0.7987748363076606,0.1008439342732337,1,2
0.826823832822644,0.0603259465462662,1,2
0.8687405561956337,0.0300821005964095,0,2
0.897748972717092,0.0584987470383821,0,2
0.9435088186796736,0.0213848589736888,0,2
0.9731058014631302,0.0301311307570189,0,2
0.9613507749486292,0.0365651358407869,0,2
0.9574800675957928,0.0597046915911139,0,2
0.5108474449213449,0.0597046915911139,0,2
0.4927966457498892,0.0451777113997995,0,2
0.4595267860516547,0.0520852856250605,1,2
0.7626021343425518,0.0520852856250605,1,2
0.7223742770908664,0.0500174908552847,1,2
0.7719175921136845,0.0780133172558604,0,2
0.7586263023502238,0.103812111883412,0,2
0.7645480559338593,0.1504205510420128,0,2
0.7462984587630825,0.1869776959394299,0,2
0.7395807069079483,0.1867403952709179,1,2
0.7199997503409875,0.2103665735735795,1,2
0.7192797904133063,0.1613762846342329,1,2
0.7583563666794514,0.2073907754578103,1,2
0.7223056470755139,0.2276772672922862,1,2
0.8975804762129433,0.2276772672922862,1,2
0.881504757729051,0.2253271551767401,1,2
0.8352723540073718,0.2728232680179433,0,2
0.8437376207251714,0.2843230780965156,0,2
0.8742002392617542,0.2505450520809549,0,2
0.5660047985080419,0.2505450520809549,0,2
0.5238694708176955,0.2436101290614507,0,2
0.5664547133973805,0.2725289015052879,1,2
0.5758938512416039,0.228448155262641,1,2
0.6022336959496597,0.2273263006109142,1,2
0.5608964695137262,0.2549011382502214,1,2
0.5700672964975178,0.2226078264351678,1,2
0.5952175990018479,0.2030206271919401,1,2
0.579575657162324,0.1795351541365082,1,2
0.5826030491374713,0.1848496456196244,1,2
0.8960079022478683,0.1848496456196244,1,2
0.9228188304944271,0.1755204024209294,1,2
0.681744451568181,0.1755204024209294,1,2
0.6931910586493452,0.1800717767403625,1,2
0.6757859887232703,0.226005821339835,1,2
0.8703772286931307,0.226005821339835,1,2
0.8243905260926019,0.1993354575298214,1,2
0.840017393370935,0.1526094345866964,0,2
0.8072834236909955,0.1543298902332053,0,2
0.7640272246199797,0.1481735798010025,0,2
0.8060320347899804,0.1222935367504906,0,2
0.8158626385082121,0.0972244031851089,0,2
0.785345152332032,0.0549789567824535,0,2
0.8089109272418371,0.0479429743844962,0,2
0.7933666942899531,0.0482552716761851,0,2
0.5178649436111071,0.0482552716761851,0,2
0.4698421674001748,0.0895922376020833,0,2
0.5170073818814855,0.078854189089814,1,2
0.5161197331845077,0.1094335268611511,1,2
0.5146108587476133,0.1076517278659153,1,2
0.5125939511164012,0.0618648523982246,1,2
0.5312557968499448,0.0280279039553722,1,2
0.7036789320639235,0.0280279039553722,1,2
0.6831721994325922,0.0582036136328104,1,2
0.68838483055437,0.0919406576124492,1,2
0.6843200586192961,0.0867130130730597,1,2
0.7026699948234542,0.0488571068697884,0,2
0.7464388615403547,0.0595190001397437,0,2
0.7636140478034872,0.0654089111118072,0,2
0.7990904151773707,0.0515536281007724,0,2
0.8363369535923159,0.0390308496147569,0,2
0.8011447623568873,0.0455465304791814,0,2
0.8201195360306963,0.0556231602232764,0,2
0.8096455120574648,0.0507905005780922,0,2
0.834028653593564,0.0406755275320822,0,2
0.4784692203753152,0.0406755275320822,0,2
0.4468655924005106,0.0573922659637768,0,2
0.4401365021241422,0.076810101834641,1,2
0.4811123408118333,0.1089012624553817,1,2
0.4464935851951447,0.0946423603476497,1,2
0.4755467863763045,0.1221173355535369,1,2
0.4302613280712024,0.1630175724205517,1,2
0.9360189167682916,0.1630175724205517,1,2
0.8900581325881394,0.1616019081734175,1,2
0.8713315555605533,0.152940959412583,0,2
0.8646736894871478,0.1962825510557196,0,2
0.827579085613864,0.2356025519617279,0,2
0.8236884479739224,0.2665569063026099,0,2
0.7918643605091192,0.2907684617289142,0,2
0.4735889291386332,0.2907684617289142,0,2
0.5155274599223839,0.3273404025589144,0,2
0.5068504347069303,0.3639213129218884,0,2
0.4754692137513322,0.3326073636487307,1,2
0.4821189447988544,0.3475368839738936,1,2
0.5111316473464131,0.3553840861189669,0,2
0.5503732259334556,0.3273786649961205,0,2
0.5254177872376332,0.3016539824544946,0,2
0.5497727055369235,0.3265125447216964,0,2
0.5377696004537188,0.2768452517521768,0,2
0.5234473240223041,0.3159413514339935,1,2
0.5389001009295571,0.3126424288906333,1,2
0.5623360216410055,0.3619926913571487,1,2
0.537975743036802,0.3529563725303126,1,2
0.5233917555610642,0.3942929265735169,0,2
0.4891785840039582,0.3614481728249415,0,2
0.4440719448430853,0.3175688585947815,0,2
0.4337919805591755,0.3344563474702855,0,2
0.4144594804905073,0.3826518653135605,0,2
0.4611888698854869,0.3437814668161227,1,2
0.4550825874421312,0.3837445912576221,1,2
0.4680503673314753,0.4053905205949094,0,2
0.5048432562978026,0.4525757256938377,0,2
0.5121871449902761,0.4094106378973848,0,2
0.5081517949042116,0.3653214219011109,0,2
0.4934192207045772,0.3316275912226261,0,2
0.4463116935531718,0.2945323842308651,0,2
0.4188955062435493,0.2852254499286902,1,2
0.3741108927428592,0.3067474683617175,1,2
0.408835806069375,0.2823583097360023,1,2
0.4324008405518473,0.3237591541374759,1,2
0.4577743112175823,0.2984712305375813,1,2
0.4878160649900563,0.2871134182466337,1,2
0.4773404636344733,0.2615319745428964,1,2
0.4309980168750615,0.2365187385605492,1,2
0.8653739006108253,0.2365187385605492,1,2
0.8585277221518977,0.2370292345234485,1,2
0.8662843233246382,0.2475106425427897,0,2
0.8282034785211423,0.2777550443795136,0,2
0.5306017956517955,0.2777550443795136,0,2
0.5645109024174394,0.2717189479587219,0,2
0.5264934778744147,0.2542848164833848,1,2
0.812829846116602,0.2542848164833848,1,2
0.7933489126411788,0.2954501304009058,1,2
0.7560897985567958,0.2699002614564146,0,2
0.7609629573253245,0.2924882036434386,0,2
0.7582754704585526,0.3025084011175327,0,2
0.7148344400427321,0.3074999623017083,0,2
0.7259351744569698,0.2904091813485414,0,2
0.686679400932968,0.311275301021219,0,2
0.4214363927396002,0.311275301021219,0,2
0.3924324274554204,0.331182421884122,0,2
0.3508738145472232,0.3512096613335345,1,2
0.3140596178778586,0.3595989308305998,1,2
0.2753664309387135,0.3614232158196617,1,2
0.2477930349058794,0.3976303226544088,1,2
0.2679045808042573,0.4474718788261158,1,2
0.3170032670673054,0.4093791085745372,1,2
0.325405667274181,0.3681509398247752,1,2
0.287490877507198,0.3467128284692984,1,2
0.3333484309592667,0.3472453878380422,1,2
0.2966712262017396,0.3347634723672752,1,2
0.3184092729431896,0.318618717340112,1,2
0.2939380556581348,0.2819984879120403,1,2
0.2928369092487999,0.2441832636188335,1,2
0.872294845192944,0.2441832636188335,1,2
0.8241013424923311,0.2456259318203763,1,2
0.7948373023941687,0.2172866347250737,0,2
0.773528878767958,0.2061658224739606,0,2
0.770067295184874,0.2237031385072904,0,2
0.7257613592965493,0.1991445606215854,0,2
0.7603736426714084,0.1670516990474376,1,2
0.746478922204419,0.1833566053783531,1,2
0.7711855384021163,0.194899696144737,1,2
0.7744956814573134,0.187599671806828,1,2
0.7396220748063317,0.1528285194474339,1,2
0.7043984185467308,0.1579217196492738,1,2
0.9212903204865516,0.1579217196492738,1,2
0.9070301108789992,0.1670149866272194,1,2
0.8579952830434912,0.1188862818491864,0,2
0.8950091708724384,0.0710060439978093,0,2
0.9416629427077438,0.0376365373026979,0,2
0.9805862023139004,0.0578946158085282,0,2
0.9597293772761266,0.0979752317742312,0,2
0.9270723987274404,0.1466556273553891,0,2
0.6932130459741325,0.1466556273553891,0,2
0.7375952226885247,0.1475751814139755,0,2
0.7165259058647837,0.1235422792854858,1,2
0.6689085915386905,0.0819514663465417,1,2
0.6727889604327077,0.1016716798146646,1,2
0.6735927669027919,0.0879295781780671,1,2
0.6877176003006614,0.0501890150804565,1,2
0.7125637487770009,0.0776201831976443,1,2
0.6768437382158812,0.0578831269470201,0,2
0.684661393830674,0.0898310170658828,0,2
0.6371472845556784,0.0461622611025779,0,2
0.6272828644199183,0.0728061303728495,0,2
0.6639504352892224,0.0676672993825683,1,2
0.6394323923555748,0.0862482675340184,1,2
0.6050781300773497,0.0396976132104765,1,2
0.6129397431225616,0.0845756366365115,1,2
0.5804885644833249,0.1105521738607692,1,2
0.6204364887708987,0.068150332362057,1,2
0.8085664075346275,0.068150332362057,1,2
0.8539038937921477,0.0573087319093157,1,2
0.5211200810121244,0.0573087319093157,1,2
0.482388196332597,0.0418857243409778,1,2
0.4799362094925166,0.0719283469196822,1,2
0.796944441250014,0.0719283469196822,1,2
0.7538028388407769,0.1190967781585002,1,2
0.7476421130200053,0.1483398506423555,1,2
0.9056360044594765,0.1483398506423555,1,2
0.9194428033888904,0.1076978044977013,0,2
0.8985259961242268,0.1057512086954076,0,2
0.9252068435833244,0.0666222397807431,0,2
0.880614286912874,0.0437933503146732,0,2
0.9005628044137275,0.0630568560005696,0,2
0.8786040017646567,0.0902515737275842,0,2
0.8745241623729921,0.1242296108864459,0,2
0.8362273494315915,0.105986432899219,0,2
0.6105994436160078,0.105986432899219,0,2
0.5766946873747052,0.0630866685941447,0,2
0.5863892910827293,0.0739879729259785,1,2
0.592548796458475,0.0347943999509207,1,2
0.6340993473233367,0.0788260450379337,1,2
0.6264486801335414,0.0672698724230199,1,2
0.7879225088808403,0.0672698724230199,1,2
0.8267079362567691,0.0197000269246473,1,2
0.8684067382860268,0.0304884921928503,0,2
0.8821122073452948,0.076428773028053,0,2
0.8752351269708656,0.093488910034141,0,2
0.5996752444371861,0.093488910034141,0,2
0.6371444602818426,0.1094026322399683,0,2
0.6217226899601955,0.1415382481052387,1,2
0.6437242863722186,0.1330685046141583,1,2
0.6006309512233756,0.1376715020715727,1,2
0.923571572443926,0.1376715020715727,1,2
0.9647504942312984,0.1471301611263209,1,2
0.946921387888391,0.1295375444552145,0,2
0.9874162885724276,0.0996134311813444,0,2
0.9432251095281998,0.1051819417296755,0,2
0.9343280440047778,0.0710127439328458,0,2
0.972019564052054,0.1013204572270246,0,2
0.9388055525867834,0.0599275239591107,0,2
0.9590138734236812,0.1027836638523175,0,2
0.6432283965470609,0.1027836638523175,0,2
0.6785141921488195,0.0736791261929267,0,2
0.6311610415798594,0.0856764904198652,1,2
0.8360111104582674,0.0856764904198652,1,2
0.842380201311585,0.1113481251442553,1,2
0.8826946883371377,0.1213204707917593,0,2
0.647103289308729,0.1213204707917593,0,2
0.6180823565853603,0.0906495624380435,0,2
0.6056574475766292,0.0772506767967411,1,2
0.5722546718273135,0.04444509812001,1,2
0.522539119591469,0.068345059017136,1,2
0.5178127142530494,0.0999204030288625,1,2
0.486962935829451,0.0864571622924167,1,2
0.4765546270200931,0.1294658060436542,1,2
0.8869795156780445,0.1294658060436542,1,2
0.9288724865610708,0.1379785744654863,1,2
0.9629417407711004,0.1585903082102778,0,2
0.9244266499823756,0.1375050618284198,0,2
0.8792698573261051,0.1606656850196,0,2
0.6516193796144312,0.1606656850196,0,2
0.6174935413220672,0.1742544181368605,0,2
0.6309846797441121,0.2055145258268839,1,2
0.6703106603522953,0.2212738261775886,1,2
0.6412134275409094,0.1816159925371678,1,2
0.6782684118183598,0.1847786928713753,1,2
0.9370545325292736,0.1847786928713753,1,2
0.9391502225433334,0.1496893340957463,1,2
0.92547401952941,0.1904523517513428,0,2
0.9429077290153676,0.2198342815006617,0,2
0.9593436954460696,0.1952417147148667,0,2
0.9567611510889176,0.2278027222901683,0,2
0.9391573961982522,0.2405378815498945,0,2
0.947052520742789,0.2544541788346222,0,2
0.9555698478064244,0.2467665884222891,0,2
0.6004271526791835,0.2467665884222891,0,2
0.5787845988761292,0.2320217338760823,0,2
0.5724110557326736,0.2658398223578839,1,2
0.6121722120384998,0.2739484883733851,1,2
0.5915091632415069,0.2622593547905323,1,2
0.5428156908670668,0.281946532129477,1,2
0.5232462080958618,0.3071212206021927,1,2
0.7106499829558572,0.3071212206021927,1,2
0.7072408835061743,0.2727093846675169,1,2
0.6951629346625918,0.3094813988201977,0,2
0.6941812772361775,0.2838328775065765,0,2
0.6988638645697527,0.2692401611114221,0,2
0.540954342196524,0.2692401611114221,0,2
0.5333027351956674,0.3161381679580786,0,2
0.5826865600557123,0.3585605157122533,0,2
0.6183678053828502,0.3750668964315001,0,2
0.6275118965284487,0.3304064985212243,0,2
0.6181832883234765,0.3755281226065384,0,2
0.2770082211119819,0.3755281226065384,0,2
0.2436114309976498,0.3850933679557543,0,2
0.2312154039241642,0.3945589511144535,1,2
0.2033389473662551,0.3807481290937659,1,2
0.2224121934754721,0.3683826044037968,1,2
0.1844893272829903,0.3785561341133772,1,2
0.1794462190518128,0.3987400569321814,1,2
0.2156434332470846,0.3814078413233951,1,2
0.4921619126244044,0.3814078413233951,1,2
0.5187099156280767,0.4146261411136523,1,2
0.5053988707148537,0.3716537189638459,0,2
0.4733180152960254,0.4212550095666386,0,2
0.496892300408407,0.4433832233409641,0,2
0.513301071535581,0.4646662099465284,0,2
0.0817096959782548,0.4646662099465284,0,2
0.1250076963474254,0.4597011087577991,0,2
0.3559246165799746,0.4597011087577991,0,2
0.3615758428925541,0.4416328380914072,0,2
0.3971562025472613,0.4704679267438786,0,2
0.4333106480361843,0.4449357255177525,0,2
0.4062953598881619,0.4760006996599073,0,2
0.3610398190232164,0.4828478292541477,0,2
0.3838669888954231,0.4513821518261803,0,2
0.1026926476791734,0.4513821518261803,0,2
0.0887474150131654,0.4979357436405054,0,2
0.0821771659190297,0.4524080922094308,1,2
0.3534453573983925,0.4524080922094308,1,2
0.3266431354112617,0.4701082068203245,1,2
0.2928298007362127,0.4917833891636631,0,2
0.3044032627244107,0.4533920864493118,0,2
0.2696879297635902,0.4938636837815445,0,2
0.0949627567557276,0.4938636837815445,0,2
0.0715696695472124,0.5224248769206437,0,2
0.0835936236316438,0.5674215752479839,1,2
0.1199022539857648,0.5644275531915419,1,2
0.0923080439514849,0.5351067750735045,1,2
0.1007242019515977,0.5527017516832721,1,2
0.0542070514551602,0.5544712013793386,1,2
0.0762381543931385,0.5577449345259017,1,2
0.0525879297770956,0.6023199635035719,1,2
0.4297424304900245,0.6023199635035719,1,2
0.4191630430059601,0.6401448427968708,1,2
0.3727406673590687,0.6891145494484112,1,2
0.323099773299505,0.7262542006767184,1,2
0.3717993410807984,0.7617181620993138,1,2
0.8472032430050008,0.7617181620993138,1,2
0.8779743040116175,0.725437351129016,1,2
0.9055347672325604,0.6821285471414734,0,2
0.8743987050111578,0.657551741533065,0,2
0.8250297609980827,0.6770214931979183,0,2
0.384669732701444,0.6770214931979183,0,2
0.3996130422612131,0.6932503859577687,0,2
0.691602074750545,0.6932503859577687,0,2
0.6534016287575862,0.6860529223072306,0,2
0.6400756259519391,0.7353801397730995,1,2
0.643820433218705,0.7731098401115847,1,2
0.6501581280110194,0.8114553251439014,1,2
0.6938091232868666,0.7993571514801525,1,2
0.6930734185825048,0.7787920764802566,1,2
0.6987195516873214,0.7694545521895265,1,2
0.8496817388060477,0.7694545521895265,1,2
0.8972048805178243,0.7915892401252598,1,2
0.9324957886533708,0.7593766298676915,0,2
0.9406654082967644,0.7386537868417373,0,2
0.9343932824563382,0.6950210422558367,0,2
0.9551017662944856,0.6751106613214044,0,2
0.9494053978597732,0.6654191600671258,0,2
0.9836705878672336,0.6261369766070004,0,2
0.2467262444911543,0.6261369766070004,0,2
0.2899690616586494,0.5927514530495938,0,2
0.3283159392555091,0.5765048654107081,0,2
0.2948109323083008,0.5991227896346178,1,2
0.2757798935382057,0.5603624768835863,1,2
0.2973343226804582,0.570431308261302,0,2
0.3173829191553107,0.5644597065468794,0,2
0.3536108911814549,0.5507562229128549,0,2
0.3200826890878628,0.5290492214260996,0,2
0.3262670470626576,0.5388953241739699,0,2
0.3747537116273818,0.5751120352795729,0,2
0.3346452275764811,0.6053980694221861,0,2
0.2883497178862718,0.5703772656822848,0,2
0.3082834957706007,0.5495202450517672,0,2
0.2924061236978122,0.5815595944500832,0,2
0.3250709666495641,0.5916633203784069,0,2
0.3276152379710831,0.6127220486937941,0,2
0.2861719996375795,0.5811169393281014,0,2
0.2531514830395189,0.5644786418936476,0,2
0.298667316914734,0.5572364767442947,0,2
0.2691628810650958,0.605744111909873,1,2
0.2867080570628242,0.633159998123396,1,2
0.2457448150823633,0.6304789376330302,1,2
0.2793267384600134,0.6158052109962381,1,2
0.313453200980985,0.6531012417591392,1,2
0.3241085701061887,0.6949264994115312,1,2
0.3254284017183868,0.6642186308646408,1,2
0.3084859976147222,0.6579640920241724,1,2
0.2592752939375055,0.6422645855651934,1,2
0.2373080055392319,0.6690991446832124,1,2
0.6380067892761577,0.6690991446832124,1,2
0.6877877959496347,0.6499166496602394,1,2
0.6826631955075955,0.6215883569241257,0,2
0.2505581421608718,0.6215883569241257,0,2
0.2922922904439834,0.603723804301567,0,2
0.2712472774412747,0.6384364956233458,1,2
0.2362851804465336,0.6295900396978586,1,2
0.2329932600220823,0.6555522581862281,1,2
0.2786161457728096,0.6373739321482228,1,2
0.2520209780960353,0.6431708828254245,1,2
0.3001631405876496,0.6436311746622595,1,2
0.3021500446285178,0.644413110670795,1,2
0.5637190778089974,0.644413110670795,1,2
0.5644487470608888,0.6107356660408731,1,2
0.5453559658990678,0.5789845557410056,0,2
0.5332021977787275,0.605916493171693,0,2
0.5227477556806484,0.6252925745250362,0,2
0.5442267829601402,0.6752307156400305,0,2
0.3924655588939792,0.6752307156400305,0,2
0.3846144389437838,0.6662304127584053,0,2
0.6084229045841986,0.6662304127584053,0,2
0.5853943732845256,0.686235933189769,0,2
0.542086750899879,0.655954520676718,0,2
0.5042510135455605,0.685801194579984,0,2
0.5047388566820962,0.6750388297293081,0,2
0.5311962909322194,0.6475036632466834,0,2
0.5658168436540353,0.6797880768217489,0,2
0.566850644071335,0.6576779793342573,0,2
0.536280379610204,0.6791783778733125,0,2
0.4924330502004824,0.6978926631084929,0,2
0.4546695164692826,0.6946753788544736,0,2
0.4588081794026701,0.7364098232358015,1,2
0.4554952507841148,0.7168734314892066,1,2
0.4367962908903985,0.71597881721345,1,2
0.452837453259439,0.723942680546541,1,2
0.4457034611397717,0.7676202269902819,1,2
0.4563228382654822,0.8117208670665145,1,2
0.4723733326494513,0.8001043740853576,1,2
0.9344694208502586,0.8001043740853576,1,2
0.9556562955885028,0.8322733512046306,1,2
0.9115970121645912,0.8758478089738893,0,2
0.958780000009562,0.8598288831382672,0,2
0.9197163585893964,0.8114453604355769,0,2
0.6928575920791086,0.8114453604355769,0,2
0.7395563705631972,0.8565705905147695,0,2
0.731135917937859,0.8427688150656613,1,2
0.7032662406555209,0.8171442564152802,1,2
0.9227113200867736,0.8171442564152802,1,2
0.8872796773777936,0.7861695869576526,1,2
0.8514307562642631,0.791975854669522,0,2
0.8975087975135778,0.7615413198130397,0,2
0.5957798826801733,0.7615413198130397,0,2
0.6280534511958865,0.7634262957724854,0,2
0.6606901502750364,0.7164850438572548,0,2
0.6563038199266057,0.6808020914532189,0,2
0.6226748709814539,0.6558784145080861,0,2
0.6015055621755236,0.6529479878495472,0,2
0.5660933032732149,0.701354557767018,0,2
0.5846774387378495,0.7170683012310316,0,2
0.6278264849206039,0.6894294006877824,0,2
0.6231783196220371,0.6657696450645822,0,2
0.6496632789190363,0.6913522303517566,0,2
0.6898303672829624,0.7209905348546843,0,2
0.7003282856490227,0.6819353110988403,0,2
0.724161661868895,0.728418961971247,0,2
0.5289791443421689,0.728418961971247,0,2
0.4928201432019925,0.7390673356490965,0,2
0.4858456025370017,0.7776645872049303,1,2
0.4780948431805326,0.7467354562279273,1,2
0.4849009826930641,0.7213382599732442,1,2
0.5240423934909132,0.7631162694449329,1,2
0.5214131024301194,0.7997113412757916,1,2
0.8981875838795786,0.7997113412757916,1,2
0.8515306444159011,0.846448205117225,1,2
0.8426963225535946,0.8280950482990859,0,2
0.8350092520036171,0.8695333412375023,0,2
0.8247654808153221,0.874009410748588,0,2
0.8722908270928148,0.900087197270937,0,2
0.8703694660566058,0.9095969269074972,0,2
0.8849035953737803,0.8965192635292712,0,2
0.6327810583484094,0.8965192635292712,0,2
0.6095392180491161,0.8873093306234874,0,2
0.5687409352328432,0.9164721170442623,1,2
0.5733740330255214,0.881488882782935,1,2
0.6076922579970976,0.8337087670411859,1,2
0.6094910583340148,0.7868618022861054,1,2
0.6551486517477432,0.7746134669868173,1,2
0.8607439330593707,0.7746134669868173,1,2
0.8575890055248763,0.7615734168600156,1,2
0.8560462787820846,0.729840270162134,0,2
0.8478081459147788,0.7282841302015373,0,2
0.8437138790114876,0.7368135736191038,0,2
0.8050785837489876,0.7607884336116454,0,2
0.795091323213426,0.7797452438679943,0,2
0.798851362322194,0.7794385383263583,0,2
0.7615501297055977,0.7426423008464416,0,2
0.5548815450719237,0.7426423008464416,0,2
0.5149926734819656,0.7276212639392116,0,2
0.554361451337439,0.7538916434098952,1,2
0.5936104117826131,0.7264979543093067,1,2
0.5486427930909793,0.724458751240058,1,2
0.5834728737116263,0.7344003912834188,1,2
0.536740115005644,0.7195713421344019,1,2
0.5647153278631447,0.7033233701457743,1,2
0.7236357599629222,0.7033233701457743,1,2
0.7558193372378358,0.6896863384232531,1,2
0.7186293754028615,0.684218000154071,0,2
0.7354735002101415,0.6909410714161841,0,2
0.4631176805816948,0.6909410714161841,0,2
0.4311729429767289,0.6712064864110934,0,2
0.4804641132334312,0.6394824731765628,0,2
0.4555406837437696,0.6694641028877019,1,2
0.4151492800075814,0.637691363336157,1,2
0.4263054529717421,0.6837750791333651,1,2
0.4177294412324379,0.7107399132287278,1,2
0.757802927353553,0.7107399132287278,1,2
0.7870967530104627,0.7343681456786979,1,2
0.8243335505847343,0.6861627363520482,0,2
0.8047931427185607,0.64002764800477,0,2
0.8225065501824688,0.595656239910617,0,2
0.8259238090516838,0.5560628123760238,0,2
0.1103884476153837,0.5560628123760238,0,2
0.1119684163516253,0.5507135145634963,0,2
0.3699458975086687,0.5507135145634963,0,2
0.3724249424204456,0.523386345427983,0,2
0.3886827026126577,0.5482129285587809,0,2
0.4116003986515563,0.5553222115095623,0,2
0.1272811806046274,0.5553222115095623,0,2
0.1019369968138453,0.5860808130703679,0,2
0.0877100700325237,0.6137649005738977,1,2
0.1262071651253823,0.6560002660009886,1,2
0.1490731649659735,0.6093417608445783,1,2
0.160075830069985,0.6511638594224435,1,2
0.1734486983694982,0.6851649300498934,1,2
0.1368868307897682,0.6819248179489251,1,2
0.67145263159056,0.6819248179489251,1,2
0.6561411637335955,0.6634996892740527,1,2
0.6421181619444475,0.617584305425821,0,2
0.6155276321091383,0.60624830917187,0,2
0.5867134322439833,0.6222764197861531,0,2
0.5706650225376354,0.6507710521905309,0,2
0.5802961311934169,0.6739256400904887,0,2
0.5352384786344069,0.6469857096731604,0,2
0.340803516578381,0.6469857096731604,0,2
0.3724868935296847,0.6217480375346717,0,2
0.3449900430075907,0.6088601780347017,0,2
0.2976125379613851,0.6494664490725243,1,2
0.2689531370017749,0.6287670772915118,1,2
0.2218034501960825,0.5963855255690467,1,2
0.1733247837700142,0.6035883752068242,1,2
0.2093715379764031,0.5777412100217062,1,2
0.1976283832106432,0.6170519191577989,1,2
0.4725591796881795,0.6170519191577989,1,2
0.4830549168523134,0.6282513126393647,1,2
0.441936878593371,0.5957290737465523,0,2
0.421176590612123,0.6362988883327602,0,2
0.2975496438161128,0.6362988883327602,0,2
0.3167401596563721,0.6384168526847194,0,2
0.5541817822505638,0.6384168526847194,0,2
0.5944047170142182,0.6634141131774155,0,2
0.5939844254369409,0.6938783478682675,0,2
0.641915821266053,0.7126812778724068,0,2
0.6630031280162438,0.6747250314322647,0,2
0.6420071890357217,0.6568346495274305,0,2
0.6079777969285578,0.6710934393796151,0,2
0.391619215608624,0.6710934393796151,0,2
0.4246962189334758,0.6614686286519449,0,2
0.4025724856713853,0.6223910425628804,0,2
0.3905704272506994,0.6090442734494645,0,2
0.4252605776466497,0.6287751151530575,0,2
0.3920801820066101,0.6667798223978716,0,2
0.3923635521539697,0.7043366396310351,0,2
0.3835483108137837,0.6592108331251578,1,2
0.402920293165219,0.6778162634636887,1,2
0.356517766233866,0.6514556256680529,1,2
0.5738717744191928,0.6514556256680529,1,2
0.5383394930033166,0.6261094595433375,1,2
0.5638372407729114,0.6417055807702232,0,2
0.5444585216781029,0.6394689587793848,0,2
0.5462673094285089,0.6515551953762508,0,2
0.5480116457921455,0.6867529808499302,0,2
0.5535047076962327,0.6561224742630498,0,2
0.5989910675541569,0.6215224938662455,0,2
0.603713951048689,0.6024278446732089,0,2
0.6245573593108071,0.5989723331941088,0,2
0.5993524932725806,0.6224569828050153,0,2
0.5860537768089857,0.6107620512768768,0,2
0.5792455151885819,0.5870476047027908,0,2
0.5558844876150952,0.5607285527097284,0,2
0.5586300618311868,0.516368350470441,0,2
0.5497607438714273,0.5247211130421577,0,2
0.0656628396718701,0.5247211130421577,0,2
0.020626270326282,0.5194337924383275,0,2
0.0611957480901903,0.4898850818141144,1,2
0.0988624782167991,0.5380875672310553,1,2
0.1062973938806123,0.5244064519600246,1,2
0.3473321116878382,0.5244064519600246,1,2
0.3811160595473655,0.4794090933212439,1,2
0.3385693980032987,0.4401341714498587,0,2
0.0968289241095671,0.4401341714498587,0,2
0.1127561016138294,0.4686055791722071,0,2
0.110793723123587,0.4773809410777505,1,2
0.125984305328207,0.5088707942476689,1,2
0.1542407749387199,0.5238928149499739,1,2
0.1820289319249726,0.519638131218403,1,2
0.2097750993571632,0.5158183250362647,1,2
0.2452005713310462,0.5401176904925374,1,2
0.2558413686780991,0.5031285941188508,0,2
0.236791228337893,0.4966759524090324,0,2
0.2679411567537638,0.4842819067209551,0,2
0.3030193142078762,0.4807049894927543,0,2
0.3319296122215439,0.480207614369411,0,2
0.3721456026506463,0.4790029981709646,0,2
0.3561963501617521,0.5276948766778994,0,2
0.347608857999844,0.5650887451008825,0,2
0.1296262571735822,0.5650887451008825,0,2
0.163956169624051,0.6122190061429071,0,2
0.152820824436231,0.6488042479297274,1,2
0.128433428733299,0.690495837670017,1,2
0.1090482247929405,0.7002976631117713,1,2
0.1431029786936258,0.706483003177938,1,2
0.1201766590734482,0.681843091003016,1,2
0.1096349457180175,0.6797242777608197,1,2
0.6738908385503278,0.6797242777608197,1,2
0.7076134395860115,0.6813189939373194,1,2
0.6756534152884207,0.7169714252789792,0,2
0.4914336645841712,0.7169714252789792,0,2
0.4953899109279875,0.7040687054560237,0,2
0.4818527889435203,0.7414801649538182,1,2
0.4884434266495964,0.7538200482251579,1,2
0.4819794606209164,0.7928053445016686,1,2
0.4927297343441837,0.7891245252580897,1,2
0.878082130697576,0.7891245252580897,1,2
0.8831213354847366,0.7802165320974659,1,2
0.8373378436679675,0.7507912508074559,0,2
0.8718215054955213,0.7084916010380363,0,2
0.8353067734419635,0.7408849101933515,0,2
0.5863677480767358,0.7408849101933515,0,2
0.5883798634455895,0.7529283172372429,0,2
0.6007410321011477,0.747081899810679,1,2
0.602894125511197,0.7756557809637906,1,2
0.8614842720428716,0.7756557809637906,1,2
0.8441859741887698,0.7530417910067119,1,2
0.5924203237883218,0.7530417910067119,1,2
0.6141499173363065,0.7857610873137657,1,2
0.6228717510727286,0.7381612749704833,1,2
0.5879057882618607,0.7213403541625472,1,2
0.5461461260323577,0.7662850870809149,1,2
0.5268616579328266,0.8093248568203514,1,2
0.8943959065831886,0.8093248568203514,1,2
0.9406017394386548,0.7992912514013436,1,2
0.9017789354240494,0.8369597089900124,0,2
0.8901853897301965,0.842112578035276,0,2
0.9121625690249352,0.8144078653290476,0,2
0.9062566867153272,0.8259101260324013,0,2
0.951403122676058,0.8740161481356327,0,2
0.949650397751258,0.8940721183223348,0,2
0.9907223692038996,0.8964958598062596,0,2
0.9529073513741748,0.9454146470191052,0,2
0.5046666834623137,0.9454146470191052,0,2
0.4692846280973697,0.9334252512476944,0,2
0.435307744999705,0.9707275747253674,1,2
0.3955463233444938,0.9485530855772556,1,2
0.3469387958024221,0.9132708928643668,1,2
0.3386147416421599,0.9360851834103016,1,2
0.3131718151400462,0.92105001101191,1,2
0.2939400821705846,0.9139869163234317,1,2
0.2901563057087229,0.8973713007471095,1,2
0.8500860051757385,0.8973713007471095,1,2
0.8303212931848787,0.8637672289755814,1,2
0.8512004488635755,0.902821980728963,0,2
0.8662806072626439,0.9469604024952238,0,2
0.8490638608224865,0.9833641094873956,0,2
0.8553378168600217,0.9408267378238108,0,2
0.8578863887234184,0.9846004025493164,0,2
0.8135664391834805,0.9650847349996796,0,2
0.4734036681106481,0.9650847349996796,0,2
0.5224525872146331,0.9493172922252424,0,2
0.569147575501875,0.99270077343965,0,2
0.5695400127825935,0.9510152758630048,1,2
0.5671411244641579,0.919818697480846,1,2
0.6078579867455572,0.9310816375745316,1,2
0.6295136997822904,0.9314176712089526,1,2
0.7824151332331187,0.9314176712089526,1,2
0.7888935057862567,0.9242846570073884,1,2
0.761619621707656,0.953196034917918,0,2
0.7837884701520209,0.9207849537146234,0,2
0.7992321669395159,0.908144480236778,0,2
0.8430078673391984,0.9115086161631212,0,2
0.6212909471335819,0.9115086161631212,0,2
0.6564435052715799,0.894608748168992,0,2
0.6352642373206719,0.94433719117645,1,2
0.6845311139085279,0.9906696471395154,1,2
0.6621635558872967,0.973542891481187,1,2
0.6735241079498236,0.9685766617566968,0,2
0.6844451915942762,0.9438521387374414,0,2
0.7062109458193668,0.9581403807084712,0,2
0.7327370740009544,0.927510107189248,0,2
0.7011330689848604,0.9649975900680235,0,2
0.7036689210388846,0.9445887830299,0,2
0.6637611313804102,0.9528704847740688,0,2
0.5163482264176372,0.9528704847740688,0,2
0.5046437046401024,0.9239030471793512,0,2
0.517267591396396,0.9036657423254056,1,2
0.509806688489764,0.9173387937378332,1,2
0.8475044137434878,0.9173387937378332,1,2
0.810566824864432,0.9556943565270336,1,2
0.8061077525325275,0.9250382620762452,0,2
0.8491181385594109,0.9574024998055338,0,2
0.8400210073202817,0.9340497287030592,0,2
0.8867313234290255,0.9428926560965928,0,2
0.8441726819044387,0.9845926770175578,0,2
0.8793281796654671,0.9565370296589356,0,2
0.9074779353735456,0.9525585772098876,0,2
0.8981391191161978,0.9245310678669718,0,2
0.5543335869017741,0.9245310678669718,0,2
0.5252281011343639,0.9081668476017508,0,2
0.558545138073167,0.8900880024839163,1,2
0.6068298941484852,0.8954581962871628,1,2
0.8913169219869568,0.8954581962871628,1,2
0.8655217703369578,0.8781720116807692,1,2
0.8949494845553636,0.9256692616812804,0,2
0.8786308636033503,0.909318651396245,0,2
0.851505969331439,0.9370796447497316,0,2
0.892581907802749,0.9059382469587008,0,2
0.6239320709232149,0.9059382469587008,0,2
0.5740496672240494,0.9525918306002552,0,2
0.5937415960858878,0.9463420873230182,1,2
0.5883536045196393,0.9902842581006992,1,2
0.6088362238777689,0.981118317405228,1,2
0.6080904993778212,0.9437246614902584,1,2
0.5710611047792695,0.956232916548826,1,2
0.5657368846403956,0.9225114314083755,1,2
0.5534381448537069,0.9051705238453824,1,2
0.5763008860433272,0.8569612940654104,1,2
0.575163364867429,0.8407423087859494,1,2
0.5972071789199958,0.8287929104741326,1,2
0.6360944578188495,0.855540301518014,1,2
0.6726362271003138,0.8864461366186531,1,2
0.8732599158762849,0.8864461366186531,1,2
0.896817418042622,0.9076632082019236,1,2
0.9069119837135262,0.9159812749320972,0,2
0.9541618940534384,0.9028677246042618,0,2
0.6108835046013156,0.9028677246042618,0,2
0.5758020784258747,0.8684435776153799,0,2
0.5857957911330754,0.8746554036632098,1,2
0.6212919980353964,0.8512981238886183,1,2
0.6230436700008221,0.8290053825748535,1,2
0.9205155161920509,0.8290053825748535,1,2
0.9672470161331472,0.7979460869188106,1,2
0.934200792930307,0.7904697862362178,0,2
0.9188333920194576,0.8379416915094264,0,2
0.6966357525283702,0.8379416915094264,0,2
0.6973284386715086,0.7930712816340378,0,2
0.7059518809261716,0.8346569114035552,1,2
0.6843610870629245,0.8017265075839851,1,2
0.6815412083245164,0.8227905756001013,1,2
0.684481584675197,0.833095361719387,1,2
0.9415076304424136,0.833095361719387,1,2
0.8958123049542043,0.8084836696238079,1,2
0.8681729489334081,0.8071330473725208,0,2
0.8617886260516151,0.8432553659082772,0,2
0.907122819722142,0.8624649843479012,0,2
0.9210155649170706,0.9123856959840444,0,2
0.9432429975563528,0.9375846586124869,0,2
0.5407070765881993,0.9375846586124869,0,2
0.5484282922360205,0.9192525567778908,0,2
0.5439012397100054,0.878076769256353,1,2
0.9072958464324054,0.878076769256353,1,2
0.9314122771266548,0.9230438125862046,1,2
0.9300137677745052,0.8841113031652532,0,2
0.9121803729982284,0.8610694616077516,0,2
0.8903135889317865,0.8609049549137896,0,2
0.9260726750833684,0.8615644310266745,0,2
0.9219981218113036,0.8996548668531793,0,2
0.8942485992234888,0.9177186649184442,0,2
0.8756796134073869,0.934567691873512,0,2
0.8658728466898477,0.9527232554085938,0,2
0.5173891858535151,0.9527232554085938,0,2
0.5157379489314189,0.9123610568259688,0,2
0.4910969519784819,0.9464776995563212,1,2
0.7577412493499291,0.9464776995563212,1,2
0.7880687610648507,0.989362793787976,1,2
0.8323769263385628,0.9430228628007546,0,2
0.7914170738920872,0.9307305819102872,0,2
0.7862027902429446,0.9806476382066938,0,2
0.8333733903952765,0.9401194441662246,0,2
0.8058870409189923,0.9257835145547836,0,2
0.825104132790219,0.9438877285096514,0,2
0.8534789460168152,0.9209641341541672,0,2
0.5936786976892309,0.9209641341541672,0,2
0.6124873841386498,0.9104573792832764,0,2
0.5964667399707723,0.91240958318154,1,2
0.5503046952642778,0.89259081799554,1,2
0.5214111623674317,0.9252222912972604,1,2
0.5531613563438353,0.8930817516883613,1,2
0.5162198043843157,0.8838645021631403,1,2
0.5340801849435077,0.8844215534818303,1,2
0.4977199545954535,0.928579034543974,1,2
0.5012556946634423,0.9172155688620957,1,2
0.8300763485310102,0.9172155688620957,1,2
0.7831223027376372,0.9566501567660556,1,2
0.7447440157520098,0.9321804564112164,0,2
0.7717370428653122,0.8822848308998847,0,2
0.7311897455791254,0.8663133893969274,0,2
0.7240253272411664,0.8599763932178361,0,2
0.6925078277144036,0.8452938513585027,1,2
0.699982442912963,0.856418632119582,1,2
0.6979742525479454,0.8836776753907867,1,2
0.733824649876185,0.9237188910187426,1,2
0.746320701685324,0.8960182171992771,1,2
0.7314746069366146,0.9255322282555172,1,2
0.6845979146759029,0.9548342427719314,0,2
0.7091676199897806,0.9541036664398744,0,2
0.7208806813309927,0.9069653816129486,0,2
0.7030630856459346,0.9534787478990436,0,2
0.7448038665359499,0.921510006388434,0,2
0.7916545904661135,0.9582493306158804,0,2
0.7606383419028986,0.9332047886480138,0,2
0.7666015964940357,0.9110209802609442,0,2
0.7961854811186034,0.8821462281662792,0,2
0.7931878811062364,0.8764575126476944,0,2
0.7448832678917697,0.8561234592065322,0,2
0.7620603816221666,0.8862357087284205,0,2
0.8058183464475938,0.8624840755223068,0,2
0.8107697256387113,0.8477757483237716,0,2
0.818274018007396,0.8482200992427115,0,2
0.828774145262122,0.8888961267287478,0,2
0.8742075801696781,0.8735026937256448,0,2
0.8593444409405596,0.8957048381043303,0,2
0.8513329527852957,0.8865390321649498,0,2
0.8073334977399969,0.8724458158959003,0,2
0.8170881828837545,0.9152217055678088,0,2
0.5982416973330815,0.9152217055678088,0,2
0.6131836256781344,0.8810564889694944,0,2
0.6164138582928053,0.8539060048026207,1,2
0.6506246397863777,0.8368372012602199,1,2
0.6616125720086571,0.788331803774277,1,2
0.6396464669053862,0.761144055945821,1,2
0.5967121783088642,0.7397855170923566,1,2
0.5642137791824844,0.722506480560867,1,2
0.7521406405625407,0.722506480560867,1,2
0.7839740292341093,0.676992438709527,1,2
0.4218994909823615,0.676992438709527,1,2
0.3776265207488182,0.6322419332679269,1,2
0.4224452529882931,0.6219264398510899,0,2
0.4537387952929631,0.6701139877368099,1,2
0.4719087805040422,0.7187587923768751,1,2
0.487920410598767,0.7304485353400489,1,2
0.4714895279364888,0.7423026299783799,1,2
0.4631790616205106,0.7330579999056459,1,2
0.7778761404028839,0.7330579999056459,1,2
0.7365309606678133,0.694659102422429,1,2
0.6952276902137385,0.7005927898967663,0,2
0.6937637259594065,0.6651184811177556,0,2
0.369034823626645,0.6651184811177556,0,2
0.3603193533157259,0.693846822668315,0,2
0.3572492364525585,0.7364503717607048,1,2
0.3936682048457591,0.7205770834302433,1,2
0.4157290982782135,0.734953548105431,1,2
0.39932668105226,0.7571091804535749,1,2
0.3582360739412391,0.7589819561348926,1,2
0.358611513307831,0.7606053035759127,1,2
0.3893307091085939,0.7847053315186233,1,2
0.8718128087420329,0.7847053315186233,1,2
0.863706873103012,0.8225007693474561,1,2
0.8733585614964826,0.8003123899070035,0,2
0.8805500408849971,0.832637963289362,0,2
0.9094124465324877,0.8125700637056034,0,2
0.6922676032599752,0.8125700637056034,0,2
0.7149481799182887,0.8077284524770738,0,2
0.738088391331277,0.7608568952803778,0,2
0.6989588285471863,0.7465395453720446,1,2
0.7286934394619486,0.7765436820975713,1,2
0.7730315580503255,0.8109943168749209,1,2
0.8955834682953057,0.8109943168749209,1,2
0.89562894710179,0.8007939961120013,1,2
0.9242706929755626,0.7818642129749851,0,2
0.9674154811371792,0.7990869901041856,0,2
0.9639747220642854,0.7598864368524499,0,2
0.9563284147529276,0.7863757148827024,0,2
0.9403462812326832,0.8349495908353722,0,2
0.9132168345170923,0.8588228257759052,0,2
0.8752720011676586,0.8585541791636286,0,2
0.8322103929532416,0.8245182658894493,0,2
0.6795509872669403,0.8245182658894493,0,2
0.6859617915690264,0.8638580113607786,0,2
0.706582266222584,0.88424358817222,1,2
0.7124206738049376,0.842002407611672,1,2
0.6734413057836914,0.8037972912633169,1,2
0.9168666563589526,0.8037972912633169,1,2
0.8939769839619459,0.76728449710017,1,2
0.8614904378364757,0.7832217420817524,0,2
0.8214187086951591,0.8220063448169983,0,2
0.8521840157830477,0.8124126120337467,0,2
0.8765897423575183,0.78427304563133,0,2
0.8445690894569144,0.7855236582336307,0,2
0.8349666381439622,0.8149760032616576,0,2
0.6936703864081334,0.8149760032616576,0,2
0.6750038846349278,0.8335117323319495,0,2
0.7079254646493168,0.8792364155932512,1,2
0.7200461203867691,0.8886054477050438,1,2
0.6747972860069242,0.8948038588092113,1,2
0.6341971768699343,0.8851113631066089,1,2
0.6318480379917701,0.9031684225560468,1,2
0.6816848480081543,0.9449282369245506,1,2
0.6689742178030529,0.8951016434751167,1,2
0.6947727457731404,0.9324209896895392,1,2
0.6498034788147065,0.9646103338214782,0,2
0.6245909165340807,0.9378515478861192,0,2
0.6166874342054953,0.9841638384544522,0,2
0.5743996463259887,0.9365272319526708,0,2
0.5362272827125403,0.9186881169713904,1,2
0.5408361174101163,0.8861386379003459,1,2
0.5853035753128863,0.8862700125859029,1,2
0.5705151344803971,0.8762255243922115,1,2
0.610335344888331,0.8734264987173269,1,2
0.5658177583578584,0.8384036832387745,1,2
0.5956936664857564,0.7960586179258885,1,2
0.5854618277039612,0.7511895417276765,1,2
0.5565115830377182,0.7373556742396506,1,2
0.8329428371387778,0.7373556742396506,1,2
0.7895693109054026,0.7755066783525857,1,2
0.8249829477363243,0.7721821480677493,0,2
0.6368788986590523,0.7721821480677493,0,2
0.6284948431827516,0.7351637466301775,0,2
0.6089835808406097,0.7402627297219324,1,2
0.6455005827157251,0.6960983267194847,1,2
0.6455545834904253,0.654036969303273,1,2
0.6910458417255221,0.668809171536822,0,2
0.6665771254386206,0.6837563227308362,0,2
0.6370732174438594,0.7057068981693262,0,2
0.4726984638875849,0.7057068981693262,0,2
0.4449786671945154,0.6957038646237839,0,2
0.6945714309853999,0.6957038646237839,0,2
0.6729133548374644,0.7368537531630128,1,2
0.6608999003348829,0.7539248189463872,1,2
0.6639615219461253,0.7780433606000726,1,2
0.661479610649938,0.8036330789040046,1,2
0.6607662920163414,0.7794283129389344,1,2
0.6659880505892377,0.7846260209693082,1,2
0.6226932158575541,0.7742744146818368,1,2
0.6052165531542629,0.7900296677226392,1,2
0.6028298962437852,0.7981297284860014,1,2
0.6322347363308753,0.7780410548056205,1,2
0.8990674776167669,0.7780410548056205,1,2
0.8629536959296634,0.8232609526870198,1,2
0.848656435969627,0.8011738306471816,0,2
0.8818229832942703,0.8403015443358371,0,2
0.8474072536492266,0.8584526624123063,0,2
0.8692612200996062,0.8738492643848449,0,2
0.8259032962062187,0.9025058182519646,0,2
0.6357312815989756,0.9025058182519646,0,2
0.6434234621562664,0.949311572719787,0,2
0.6693261561577517,0.9637895763482734,0,2
0.6670799457473391,0.958474160488622,0,2
0.620217150403108,0.9165432336039488,0,2
0.6395064503017936,0.9294462949744972,0,2
0.5974616300910716,0.918661507379538,1,2
0.6469422854055967,0.9603401377751092,1,2
0.671136306122974,0.9259788479659858,1,2
0.7000691976721738,0.9407435232440328,1,2
0.6971804450836592,0.940973994390216,0,2
0.7305986774807628,0.9231290493318662,0,2
0.6954250819149461,0.8899692588970126,0,2
0.6563200369735246,0.929908046242602,0,2
0.6812902726861098,0.9383645615787062,0,2
0.7194957202735291,0.9297664615991476,0,2
0.7170736525592614,0.9030118000737696,1,2
0.7118348465885088,0.8560571616753359,1,2
0.6995285678853933,0.8603267715623393,1,2
0.6663037298991286,0.8746337367660404,1,2
0.7094501107280868,0.8558985256249892,1,2
0.7332325876434689,0.8665070891695451,1,2
0.7538921636032869,0.8677012005560278,1,2
0.7647394425596197,0.8666097448898386,1,2
0.7210783227704026,0.857990851305241,1,2
0.9341380832147934,0.857990851305241,1,2
0.9828980144671786,0.8607653340865238,1,2
0.9370377715289387,0.8133361832859497,0,2
0.9677746738636204,0.7683004193036572,0,2
0.9677072804510092,0.7504236323785409,0,2
0.9186620251676668,0.720286369125524,0,2
0.8821174010572914,0.6765471591275604,0,2
0.8420628830441055,0.7155397925390061,0,2
0.8788450804837853,0.6940042612467289,0,2
0.4452141238714659,0.6940042612467289,0,2
0.4010066875591206,0.6727935311319121,0,2
0.3770778868942228,0.6327943305946491,1,2
0.4000707940360118,0.6258597256169453,1,2
0.3655479921868522,0.5915133215913738,1,2
0.4009394892982671,0.5765323697006566,0,2
0.3581430179411876,0.5640448284138906,0,2
0.3895010571368031,0.6033859401683639,0,2
0.3935928792684971,0.585442553265624,0,2
0.3459601622954333,0.563286565085686,0,2
0.3940646413652497,0.5148655528088643,0,2
0.351279625301491,0.5101694625224366,0,2
0.393022172568494,0.5370045909344351,0,2
0.1102375670854721,0.5370045909344351,0,2
0.1142989280208861,0.5570231118305696,0,2
0.0809605429057864,0.5192598739759399,1,2
0.3364752566322137,0.5192598739759399,1,2
0.3386593030513805,0.5314427652438297,1,2
0.3868432127082298,0.5340102811998466,0,2
0.4175611396637245,0.5384953925058932,0,2
0.4599100379694591,0.5546512593993758,0,2
0.4641959447066011,0.5368009772770381,0,2
0.0938675502287837,0.5368009772770381,0,2
0.0672557583421434,0.5488404257485328,0,2
0.0597754755061188,0.4998924463534681,1,2
0.026327194964647,0.5121549750709401,1,2
0.0544473531519266,0.4627413031386519,1,2
0.0158731579720795,0.4576778126462298,1,2
0.0515985827774758,0.4117199625934289,1,2
0.4470608540385222,0.4117199625934289,1,2
0.433285463139848,0.4383535711222585,1,2
0.3994551198816142,0.3962568432914387,0,2
0.3602075526217901,0.3706902354665627,0,2
0.3652150776637415,0.3706372412734203,0,2
0.4014370078711818,0.3905706010502852,0,2
0.4261958467478907,0.4286752963091201,0,2
0.3975294424469348,0.4657332473761898,0,2
0.3636892738926348,0.4762360034020225,0,2
0.3763146751712788,0.5174807749922445,0,2
0.4253111073364765,0.5369036382811753,0,2
0.4525336498575797,0.4973616066876635,0,2
0.093938018847411,0.4973616066876635,0,2
0.1052161838653963,0.5131682423494889,0,2
0.0553788417134021,0.5083537835882265,1,2
0.0331247504226397,0.4764709771270129,1,2
0.0604116552028349,0.4576652744940448,1,2
0.0899316838503306,0.433272824074424,1,2
0.0902513311814306,0.4776822533404699,1,2
0.1362618415283641,0.4544189828829247,1,2
0.3472794709610718,0.4544189828829247,1,2
0.3200207950377716,0.4514937596640387,1,2
0.2866662187065695,0.4199846015267261,0,2
0.2713301900261978,0.4043043645602254,0,2
0.3099188206366899,0.3619336234207647,0,2
0.3284660482883845,0.4074557309737905,0,2
0.3774865763728834,0.4247676497232351,0,2
0.3375266558857921,0.3858613546050567,1,2
0.3705026887183807,0.3373582320886029,1,2
0.4055493655384665,0.2955478500808988,1,2
0.3856343010132789,0.2858549993518343,1,2
0.3943769172410771,0.297932913526879,1,2
0.3632257223932242,0.3151120724094788,1,2
0.337430124816938,0.3395800055448988,1,2
0.3505381134136984,0.3365640761744481,1,2
0.6008562637549897,0.3365640761744481,1,2
0.6363771206869847,0.3256584360728225,1,2
0.6624171942481462,0.35832769802646,0,2
0.6729284995479661,0.3637954171586756,0,2
0.6548028323109858,0.3174984756020583,0,2
0.6936664149196338,0.3496673482995278,0,2
0.3310212028011809,0.3496673482995278,0,2
0.3017516009604017,0.3221541128213059,0,2
0.3143735115023809,0.2923339379983793,1,2
0.3509809112593459,0.2686091046326113,1,2
0.3370029882381896,0.2487341187654467,1,2
0.3289357301381253,0.2616934951821298,1,2
0.3698611005448192,0.2560469720370542,1,2
0.377680065899683,0.2440850681255803,1,2
0.8501329545614146,0.2440850681255803,1,2
0.8109972993309075,0.2386904851486555,1,2
0.8237388973752744,0.2395005844147079,0,2
0.7825171599899103,0.2547544161639816,0,2
0.5863456521115463,0.2547544161639816,0,2
0.6258841440015954,0.2648612396389125,0,2
0.6225220024080291,0.2697591859021243,1,2
0.6456798797068238,0.2631607118323898,1,2
0.6638536709760088,0.2675520777339573,1,2
0.6467224254708199,0.2379543536734007,1,2
0.6246801750204978,0.2781777607037182,1,2
0.7551640360319232,0.2781777607037182,1,2
0.7307917493553038,0.2344067472365334,1,2
0.6888066498420936,0.1950949203892686,1,2
0.7065941559384885,0.1489434678640981,1,2
0.679789230324816,0.1303831594825545,1,2
0.6648222572604241,0.1059652178864424,1,2
0.9001480017272401,0.1059652178864424,1,2
0.8975181562739587,0.1156755012891266,1,2
0.854465890983687,0.1144172370477522,0,2
0.8451513731492287,0.0680802367033758,0,2
0.8942829977890226,0.1175507306850813,0,2
0.8596005611736703,0.1426563993741419,0,2
0.6856001297180211,0.1426563993741419,0,2
0.6865092677835029,0.1661023951463439,0,2
0.6370362759697266,0.1380512700178276,1,2
0.5912099687588431,0.1753683616197395,1,2
0.934324594088116,0.1753683616197395,1,2
0.8902661860300826,0.1612149324023251,1,2
0.8475081010659821,0.1566854834955106,0,2
0.8927947045492796,0.1943345395549504,0,2
0.8780817355520021,0.2361045905779069,0,2
0.9235144941692796,0.2810469522177639,0,2
0.9549454823183228,0.2758490054341989,0,2
0.9291199662702876,0.2259461791461766,0,2
0.9225988077310908,0.1985551418414355,0,2
0.679270232077636,0.1985551418414355,0,2
0.714132403042295,0.2336321079924675,0,2
0.7499788765378943,0.2292302919896072,0,2
0.7765307521689708,0.207499879527907,1,2
0.760426526083082,0.1726359218706529,1,2
0.755266956086389,0.2127912147847817,1,2
0.7354027285642717,0.2127960428025609,1,2
0.7845760361707156,0.2543122545869874,1,2
0.7817841221161513,0.2809164972847581,1,2
0.7503914099977698,0.2847926253045579,0,2
0.7912196694708008,0.2438741237547446,0,2
0.7500539345502932,0.2139505564859899,0,2
0.7058570225283507,0.1734346767278062,0,2
0.7534395280130126,0.2058805933298664,1,2
0.7571818610286856,0.1577540910675767,1,2
0.7904756886436015,0.1999367737359073,1,2
0.7608504464729189,0.2263626583963895,1,2
0.7636203634870231,0.2608386325813189,0,2
0.7708707696371857,0.2321822450514464,0,2
0.7456762456531697,0.2329882885845723,0,2
0.6060227592154029,0.2329882885845723,0,2
0.5665235371238145,0.2452945723282167,0,2
0.5526308413784207,0.2024457853610949,1,2
0.8833905054772702,0.2024457853610949,1,2
0.9002554394663471,0.1973471460213925,1,2
0.9234489512149592,0.1734776010744986,0,2
0.9538283316753796,0.2218609100085445,0,2
0.9407990212101532,0.2522925955127203,0,2
0.5630809165539538,0.2522925955127203,0,2
0.5711321143613226,0.2267813423263969,0,2
0.5968138084226344,0.2624008098004982,1,2
0.6270435601052692,0.2377808896284731,1,2
0.6087391315024452,0.232708311003392,1,2
0.5920891195593865,0.1851501675940307,1,2
0.6158952962720035,0.2138463337400683,1,2
0.8806252662199504,0.2138463337400683,1,2
0.8635381842588559,0.2024720781209499,1,2
0.847326481350762,0.206831980998821,0,2
0.8927362211858516,0.1693390331022566,0,2
0.87204469665358,0.1245788427502848,0,2
0.848804746467117,0.1605782902794626,0,2
0.8174178796414878,0.1674848382436218,0,2
0.847579006550249,0.2036711666470692,0,2
0.657103761804316,0.2036711666470692,0,2
0.6620997724875867,0.2398273324600642,0,2
0.6268860505100587,0.2258681326977798,1,2
0.6380335142927994,0.2607007722881579,1,2
0.6598458060790023,0.2928094888893794,1,2
0.6866437035658578,0.245647591208648,1,2
0.69048282932736,0.2003572157567082,1,2
0.7185487122222419,0.213499537921929,1,2
0.7492995602871242,0.1999831744077131,1,2
0.7301600882886563,0.1655890982138401,1,2
0.7628851258481409,0.1221286988034016,1,2
0.9034122948489478,0.1221286988034016,1,2
0.8627882962725321,0.1666973102159961,1,2
0.8583023482777412,0.2127335562939149,0,2
0.8935228278163412,0.2127769828653227,0,2
0.8844812004450504,0.2608389726085088,0,2
0.5517840211519958,0.2608389726085088,0,2
0.5578791977746852,0.2771934826125676,0,2
0.5943665936302946,0.2575921412287902,1,2
0.6318482259193644,0.2904830935347391,1,2
0.6486775252629597,0.2828255777803324,1,2
0.6082666383328105,0.2820671198271448,1,2
0.5938182272340512,0.3317833278260944,0,2
0.6141933479867417,0.362172609458701,0,2
0.5692094199783448,0.3368537456467375,0,2
0.5475439694789395,0.288296111354184,0,2
0.5669294504337072,0.2992721936168679,0,2
0.6048492844074256,0.3436911491074036,0,2
0.5582192719574599,0.3899668097552959,0,2
0.5896133526583105,0.419084051673277,0,2
0.5675576063241808,0.4085943520353259,0,2
0.6023352315329148,0.3865198232225619,0,2
0.2136990902359119,0.3865198232225619,0,2
0.1966626125512557,0.3956307811604067,0,2
0.2461116574989126,0.3798769269640653,1,2
0.2610739193374633,0.4104863819506967,1,2
0.282088763427798,0.3998485765328622,1,2
0.3054966791839714,0.374278207838517,1,2
0.3299922961821563,0.3580121411457218,1,2
0.5597975205346128,0.3580121411457218,1,2
0.5840670572264017,0.324191813663281,1,2
0.6316046680600802,0.3201460386714589,0,2
0.631677861887064,0.3141191332889639,0,2
0.6173314626637352,0.2644850376908724,0,2
0.6515781308977355,0.3055261621870673,0,2
0.6689747127967279,0.2702181245377154,0,2
0.695606717353249,0.2745631321556995,0,2
0.7320121113750704,0.2970755472533371,0,2
0.7036596463669552,0.2686147739555479,0,2
0.5582776418388459,0.2686147739555479,0,2
0.5219775523313662,0.2974491191854618,0,2
0.5708336277413972,0.3102896243645354,0,2
0.5380803970033146,0.2726466806286804,1,2
0.540054821884809,0.2514561890023594,1,2
0.5010718249034399,0.2402006815967061,1,2
0.5249732833455121,0.2613978088966573,1,2
0.5203239440252988,0.2635657661282722,1,2
0.518175915262261,0.2694793481644339,1,2
0.7705751900347174,0.2694793481644339,1,2
0.7587339498089877,0.2596052640530684,1,2
0.5715284223538245,0.2596052640530684,1,2
0.5545803868725673,0.2318368529755029,1,2
0.5393629079619948,0.1927897926951963,1,2
0.5298487550712664,0.1875653913476307,1,2
0.5521395695477447,0.2130109406707646,1,2
0.8875896158452421,0.2130109406707646,1,2
0.9143587433317872,0.2132364624121336,1,2
0.9015103429614972,0.1753521215181452,0,2
0.8893406622260245,0.1683281421272461,0,2
0.8870629775247089,0.136561282101204,0,2
0.8648305483769911,0.1215335131617652,0,2
0.8613672012873845,0.1599151435814957,0,2
0.8855194465297476,0.1526860896178579,0,2
0.9322645956403576,0.1307794128835497,0,2
0.8913063349924845,0.131706418116054,0,2
0.6699197716401943,0.131706418116054,0,2
0.7033894105526787,0.1446181986691312,0,2
0.7360332347327111,0.1473314516418685,1,2
0.943541133340298,0.1473314516418685,1,2
0.9121910092147084,0.1729965319117869,1,2
0.9494983615827804,0.2042583554969339,0,2
0.9763397734831734,0.2437032573823631,0,2
0.968585829173402,0.2591863826171245,0,2
0.5796833294945137,0.2591863826171245,0,2
0.5587416970559134,0.2797462591067038,0,2
0.5168885971116822,0.2390456211014901,1,2
0.5619230078051158,0.2407311081154994,1,2
0.6060856240429449,0.203907731349082,1,2
0.6475046614285102,0.2168533209275437,1,2
0.6490376829534732,0.1833590380571401,1,2
0.6523896529819343,0.2208028624363802,1,2
0.611298117860748,0.245251055696064,1,2
0.6833752122742204,0.6024672723532094,1,3
0.6484454017206708,0.6207089514223818,1,3
0.458705018060899,0.6207089514223818,1,3
0.4164545786809915,0.6415258471966481,1,3
0.738498727346593,0.6415258471966481,1,3
0.7104922037999161,0.6377894391073722,1,3
0.7528346088956274,0.6830638692602712,1,3
0.7243324968686156,0.7200640497488671,1,3
0.6808911672541265,0.7584751904656144,1,3
0.6373804175168536,0.7793722010348518,1,3
0.6377431710682887,0.7465557645633726,0,3
0.6381477554240812,0.715447451182075,0,3
0.6833751106426467,0.6681501460187859,0,3
0.7278550475789789,0.698656266708789,0,3
0.7012279690610772,0.7277013137159415,1,3
0.6922265780601279,0.7623874479864932,1,3
0.6445257535340643,0.7529334022547769,1,3
0.6187072822918034,0.7243224346409681,1,3
0.6322795526515408,0.7389399172338936,0,3
0.653243273089203,0.6942414054031412,0,3
0.6037108114078993,0.6565158015822871,0,3
0.6502838952870356,0.6499697285583912,0,3
0.6498207972121711,0.661609287736008,1,3
0.6710085508959566,0.6206620573649331,1,3
0.6220306130003601,0.5746587282252736,1,3
0.6534985000005941,0.5284591260763806,1,3
0.6191773747313934,0.5589358476378111,1,3
0.6606480689028735,0.5567479000295027,1,3
0.633645538951733,0.5348273200699564,1,3
0.3849653991671002,0.5348273200699564,1,3
0.4262610915507179,0.5459820376146296,1,3
0.4067878514553558,0.592726228272487,0,3
0.3928317314511992,0.5621606521189461,0,3
0.6716038567865386,0.5621606521189461,0,3
0.6835768317301455,0.5480694217038091,0,3
0.7016974100455936,0.5177517461345527,1,3
0.7170074922358805,0.536281135206756,1,3
0.3772593762350011,0.536281135206756,1,3
0.3493999162139872,0.5709340299456389,1,3
0.3536490626023805,0.5222159562040201,0,3
0.341299569587231,0.5486536807573863,0,3
0.3703955898871699,0.5699898355775785,0,3
0.3313036065764,0.5783320014065251,0,3
0.6814682962648659,0.5783320014065251,0,3
0.7275459230042735,0.5735555338016932,0,3
0.7521237817618197,0.5972512474449828,1,3
0.7408552214840467,0.550010678071582,1,3
0.419418958611011,0.550010678071582,1,3
0.3989634805439337,0.5828596702325164,1,3
0.4025004080154089,0.5965331014025762,0,3
0.6978791089955418,0.5965331014025762,0,3
0.7446304820598819,0.5935569081444956,0,3
0.7337532771744183,0.5639701723383016,1,3
0.3975448890190733,0.5639701723383016,1,3
0.4337739358636388,0.598489635074265,1,3
0.4254996994756161,0.5726025535215893,0,3
0.463886485051267,0.5606414056081518,0,3
0.6350198875981381,0.5606414056081518,0,3
0.6215247421400528,0.5559678885227043,0,3
0.620842844330033,0.528785207386201,1,3
0.6164062378456798,0.5020959863317179,1,3
0.35908201707163,0.5020959863317179,1,3
0.3108678365001694,0.5035947703027704,1,3
0.3021582677468592,0.5013086346811736,0,3
0.2711444819232407,0.5433965263137945,0,3
0.2350701252532445,0.5799883726522114,0,3
0.6822657095237847,0.5799883726522114,0,3
0.7108995216433758,0.6047814038102068,0,3
0.4519608564499682,0.6047814038102068,0,3
0.4837055167966214,0.6539000040336718,0,3
0.487903359008359,0.6893760960454823,0,3
0.5180047509791236,0.6641661334711948,0,3
0.4813591736143125,0.7135255718452124,0,3
0.4660436858320367,0.7283678154126215,0,3
0.4843928610567106,0.6788583790394186,0,3
0.7463221787684984,0.6788583790394186,0,3
0.7053400744529992,0.7190080515601821,0,3
0.7237795580562666,0.6852716780129161,1,3
0.7099987109467047,0.641663296871525,1,3
0.7033125241700238,0.6210087543477752,1,3
0.4327507053528369,0.6210087543477752,1,3
0.4623568758274567,0.6180395989786381,1,3
0.5073677491738107,0.6067345129483043,0,3
0.4976378371289408,0.5706969974352586,0,3
0.5011346812591668,0.5269475129777503,0,3
0.5391928450031259,0.5521991659765579,0,3
0.5073700093416061,0.5522452974444638,0,3
0.5043246267503788,0.5136692909569774,0,3
0.5156736781272893,0.5383873394205432,1,3
0.5515605492785279,0.5418907539053774,1,3
0.596335447051997,0.5130441472688888,1,3
0.6297838682890813,0.4678817871803228,1,3
0.6318599286306329,0.4899858840186893,1,3
0.6793767514164392,0.500917620182828,1,3
0.3451986267011191,0.500917620182828,1,3
0.3002612294095159,0.5328319409856669,1,3
0.2682200598801215,0.528127019563512,0,3
0.6170960461876759,0.528127019563512,0,3
0.6282258158839664,0.526240825956691,0,3
0.6133857317884561,0.5246179675116356,1,3
0.6511902165461664,0.4950322434067923,1,3
0.6062259540987838,0.5137115783851005,1,3
0.3714021508486479,0.5137115783851005,1,3
0.4182312754607797,0.4879873662836917,1,3
0.4377237704526384,0.5251519878197615,0,3
0.4303004792050244,0.4803044341431758,0,3
0.4128785042341333,0.4460778165060784,0,3
0.5763365577701313,0.4460778165060784,0,3
0.5560449895238202,0.4448955052552057,0,3
0.5616514944755318,0.4625482015715981,1,3
0.5677344775268993,0.4318414309265913,1,3
0.2930217465839887,0.4318414309265913,1,3
0.248745825515309,0.464365176091175,1,3
0.5503964446480069,0.464365176091175,1,3
0.5938100211389513,0.508500920928753,1,3
0.5895795881235756,0.4727422548284549,1,3
0.5584678090445748,0.447070766895531,1,3
0.5771428139917272,0.4042386138425882,1,3
0.5895323316629258,0.4367801139953343,1,3
0.5706348082215398,0.433957069202775,1,3
0.2915286040418089,0.433957069202775,1,3
0.2729198889213883,0.410114870791648,1,3
0.2710587672046003,0.409434401595364,0,3
0.2516581039402144,0.4126738773744681,0,3
0.2377889460534321,0.3938756252970907,0,3
0.241445334648801,0.3904640019170758,0,3
0.2659294675474834,0.3779742709193428,0,3
0.2274399577175853,0.4263916535305584,0,3
0.1927218488564693,0.3999662367274331,0,3
0.2280152642029678,0.3906309882869321,0,3
0.5092063731503216,0.3906309882869321,0,3
0.5040693808115634,0.3737863065867876,0,3
0.5199900487720607,0.4139864296501343,1,3
0.5052551809458845,0.4461622924146455,1,3
0.4770483949795256,0.4764986836317595,1,3
0.3291203843464148,0.4764986836317595,1,3
0.2863526835575454,0.4827013434589308,1,3
0.5856106409415773,0.4827013434589308,1,3
0.5639935912166655,0.4747376033288837,1,3
0.3293329553227351,0.4747376033288837,0,3
0.3363169230223,0.5194790146736281,0,3
0.324474559808953,0.4726853546985854,0,3
0.3045221915809569,0.4478009931909078,0,3
0.2841048815998854,0.4507773038336687,0,3
0.2520583884022473,0.4796051728679897,0,3
0.2792501254547265,0.4412306773952408,0,3
0.5462623880156937,0.4412306773952408,0,3
0.5694223610990837,0.4226268874889147,0,3
0.6096212900415309,0.4123307379175375,1,3
0.5655922961972302,0.4130772773819906,1,3
0.5254311389628046,0.409578474839551,1,3
0.4979627920367448,0.3622337266929736,1,3
0.4786488759360234,0.3409449538637472,1,3
0.2157422689640231,0.3409449538637472,1,3
0.2565402065366786,0.3710892436241788,1,3
0.250573771152932,0.4202954337502451,0,3
0.2165363426499411,0.4667191251157136,0,3
0.2619616519707368,0.4243109409090552,0,3
0.5138849757276749,0.4243109409090552,0,3
0.5247694277377335,0.3755131150256538,0,3
0.5064860218196722,0.3964474172820637,1,3
0.5127637623184589,0.3884703112365478,1,3
0.4655356444699791,0.4223903746744897,1,3
0.4608937165860118,0.4234359538278798,1,3
0.4251866241058779,0.4704705887380404,1,3
0.4664825796166951,0.4531690065133255,1,3
0.4894585161141225,0.4074428872579586,1,3
0.4976360101429836,0.387744974703335,1,3
0.474390596230699,0.40397863014411,1,3
0.524349117707633,0.3692512560692533,1,3
0.4769303212200003,0.3203837072434644,1,3
0.5186363723915983,0.287582989076258,1,3
0.535552397942555,0.2956311584084742,1,3
0.1708074601002661,0.2956311584084742,1,3
0.152725549432947,0.3353182884087281,1,3
0.1101334596349688,0.3365945652294354,0,3
0.1542567360442883,0.3621702992212756,0,3
0.1339943449679237,0.3742422292667574,0,3
0.1795134372185603,0.3868588186461759,0,3
0.5076074989415263,0.3868588186461759,0,3
0.5046619622076693,0.3733769416568181,0,3
0.5459494205285714,0.367213890755899,1,3
0.547678273078195,0.4072481277577274,1,3
0.5710887469543828,0.4473670882556897,1,3
0.5525615874998969,0.4878818534165032,1,3
0.5595907207994966,0.4639363328009148,1,3
0.538956609240475,0.465922034561908,1,3
0.5090831645304772,0.4390196950219061,1,3
0.2756264320633667,0.4390196950219061,1,3
0.2668535761469341,0.4274322001342581,1,3
0.5545255446331132,0.4274322001342581,1,3
0.6033101470201477,0.4742051806251877,1,3
0.5591555177083535,0.5025475475862002,1,3
0.334150102519839,0.5025475475862002,1,3
0.3028480278100052,0.5276858131563986,1,3
0.2835088484519051,0.5623113071490622,0,3
0.2876492089681231,0.6107436630040517,0,3
0.2891669516594967,0.6401581792856792,0,3
0.2862108036894057,0.6880021538427465,0,3
0.2572994971657825,0.6632172776537418,0,3
0.2748950906888511,0.678296379744844,0,3
0.755841106491144,0.678296379744844,0,3
0.8012671655673355,0.652454649683048,0,3
0.476942631861538,0.652454649683048,0,3
0.4469507289691062,0.6738422095293893,0,3
0.4950516341376158,0.6977729711448247,0,3
0.5211141802312741,0.7332657334453649,0,3
0.8096608376415744,0.7332657334453649,0,3
0.7822504269685391,0.7708830591081568,0,3
0.8196733468238808,0.787753961996176,1,3
0.835176222655789,0.7501757701746844,1,3
0.7952614341419222,0.7302301868878875,1,3
0.5493795322967374,0.7302301868878875,1,3
0.5932966404292835,0.6811739116513206,1,3
0.7762189929422602,0.6811739116513206,1,3
0.77656342620001,0.7300819848501485,1,3
0.7947673158451816,0.7611864564400002,1,3
0.561217196800478,0.7611864564400002,1,3
0.5952237431449687,0.8005944121098438,1,3
0.5753289031318363,0.8114899986530512,0,3
0.5710350159514757,0.819354489642775,0,3
0.5360914040914556,0.847078159365753,0,3
0.8929954707195026,0.847078159365753,0,3
0.9104150872400946,0.8244576429773721,0,3
0.6162880381388268,0.8244576429773721,0,3
0.5974064782913469,0.8030618105220675,0,3
0.6056227932133706,0.8280308939472776,0,3
0.8735098520458583,0.8280308939472776,0,3
0.8259621745074803,0.8496529818956647,0,3
0.8567381559494495,0.831519764745273,1,3
0.9029573856615792,0.8004991577140523,1,3
0.8893578012438006,0.8302993389734519,1,3
0.9004082553790792,0.8369668170570925,1,3
0.8941512763496761,0.8839733521428377,1,3
0.8671360014722272,0.8815368375763122,1,3
0.8430988717148449,0.922825276450266,1,3
0.6516878308236056,0.922825276450266,1,3
0.6477978220077698,0.9677236643551628,1,3
0.6761578878460641,0.9620844459922836,0,3
0.6416269312673245,0.92834251656233,0,3
0.6727744093319113,0.9111058099414742,0,3
0.6485975294206154,0.8709982822457263,0,3
0.6138314780566488,0.914683554654601,0,3
0.9196577101078458,0.914683554654601,0,3
0.8765156216488963,0.9560848798498393,0,3
0.89987737416863,0.9419185454334476,1,3
0.8544660724382243,0.9534230608435388,1,3
0.8306053922624663,0.9103312567152074,1,3
0.8314890131716625,0.8752795137575087,1,3
0.838417542012711,0.8270288930349575,1,3
0.8738611311246767,0.8514660516157612,1,3
0.8323995198767701,0.8069452601173064,1,3
0.7875416044498834,0.8089482562172962,1,3
0.5811618757216799,0.8089482562172962,1,3
0.5593470001177934,0.8310495602704864,1,3
0.5184148399661442,0.7856637640376767,0,3
0.5041219810197497,0.8083507671200111,0,3
0.5202415702811833,0.8216877210358453,0,3
0.5678281397953315,0.8477564974976691,0,3
0.5689060004504922,0.8116265300172736,0,3
0.5282732270158786,0.8018287664402239,0,3
0.5733861077934149,0.8001177956513288,0,3
0.5967578311348402,0.8273952451675874,0,3
0.8780916607922474,0.8273952451675874,0,3
0.8605762277473086,0.8084753462580591,0,3
0.8217252842367734,0.8430988857192133,1,3
0.8699314625212893,0.8766477713267038,1,3
0.8964517730134579,0.8683443632521578,1,3
0.8994474081647926,0.915883374743815,1,3
0.6882694604499756,0.915883374743815,1,3
0.7070304760186308,0.9134767039289546,1,3
0.6989921413616483,0.8813026014930415,0,3
0.7283419227144602,0.8886013408017672,0,3
0.7190742703849378,0.8706547174452622,0,3
0.7497795885069704,0.8903994566598884,0,3
0.8845906574737905,0.8903994566598884,0,3
0.8802722355272392,0.9203261745705416,0,3
0.850364114286465,0.9666254690479222,1,3
0.8899991425219094,0.9213633278853808,1,3
0.8573963614997483,0.8892300601820563,1,3
0.8671899336825476,0.8677662705718628,1,3
0.8177616239644412,0.8708175237698568,1,3
0.8535502665274713,0.9095293810063714,1,3
0.8582130684828353,0.9010864373458448,1,3
0.6711652392510016,0.9010864373458448,1,3
0.6453904119924252,0.913757070400088,1,3
0.9039355672743736,0.913757070400088,1,3
0.9348886684270712,0.9028479674745316,1,3
0.913552758499904,0.900086493503803,1,3
0.6767930198780192,0.900086493503803,1,3
0.6511409615278847,0.8597682907528175,1,3
0.6692873288132763,0.8772154009590931,0,3
0.9005631697629701,0.8772154009590931,0,3
0.8750557004293454,0.8491218018070122,0,3
0.9127891702280466,0.8184284283705189,1,3
0.6090216697387605,0.8184284283705189,1,3
0.6427861277493998,0.8252391307355119,1,3
0.6611306155797183,0.7763878584070191,0,3
0.6276206765493114,0.7715265147170499,0,3
0.6609892369007506,0.8022221979593205,0,3
0.6456199930200618,0.779231519927047,0,3
0.6277618091612602,0.7630554568707808,0,3
0.6012081605923426,0.7814705364875907,0,3
0.6177742155061045,0.8279350440942436,0,3
0.8372955139112667,0.8279350440942436,0,3
0.8014976896803512,0.7803416506760711,0,3
0.8355405527519583,0.7390941082551373,1,3
0.7957248343546811,0.6926606953440638,1,3
0.8450355538326146,0.7070238204895217,1,3
0.8463155019318062,0.7525069690780087,1,3
0.8797396389604635,0.7505466313462175,1,3
0.5568486329565385,0.7505466313462175,1,3
0.5658719012808888,0.7622103640969701,1,3
0.5579995560521479,0.7845916267993833,0,3
0.5462089376586464,0.770284366661785,0,3
0.586912143394009,0.7851083082776311,0,3
0.6102565557373286,0.8240399720511058,0,3
0.5658112228465333,0.8350189560764664,0,3
0.5431222033873063,0.8588609976598335,0,3
0.5189520117534286,0.8357645096264815,0,3
0.8654363043723948,0.8357645096264815,0,3
0.900957224575866,0.8527586471111969,0,3
0.6285494769304399,0.8527586471111969,0,3
0.6463673225570139,0.8398350862957099,0,3
0.6572725135959749,0.8457566330118027,0,3
0.868618281522299,0.8457566330118027,0,3
0.8371033872872791,0.8491709607671475,0,3
0.8539900336383814,0.8767510737542147,1,3
0.8210966604453991,0.906642503363958,1,3
0.7978780023685768,0.8828174779722179,1,3
0.7662166936466693,0.9207126461190408,1,3
0.7946082443247564,0.9153012219938422,1,3
0.7624393394432966,0.8776529981704334,1,3
0.8089765238821784,0.8566298622296957,1,3
0.7825288432900148,0.8227620673361048,1,3
0.7333682494019889,0.810296581911017,1,3
0.7530849837995502,0.8462304799986639,1,3
0.7551078923108764,0.8589174151850141,1,3
0.719683153772909,0.8601410109829779,1,3
0.733510456513219,0.8854749158160596,0,3
0.7073751167550343,0.888611861323239,0,3
0.7313512348011828,0.8894103667073093,0,3
0.7510449457017955,0.872679511958326,0,3
0.7337491065691812,0.9026187924383586,0,3
0.9070093242294152,0.9026187924383586,0,3
0.8839620523477943,0.899979710700169,0,3
0.9165306069350266,0.9255938870962728,1,3
0.904265477277252,0.9343791603228347,1,3
0.6928704588661908,0.9343791603228347,1,3
0.7346740256584535,0.9838706098813926,1,3
0.7660983295907947,0.9837231262083934,0,3
0.9627313771801188,0.9837231262083934,0,3
0.9200984310638636,0.9419973946924688,0,3
0.9367096549571468,0.977703236612338,1,3
0.9141209444364988,0.9532084704251712,1,3
0.8858789350840393,0.9214364465830904,1,3
0.873879214778708,0.936307530916098,1,3
0.83171612899168,0.896099824818854,1,3
0.6800396314413752,0.896099824818854,1,3
0.7060203822762937,0.9436362160314404,1,3
0.7310864127173651,0.9619599622886918,0,3
0.7367015695898489,0.9240323255993512,0,3
0.7581120107614089,0.884761296042747,0,3
0.7206631297006172,0.914627988571492,0,3
0.748921488922311,0.9558342094335154,0,3
0.7046285939848468,0.9089033958952932,0,3
0.6579748113228429,0.921324066040534,0,3
0.900828130620858,0.921324066040534,0,3
0.8872216307712868,0.946129204487584,0,3
0.8741271091771721,0.946977850603032,1,3
0.9204730836920844,0.9305496532414802,1,3
0.887674513710029,0.931419291889276,1,3
0.9249585354551948,0.8907340730087464,1,3
0.8856109359227664,0.8474815174461272,1,3
0.8782864491160375,0.8314168478835988,1,3
0.8309735889217646,0.7964600250437716,1,3
0.8632450014678955,0.8407398015864888,1,3
0.6194182470207091,0.8407398015864888,1,3
0.6407828638949191,0.7949790458979926,1,3
0.642564151069143,0.74564347458267,0,3
0.6484341612200112,0.7470489708243744,0,3
0.8213521160756678,0.7470489708243744,0,3
0.7943601845584181,0.7128511297744304,0,3
0.7569515539178334,0.7143542491632939,1,3
0.7463252815794374,0.7518820699715772,1,3
0.7718427093142127,0.7423790268412773,1,3
0.8090274611923524,0.7904419836874494,1,3
0.7790226674295883,0.794316748092338,1,3
0.7649138230172483,0.8304569229727715,1,3
0.7957728795398709,0.8375121134923805,1,3
0.7991484459845054,0.8522495402391478,1,3
0.6118215909401682,0.8522495402391478,1,3
0.567733084762991,0.8173987210691638,1,3
0.5739356077096829,0.8616005286530672,0,3
0.572905327363821,0.9093985949445972,0,3
0.927099264310402,0.9093985949445972,0,3
0.8779762853497709,0.8875717744937437,0,3
0.8708194012852275,0.8908036630157025,1,3
0.8465231661605308,0.87055178720408,1,3
0.62800263866821,0.87055178720408,1,3
0.665279090219563,0.8619735871327143,1,3
0.6532330619205633,0.9111919501730498,0,3
0.689840022756019,0.9058319013822336,0,3
0.7251845922699993,0.9028765381012026,0,3
0.7295839570287952,0.8879839049972267,0,3
0.7395314169887969,0.9151022301576708,0,3
0.7679128810056202,0.964209263928066,0,3
0.7781899853118176,0.9591466914560568,0,3
0.9416086993752408,0.9591466914560568,0,3
0.944492542197118,0.9230492396906554,0,3
0.6869604969469185,0.9230492396906554,0,3
0.7005026231018033,0.9418908334377212,0,3
0.9493652918603416,0.9418908334377212,1,3
0.992615676409132,0.9353458426434914,1,3
0.9850562797595652,0.931394913392136,1,3
0.973349929859777,0.9273144645178196,1,3
0.6799390510575809,0.9273144645178196,1,3
0.6897055179707051,0.9069394916401478,1,3
0.6756410590814736,0.8692667822404275,0,3
0.8986456295030889,0.8692667822404275,0,3
0.9270743550615188,0.9074831798025292,0,3
0.9286648835075646,0.9442790936401236,1,3
0.911858028193165,0.9282315377998508,1,3
0.6811132693840435,0.9282315377998508,1,3
0.6667442461392432,0.931208308740198,1,3
0.6652388835351033,0.9748033278214172,0,3
0.6465819168021746,0.93704176176658,0,3
0.6091630967338479,0.9511126752309008,0,3
0.6305662313752014,0.9459444930376844,0,3
0.6245931259522063,0.9193118269366144,0,3
0.6721895740719421,0.8853888897388186,0,3
0.7094435471834402,0.9351102483086406,0,3
0.6967766273891922,0.9541031999598087,0,3
0.939297510557255,0.9541031999598087,0,3
0.9077098756815186,0.9168910291856692,0,3
0.8947045563205647,0.8702129559411005,1,3
0.9265354522879358,0.9146701914240404,1,3
0.9164150915908056,0.9120988540978354,1,3
0.9572992753565484,0.8993734217363449,1,3
0.9161002766690888,0.9331051754937412,1,3
0.9398535480232104,0.9753976346409792,1,3
0.946714719915994,0.9343564965203316,1,3
0.9162017697903508,0.940808152088276,1,3
0.6957873823314563,0.940808152088276,1,3
0.6677092455305583,0.8994202639413561,1,3
0.6207397626998618,0.8720148241974298,0,3
0.8813957496814087,0.8720148241974298,0,3
0.866840542569672,0.8675046130199993,0,3
0.915696927473192,0.8811185041917949,1,3
0.954588541642262,0.8598097700695247,1,3
0.9087793724670375,0.8314211965560655,1,3
0.8641467850705465,0.8434223305595935,1,3
0.609445056221707,0.8434223305595935,1,3
0.5829774085370164,0.8208168120663064,1,3
0.5701754608652346,0.788662694074696,0,3
0.580698258443678,0.808535675027584,0,3
0.582303285881237,0.7747871090910484,0,3
0.5625556757475186,0.8166773524595722,0,3
0.5898938327802796,0.7729093818935642,0,3
0.5724456921339993,0.7871592338233226,0,3
0.544698328773601,0.7825996235275953,0,3
0.8394490244690449,0.7825996235275953,0,3
0.7981660831910603,0.8299392426818484,0,3
0.7507435994197168,0.7871068423724936,1,3
0.7265343593090545,0.801208357812311,1,3
0.6055128968847213,0.801208357812311,1,3
0.569494724385322,0.7894319212110824,1,3
0.5920872865046455,0.8348696055194421,0,3
0.5480178995326503,0.8048330379718635,0,3
0.5488040790265107,0.7932275263925971,0,3
0.5098007818415955,0.7690537264323717,0,3
0.5586502674769724,0.7386102264548348,0,3
0.8008033807092645,0.7386102264548348,0,3
0.756302812559101,0.7513977466959203,0,3
0.7093555752557369,0.7961016616805734,0,3
0.7567147585555376,0.788018892384362,1,3
0.7354899265928285,0.8291646338692082,1,3
0.7062304542090352,0.7948683164989597,0,3
0.7112766810507094,0.7846108947628394,0,3
0.6712154225637312,0.7750503645718242,0,3
0.6493361513832485,0.7611424253251953,0,3
0.6105547154639022,0.7981623355818761,0,3
0.5979836811337252,0.8096767354960976,0,3
0.5689214394592006,0.7992181550710777,0,3
0.8264691256633364,0.7992181550710777,0,3
0.7911191859405243,0.8354157922320654,0,3
0.8245239765254846,0.8476022606070579,1,3
0.8725165630610898,0.8137239910213176,1,3
0.885366754776761,0.8543570644448557,1,3
0.8930313991115617,0.8382813814417974,1,3
0.8598610775416975,0.8806651855452926,1,3
0.8508454635354702,0.8763926808852207,1,3
0.8480416221156857,0.8731032725262224,1,3
0.6470562757872109,0.8731032725262224,1,3
0.6513178987763035,0.8577852420931136,1,3
0.6327241467240452,0.8997323967667339,0,3
0.6130382954782878,0.9326876375191664,0,3
0.6028053939024235,0.945016216954301,0,3
0.5631117738601082,0.9067078089327034,0,3
0.5639108434453447,0.9454255664051826,0,3
0.9569637495272452,0.9454255664051826,0,3
0.9228956950791862,0.9229937899621564,0,3
0.9053008066548256,0.8733370084828803,1,3
0.9343033008136606,0.8312855693084696,1,3
0.8853025137338743,0.8110417389620094,1,3
0.8471875873230443,0.8431377907683784,1,3
0.6383509292760554,0.8431377907683784,1,3
0.6299331513582624,0.8646577459773067,1,3
0.6667177946109324,0.8887132131485543,0,3
0.6410557101681164,0.8839802110222476,0,3
0.5948742631128944,0.9023410285553576,0,3
0.9082168900350542,0.9023410285553576,0,3
0.898777341769821,0.9428256420576592,0,3
0.9305300609234214,0.905116491358443,1,3
0.8912304095777648,0.935370511139358,1,3
0.9209406710389136,0.9625032789189856,1,3
0.9114650703004734,0.9245031772137196,1,3
0.9387981774180754,0.9085049003191428,1,3
0.965491582667837,0.9325587117901292,1,3
0.6961434503582047,0.9325587117901292,1,3
0.7336728982432729,0.9528797310749968,1,3
0.7783447557599359,0.9061516145472231,0,3
0.8071041532239921,0.858476542581198,0,3
0.7715776866136446,0.8461702449991029,0,3
0.7636753144914422,0.7965472870237765,1,3
0.7446040146415231,0.7676128518773374,1,3
0.7220273169773578,0.7904136598301751,1,3
0.5650355811966262,0.7904136598301751,1,3
0.5486050555910208,0.8389390303780153,1,3
0.5228959985568687,0.7937526710926867,0,3
0.5535359614000125,0.7679578887293692,0,3
0.5768099526719217,0.7733982320963081,0,3
0.5733003735345491,0.7670187062595354,0,3
0.6168277037292152,0.7761920141315767,0,3
0.6656248434632037,0.7696254085301111,0,3
0.6892688408270622,0.7833750203144415,0,3
0.683685848558519,0.7481376586395769,0,3
0.71832938725545,0.7296870655792772,0,3
0.6791852757800869,0.7465755710092166,1,3
0.6876739408045611,0.697733658696322,1,3
0.6847729170806014,0.6846833353944555,1,3
0.6535701868853083,0.7234495111323496,1,3
0.6508778104611256,0.7108808720900457,1,3
0.6623930889543614,0.7469659712905069,0,3
0.6738543652435685,0.7740406933571302,0,3
0.7223961017431351,0.8089104315044886,0,3
0.7554716761603788,0.7892392874659564,0,3
0.7135943499102475,0.8112708457040717,0,3
0.7427548552696717,0.8418743185297234,0,3
0.7703259435116097,0.8532202243685505,0,3
0.7265972872194593,0.8241299013535754,0,3
0.7561084146927501,0.8422388775317102,0,3
0.7317432898127981,0.7978249055727266,1,3
0.6898021137529582,0.8380495618388935,1,3
0.6963956399359404,0.7922791558087029,0,3
0.7362035490526725,0.8291418985530894,0,3
0.6883094021760671,0.878540218708958,0,3
0.6828381005896017,0.911651381254602,0,3
0.6862890310335652,0.882681139512617,0,3
0.6369185818459738,0.8706145833841932,0,3
0.6108625383872128,0.8365665339508197,0,3
0.6001858062263883,0.8826556643469204,0,3
0.5826031639681177,0.8663741445531461,0,3
0.8724575722830739,0.8663741445531461,0,3
0.847479248342977,0.9132857554674588,0,3
0.8759647024260825,0.864652505154436,1,3
0.8573036114060465,0.8781459802270318,1,3
0.8221498569335758,0.8975955669671463,1,3
0.6786739101899186,0.8975955669671463,1,3
0.718998494074604,0.8592823240172532,1,3
0.7620171114417242,0.8413708455733631,1,3
0.7817963037711352,0.8052261274779591,1,3
0.8153630414940667,0.7672392428792979,1,3
0.7967293831949073,0.7492097622311918,1,3
0.791067634338862,0.7435738707654037,1,3
0.7826425850861655,0.7865612850075085,1,3
0.7670783115817943,0.7736486197834678,1,3
0.7874853943120806,0.7660209674810763,1,3
0.5738237138561388,0.7660209674810763,1,3
0.5831747995750449,0.7756832998559058,1,3
0.6145582533757014,0.7894655668383278,0,3
0.5891109458636422,0.7766186629088625,0,3
0.8129258239636741,0.7766186629088625,0,3
0.7676739987113981,0.7448563320780102,0,3
0.7834622009188612,0.7407678437406515,1,3
0.7767354977306585,0.7222655090946165,1,3
0.7570283210644018,0.6971417577892474,1,3
0.7263634623432123,0.6978348427769417,1,3
0.7636651046368071,0.6905205925157332,1,3
0.4978669290706178,0.6905205925157332,1,3
0.4889434744075323,0.7215835936573654,1,3
0.5382291258146459,0.7103564366032142,0,3
0.7541589245712979,0.7103564366032142,0,3
0.7746226440477761,0.6721370931298633,0,3
0.7972370073471755,0.6490667807022842,1,3
0.7907254055405719,0.6505182375182206,1,3
0.5053255875399278,0.6505182375182206,1,3
0.4937320658243266,0.604762872417235,1,3
0.4437733046872605,0.6473273975234272,0,3
0.4832245673648099,0.6956313436620345,0,3
0.4873793208954185,0.7186670993166759,0,3
0.4837138487139632,0.7635882304503561,0,3
0.4457085860887516,0.7626566271082624,0,3
0.4068472001349487,0.7128310721573211,0,3
0.3586072618019271,0.6984284805816608,0,3
0.7693171627370633,0.6984284805816608,0,3
0.7201758391863815,0.7386648368273823,0,3
0.7485477576531763,0.7843134610262692,1,3
0.769162513024717,0.8266011767743491,1,3
0.7481811732109468,0.8490526085840294,1,3
0.7946457562536109,0.8640096025708088,1,3
0.7870312988342386,0.8533258866812327,1,3
0.7371846203140769,0.8698392660290107,1,3
0.7825246546956333,0.904075520652458,0,3
0.8056133833595377,0.922962039025969,1,3
0.8363119776963169,0.8854900638405423,1,3
0.8085731973242708,0.8695617354766638,1,3
0.765975262672768,0.8571017273667156,1,3
0.729221351720859,0.8434453058606532,1,3
0.6832299138026092,0.8352767320349687,1,3
0.6375720788593069,0.8038988420423264,0,3
0.5999797241538248,0.8248717593181979,0,3
0.6257433335447544,0.856397077304432,0,3
0.6747056844688404,0.855343772049727,0,3
0.6615135765464379,0.8228820004443769,0,3
0.6893138865124039,0.854524266594798,0,3
0.7255241984667206,0.8284500695614283,0,3
0.7244008944156631,0.8169945833431792,0,3
0.8540315226240432,0.8169945833431792,0,3
0.896816735432866,0.7772380004111239,0,3
0.8942248751642095,0.7748918484328751,1,3
0.866683045667622,0.7254453444722083,1,3
0.8463520690930196,0.7172788757939513,1,3
0.8457559689350408,0.6831204040051301,1,3
0.5095327905254226,0.6831204040051301,1,3
0.4641054353832706,0.7288027423043192,1,3
0.4309172783319388,0.7048953340227918,0,3
0.3879015144249129,0.6876465135788614,0,3
0.422135932014283,0.6487744171030557,0,3
0.4014889649922678,0.615186289868991,0,3
0.3764620748852268,0.6236489184806718,0,3
0.4234112711499637,0.6085318151095989,0,3
0.4145013707954535,0.5685293432070638,0,3
0.6652954815193876,0.5685293432070638,0,3
0.6285562601794232,0.6057870732096546,0,3
0.6564390816397931,0.5619125641937903,1,3
0.6770458550877037,0.5860244063587042,1,3
0.6343455921763125,0.5979012310217606,1,3
0.6253782504575118,0.6159032771174247,1,3
0.6730028392989311,0.5944476792766455,1,3
0.639655607370056,0.6139092880087703,1,3
0.4313178917121334,0.6139092880087703,1,3
0.3840231454874228,0.6269900949566404,1,3
0.7218634898795635,0.6269900949566404,1,3
0.7553116794998995,0.6397786670191828,1,3
0.7238511245037912,0.6201107038763448,1,3
0.7623318096471591,0.6449333358776211,1,3
0.7973898782383279,0.6045463077974687,1,3
0.7735446903974582,0.5590436106589509,1,3
0.7287176161929907,0.5937877858513148,1,3
0.7769124072735129,0.5979236261159484,1,3
0.4469223128985287,0.5979236261159484,1,3
0.4463835272905066,0.6465687606058855,1,3
0.4059591843421611,0.6020051779667398,0,3
0.3560355970949596,0.6485149189540695,0,3
0.363377425633211,0.6503928892991269,0,3
0.3926113000552723,0.6868258613617444,0,3
0.4065378189696878,0.7030158736792557,0,3
0.7664380582904362,0.7030158736792557,0,3
0.7575162002571112,0.6829371448191927,0,3
0.7100453322264562,0.7053474795828614,1,3
0.7343954466154087,0.6646387900330828,1,3
0.7831360757743268,0.7117764198171421,1,3
0.7707258791918232,0.6680603031470739,1,3
0.78586930867934,0.6655885378445089,1,3
0.8002680852988279,0.6969110942500182,1,3
0.8425290429215936,0.7183273898150997,1,3
0.8326127318025468,0.7021910730286429,1,3
0.5101996802090331,0.7021910730286429,1,3
0.4739117639887698,0.654923339387732,1,3
0.4412782675035141,0.6881383690899596,0,3
0.4563034852800328,0.6602370683875003,0,3
0.4780979987259631,0.6182148862936687,0,3
0.4541648615309629,0.6635046618857559,0,3
0.4550457135655328,0.661540280729052,0,3
0.7413819078202094,0.661540280729052,0,3
0.7458032460759757,0.6497859728065644,0,3
0.7917640330705493,0.626125585184614,1,3
0.4718322247772378,0.626125585184614,1,3
0.4841963032367329,0.6301076606925152,1,3
0.435348940818949,0.6348479681315671,0,3
0.40662866529379,0.655679034819117,0,3
0.3571980242620174,0.6211214230125095,0,3
0.3683902977415047,0.6156843813232644,0,3
0.6974429316217259,0.6156843813232644,0,3
0.6691645036286957,0.6375318816901436,0,3
0.6670092221948184,0.6873686976828985,1,3
0.6870549704765261,0.6714212222215965,1,3
0.6835646969375057,0.6634310793341255,1,3
0.6919607385873303,0.7031212903543979,1,3
0.5247700909113152,0.7031212903543979,1,3
0.5708995003821931,0.6914056714245103,1,3
0.5257812011659729,0.7067987534921432,0,3
0.5183057506542753,0.7298423459485686,0,3
0.5580756104995194,0.6999129879576675,0,3
0.6045619786638639,0.7156029246229161,0,3
0.7831467779269438,0.7156029246229161,0,3
0.8233273521512885,0.6938691578376542,0,3
0.853551951394378,0.6814375766966045,1,3
0.83286245538553,0.6783652846937034,1,3
0.50491073072869,0.6783652846937034,1,3
0.5432747262410149,0.6476246757475774,1,3
0.5665666430062056,0.6807875244057768,0,3
0.5228160414953439,0.712888433602387,0,3
0.7618751725132071,0.712888433602387,0,3
0.7335005618110589,0.6883244204888631,0,3
0.7452863609699945,0.6405088829974984,1,3
0.7839189784031597,0.6221584183054344,1,3
0.7539184564637381,0.6210721473900742,1,3
0.4576112276693014,0.6210721473900742,1,3
0.4753958480224607,0.6164451259765067,1,3
0.4770007886741761,0.5983984635371923,0,3
0.6727526437308127,0.5983984635371923,0,3
0.6919534716839998,0.6195912561267368,0,3
0.4333856957525215,0.6195912561267368,0,3
0.4449211222240702,0.6494124041780559,0,3
0.4525452374166644,0.63288735158496,0,3
0.4497207363022706,0.5916328339806654,0,3
0.6858906659882397,0.5916328339806654,0,3
0.645520220257742,0.5662243217457016,0,3
0.6214372495750734,0.5342134709461877,1,3
0.3651160936693551,0.5342134709461877,1,3
0.402115047777454,0.5489540641497883,1,3
0.6417246687237044,0.5489540641497883,1,3
0.6412579817076127,0.588408488496411,1,3
0.6820187012673382,0.6064469336926641,1,3
0.6912105791921338,0.5970798103011663,1,3
0.6783405696671111,0.632542374234521,1,3
0.4625908491941023,0.632542374234521,1,3
0.46017310072523,0.6740797298018278,1,3
0.7455936188517046,0.6740797298018278,1,3
0.7191286046084906,0.6964564613230784,1,3
0.7535400787738076,0.7076748941819672,1,3
0.7085165092806688,0.6899981310014541,1,3
0.7534536591548684,0.6433096435265124,1,3
0.780375851017597,0.684896368719837,1,3
0.5103096489498539,0.684896368719837,1,3
0.4852439028067071,0.679804721349014,1,3
0.4958948903281526,0.6614421350549139,0,3
0.516059064132456,0.695173179775509,0,3
0.5018795099841171,0.6509940825654809,0,3
0.4888866762401224,0.6033974164032222,0,3
0.4965557508432939,0.5830830047944253,0,3
0.52217498881568,0.589661377666217,0,3
0.561247092820476,0.6385848766873737,0,3
0.5196924129841164,0.6139515931637662,0,3
0.7048700821827122,0.6139515931637662,0,3
0.6736551493691559,0.6547713503261633,0,3
0.7063688288245235,0.6781195126917218,1,3
0.7463703363090919,0.6881314349212195,1,3
0.6992878225145581,0.6558973514855294,1,3
0.6512580785683519,0.6832666481429784,1,3
0.7008096140097129,0.6634682969923946,1,3
0.4701998230016998,0.6634682969923946,1,3
0.491553218132675,0.6920497328795367,1,3
0.4977071656945523,0.7038234670755115,0,3
0.5167676199108839,0.7282445767968966,0,3
0.4778283361529676,0.7413099897955553,0,3
0.5074586780857893,0.7119562966632484,0,3
0.5500877694601475,0.6756324015531607,0,3
0.5549729200178328,0.6655726069696069,0,3
0.5442406482135419,0.6390932644785738,0,3
0.707791408798259,0.6390932644785738,0,3
0.7318938301091766,0.6305812955704474,0,3
0.7502710801238415,0.5914672438668527,1,3
0.7400821590546945,0.6178853820718492,1,3
0.713618615339486,0.6455262086527502,1,3
0.7433338634135069,0.6116125378700463,1,3
0.7586981767227858,0.5788939212552322,1,3
0.7492418726617026,0.6150647024039558,1,3
0.4749928561952665,0.6150647024039558,1,3
0.5014440570962734,0.6452170109976256,1,3
0.5139601926066726,0.6838016481075126,0,3
0.5171104782186041,0.6661650878550769,0,3
0.5541263852381408,0.664975806529577,0,3
0.5587711200385433,0.6269630022758713,0,3
0.5603917732149132,0.6621981502020066,0,3
0.5354174512619025,0.6385021935240497,0,3
0.7190665543834989,0.6385021935240497,0,3
0.7468800554519909,0.6050610687189386,0,3
0.7917678039441529,0.5839831658549262,1,3
0.8414171965042939,0.6308250282187086,1,3
0.8336222963323027,0.586347062301798,1,3
0.8089000158309905,0.6190131683887208,1,3
0.8030748423471633,0.5785543742936889,1,3
0.7550750650378769,0.5307489094890232,1,3
0.784725486385451,0.5042088812598335,1,3
0.7616696581586648,0.4768393200552995,1,3
0.3219270013618864,0.4768393200552995,1,3
0.3308549272956397,0.4938426851652767,1,3
0.308152281828613,0.4628245378658405,0,3
0.5701444376142158,0.4628245378658405,0,3
0.6021738525292959,0.4615235735469719,0,3
0.6396790861878661,0.4642030140174747,1,3
0.6039843160234426,0.5034755570075293,1,3
0.6212154385583714,0.5391989391430488,1,3
0.6024745077455723,0.4934968891552418,1,3
0.5842347448420441,0.4888964982908874,1,3
0.6066154978582482,0.4534509125043245,1,3
0.6066192723160873,0.5013099958272177,1,3
0.611249882273104,0.5111530521915594,1,3
0.3595043779117988,0.5111530521915594,1,3
0.3472434759242898,0.5596093294676561,1,3
0.3211002336447018,0.5329010980436342,0,3
0.3654831629768551,0.573696204069143,0,3
0.3877021169923845,0.5618055662405902,0,3
0.3932543487223957,0.5905014406915035,0,3
0.3705978046110784,0.5784871942077316,0,3
0.4131486357417736,0.5588519915779705,0,3
0.6338002839600747,0.5588519915779705,0,3
0.6715629835975598,0.5809932391485607,0,3
0.654408710836633,0.5413917384333484,1,3
0.6819073581981973,0.5475480945768465,1,3
0.6635796140499133,0.5099669485811577,1,3
0.6328378834457041,0.4977831452104675,1,3
0.6515823003735572,0.4641566712791479,1,3
0.6514739922586155,0.4620217874222498,1,3
0.3091012990081497,0.4620217874222498,1,3
0.3278263324053667,0.4556093960585469,1,3
0.3439557880551736,0.4134202015363605,0,3
0.5356264751402467,0.4134202015363605,0,3
0.5747065358067198,0.3925796649939322,0,3
0.5852673203598331,0.4307420988695682,1,3
0.538234036150214,0.4458396548892553,1,3
0.5674179286278198,0.4537701158721158,1,3
0.5405564380716144,0.437027955825312,1,3
0.5622919520901638,0.4172303550068929,1,3
0.527450735568986,0.4623554002633931,1,3
0.5408701930743418,0.5109547914932011,1,3
0.5552736158997139,0.5018221420993274,1,3
0.3576560636620227,0.5018221420993274,1,3
0.3554341933497124,0.4525931359618336,1,3
0.3981552411284553,0.4960946887294342,0,3
0.6198700210600863,0.4960946887294342,0,3
0.5761883651847323,0.5372299142089171,0,3
0.5973265914146864,0.4902361490726509,1,3
0.6470559072673778,0.5206905124133743,1,3
0.6155817844198885,0.4885192356828057,1,3
0.6395129226429961,0.4517818016247649,1,3
0.641503304592356,0.4244745988939457,1,3
0.6607175528758952,0.4507475037697404,1,3
0.3269386846446811,0.4507475037697404,1,3
0.3222348144869958,0.4190692408154314,1,3
0.2989025348716394,0.4244497448783765,0,3
0.5521586126487007,0.4244497448783765,0,3
0.5759824324320503,0.4299322432035654,0,3
0.5381943689632105,0.3944358066242693,1,3
0.5871083270577439,0.3529245830543869,1,3
0.2197938547097464,0.3529245830543869,1,3
0.2065682083824085,0.3239058873516868,1,3
0.1657528252114136,0.2837969870339845,0,3
0.1315497879596811,0.2911862244622578,0,3
0.1479510600672147,0.2449516493103313,0,3
0.1889233047874578,0.2476651028511696,0,3
0.1422876749021038,0.2879835782788572,0,3
0.1493372992052987,0.2838497742538623,0,3
0.3890340246580313,0.2838497742538623,0,3
0.4259578793675404,0.255082009205249,0,3
0.4314960700631147,0.2132758012580636,1,3
0.0661761656114582,0.2132758012580636,1,3
0.0784575190565511,0.2431246881547802,1,3
0.0419379146414929,0.2478713919061948,0,3
0.0499780131184884,0.2471834731319869,0,3
0.3802510679343471,0.2471834731319869,0,3
0.381990716623876,0.2315301419830986,0,3
0.1043587236558162,0.2315301419830986,0,3
0.0955388502642976,0.2214944334472602,0,3
0.069052158251789,0.2398947837665977,0,3
0.0557465958319982,0.2724182453555607,0,3
0.035883999365304,0.3020318099016307,0,3
0.082011042304331,0.2938940127955888,0,3
0.1152048311287756,0.3248549656802295,0,3
0.1209593507883599,0.3198003829370723,0,3
0.1058648111678742,0.3134405845404487,0,3
0.4298194275694973,0.3134405845404487,0,3
0.4430130915902538,0.3317929306438842,0,3
0.3977748173026552,0.3293317567326165,1,3
0.3756076201229986,0.3430810941226125,1,3
0.2216721682767414,0.3430810941226125,1,3
0.2244903172842495,0.3485362522148448,1,3
0.2452334730708611,0.3149288625546529,0,3
0.4442717511051939,0.3149288625546529,0,3
0.4424072393032178,0.3040789943866392,0,3
0.4255224764868587,0.3167821715725841,1,3
0.4711845611658026,0.2791077542116112,1,3
0.4587573182776424,0.287746866293815,1,3
0.1779039955745419,0.287746866293815,1,3
0.2104033894521324,0.3323893481701447,1,3
0.1965582301080272,0.2918521886480812,0,3
0.2214137190975298,0.3415857648146148,0,3
0.2521705511309696,0.3273252431732628,0,3
0.2233189823084732,0.3548136502217661,0,3
0.1908840701519892,0.3886512211055332,0,3
0.1430802058025053,0.4086352770181962,0,3
0.1634936022456117,0.4349083736725029,0,3
0.1573549884776194,0.4556459827754154,0,3
0.5641563202798127,0.4556459827754154,0,3
0.5761633623148222,0.5054695506917384,0,3
0.6187452882945337,0.5469375295641677,1,3
0.5705651978246116,0.5620005204862883,1,3
0.6047123908368711,0.6048354234912222,1,3
0.5894980864432966,0.5574846688143081,1,3
0.6198984890514176,0.5818746015987807,1,3
0.6233983320007169,0.5558432746686712,1,3
0.5888500207294393,0.5679015417219668,1,3
0.5505284492875114,0.5962884931649544,1,3
0.5751876973797908,0.5465249257609485,1,3
0.5491010545856786,0.5755604776228546,1,3
0.5469067872537587,0.575676004092747,1,3
0.5022347281409855,0.6070018276665853,1,3
0.5382156486658358,0.6557646353879379,1,3
0.5235571860886493,0.6943718164058806,0,3
0.5557682659044914,0.7019787062709416,0,3
0.5643886254995844,0.7161668949554935,0,3
0.6099012145765571,0.7259610652172327,0,3
0.6488417158037144,0.737035371682486,0,3
0.669527716878561,0.722706079289165,0,3
0.6734429396503703,0.7090162815123255,0,3
0.7034435809587145,0.7100335194297969,1,3
0.6560225899882781,0.6832821476626568,1,3
0.6854790664197646,0.7047553821221313,1,3
0.6884848839149654,0.689311792641272,1,3
0.6483092951781539,0.6571823613660412,1,3
0.6054809538716207,0.6245600318717558,1,3
0.628707746182209,0.6128579592572383,1,3
0.6204966033600442,0.612116299102502,1,3
0.433032206150632,0.612116299102502,1,3
0.4346030976424929,0.6426605795833434,1,3
0.7218804206536623,0.6426605795833434,1,3
0.7276494672460654,0.599377552496341,1,3
0.6807408247273207,0.5832825932724488,1,3
0.7190915650382632,0.5435177125568619,1,3
0.7496321710396731,0.4970572547849507,1,3
0.7444573440646808,0.4723586038378015,1,3
0.7446279530568004,0.4807271753651299,1,3
0.7388992715962839,0.4447737312722929,1,3
0.3191185380889108,0.4447737312722929,1,3
0.2692455358964524,0.4854571271351658,1,3
0.2359284747381746,0.5317139641239842,0,3
0.6472641100903833,0.5317139641239842,0,3
0.695127418000867,0.5747926899339245,0,3
0.7438144230723681,0.5709433225765836,1,3
0.7183081813016392,0.6107731547187769,1,3
0.7525701380360865,0.6236297857113198,1,3
0.7908439636054433,0.6653958535190992,1,3
0.7510581866810784,0.7131838349917105,1,3
0.7028844744794907,0.7619005003866773,1,3
0.7100614290612413,0.800298087344769,1,3
0.7319970589721772,0.7720213998995702,1,3
0.6887422394808352,0.7372247427692267,1,3
0.6624440651384776,0.7201490792854752,1,3
0.662902391846949,0.6780172264937571,1,3
0.6511074301661164,0.6835182256416328,1,3
0.6927199727336808,0.6656269441169402,1,3
0.7078467980715278,0.7090980930350637,1,3
0.7288530799238969,0.6885047831475782,1,3
0.7156802460483682,0.7010518767994347,1,3
0.672998126185235,0.7039782698727226,1,3
0.5166166247325481,0.7039782698727226,1,3
0.5245710319506127,0.694631144654913,1,3
0.7723085534671612,0.694631144654913,1,3
0.8208592108389738,0.7112268585549658,1,3
0.5150469924634191,0.7112268585549658,0,3
0.5061935719627502,0.671576985536541,0,3
0.4841008514726246,0.65854930143923,0,3
0.4408582579742691,0.6442192377978304,0,3
0.3969079700296328,0.6365821124457376,0,3
0.3840189849675542,0.6316104529514822,0,3
0.4259897385806662,0.6127504018138451,0,3
0.6769325621944078,0.6127504018138451,0,3
0.6716716896545879,0.5869771433737914,0,3
0.7154332069444004,0.596697136733812,1,3
0.7558580619961234,0.6038118680738837,1,3
0.7117892611331279,0.6416419827179961,1,3
0.6948216453973589,0.6259216005291377,1,3
0.7436285670046451,0.6552091373410556,1,3
0.7222302239465904,0.607585992948351,1,3
0.4404560775953663,0.607585992948351,1,3
0.3969793751100353,0.5921602746624988,1,3
0.4434193008137645,0.5474542064198296,0,3
0.6238057799973449,0.5474542064198296,0,3
0.6280199597409325,0.5302387221884094,0,3
0.3897205383529977,0.5302387221884094,0,3
0.344111231168549,0.4897669580176206,0,3
0.3192000411143241,0.4571374033506988,0,3
0.3310084675506838,0.4092212093295285,0,3
0.3653343842541939,0.4447803077807163,0,3
0.3679585815974542,0.4049005996746157,0,3
0.5050559760166694,0.4049005996746157,0,3
0.4676200822250788,0.3932946373871928,0,3
0.4292977604026599,0.3524876134409666,1,3
0.4613269621660999,0.3399963198387729,1,3
0.2104002354619339,0.3399963198387729,1,3
0.2557143892857311,0.3367474751968975,1,3
0.2867782581112289,0.3523955636235575,0,3
0.3287439585702196,0.3706384067965411,0,3
0.3416203585905344,0.364317963987036,0,3
0.3850318059014221,0.4087753292089737,0,3
0.403981375165847,0.4474221752903776,0,3
0.5748780221727621,0.4474221752903776,0,3
0.5304864803179709,0.3982074982885115,0,3
0.5245189900243985,0.3820954648248209,1,3
0.5258419702071936,0.397123861656397,1,3
0.2398310764261416,0.397123861656397,1,3
0.2636300479454594,0.4211612736424283,1,3
0.2523515392018305,0.4329243010213534,0,3
0.2136792004151104,0.4259252976205665,0,3
0.2041083396059678,0.4690503906939605,0,3
0.2204858537016428,0.4489739124845406,0,3
0.5784007358789665,0.4489739124845406,0,3
0.5703556337723832,0.4566135850641681,0,3
0.5838026114694616,0.4664694692832741,1,3
0.5857135071772568,0.4704689437443599,1,3
0.6110022065213012,0.4414418535318962,1,3
0.6302209386572883,0.481464596257144,1,3
0.3594097033003832,0.481464596257144,1,3
0.3176255454622061,0.4709923795934877,1,3
0.5783918089309283,0.4709923795934877,1,3
0.6042855269667269,0.4592292887746843,1,3
0.632468331478657,0.4483029104819965,1,3
0.5852480260507658,0.4806970691278837,1,3
0.5769935005155433,0.449947118325484,1,3
0.555677113539302,0.4159585175284496,1,3
0.5231407934366823,0.3730701158352957,1,3
0.5228822572983525,0.3515532001208135,1,3
0.502135664929372,0.3956759452447921,1,3
0.4792784169590152,0.4059956758895867,1,3
0.2584140140856105,0.4059956758895867,1,3
0.3063547349142261,0.384462900229108,1,3
0.4979617401217076,0.384462900229108,1,3
0.5245307505347669,0.4189860071748647,1,3
0.4773852056989158,0.4083550650133871,1,3
0.4863067316901076,0.4142976265990737,1,3
0.4904585162647065,0.3869190548739782,1,3
0.4773652076275965,0.4364756189778351,1,3
0.5117596762846743,0.4277219680314419,1,3
0.5016783800956199,0.4274826394957418,1,3
0.3100842265321946,0.4274826394957418,1,3
0.3315523623998924,0.417874052174319,1,3
0.2881647934532771,0.4389336607123826,0,3
0.277154930346051,0.4589813301607258,0,3
0.3075364023433233,0.4367060169291677,0,3
0.3194994008527275,0.4837820345923801,0,3
0.2971751205401675,0.4518869028944933,0,3
0.3015546900366623,0.4851676828850382,0,3
0.5970818492795862,0.4851676828850382,0,3
0.6079333405122377,0.5262947269854686,0,3
0.581150709110092,0.5009899053459004,1,3
0.5426901876729764,0.5339661987499635,1,3
0.3859102256566612,0.5339661987499635,1,3
0.3927280503575331,0.5778190228143285,1,3
0.377336397087838,0.5296286762748841,0,3
0.3420033524417218,0.4960411606446953,0,3
0.3009840530691975,0.508677176489945,0,3
0.2593814942171265,0.5271634597811751,0,3
0.291242104008963,0.5649458325105963,0,3
0.2692651608354022,0.583486786766866,0,3
0.2403396361918997,0.6100046718441655,0,3
0.194458298246983,0.6136580830088947,0,3
0.7093780785065621,0.6136580830088947,0,3
0.7240479698209039,0.5874999917567167,0,3
0.7182066460173832,0.629600973963413,1,3
0.7072746344671554,0.650740005840645,1,3
0.6684355644221528,0.6506260891515516,1,3
0.6965437727283339,0.6882763638101945,1,3
0.6592970678078911,0.6803651250044321,1,3
0.6534787221789994,0.6847441111537576,1,3
0.6579995243872592,0.7235144273567579,1,3
0.6441089936945527,0.679444597090399,1,3
0.5965960056798071,0.6602991220926216,1,3
0.5513105288645268,0.6105320442826334,0,3
0.5968822002870858,0.6229932376943581,0,3
0.622588558927259,0.6217844211279295,1,3
0.6585302802342631,0.6072495535284289,1,3
0.6760409165086035,0.5798079139961065,1,3
0.6268769364867236,0.6185490474239166,1,3
0.6204992544452564,0.5848503377647324,1,3
0.6321068387621853,0.5923441093481541,1,3
0.6732847032935108,0.6365336647880915,1,3
0.6252053009073115,0.654485630335993,1,3
0.6735236102336312,0.6151170016870313,1,3
0.4542014145929866,0.6151170016870313,1,3
0.451501543371888,0.5928075893392223,1,3
0.6726602849092342,0.5928075893392223,1,3
0.6254972955238234,0.6216828032888384,1,3
0.5831708390719438,0.6531110346811482,0,3
0.5530482659861855,0.6539968010903683,0,3
0.5529669037813899,0.6316256079277189,0,3
0.5630923086686289,0.6438567948169782,0,3
0.5426680732281588,0.6313992240826708,0,3
0.5913517196682084,0.6110381973910646,0,3
0.6398922979235199,0.6548105221372644,0,3
0.6499622048996366,0.6848956229428621,1,3
0.6251594552770946,0.7156401724263067,1,3
0.6689751956739619,0.7113149750803396,1,3
0.6359051254886722,0.7183059963533027,1,3
0.6201621622941158,0.7239802125802476,0,3
0.5838153554950469,0.6891913478369779,0,3
0.6017811602626891,0.6528090985198423,0,3
0.6315594972915907,0.6171793222591604,0,3
0.6059819702982372,0.5849638732504255,0,3
0.6429855317107817,0.6078326578207832,1,3
0.6490544428600198,0.5901715786930231,1,3
0.6764179541613132,0.5411920575877746,1,3
0.6450731932538633,0.5314186905203624,1,3
0.6786091773734709,0.5503952905498299,1,3
0.6990076349219092,0.570063661251023,1,3
0.6892212396088957,0.6188168182859818,1,3
0.4518823880033706,0.6188168182859818,1,3
0.4908901394675273,0.6006775917846776,1,3
0.5142016428570082,0.6438039487647054,0,3
0.5162988128673269,0.6525275676801529,0,3
0.5442847867479732,0.6874865697015192,0,3
0.5064671931183404,0.695813570331055,0,3
0.7433289785019389,0.695813570331055,0,3
0.7757998872339111,0.6665074313885982,0,3
0.8166384769052525,0.6244497589848026,1,3
0.7837967552535402,0.5763966173381052,1,3
0.8268692909896664,0.5459683421662211,1,3
0.8252122843928241,0.4967022976881555,1,3
0.7911844286455485,0.4821256476014373,1,3
0.7732699260801231,0.4690818261718059,1,3
0.7842513928561426,0.4889907407514651,1,3
0.3230789231622127,0.4889907407514651,1,3
0.2894960534542583,0.4661290574717536,1,3
0.3189907980021544,0.4768069617247992,0,3
0.3394271781383595,0.4891710041805929,0,3
0.3459178149015141,0.4987641397514434,0,3
0.390510140102434,0.5383791413086809,0,3
0.3556384458633174,0.5652797611084337,0,3
0.649447459371043,0.5652797611084337,0,3
0.6162698362797804,0.516809872107592,0,3
0.3458052459611663,0.516809872107592,0,3
0.3361723048789345,0.4704572348205322,0,3
0.3039706009774768,0.454797644179227,0,3
0.2964152360612436,0.4294249921261219,0,3
0.2881664508863224,0.388586480192938,0,3
0.3065362528485979,0.4008201117439605,0,3
0.2916153350850464,0.4449123502154893,0,3
0.2510991923965083,0.4226370823866499,0,3
0.2012100529339103,0.4699990595170491,0,3
0.5850048549644531,0.4699990595170491,0,3
0.6088489543950589,0.5141481034195945,0,3
0.5703560011056757,0.5422849219880037,1,3
0.5814880413064398,0.5408890027134607,1,3
0.5899637869635179,0.5857486593182579,1,3
0.5670299734174699,0.566645128833229,1,3
0.5231729156456789,0.5234467633334277,1,3
0.5623795198036831,0.5060756319373263,1,3
0.3629471952270595,0.5060756319373263,1,3
0.357745238993695,0.5205128578003206,1,3
0.3150877211386558,0.4942622625353975,0,3
0.3234281786185727,0.5277002457398533,0,3
0.3463934083141724,0.4822303823445155,0,3
0.3249265367888946,0.4688531209146093,0,3
0.3304758572484334,0.5018402158856886,0,3
0.2908634786896719,0.4734526960638456,0,3
0.3221230688269765,0.4946151989039711,0,3
0.6064142904873528,0.4946151989039711,0,3
0.6177844726343359,0.4764140544481791,0,3
0.6167810435397313,0.4897854671125765,1,3
0.5814814497591736,0.5264606548497962,1,3
0.6046809872670998,0.5132675815561544,1,3
0.6186478257354738,0.4804748352299308,1,3
0.6238985426824564,0.4419660801752862,1,3
0.2875766614729581,0.4419660801752862,1,3
0.2830063602171713,0.4663194694048009,1,3
0.3277903146677525,0.4533510648457878,0,3
0.3278227129555494,0.5004494617524844,0,3
0.346153730594353,0.4917952378556418,0,3
0.349204882235521,0.4615627105294489,0,3
0.5593779373116445,0.4615627105294489,0,3
0.5906338125216466,0.4137791661012517,0,3
0.2712097669999345,0.4137791661012517,0,3
0.2336954437253144,0.4409198363701914,0,3
0.2178579921500273,0.4861776794519326,0,3
0.2371336911937634,0.5046341956657693,0,3
0.2460234800447263,0.4809443098989266,0,3
0.2235002006641254,0.4450103861944755,0,3
0.2147262698113369,0.4628508303454262,0,3
0.2101990708815804,0.4648312399018329,0,3
0.1700155005317228,0.4156191828888751,0,3
0.5298909575097506,0.4156191828888751,0,3
0.5341755046123773,0.3944597582683118,0,3
0.5191258507965656,0.4346211164673774,1,3
0.2857147481030377,0.4346211164673774,1,3
0.2485608052753984,0.4408885719136842,1,3
0.2160796602707281,0.4461009390052788,0,3
0.231990763503433,0.4126347186709785,0,3
0.5446708808247123,0.4126347186709785,0,3
0.5373943124739676,0.3731902160214733,0,3
0.5681056882855663,0.3462682099659119,1,3
0.5868230620797976,0.317521267238899,1,3
0.5734496770360149,0.3512503507703101,1,3
0.5300638064075758,0.3421411923451838,1,3
0.5321133969425506,0.3203525146971508,1,3
0.5522955033542688,0.3391646523727114,1,3
0.5844078442280248,0.3089407976979229,1,3
0.6129518457853333,0.3180786452814736,1,3
0.1863633838413426,0.3180786452814736,1,3
0.1402952458826641,0.3493227296186919,1,3
0.1028684211600035,0.3121039404004669,0,3
0.1258562532399759,0.2892521641332639,0,3
0.1683182481006513,0.3292665035482525,0,3
0.1192158394094314,0.3335200026036077,0,3
0.4696407826192902,0.3335200026036077,0,3
0.4586625905528436,0.3094290978532015,0,3
0.4371015259553295,0.2691262530520377,1,3
0.4225781375689315,0.2661573203104655,1,3
0.4126907310338755,0.2932244061787949,1,3
0.1628814349141181,0.2932244061787949,1,3
0.1213469811035398,0.2519011341543401,1,3
0.1455823638609153,0.2091491207578068,0,3
0.1559178627302382,0.1606353222526483,0,3
0.1614691777287634,0.1480617464136184,0,3
0.1814480695508895,0.1281554133258309,0,3
0.2011252714722132,0.1733681879670397,1,3
0.2488489321802622,0.1528439044569206,1,3
0.2860570275606323,0.1704544654699183,1,3
0.2862671256247435,0.1611259296148356,1,3
0.0538024881251631,0.1611259296148356,1,3
0.0565979691841548,0.2006655861600731,1,3
0.3242400082664201,0.2006655861600731,1,3
0.2917547013331875,0.2275089993858691,1,3
0.2549689506247461,0.2633572163653436,0,3
0.2449585206905193,0.2209887698162409,1,3
0.209274338937624,0.2452400866954531,1,3
0.2084011427040192,0.2582147208553001,0,3
0.2430768181887825,0.2699308629005722,0,3
0.2605437385148911,0.2780921997043797,0,3
0.2801439343098844,0.2659885407921623,0,3
0.3186893795352779,0.2320321395163024,0,3
0.3568248871703309,0.243137767201561,1,3
0.3616761900624816,0.2892986301604497,1,3
0.3395388619427111,0.3333637838486971,1,3
0.3779100020579347,0.3828964437136684,1,3
0.3703397917150755,0.359365625229711,1,3
0.2268126993147208,0.359365625229711,1,3
0.2569000602814601,0.32887151656817,1,3
0.4296336170406958,0.32887151656817,1,3
0.4344666088684466,0.291535296193617,1,3
0.4539508868007518,0.312322879192537,1,3
0.4119040241810322,0.293856175669207,1,3
0.3843434472152424,0.3378665743186099,1,3
0.380965089218949,0.3221473903090163,1,3
0.4212272605007471,0.3398822223349781,1,3
0.423901229414926,0.2928859048374556,1,3
0.3992510327894656,0.3171109784852901,1,3
0.2005543650248821,0.3171109784852901,1,3
0.1733738825625997,0.340858427074705,1,3
0.4605981722513715,0.340858427074705,1,3
0.4424446792820001,0.3412790031568611,1,3
0.4428569332121833,0.3783627299189424,1,3
0.4468477597317396,0.3689428145079467,1,3
0.4811947983806323,0.41315160902353,1,3
0.4455666678342371,0.4113999429600726,1,3
0.2860874360261196,0.4113999429600726,1,3
0.2597438605110795,0.3783442551816226,1,3
0.2162162098161223,0.4156177491924611,0,3
0.2099108988155465,0.4182691708543138,0,3
0.5468976555549612,0.4182691708543138,0,3
0.594176734807093,0.3951598292377956,0,3
0.597917519170626,0.4288965114368868,1,3
0.5940240946190855,0.4608778057938938,1,3
0.5843272045243119,0.4822486636530144,1,3
0.6043593731057053,0.4766456272227538,1,3
0.3460117482707429,0.4766456272227538,1,3
0.3361618304652899,0.4531405014406918,1,3
0.3326483882933927,0.4884471865844191,0,3
0.3100736482112424,0.4462484083412045,0,3
0.3386236028145136,0.4137989544488714,0,3
0.5068454643135669,0.4137989544488714,0,3
0.5555146697677685,0.402489721817681,0,3
0.5198928997540868,0.450836517407586,1,3
0.4862338665868961,0.4107096783305586,1,3
0.252530063127463,0.4107096783305586,1,3
0.2129129831686486,0.4009626593424657,1,3
0.2198076136335399,0.3914375021990574,0,3
0.2542700315938634,0.3610940641703938,0,3
0.3027521394282256,0.4003028503069543,0,3
0.5162553769589617,0.4003028503069543,0,3
0.4763333376447191,0.3597441842704251,0,3
0.4609668160952646,0.3868291016080929,1,3
0.2757395371485442,0.3868291016080929,1,3
0.2716254667477689,0.4018434855114483,1,3
0.2661248262152055,0.4477209895384369,0,3
0.2298173190702599,0.4715902499789483,0,3
0.2587729757597519,0.5007327527755839,0,3
0.2873463434294128,0.49430640387186,0,3
0.5809166173857748,0.49430640387186,0,3
0.5881717207838238,0.4624400703281701,0,3
0.6190703961514394,0.4308679693988028,1,3
0.6380363826477866,0.4354703279737216,1,3
0.6006570301313795,0.4330011002305968,1,3
0.5893219434272657,0.3940645872911281,1,3
0.2351542476945688,0.3940645872911281,1,3
0.2716980203636041,0.3968534780288243,1,3
0.2588632143879162,0.4013936451662199,0,3
0.2660822255318872,0.3902154461537336,0,3
0.2775746052365376,0.3896236086238379,0,3
0.3122939549088628,0.4324592401191292,0,3
0.3294744286593449,0.4079930577287374,0,3
0.5391291056797318,0.4079930577287374,0,3
0.5114739527757511,0.4538914564128941,0,3
0.4826203251217306,0.500310883305951,1,3
0.4633973098856317,0.4550310601030679,1,3
0.4339994765831023,0.5004868857991659,1,3
0.4259671642982209,0.5391284226073434,1,3
0.4722926728614183,0.510905279464069,0,3
0.4646696676286526,0.4864834147531843,0,3
0.4426718523866031,0.5021515076149077,0,3
0.4705830406210136,0.4782163002149607,0,3
0.4998591498891203,0.4538160856875425,0,3
0.5495376097069615,0.5003061639463648,1,3
0.5103164264053599,0.512329553867618,1,3
0.4641094060308054,0.547719397926329,1,3
0.4282116883086009,0.5133297371584693,1,3
0.4439293606866453,0.5244312836040476,0,3
0.4864186636433102,0.5122583935712917,0,3
0.4543251326583878,0.5531507520517915,0,3
0.4947966739055832,0.5784268022661678,0,3
0.454661218141688,0.5674375170958044,0,3
0.6715964814418864,0.5674375170958044,0,3
0.7109598051974847,0.5992873310418703,0,3
0.6893621223528844,0.5935739042458119,1,3
0.6738965908875503,0.5456852953193403,1,3
0.6589264767461992,0.549064032692541,1,3
0.6365367010585005,0.556374056641209,1,3
0.6835965221662514,0.5617708409850635,1,3
0.6728165226792648,0.6003665860441106,1,3
0.7122005102840819,0.6197207452288975,1,3
0.7352011320575668,0.6179728946276366,1,3
0.4629443801037772,0.6179728946276366,1,3
0.4233910958045431,0.6657977550303892,1,3
0.739665213135132,0.6657977550303892,1,3
0.6970513456684323,0.6346208067064094,1,3
0.6481047445257673,0.6714243384420492,1,3
0.675109061853734,0.6354427568917143,1,3
0.6564208817274597,0.6192979478533035,1,3
0.6899634767141298,0.6549919226746876,1,3
0.6695128881671703,0.6561398567845663,1,3
0.673735911867348,0.6235917233521637,1,3
0.6643621534571688,0.618347449976124,1,3
0.4340069026926987,0.618347449976124,1,3
0.4668111321114757,0.5865531240337172,1,3
0.5008596052711568,0.6198107672142338,0,3
0.4843506005402513,0.5825860995430031,0,3
0.4679792154280948,0.5597458742015871,0,3
0.4737661106899153,0.6011459737495082,0,3
0.5170585764919322,0.6270753155913984,0,3
0.5601771998967991,0.6618402792198663,0,3
0.7324071209791349,0.6618402792198663,0,3
0.7161829462498177,0.6950158352853183,0,3
0.6733701338832883,0.6590315579833793,1,3
0.690290479921844,0.6998908399591504,1,3
0.49843675150335,0.6998908399591504,1,3
0.4737728513150578,0.7102910231694871,1,3
0.446871493225034,0.7067865895821988,0,3
0.4703844402492205,0.7503589631920956,0,3
0.4538776319992732,0.7495341900923173,0,3
0.449775528083306,0.7452927988665118,0,3
0.4397689917133009,0.7065274862529457,0,3
0.4686553852289504,0.6800665980750138,0,3
0.4406984736401745,0.6752011225096599,0,3
0.4490892737090706,0.6644502759062011,0,3
0.7559542628571451,0.6644502759062011,0,3
0.7871062389576415,0.6750486111957112,0,3
0.7525841130435607,0.7211632453476065,1,3
0.7309840312155717,0.686681411444423,1,3
0.7281668894956383,0.717419439956501,1,3
0.5212955691072034,0.717419439956501,1,3
0.5704275490650464,0.712758168375222,1,3
0.5576140591460722,0.6953808509399623,0,3
0.5624125696872085,0.7018739300721467,0,3
0.5625677918838636,0.7057115742461098,0,3
0.7805257102252209,0.7057115742461098,0,3
0.7772839062492086,0.7429036767559748,0,3
0.7810929796696083,0.7755754399023959,1,3
0.8270137056515946,0.7394184298187121,1,3
0.7961671732816571,0.7203688086266842,1,3
0.8362647945607196,0.7325431503696344,1,3
0.8350455165952607,0.7731329465944304,1,3
0.8361089481380979,0.7784059530962425,1,3
0.8169244241572665,0.7385975534961073,1,3
0.5564760551453513,0.7385975534961073,1,3
0.5155863014642573,0.7579909837513141,1,3
0.514346582497358,0.8021896128241849,0,3
0.511505012571346,0.7648196864844313,0,3
0.5001331341460931,0.7813213902036592,0,3
0.4999883070259172,0.7653157212392981,0,3
0.4741087592624591,0.7198859027295809,0,3
0.4769472239963724,0.742294286960529,0,3
0.4428600954352886,0.759582538036113,0,3
0.7953723001012858,0.759582538036113,0,3
0.8098415708499728,0.7118548982185268,0,3
0.7623256870672607,0.7230440889974259,1,3
0.7481520165518756,0.7571476144195547,1,3
0.7455109914052607,0.761891275471468,1,3
0.7221945995976117,0.7740833420576075,1,3
0.7286899022599472,0.755536593189491,1,3
0.7712279009407099,0.7234508608171809,1,3
0.5459312900945406,0.7234508608171809,1,3
0.5515076977577872,0.6996733399085923,1,3
0.5609074744660335,0.6519168208952026,0,3
0.5204007050674463,0.6122856044694814,0,3
0.5662055332584981,0.6061916543966785,0,3
0.5883722206767734,0.5944744114163276,0,3
0.5588991097987936,0.6113952546842869,0,3
0.5842093928183887,0.6281902339916278,0,3
0.5527461721282939,0.6445803266407614,0,3
0.5328157389743107,0.6158185737029196,0,3
0.5339585891875956,0.62331654613068,0,3
0.4962242441442156,0.6350124501139817,0,3
0.5361802227071485,0.5957599443634973,0,3
0.5323299710361089,0.6291429740165978,0,3
0.5270070323197413,0.5797805845283782,0,3
0.6598657824342737,0.5797805845283782,0,3
0.627347971230506,0.5947479193164317,0,3
0.6541143608305953,0.6080187842012417,1,3
0.4663572500528918,0.6080187842012417,1,3
0.5036238536939339,0.6360029942155735,1,3
0.5297797687465307,0.6018927132040861,0,3
0.5704060325495043,0.6313058128738189,0,3
0.582962659576594,0.6241985660362661,0,3
0.597862064938096,0.6387699603974439,0,3
0.6283348016580436,0.6457970505653494,0,3
0.6196607205450929,0.6814344321626776,0,3
0.6089811705163161,0.6721054213940364,0,3
0.5907014455041866,0.7185300380854137,0,3
0.5974560784714373,0.7450005170729798,0,3
0.5642675256577524,0.773264398892218,0,3
0.5301758914590793,0.7353599524842122,0,3
0.5479919734322394,0.7622617033975538,0,3
0.5203696787492392,0.734642666674503,0,3
0.4992009887731232,0.773356691275542,0,3
0.4817395910027569,0.769399958898028,0,3
0.8249485393899404,0.769399958898028,0,3
0.8307260433691207,0.7478619825910736,0,3
0.8193711093086262,0.7025922106242009,1,3
0.8405863967834113,0.7335238067333015,1,3
0.7974320541650073,0.7477964896807766,1,3
0.7668696072545171,0.763882475123187,1,3
0.5712655990625563,0.763882475123187,1,3
0.5548120590278833,0.7683669020689583,1,3
0.5583827636294607,0.8066375087981269,0,3
0.5121472723926215,0.8087250781028434,0,3
0.5230705341771242,0.7793118685399162,0,3
0.8397740036470221,0.7793118685399162,0,3
0.8075987536513749,0.7734681278406412,0,3
0.8074626578712842,0.7843049900214453,1,3
0.783043138618916,0.7978163766902069,1,3
0.7617948524702911,0.8420273332317456,1,3
0.7313917192816611,0.8241239017239412,1,3
0.7148031383631062,0.8407471153168227,1,3
0.7538276397486285,0.8418308110825222,1,3
0.7853029979356422,0.8883454719018609,1,3
0.8182838118015248,0.8807053113016193,1,3
0.7803900664553841,0.8907995253716199,1,3
0.7683111675808748,0.8916429766762531,1,3
0.7512677857684358,0.9386572269227116,1,3
0.7275684426721006,0.9197650395623096,0,3
0.7009128798338575,0.8730106734080253,0,3
0.7310880127683349,0.8748536005684456,0,3
0.7061448100163467,0.8804491218744331,0,3
0.8758551830704937,0.8804491218744331,0,3
0.8490603676511413,0.8422982984893521,0,3
0.8959413585080748,0.8876482051908321,1,3
0.6522582330403913,0.8876482051908321,1,3
0.6992158127589606,0.8850366341657275,1,3
0.6586888754605679,0.868823954710653,0,3
0.6169753565194777,0.8833857392240896,0,3
0.5880850211113597,0.9285622960240107,0,3
0.5419081381522176,0.95047772578134,0,3
0.9472668003145824,0.95047772578134,0,3
0.9157139512244236,0.9056991468601664,0,3
0.8845791964193853,0.902964207846106,1,3
0.6732915077190933,0.902964207846106,1,3
0.6657041068777162,0.9332587285984172,1,3
0.6413695098159,0.9382369538325078,0,3
0.9080270505194872,0.9382369538325078,0,3
0.902852458596286,0.9654988890658248,0,3
0.908546360262023,0.939052933758416,1,3
0.944323525659533,0.9104552419726866,1,3
0.960806358279751,0.937545987946366,1,3
0.9186442598625656,0.9405482369643756,1,3
0.9162693064341494,0.9545726223959324,1,3
0.6689775044612514,0.9545726223959324,1,3
0.6486415036654113,0.9248254089097916,1,3
0.6472783267551454,0.9575418580505,0,3
0.930414633764962,0.9575418580505,0,3
0.9730974142072454,0.9131729653137896,0,3
0.967702510783842,0.9277587662569114,1,3
0.9575105863817118,0.9183873565490408,1,3
0.6469766184911734,0.9183873565490408,1,3
0.6132017499313214,0.8694780188216146,1,3
0.578578255138197,0.9011204841606828,0,3
0.6063091700513827,0.9475655074142988,0,3
0.6177724534725704,0.953558530338837,0,3
0.5758811698642654,0.9530141703426398,0,3
0.5437302055338139,0.922670716976858,0,3
0.5162189540553225,0.944709702819292,0,3
0.5423715901811591,0.9877828590208289,0,3
0.9356206371396416,0.9877828590208289,0,3
0.888238782490571,0.9715249117852331,0,3
0.8763462767432758,0.9384959965023772,1,3
0.8421076363633918,0.9759446884085294,1,3
0.8292107008994642,0.9421744999587608,1,3
0.8191544378823064,0.9276960841314676,1,3
0.8266259226034337,0.8915136210404416,1,3
0.866262494603749,0.9258261495307912,1,3
0.8253998067950415,0.9005508804429752,1,3
0.7775677599068972,0.8630335283225342,1,3
0.6267822565327675,0.8630335283225342,1,3
0.5946564683022366,0.8352411180145892,1,3
0.5777180224603192,0.79795128669049,0,3
0.6069458148053204,0.7858500392728055,0,3
0.627060422632372,0.8265532873240372,0,3
0.8792292673709675,0.8265532873240372,0,3
0.8977518393720393,0.8631091188811332,0,3
0.902641506279881,0.8345879452042397,1,3
0.9436326655136146,0.8017576987156297,1,3
0.9709341936020688,0.8067001783924569,1,3
0.961769972353949,0.8228564677597899,1,3
0.943603935951627,0.818702818354131,1,3
0.5899436929630194,0.818702818354131,1,3
0.6133660638180244,0.7855959169290812,1,3
0.5937933326764969,0.8307288397453416,0,3
0.6233056178987069,0.8710534158445478,0,3
0.8854637657220059,0.8710534158445478,0,3
0.8583531003033353,0.8463709997112207,0,3
0.8661578281889124,0.8214581643078132,1,3
0.9089969928502254,0.7952194487355034,1,3
0.8749806556577742,0.7705110474535108,1,3
0.8778020013548168,0.7494269886641728,1,3
0.8326124232626433,0.7060935971233873,1,3
0.8300355943785369,0.6654161415899406,1,3
0.7909474071290489,0.667029031846994,1,3
0.793462583685494,0.7035070420454713,1,3
0.5000353840575968,0.7035070420454713,1,3
0.5376996433666177,0.7335875266365977,1,3
0.554253619447206,0.7351322534085569,0,3
0.5433017756997827,0.7723849693376527,0,3
0.5217376401812477,0.7589809666588985,0,3
0.4807862897632213,0.7581152727018821,0,3
0.4365376454352665,0.7453241583358402,0,3
0.4441674691868929,0.7212176479080247,0,3
0.4660534604829416,0.7437985289714691,0,3
0.4560807387455713,0.711363292938061,0,3
0.7848917348343902,0.711363292938061,0,3
0.7638112218168477,0.7442885084101373,0,3
0.7939780779390078,0.793600446014992,1,3
0.772886406883069,0.7459693094405107,1,3
0.8075426544318971,0.753274595571875,1,3
0.7968130120025776,0.7606434033055275,1,3
0.7721866551765659,0.7560829509794247,1,3
0.5458940783997431,0.7560829509794247,1,3
0.5069405355750694,0.7305403679800198,1,3
0.5303538760770496,0.7033083527256005,0,3
0.5490054387700877,0.6796362834052255,0,3
0.5046408359523321,0.7047846691309803,0,3
0.457582365386306,0.7478734703598677,0,3
0.4378245360723974,0.7195264304713119,0,3
0.4743746381352441,0.733594834870347,0,3
0.4467659569165737,0.7028088809675401,0,3
0.7490900977502037,0.7028088809675401,0,3
0.7544737769901109,0.6786991260054586,0,3
0.7978944492801503,0.6345034708352054,1,3
0.7902181690997868,0.6367752837429315,1,3
0.817070875173604,0.6526079210943692,1,3
0.8452862422660206,0.6818017946185135,1,3
0.851628007515374,0.6599442546499052,1,3
0.876564011283835,0.6767829022331495,1,3
0.8298074636931259,0.6343758686424242,1,3
0.4869801870521201,0.6343758686424242,1,3
0.5109365766385153,0.6527820553143631,1,3
0.5150523896887487,0.6812283121021765,0,3
0.521740050633011,0.7160946964479054,0,3
0.4762448054227107,0.6855213425591731,0,3
0.5089618390636831,0.7123556910220967,0,3
0.5363752922785129,0.746744644046156,0,3
0.5090431679519235,0.7144466741613975,0,3
0.5033338330904902,0.6768150035351355,0,3
0.7678815324952141,0.6768150035351355,0,3
0.7897158908266587,0.6986127225942872,0,3
0.8207677936203958,0.6741188556267563,1,3
0.8585703347442151,0.7095761744820153,1,3
0.543161446414576,0.7095761744820153,1,3
0.5648824862944397,0.7558999331788511,1,3
0.5386384901312502,0.7417501936460844,0,3
0.7792235382504483,0.7417501936460844,0,3
0.7644846197865804,0.7016355369078161,0,3
0.5226496927493739,0.7016355369078161,0,3
0.4897742350146169,0.733932454318654,0,3
0.5015666934464851,0.7008410547334472,0,3
0.5426508601081003,0.7318396577249119,0,3
0.4956331362063718,0.7504455251939944,0,3
0.5136671531164216,0.7887580260922187,0,3
0.4702537671936842,0.7410269506292724,0,3
0.7977655755249019,0.7410269506292724,0,3
0.8066787095853689,0.7532803528459173,0,3
0.7751182749151173,0.7574964309478038,1,3
0.7258267394397492,0.7099828578717444,1,3
0.5093284055098833,0.7099828578717444,1,3
0.4792614329194639,0.7152054387147879,1,3
0.7846717442328106,0.7152054387147879,1,3
0.7394094035330299,0.7596483836064083,1,3
0.7341201022081727,0.7306143636655796,1,3
0.7300080056305243,0.7169240504583145,1,3
0.7228816589774187,0.7302229206961934,1,3
0.681799922596078,0.7592119647976239,1,3
0.7253857180990839,0.7343626044340144,1,3
0.7103484860922152,0.7322661980368091,1,3
0.7389049261644024,0.7791208147656076,1,3
0.7390567340117676,0.7414273590346065,1,3
0.7156877597919433,0.7667389385624481,1,3
0.765427818183574,0.7405059057050837,1,3
0.7624635389163521,0.7540926910317802,1,3
0.7921775683071522,0.7513546396542791,1,3
0.7638463325822863,0.7897049066546795,1,3
0.5646979943412576,0.7897049066546795,1,3
0.5265088411946316,0.8297417019197147,1,3
0.4822470997407986,0.8006234209857951,0,3
0.4872753819847991,0.8357098182124869,0,3
0.4507807702313636,0.7909932319705808,0,3
0.4140503250759416,0.7970541750477964,0,3
0.4581627282847811,0.7646736535095516,0,3
0.4097934012602594,0.7355640149196466,0,3
0.7897375929476943,0.7355640149196466,0,3
0.8174695615235719,0.7303840158382868,0,3
0.7911526976486646,0.6847140320514262,1,3
0.7467484773610509,0.6579689484556914,1,3
0.79053818352234,0.6621344686035956,1,3
0.743708527494504,0.6270909289625688,1,3
0.446988103046326,0.6270909289625688,1,3
0.4815060696881145,0.5911565287608718,1,3
0.488073822852956,0.5959049690268815,0,3
0.4445514346920401,0.561632742388785,0,3
0.4271280566036687,0.5323925009801105,0,3
0.405656168626268,0.5570011374352146,0,3
0.4157125242139374,0.5630136623362698,0,3
0.4600185690973203,0.5849369212883104,0,3
0.4823278807203431,0.5745519195519525,0,3
0.6868394970453408,0.5745519195519525,0,3
0.697527452183669,0.5303217495661524,0,3
0.6827598857756206,0.5672729742409632,1,3
0.4025053809819353,0.5672729742409632,1,3
0.3783110854993672,0.5904966608275493,1,3
0.3479303279637891,0.593300297989192,0,3
0.3587771648628058,0.603478443966073,0,3
0.3378096587103062,0.616439323017735,0,3
0.3234609908469218,0.603100342656732,0,3
0.2986813876773874,0.5560278492703316,0,3
0.3407378585003638,0.5628255414790816,0,3
0.346078749931391,0.5798754279592383,0,3
0.6965444302591172,0.5798754279592383,0,3
0.7045047965357569,0.5324106836263139,0,3
0.7136053412083199,0.4982671535557391,1,3
0.353971685397705,0.4982671535557391,1,3
0.3072069221458814,0.48140549817262,1,3
0.3380489922949065,0.4988803503114415,0,3
0.3027163959324666,0.5166342578048521,0,3
0.3041771195497533,0.5430566443656639,0,3
0.6454198111180515,0.5430566443656639,0,3
0.6868459019929641,0.4966670356227731,0,3
0.636921502376879,0.5130241479531666,1,3
0.644797569703296,0.5219139589489886,1,3
0.3516813907209146,0.5219139589489886,1,3
0.3598142876581478,0.5464336110999758,1,3
0.3481184994506515,0.5270905121610177,0,3
0.6137143410232032,0.5270905121610177,0,3
0.5817070717377772,0.5012806862532067,0,3
0.5874263075243125,0.5204605697476603,1,3
0.6139249816784041,0.5100130864117256,1,3
0.3632517443669915,0.5100130864117256,1,3
0.3268819347326548,0.5254711657490333,1,3
0.3759931534712094,0.4863445714375056,0,3
0.3579687739089677,0.4943398205624325,0,3
0.5893397150218888,0.4943398205624325,0,3
0.5957369151652626,0.5053608137168578,0,3
0.5612881701217532,0.5033115047303445,1,3
0.5138482580165201,0.5383358244532023,1,3
0.4052491091919172,0.5383358244532023,1,3
0.364743872155949,0.5437611285018017,1,3
0.4019223785615894,0.5082058272556551,0,3
0.3941896181666116,0.4868705483637602,0,3
0.409393491845607,0.5341975260810083,0,3
0.4393455322711148,0.5790020802364199,0,3
0.6786919061803759,0.5790020802364199,0,3
0.6691713980667161,0.5397786757495373,0,3
0.7057593000640898,0.5539484862016136,1,3
0.65731117482296,0.5635190010475147,1,3
0.4145065912980173,0.5635190010475147,1,3
0.375381620068229,0.5271972520720981,1,3
0.6505378542021237,0.5271972520720981,1,3
0.6063690668361318,0.5323354358532016,1,3
0.5569914463944212,0.565709510812967,1,3
0.4285965051664333,0.565709510812967,1,3
0.4718374918810901,0.5692138200290273,1,3
0.4590759282677667,0.5692074214329595,0,3
0.5021297781216455,0.5432737879997831,0,3
0.4730422968118863,0.5862837518417723,0,3
0.6617840890972834,0.5862837518417723,0,3
0.6211590098257798,0.5709432974126332,0,3
0.6520070852643136,0.5436181441246108,1,3
0.6715988507590159,0.5643872820983377,1,3
0.6866607134645761,0.515019253804874,1,3
0.6877583158898398,0.5647530710043227,1,3
0.6615471317066693,0.5981263471262256,1,3
0.632630154415088,0.565126605148741,1,3
0.6318458661484361,0.555843358480648,1,3
0.4088011170152734,0.555843358480648,1,3
0.4575455834492509,0.5516739244255582,1,3
0.4223630269258475,0.5700678752128864,0,3
0.3909480219029921,0.5318190809824767,0,3
0.6472898249452348,0.5318190809824767,0,3
0.6263724663126458,0.5547655278090703,0,3
0.6566356329523607,0.5610397043399827,1,3
0.6676193593881048,0.5906110411728565,1,3
0.6468228558195888,0.6198327186936238,1,3
0.6324622257795414,0.6503011649904159,1,3
0.5837361958579124,0.6835501302575726,1,3
0.5755594396069296,0.7261335157047498,1,3
0.5821395253513159,0.7519613271548778,0,3
0.616445372750008,0.7285525380276593,0,3
0.5665931205628428,0.6885378436212161,0,3
0.5415626025923459,0.6432828607604633,0,3
0.573562794736164,0.6341934357355046,0,3
0.5590274693331274,0.5958462522020054,0,3
0.6620801741135734,0.5958462522020054,0,3
0.6919072283344297,0.559629537624659,0,3
0.7294128414431978,0.5334714326378297,1,3
0.7651360686874951,0.5729338004455329,1,3
0.7156584140906617,0.5265536145912755,1,3
0.7015413992737897,0.5757804248673523,1,3
0.74899975605072,0.5261279981422285,1,3
0.390301124948078,0.5261279981422285,1,3
0.4199201217038105,0.5295051108911669,1,3
0.4461518609932345,0.4841385256328462,0,3
0.4328105582490014,0.4397193090873951,0,3
0.4080717166517005,0.4115044976153608,0,3
0.38135710371482,0.3868699454916042,1,3
0.4046749258054283,0.434651768675481,1,3
0.3850773038575176,0.468611859508134,1,3
0.3635573172208065,0.4464747471263277,0,3
0.3220491327728866,0.4096178096836485,0,3
0.2894239122074419,0.396281045047797,0,3
0.3015551330379274,0.3937227561751507,0,3
0.2645315780406974,0.368454178388913,0,3
0.4619694652508025,0.368454178388913,0,3
0.4754538013900652,0.3459778308341263,0,3
0.47966856567557,0.3026284550658108,1,3
0.4491339205784767,0.3359057825955801,1,3
0.4880679030476033,0.3003882584602798,1,3
0.4794060208206584,0.3436576860134033,1,3
0.2322466144059325,0.3436576860134033,1,3
0.2589051936123273,0.3254346224796762,1,3
0.2683705645777351,0.2790831764936269,0,3
0.4210506826119071,0.2790831764936269,0,3
0.4231024799097538,0.2462165989818612,0,3
0.4162283401731566,0.2904612215010016,1,3
0.4654508290318786,0.3398155929491626,1,3
0.4676975803154905,0.3569451082592627,1,3
0.4643005749957007,0.3823858328692459,1,3
0.4701835263369395,0.3972948625548172,1,3
0.4892950716664225,0.3542258637040812,1,3
0.4760292500703936,0.343415385036369,1,3
0.4326119557257312,0.3124920158301864,1,3
0.2014337791410316,0.3124920158301864,1,3
0.1608138617892745,0.3058589152879219,1,3
0.1542363497990736,0.2765374360392862,0,3
0.1343339877318041,0.3140967535798857,0,3
0.1145110403506035,0.3132578902624253,0,3
0.4330961903249403,0.3132578902624253,0,3
0.4433300568099423,0.2826722352689848,0,3
0.4600583704495416,0.3085034653339826,1,3
0.468639552881564,0.2703032233721305,1,3
0.4370774546853525,0.2378853989373218,1,3
0.4343034091935896,0.2155352230811883,1,3
0.430146503564983,0.2147590914788812,1,3
0.0803704255632962,0.2147590914788812,1,3
0.0641553517208128,0.2052790189122429,1,3
0.0152286218481853,0.1841460850745501,0,3
0.023638489889481,0.1831765601224063,0,3
0.05576775974234,0.1891127774716238,0,3
0.1019916990704594,0.1427955166190607,0,3
0.2501230276624666,0.1427955166190607,0,3
0.2209117298410428,0.1827503343107642,0,3
0.2175066295783924,0.1358266521756145,1,3
0.254695060556347,0.1079839580458081,1,3
0.2517440272954961,0.105964790103138,1,3
-0.0345835789055836,0.105964790103138,1,3
-0.0209581353486566,0.1357848336307879,1,3
0.006767974918625,0.169471191979095,0,3
0.0308729986329297,0.1936492068723538,0,3
0.0696053174839231,0.2386714092560704,0,3
0.1025786206556428,0.2496537643253623,0,3
0.0870444534449956,0.2507781408556891,0,3
0.0398561852483545,0.2199527650011261,0,3
0.0520205256854498,0.2329788926204817,0,3
0.3469338041367937,0.2329788926204817,0,3
0.3072710349054589,0.2130796177284026,0,3
0.3466667439151341,0.1876748232286164,1,3
0.3334550213857093,0.1641210618293239,1,3
0.2911885174908209,0.1453065488451641,1,3
0.2423129539895983,0.1308147385550629,1,3
0.2378274136905637,0.1023089379478753,1,3
0.2024775799485591,0.0802688784175146,1,3
-0.0508751826334396,0.0802688784175146,1,3
-0.0495498218373664,0.0378688068672804,1,3
-0.0428334074013302,0.0396347368126417,0,3
-0.0188757483854896,0.0787256506826682,0,3
-0.0181663181291778,0.0813171096233356,0,3
0.0219104593808044,0.1196391543212809,0,3
0.0233344535055508,0.1589672106715897,0,3
0.0716880740368672,0.1659199047826841,0,3
0.1063718314224524,0.1936739090985196,0,3
0.3012089299185668,0.1936739090985196,0,3
0.3371732845155135,0.203851115109123,0,3
0.0751422450849467,0.203851115109123,0,3
0.0900938790974922,0.2013203144052092,0,3
0.0450585147359346,0.181464054961477,0,3
0.0457487074209705,0.2274130210491487,0,3
0.332216649745906,0.2274130210491487,0,3
0.3201740419365017,0.1906939892636803,0,3
0.3415006938107645,0.1908255419237333,1,3
0.3469498497408572,0.1894919066585487,1,3
0.0801471879093088,0.1894919066585487,1,3
0.0756128140404659,0.2152556129661047,1,3
0.0616637285613033,0.1959006149218395,0,3
0.0175417878876067,0.1498051957472112,0,3
0.0294734431358744,0.1527187298242857,0,3
0.0318383531448557,0.1877655265661202,0,3
0.0795968864647292,0.1754816805123917,0,3
0.1056150666328408,0.1684631314859836,0,3
0.0914822386691632,0.1789588270455718,0,3
0.3081229593973345,0.1789588270455718,0,3
0.3368570546474818,0.2013991607608692,0,3
0.3802684511219425,0.1904727087115679,1,3
0.0438725951816096,0.1904727087115679,1,3
0.0919729436713219,0.1482308457718623,1,3
0.2879819549294681,0.1482308457718623,1,3
0.2978390251602411,0.1247898204832299,1,3
0.0195779713426175,0.1247898204832299,0,3
0.067169464966303,0.1730468262514086,0,3
0.0493068790275133,0.143315206312502,0,3
0.2510402040376037,0.143315206312502,0,3
0.2200358877006392,0.1176735226618635,0,3
0.2109291557679941,0.0981999081546924,1,3
0.239428551591862,0.100001490344329,1,3
0.2507820275285632,0.1256159704350824,1,3
0.2540561279625056,0.1510352254754124,1,3
0.269567166581027,0.1430656656170604,1,3
0.0292567809441657,0.1430656656170604,1,3
0.0350776168069687,0.1814650683393385,1,3
0.081591707369284,0.203278486861421,0,3
0.0848770656137282,0.2099045241671502,0,3
0.0587289381723467,0.2083923247514215,0,3
0.0844252013279836,0.2329785509987422,0,3
0.3405609805639735,0.2329785509987422,0,3
0.3204917210879696,0.2756271685511779,0,3
0.3617885137757708,0.2277920418999302,1,3
0.3324208574843481,0.2235336576324839,1,3
0.3115364087040151,0.2629895647904221,1,3
0.3040228426692253,0.2249956753308041,1,3
0.3126966186735411,0.2543463024494831,1,3
0.3386702152406589,0.2143381442547433,1,3
0.0703122348696042,0.2143381442547433,1,3
0.0286145698637901,0.2517869329605005,1,3
0.0446874408147658,0.2531434508154666,0,3
0.0593909846366439,0.2101730066726183,0,3
0.0266262563870433,0.162625370111043,0,3
0.2881581118111138,0.162625370111043,0,3
0.3107843240033971,0.1200734928184183,0,3
0.3305282915584128,0.0959062621686069,1,3
0.3261773287963561,0.1073784169951655,1,3
0.3684064777272063,0.0577482057671558,1,3
-0.0465051144008475,0.0577482057671558,1,3
-0.0171872296453869,0.032682920162179,1,3
0.0154583064579275,0.0571242195015944,0,3
0.1723516711330997,0.0571242195015944,0,3
0.201634519656787,0.0745711951502623,0,3
0.2491029882175799,0.0260395348295069,1,3
0.266422135538326,0.049015906078097,1,3
0.2584728803414053,0.0832565760681837,1,3
0.2327901798703685,0.0760927741023527,1,3
0.2610097327813361,0.0830161342469455,1,3
0.2169152092883864,0.0843731534300731,1,3
0.2247100650074438,0.0565218885005346,1,3
-0.0930977099904714,0.0565218885005346,1,3
-0.0797970908913683,0.0112877206272572,1,3
-0.049010013938211,0.0529594199523402,0,3
-0.0319525344153567,0.0787124615933925,0,3
0.0137406499110172,0.0424198889201491,0,3
0.0617669655528487,0.0683624112258614,0,3
0.105536982122647,0.0844380742747981,0,3
0.0635892924383584,0.074481208295449,0,3
0.0619342473639265,0.1200608729002834,0,3
0.0802410672472419,0.1491509398669541,0,3
0.0749017127107872,0.1015523452586144,0,3
0.0689392435013131,0.1064892614202712,0,3
0.0315549041558706,0.1369526821632035,0,3
0.0513817202760497,0.0951613223504344,0,3
0.0870296862264672,0.0574132764745505,0,3
0.0640372294434137,0.0534252360955783,0,3
0.0902878568813747,0.0579534938945285,1,3
0.0430767973750136,0.1051694218439887,1,3
0.0877470488980432,0.0753178799986861,1,3
0.1123159894233958,0.0783941586500101,1,3
0.082644172809726,0.1093110748904433,1,3
0.03349267250751,0.0906591492723851,0,3
0.0648229691763939,0.0849809114222569,0,3
0.0530293374644858,0.0655288746936003,0,3
0.0156573700969807,0.0675004927206796,0,3
0.046190483391739,0.0742413749986075,0,3
0.0857607347090661,0.0408439577770626,0,3
0.0608633675219892,0.0499059605863563,0,3
0.0615441829430678,0.0533050799242096,1,3
0.020823630237387,0.0130958201948746,1,3
0.0221783908202786,0.0362649137922242,1,3
0.0241728004958252,0.0733677846511567,1,3
0.0631620736566908,0.0947136035253787,0,3
0.055413733051337,0.1070771472174816,0,3
0.085591446889546,0.12202734454342,0,3
0.075365900486392,0.1006558765753986,0,3
0.0449376856226793,0.1500690319228432,0,3
0.0838182650537915,0.1995218933547053,0,3
0.1061023897098357,0.2215680357413705,0,3
0.3569594088235808,0.2215680357413705,0,3
0.3189430887092888,0.2570190669558655,0,3
0.3301491699600986,0.2533925446213528,1,3
0.3556751479452105,0.2246697674898262,1,3
0.3194598456231077,0.2645879262720318,1,3
0.3088430556114459,0.2356559028918488,1,3
0.1319948837204016,0.2356559028918488,1,3
0.107174828098444,0.1990089259547194,1,3
0.3365902863287644,0.1990089259547194,1,3
0.2938335012410485,0.1853380570422452,1,3
0.2565842087372718,0.1928730410618511,1,3
0.2295915777039582,0.202933955351563,1,3
0.2580872733487828,0.1565004087864662,1,3
0.2587563819667091,0.1607775999365984,1,3
0.2462032093016254,0.1705579964170065,1,3
0.2523609172066931,0.1887563509502499,1,3
0.2155252105386878,0.1410089999389254,1,3
0.241601683663714,0.1814626320979018,1,3
0.0546804463873683,0.1814626320979018,1,3
0.0260740182550176,0.2168101485432382,1,3
0.0319309600981146,0.1760348270515553,0,3
0.0356150247405336,0.1287641429975133,0,3
0.0641662204861982,0.1645030519648564,0,3
0.1009846606278057,0.1317952282908277,0,3
0.1076965463228312,0.082581314526042,0,3
0.1304064407205241,0.0711811972359959,0,3
0.1257886197612756,0.1048813376074118,1,3
0.0763974437532643,0.1238416522337255,1,3
0.1204767373154032,0.1063242600774407,1,3
0.1373512647991528,0.1561422957384532,1,3
0.0938291620945888,0.1404708790338143,0,3
0.0927752048460674,0.1489376830377136,0,3
0.0795523914634756,0.112924670665543,0,3
0.0524000908057114,0.1432261787496194,0,3
0.0154665162224431,0.1236571311404305,0,3
0.057673715614723,0.1538735579110339,0,3
0.0272910483463536,0.1724207337600428,0,3
0.2767700227770547,0.1724207337600428,0,3
0.3021817850158169,0.1853541535476471,0,3
0.2909252498520678,0.1403172875557832,1,3
0.2965180966964557,0.1084380526949041,1,3
0.2833031947561361,0.1431926114049806,1,3
0.2638330327318649,0.1736444018188514,1,3
0.2824004550373942,0.2223965791766161,1,3
0.1121369637865038,0.2223965791766161,1,3
0.1290980439893935,0.1988775172166327,1,3
0.0821169493008456,0.1618877524038619,0,3
0.074571025029546,0.146014782270358,0,3
0.0880057658987149,0.162503240733265,0,3
0.0534023729243949,0.155733240727404,0,3
0.0045788326482341,0.1585930778121396,0,3
0.2777997841687913,0.1585930778121396,0,3
0.2578209398018242,0.1397508404742487,0,3
0.0173957164277524,0.1397508404742487,0,3
0.0542249829466055,0.1800223307333902,0,3
0.0198355695867337,0.133738561797673,0,3
0.0286136809899974,0.0859677701685824,0,3
0.0329112903067594,0.1197145501037673,0,3
0.0742538709059358,0.074463858773492,0,3
0.0357175088500622,0.074467867760337,0,3
0.0619036128093839,0.0636141483761006,0,3
0.1902738376415452,0.0636141483761006,0,3
0.1775613711307793,0.0983579289972073,0,3
0.1926686193581001,0.1424307506670322,1,3
0.1904838432619557,0.1575791936902597,1,3
0.2003837239895222,0.2000838152105551,1,3
0.2473561103387108,0.2379210562569969,1,3
0.2043299993582862,0.2664283486759221,1,3
0.1815934094979955,0.3163246927686144,1,3
0.1949674860642455,0.328997841218805,0,3
0.163589307400203,0.3182397263767476,0,3
0.1776659307774998,0.2895914640511154,0,3
0.2249681597872599,0.2864638795414926,0,3
0.2414949347159042,0.2479237065721995,0,3
0.2399272735193675,0.2697454394010703,0,3
0.2652814678230295,0.2881740865669845,0,3
0.3151599417001531,0.2488736509450644,0,3
0.2782263225053958,0.233259664819256,0,3
0.2345776026474713,0.1903421879746346,1,3
0.2597780854883292,0.1958570403965412,1,3
0.2535505661462272,0.1753103951027589,1,3
0.2975945843528878,0.1736447721837812,1,3
0.2523599412159094,0.1737130717344921,1,3
0.2375515972109565,0.2069393999202698,1,3
0.2414365344980982,0.2100583118085195,1,3
0.2135204454686268,0.2094604557456047,1,3
0.0952401997808629,0.2094604557456047,1,3
0.0791276910532444,0.2157529185891898,1,3
0.0509090599283302,0.1959388637599166,0,3
0.0932772177285343,0.2096432214948366,0,3
0.3252878258263102,0.2096432214948366,0,3
0.2814811664599084,0.1994145884701741,0,3
0.265614305193313,0.1810103641434837,1,3
0.312446555530382,0.1893410100318457,1,3
0.3424179234266251,0.2273972024701814,1,3
0.3720813602250744,0.2547018665841236,1,3
0.138459897695335,0.2547018665841236,1,3
0.1043869645934917,0.3007472807396332,1,3
0.0894838160490804,0.3134295997161531,0,3
0.4565811017387019,0.3134295997161531,0,3
0.4646493700892836,0.2688747239487003,0,3
0.1517093943760115,0.2688747239487003,0,3
0.1323981365056595,0.2400084226055741,0,3
0.1100657708059716,0.2530394914872196,0,3
0.0612723037238324,0.28628832573111,0,3
0.4231828965009205,0.28628832573111,0,3
0.4621939438729313,0.2571507791473347,0,3
0.4495077713059061,0.2766546955603864,1,3
0.4597880716574729,0.2633789030794473,1,3
0.502712935388425,0.2978572109263587,1,3
0.5033793339028125,0.3329565409965247,1,3
0.5353509676773778,0.3712140943850801,1,3
0.5199232097877656,0.410689369440367,1,3
0.2661028606424632,0.410689369440367,1,3
0.305098395936872,0.4516516888521416,1,3
0.3533406968298891,0.4759230811244334,0,3
0.582509269145915,0.4759230811244334,0,3
0.5774793930824824,0.500852281466702,0,3
0.5972038468831685,0.4715179340220574,1,3
0.608340726279076,0.4802943797535711,1,3
0.3473236223976306,0.4802943797535711,1,3
0.3053004226569788,0.4842735124639961,1,3
0.3403832989324278,0.4915747638172827,0,3
0.331675013400147,0.5126394149194343,0,3
0.3384477518526306,0.4836859188510455,0,3
0.3210712474186578,0.4967174425737136,0,3
0.2755720766442952,0.5396640771681896,0,3
0.6294578525740604,0.5396640771681896,0,3
0.6140089261061132,0.5517779700970322,0,3
0.5745098431111779,0.5570700208739617,1,3
0.574674878972867,0.531803394606805,1,3
0.6242724864656737,0.4924355309639908,1,3
0.609103763491416,0.4660375201038069,1,3
0.5751779542460338,0.4901814102249962,1,3
0.6195082395668815,0.4746724612375236,1,3
0.6635409700584474,0.4797390058381852,1,3
0.3260911899063273,0.4797390058381852,1,3
0.3094652031292832,0.461905383439788,1,3
0.2940209053798233,0.416272257478399,0,3
0.3051949568494637,0.4654414672687064,0,3
0.3423999855692213,0.4301384278447558,0,3
0.2971751536615488,0.4127499729825187,0,3
0.2826166133281029,0.4082047586124986,0,3
0.2575019146397584,0.422978677242968,0,3
0.2124880096111426,0.4693810625449599,0,3
0.178896719750682,0.4384905589487836,0,3
0.5645978847311166,0.4384905589487836,0,3
0.611276387532153,0.4575019339697441,0,3
0.2936688341344922,0.4575019339697441,0,3
0.2626314102835911,0.4696295374024413,0,3
0.2429754023153513,0.4888364268243478,0,3
0.5706609913283208,0.4888364268243478,0,3
0.5800640837324426,0.5309807547985328,0,3
0.6273493181661318,0.501313418720933,1,3
0.67470590025695,0.527329719995051,1,3
0.649462326510059,0.5345205984935799,1,3
0.673844482088755,0.5278756401034959,1,3
0.6804195851878659,0.5706650133844008,1,3
0.7035406364979166,0.5887405279752084,1,3
0.6600439719800889,0.5848449264194556,1,3
0.4466421933226314,0.5848449264194556,1,3
0.4863665693487425,0.6183902476439349,1,3
0.5264409942817826,0.5911240954162305,0,3
0.5696881813212225,0.602066224039893,0,3
0.5855149790478454,0.6067778203055558,0,3
0.626921906957757,0.55700259684742,1,3
0.6583481432970004,0.5527280057000069,1,3
0.6633283212172169,0.5091460539420648,1,3
0.6436174255967316,0.4917909159623501,1,3
0.3260885346622308,0.4917909159623501,1,3
0.3003697314834509,0.5045692645897479,1,3
0.3134422616696817,0.460093110237982,0,3
0.3132288908981285,0.4451499939260973,0,3
0.2654878793745832,0.4528268111420707,0,3
0.2765517447127882,0.4732475656123951,0,3
0.2431843368384173,0.4339672580183234,0,3
0.2377681295576034,0.4244041772409077,0,3
0.5355803512689412,0.4244041772409077,0,3
0.5732131764410006,0.424633790747364,0,3
0.6206333236053411,0.4396620081050366,1,3
0.6680151384209632,0.398675770470049,1,3
0.6463752608848381,0.3597901646131779,1,3
0.6501811610331447,0.3393287275556171,1,3
0.6202902824160164,0.3792440944029658,1,3
0.6417547061995671,0.3870673238218373,1,3
0.6031610329555694,0.3992621595971436,1,3
0.5943316444964799,0.4390628516421067,1,3
0.3071569667453351,0.4390628516421067,1,3
0.3480470016601764,0.4554086374487747,1,3
0.3772419954681224,0.4942403056286348,0,3
0.3731949572666048,0.4905272563076051,0,3
0.325648966459177,0.4768092338621453,0,3
0.5850323501883232,0.4768092338621453,0,3
0.5479405255388603,0.437386961025936,0,3
0.5408635736526317,0.4575668246734353,1,3
0.5125454548527796,0.5027931362124826,1,3
0.5326306944697228,0.4816042643530238,1,3
0.5145603586063031,0.4793131216421613,1,3
0.3506744361146913,0.4793131216421613,1,3
0.3997712491961254,0.4552099616511894,1,3
0.4410406978841921,0.4219781680998481,1,3
0.4828848544306199,0.4147878730617022,1,3
0.5256374222955732,0.3780976441076844,1,3
0.5090893721239389,0.4129598104457166,1,3
0.4839508734459203,0.4174679088521426,1,3
0.4950624318744359,0.4353236415929304,1,3
0.5237262418923101,0.3870091222312337,1,3
0.2461920527241261,0.3870091222312337,1,3
0.2078019238942574,0.3632924186788979,1,3
0.2056569348418093,0.3364093889683909,0,3
0.1662641353407466,0.3274195374647152,0,3
0.4590247107390302,0.3274195374647152,0,3
0.4513923906798561,0.3092691178366191,0,3
0.5006817794301008,0.3005836418736771,1,3
0.5458244856662823,0.30047130240423,1,3
0.5386899799883069,0.3300848853317773,1,3
0.5638388237635696,0.2978121460351967,1,3
0.5808906969120354,0.3222683607579295,1,3
0.6258825062867949,0.3328106061528182,1,3
0.6523650463002493,0.300514058482101,1,3
0.1654899642621217,0.300514058482101,1,3
0.1432470466093585,0.2881320592294561,1,3
0.412018449797328,0.2881320592294561,1,3
0.4009523457458663,0.3230905815197279,1,3
0.2131257011897547,0.3230905815197279,0,3
0.1981816519526156,0.3422467635433376,0,3
0.2296356728981733,0.3446122606614226,0,3
0.2612590232618008,0.345709776286299,0,3
0.3073768416968945,0.3434282209687742,0,3
0.31160770472502,0.3182215175996421,0,3
0.3317739162282534,0.3021122687993388,0,3
0.3162129301551186,0.2861792705474306,0,3
0.3029450698711425,0.2959686843217927,1,3
0.2774500403084168,0.2933656179532803,1,3
0.2311266782486003,0.2538340138811734,1,3
0.2756120300309792,0.27001642442942,1,3
0.248193630097367,0.2925020565817245,0,3
0.2938160307540692,0.3068810679120198,0,3
0.31319146526688,0.2673064307269035,0,3
0.3522709289955791,0.218551160051441,1,3
0.3272607825054238,0.2077700274903511,1,3
0.3317536152965182,0.2023628181407404,1,3
0.3046620906015659,0.1525105423867069,1,3
0.3498577604238693,0.1903430261489737,1,3
0.3618946814885946,0.2336096060554137,1,3
0.3802559644112016,0.2451387741223304,1,3
0.1235043491923729,0.2451387741223304,1,3
0.1314671656915823,0.2674666235575892,1,3
0.1532860523547619,0.2640935727887771,0,3
0.1431829787470887,0.2477983792628722,0,3
0.1385995722364962,0.202239763700273,0,3
0.3362953406506058,0.202239763700273,0,3
0.3624041410102342,0.1737264464315445,0,3
0.3599362636524686,0.1301364613462796,1,3
0.322482104036668,0.1564954574033581,1,3
0.3638440482832661,0.1531011022468652,1,3
0.4022716540174375,0.1996179163077287,1,3
0.4372307878118914,0.2223603696695154,1,3
0.4460625481856352,0.2454353885761494,1,3
0.45921372406531,0.2783685475540933,1,3
0.4361647564592232,0.2376832380267221,1,3
0.1082530949630441,0.2376832380267221,1,3
0.0971350688895037,0.1946333571840243,1,3
0.3159573311321202,0.1946333571840243,1,3
0.3124119107288409,0.1983352833732243,1,3
0.3545103439341664,0.1955385488009087,1,3
0.3984237053412395,0.2399718640479326,1,3
0.1104772706072885,0.2399718640479326,1,3
0.0923411073935225,0.1961919743984379,1,3
0.3275597350795555,0.1961919743984379,1,3
0.3211396762370728,0.2206789064320422,1,3
0.1131159301160383,0.2206789064320422,0,3
0.1147962048647851,0.2442061121855712,0,3
0.3873568713164234,0.2442061121855712,1,3
0.3969202282639451,0.2443686377582771,1,3
0.357654528535932,0.2215003020684905,1,3
0.3954722091714842,0.2298902012933513,1,3
0.3579147382873954,0.2672952560400072,1,3
0.4003917307076381,0.2505043530451198,1,3
0.3975582026777295,0.2392139271833152,1,3
0.4408667299819625,0.2871078788807072,1,3
0.4064416149500083,0.3253762154530383,1,3
0.4472713738708511,0.3635004255358494,1,3
0.2119321721422667,0.3635004255358494,1,3
0.2483225341512927,0.3361184298162539,1,3
0.2393780625042809,0.3324588720523334,0,3
0.2327222176165941,0.3210512238949078,0,3
0.2554329865300395,0.2847201300526982,0,3
0.2681161242278203,0.2639613858196275,0,3
0.2950426596641306,0.297899652179431,0,3
0.2461333354475817,0.2503662558172639,0,3
0.2882386392070629,0.2255646413939614,1,3
0.2876817955549657,0.2119758217427447,1,3
0.3212878991076532,0.2114892377829102,1,3
0.2744481372933546,0.238689769972798,1,3
0.3113924659566692,0.1949159159259826,1,3
0.2916798056385618,0.2205411918117898,1,3
0.2956512449655511,0.1871679908997745,1,3
0.0671990407024252,0.1871679908997745,1,3
0.0924998186230325,0.1660301364004402,1,3
0.055354695988494,0.2015259799855217,0,3
0.0397791924442221,0.1795757159859622,0,3
0.0689452159573356,0.1879174420154973,0,3
0.1135623619356213,0.1775332229026804,0,3
0.113733713012226,0.15010253033201,0,3
0.1428409831611387,0.1685219871000591,0,3
0.3025890959029705,0.1685219871000591,0,3
0.3199455664913525,0.1856025310270552,0,3
0.3089548219844076,0.1509635814933972,1,3
0.0061285781628411,0.1509635814933972,1,3
0.052038187283242,0.1787503075632751,1,3
0.0484746977119305,0.2120841718049614,0,3
0.0801492276549145,0.1802329955542096,0,3
0.3254231775738315,0.1802329955542096,0,3
0.3057751259379175,0.1379906036399881,0,3
0.2933879817436817,0.0958168960630901,1,3
0.341047745509598,0.0915165718615318,1,3
0.3093684708535869,0.1169479478449604,1,3
0.278086610944272,0.1185861852752566,1,3
0.3008950446866567,0.1081404306870746,1,3
0.3275292214897782,0.1159743906438807,1,3
0.3239996498667138,0.1507762348027035,1,3
0.0301862173516471,0.1507762348027035,1,3
0.0385131779936288,0.1968864341964046,1,3
0.081732300771617,0.1767604505822719,0,3
0.1046527755436312,0.1836821410782574,0,3
0.0603048618837228,0.1982869998669767,0,3
0.3338988707437279,0.1982869998669767,0,3
0.3773830254348441,0.2133234531669544,0,3
0.1017557977944972,0.2133234531669544,0,3
0.0789734549746444,0.2203643089336741,0,3
0.0762943814533716,0.2341295691572122,0,3
0.0978127801572205,0.2822240051245592,0,3
0.0915747840034209,0.3315870184078157,0,3
0.1398791026683868,0.3539705791727814,0,3
0.0929561792518561,0.3076779857586565,0,3
0.1305399267532342,0.3286936388723585,0,3
0.1150329241247762,0.2837011635367916,0,3
0.387401983494067,0.2837011635367916,0,3
0.3471359775011503,0.2521561236936085,0,3
0.3191156993617833,0.2932760908061109,1,3
0.3108737169648598,0.2728959148259979,1,3
0.3154798016566502,0.286790337038191,1,3
0.3030965171506382,0.3011909941324638,1,3
0.3400871533988343,0.2513356412415604,1,3
0.3528417163938801,0.2132320536310729,1,3
0.063683774692957,0.2132320536310729,1,3
0.088125487272753,0.1844145454753987,1,3
0.1287932496653494,0.222315550258749,0,3
0.1402700310164792,0.178344068597957,0,3
0.1030372201539767,0.2052632841269136,0,3
0.0680498935092804,0.196266048143569,0,3
0.0866438332648161,0.1797837375088842,0,3
0.0509433328729809,0.1889572616255232,0,3
0.0932263721109264,0.1921619646752162,0,3
0.0755642626328207,0.1869371270143164,0,3
0.3058497312379618,0.1869371270143164,0,3
0.2686529634140652,0.2058159746176256,0,3
0.2782102500996524,0.2426252654124975,1,3
0.3235535181110335,0.241146780483361,1,3
0.3353703578246362,0.2447240563128347,1,3
0.3604013286325525,0.248969454607225,1,3
0.3642713115100574,0.2834823608197486,1,3
0.4000350258734078,0.2363061754965752,1,3
0.4274492227954952,0.1954666538078612,1,3
0.084864651642473,0.1954666538078612,1,3
0.0966929628665391,0.1728067187757705,1,3
0.0860380602415569,0.1436542151981558,0,3
0.0870586240535094,0.1444671674400342,0,3
0.1182267442032175,0.1889904093518254,0,3
0.0855642519996888,0.1878477313684763,0,3
0.2978252184113718,0.1878477313684763,0,3
0.3232483223144196,0.2202165067095397,0,3
0.3082073993891732,0.1877240659118579,1,3
0.3125868339592758,0.187770704830523,1,3
0.0437658209576744,0.187770704830523,1,3
0.0710681419232352,0.1477603478647608,1,3
0.0606147290531917,0.174611420642601,0,3
0.0604104453634897,0.128890688624322,0,3
0.058305062379649,0.1657153014284815,0,3
0.0162813225776704,0.1857804407265945,0,3
0.0334890365620657,0.1401460170671004,0,3
0.0802901566872873,0.123898678827354,0,3
0.2591151939068098,0.123898678827354,0,3
0.2230172468178147,0.1245771914232519,0,3
0.2221532092505547,0.1167128509050819,1,3
-0.0266710738932159,0.1167128509050819,1,3
-0.00041764911264,0.1070250681559198,1,3
0.0339641375582974,0.0733496446794551,0,3
0.0684283764777845,0.0459436959016866,0,3
0.1122786163655933,0.0907824997877998,0,3
0.0806834977297268,0.0740827438133521,1,3
0.0985417778387353,0.0804425210771169,1,3
0.0708105872882013,0.0306140654296983,1,3
0.0713106009819535,0.0404737664751692,1,3
0.0602195276607273,0.068951500185735,1,3
0.0744554059598275,0.1066067277874793,1,3
0.1107089056255739,0.1319901116483207,0,3
0.1122593409385062,0.1739876108750515,0,3
0.0806800391173134,0.2166082705063911,0,3
0.1002461439143199,0.2121714900806918,0,3
0.13839838973278,0.2272780810496133,0,3
0.3502727843739942,0.2272780810496133,0,3
0.3950680280672107,0.2159459368561538,0,3
0.3517914406497716,0.2324657124037325,1,3
0.3829171588273198,0.1989325640563315,1,3
0.392366207852621,0.214377452548372,1,3
0.4086987801344912,0.2608127365451662,1,3
0.4519976641578178,0.2197715949618821,1,3
0.0822874752665305,0.2197715949618821,1,3
0.1216048504535572,0.2282297686727947,1,3
0.1105475370723073,0.2431234575476705,0,3
0.3525933151753334,0.2431234575476705,0,3
0.3819666760877454,0.2687077365650545,0,3
0.3950570072530278,0.2196652047916912,1,3
0.4248458488699278,0.2536294754579924,1,3
0.4239576043752086,0.2415870338957211,1,3
0.3851966939576045,0.2837048947821911,1,3
0.3418102272995233,0.2571950848540568,1,3
0.3692386618777385,0.2515792527185257,1,3
0.3196804438432873,0.2083263438613648,1,3
0.3439239268516864,0.2377659104518061,1,3
0.115344163445278,0.2377659104518061,1,3
0.1571473851995536,0.2101331896265799,1,3
0.3305460147626119,0.2101331896265799,1,3
0.324652901033275,0.2050326156312853,1,3
0.2794658863478422,0.1574141382312846,1,3
0.321633656571766,0.1480734542781877,1,3
0.3101248465606745,0.137141091203465,1,3
0.2691568932910056,0.1432504066113878,1,3
0.2734342077665555,0.1890931518259223,1,3
0.0654740521747401,0.1890931518259223,1,3
0.0951597408006275,0.1565344033653422,1,3
0.1375701973358912,0.1225861160942919,1,3
0.1642883892231244,0.1407409533238761,1,3
0.2026766707290892,0.1335016835467694,1,3
0.2342654610379753,0.113798459049304,1,3
-0.0009709173415257,0.113798459049304,1,3
0.0110649990169733,0.1498832801365616,1,3
0.0255091387403311,0.1359027360048494,0,3
0.0727144205598734,0.1505652708086834,0,3
0.0467347916254908,0.1029792555947649,0,3
0.0916172159808401,0.1467185941321632,0,3
0.0521883878806613,0.1402309219185322,0,3
0.0166567215522028,0.1765303062851675,0,3
0.287303901181862,0.1765303062851675,0,3
0.2634917164574484,0.2102430566971728,0,3
0.3077931182611669,0.2045979865123849,1,3
0.2971070901389092,0.1915455550007602,1,3
0.3212691282124572,0.1545777271514437,1,3
0.3272212607285002,0.1233477237753802,1,3
0.3704277543555825,0.0961293327757133,1,3
0.3263315408629155,0.1126766696497323,1,3
-0.0080067079910249,0.1126766696497323,1,3
0.0109013492971166,0.1460681884298789,1,3
0.0382340167578075,0.1846746604745759,0,3
0.0634877600702856,0.1917635534190546,0,3
0.0197531793791604,0.23263491802373,0,3
0.0259531242024781,0.2562965538240938,0,3
0.0614450361557331,0.2714835517305212,0,3
0.1065595988725473,0.2516060233192897,0,3
0.1530153807014297,0.2042435336656753,0,3
0.103787383911424,0.2372621114216392,0,3
0.3834650801978049,0.2372621114216392,0,3
0.4101944442062921,0.1953171015766905,0,3
0.0901087115644379,0.1953171015766905,0,3
0.0820569454770051,0.2259212953071597,0,3
0.0488490417289583,0.2096030828533389,0,3
0.070246629773996,0.2399939535343827,0,3
0.0931127988116519,0.2155305791154327,0,3
0.1088396489668477,0.2414991061045122,0,3
0.1444772020967639,0.233763425882424,0,3
0.1570768151549733,0.2692335730510379,0,3
0.120450259194286,0.3144568746104968,0,3
0.4291309860177963,0.3144568746104968,0,3
0.4672206205167801,0.3184358801628321,0,3
0.4590228151354952,0.3053727820921196,1,3
0.4550426700647823,0.3283174671238221,1,3
0.4181239314386187,0.3250655271980197,1,3
0.3997230740804747,0.2760129295375505,1,3
0.1233394397924557,0.2760129295375505,1,3
0.0755477103027821,0.2407615911674776,1,3
0.034790446012989,0.2121318903010643,0,3
0.0771623258764946,0.2147947590468544,0,3
0.0465211006886064,0.1750442999669392,0,3
0.3230477050096391,0.1750442999669392,0,3
0.2976590791732143,0.1921420932410081,0,3
0.3272850474832114,0.2005826442810188,1,3
0.3148785387667736,0.2348246838477988,1,3
0.3540413527597464,0.2134952863990539,1,3
0.1025257898800293,0.2134952863990539,1,3
0.122176434401676,0.1953058921302262,1,3
0.1265532837532809,0.1602542902334234,0,3
0.1165100010183422,0.1527670272300956,0,3
0.0933746156501765,0.1178061839685001,0,3
0.0498330591172362,0.0697027970225149,0,3
0.0743888118128528,0.0551234403607323,0,3
0.0263030843983913,0.0468849374421475,0,3
0.046514938831528,0.0772813270090803,0,3
0.0696840834120948,0.0338968380509659,0,3
0.0295758237343621,0.067360988742909,0,3
0.0687610514689809,0.0352795392006768,0,3
0.0413040355839444,0.0582429159832154,0,3
0.0828044219593013,0.0465325520634556,1,3
0.0444723446909118,0.0858191792403833,0,3
0.0941280577230895,0.1046730815616115,0,3
0.1410926190107669,0.1263803029674001,0,3
0.123308163995355,0.1443092789104963,0,3
0.0941673741725511,0.1709215787793375,0,3
0.1003451339492378,0.2047922060746168,0,3
0.0894303888682099,0.1818301536584794,0,3
0.1294535812318036,0.170549498254957,0,3
0.0950926744567236,0.1679494489093133,0,3
0.1336814818781476,0.207519340261822,0,3
0.1224142371275209,0.2147346290273162,0,3
0.132151391470195,0.203666890511915,0,3
0.1447477962214297,0.2138683489274918,0,3
0.3249256724940666,0.2138683489274918,0,3
0.367070836542883,0.197993283663925,0,3
0.3235777502883751,0.1650085879057984,1,3
0.3534429826373277,0.1335253810054291,1,3
0.379401335385871,0.0843831126580079,1,3
0.3357236897497129,0.0755046250784599,1,3
0.317507660483934,0.0975924491918185,1,3
0.337189966387345,0.0817578252341384,1,3
0.321269149709439,0.0696251284388276,1,3
0.3405095661149335,0.0302792663565893,1,3
-0.0816637742401218,0.0302792663565893,1,3
-0.0399261043769212,0.0665100906506898,1,3
0.0071163752900553,0.0921656375652896,0,3
0.0505241713960619,0.0964768619793945,0,3
0.0633094437836816,0.0673237575541374,0,3
0.0707913856187581,0.0915448146595387,0,3
0.0506530812945351,0.0936181159925697,0,3
0.0131520318306922,0.0554806239455312,0,3
0.040603864519474,0.0437538257410664,0,3
0.0515496941946354,0.0694201643860338,0,3
0.2075696733013041,0.0694201643860338,0,3
0.2210410453078901,0.0937107480938786,0,3
0.2286624187950279,0.1159292124800201,1,3
0.2352298896031309,0.1390632173781422,1,3
0.2795706767323528,0.1621194752397759,1,3
0.2802974350475407,0.1674713392793818,1,3
0.2365881114601433,0.1571946836766684,1,3
0.1920822508687337,0.1785187152295839,1,3
0.1667212679614161,0.1334336753843628,1,3
0.1837425730396018,0.1014253421417593,1,3
-0.0195704327224511,0.1014253421417593,1,3
0.0183000907427212,0.0551641611409052,1,3
0.0581083219215126,0.0321964307013314,1,3
0.0438764859631234,0.0381406652069603,1,3
0.0800749838214686,0.0735545375967068,1,3
0.0997592787941015,0.0828141600900808,1,3
0.1358841155030984,0.0424874576646336,1,3
0.1351868529431901,0.0685399831116568,1,3
0.1839426821764345,0.0194459338094602,1,3
0.1832150228633372,0.0666103135641338,1,3
0.1467891029516452,0.0864563213190171,1,3
-0.0305109185682108,0.0864563213190171,1,3
0.0071091702054034,0.0474126675081162,1,3
0.0283997417508226,0.0488602815150564,0,3
0.0638470694350602,0.0886878689044752,0,3
0.0874004582252636,0.1321380371061772,0,3
0.0628034929199904,0.1391170273874807,0,3
0.0712735616958858,0.1412622580232017,0,3
0.0703105877855768,0.1097892280246975,0,3
0.0470862921974342,0.1057565109264937,0,3
0.0509610706532768,0.0800471570123766,0,3
0.197825111789804,0.0800471570123766,0,3
0.2407234302697882,0.0592049020644144,0,3
0.2618795334323918,0.0188943224147859,1,3
0.2808376468038944,0.0525324134755175,1,3
0.2413969688286525,0.0352552832184133,1,3
-0.0670922005785241,0.0352552832184133,1,3
-0.0312838668843669,0.0463036876134159,1,3
0.0062231132625715,0.0496560254142627,0,3
0.0494477702547141,0.0700381209982339,0,3
0.1750522111838788,0.0700381209982339,0,3
0.1616863772324712,0.1114478900516118,0,3
0.1524919765343286,0.1463612711136392,1,3
0.1574143471274074,0.1644256308538763,1,3
0.1793251205546885,0.1932616150614788,1,3
0.2145717995838093,0.1872619362421598,1,3
0.2315394209574849,0.167971607871445,1,3
0.2780623403802749,0.2022652733087269,1,3
0.3038055334921595,0.2045532742353441,1,3
0.258945172834624,0.2145297548913208,1,3
0.2716575054074398,0.1877367691846286,1,3
0.3043962128987663,0.1785183869408382,1,3
0.2661744959076677,0.1563220953338132,1,3
0.3017276932241639,0.1390798451733433,1,3
0.0035140345531953,0.1390798451733433,1,3
0.0399708516335389,0.1419356953554867,1,3
0.0551264862183948,0.1537200816988712,0,3
0.0572158377753774,0.1350330393713857,0,3
0.0563525226146172,0.170875112585977,0,3
0.3054761190188764,0.170875112585977,0,3
0.2876684166660645,0.1346168825060646,0,3
0.2888179677133614,0.1418931919245321,1,3
0.3331247537386251,0.1436452473103021,1,3
0.2847231716160471,0.1385589219762127,1,3
0.2860363620263694,0.1738037160941962,1,3
0.0537375700972705,0.1738037160941962,1,3
0.0800635811185069,0.1755203421434917,1,3
0.0627472692245924,0.1493502482431848,0,3
0.2948767012018715,0.1493502482431848,0,3
0.2921159422994154,0.1711805404021712,0,3
0.337254087455035,0.2010200497464077,1,3
0.2935921436287627,0.2089097148740272,1,3
0.2983118955837491,0.1895200312356419,1,3
0.3358776830214557,0.1553289627129291,1,3
0.3722289674626985,0.1910411927204789,1,3
0.351941337675679,0.1815791961746569,1,3
0.3475913907981505,0.2202860885395336,1,3
0.3388298864891256,0.2133007907713886,1,3
0.0795082798055945,0.2133007907713886,1,3
0.0926090355542647,0.2203313139647648,1,3
0.3233604375318339,0.2203313139647648,1,3
0.3709416496318778,0.2246992764607588,1,3
0.3248641625184692,0.2097316163895458,1,3
0.2965769978226545,0.2196901493434324,1,3
0.2863480612818943,0.1984843517459344,1,3
0.3173921957396555,0.1732597954670734,1,3
0.0372760737061321,0.1732597954670734,1,3
0.0559265910568486,0.1507858228861907,1,3
0.2989881488988881,0.1507858228861907,1,3
0.3320707952514805,0.1902137972224949,1,3
0.3130873086683489,0.2180575442468427,1,3
0.0803741715533793,0.2180575442468427,1,3
0.0484686706320044,0.2140531131066523,1,3
0.0940378938072117,0.2587871691473017,0,3
0.1313197672152145,0.2207683621735958,0,3
0.3194664795639064,0.2207683621735958,0,3
0.3545792500908612,0.2404933034061752,0,3
0.1220192287704328,0.2404933034061752,0,3
0.1160125615520734,0.1952914856486799,0,3
0.1097768424464528,0.1702940294917518,0,3
0.1275700040402233,0.1705496815352877,0,3
0.1335884545706946,0.2041136574498862,0,3
0.1058550948852046,0.2054474689053682,0,3
0.0921469954867384,0.1758000482181411,0,3
0.1310939479859492,0.1259745665043749,0,3
0.1070038827165136,0.128716124507348,0,3
0.1249835433182947,0.1125870527082508,0,3
0.1175338655471177,0.0857561647133371,1,3
0.0926801424232356,0.0673985673719846,1,3
0.1329835749266807,0.0678075543433734,1,3
0.1462680102717729,0.064803246968632,1,3
0.1931280263381891,0.0353131707942807,1,3
0.2162302379546888,0.0628602579499559,1,3
0.241038894577012,0.0817627053015296,1,3
0.2222920034159577,0.0657759196329593,1,3
0.187386637486488,0.0955231570759345,1,3
-0.0505140975293288,0.0955231570759345,1,3
-0.0151210450049557,0.0570680975193412,1,3
-0.0016348162921679,0.0183079070099886,0,3
0.158092288206216,0.0183079070099886,0,3
0.1589124156206977,0.0388757581166929,0,3
0.1511972596506958,0.0539778938527089,1,3
-0.0941528140495862,0.0539778938527089,1,3
-0.0697101098338898,0.0608116210135817,1,3
-0.0489441721373836,0.1076879929726861,0,3
0.2152279984660301,0.1076879929726861,0,3
0.2543786844682832,0.1177565330652452,0,3
0.2530503677459245,0.0956138696091076,1,3
0.2786258365236652,0.0649557819738986,1,3
0.2560830067657814,0.0946605133937822,1,3
0.2081689399362526,0.138733405687676,1,3
0.1877049099465487,0.1536494174155541,1,3
0.0517407043540236,0.1536494174155541,1,3
0.0995587513055288,0.1630979072145267,1,3
0.1308949223768449,0.2072857833299419,0,3
0.0966156551764676,0.1718821367312961,0,3
0.0911812364222119,0.1893304443224435,0,3
0.1067358691957992,0.1506725308842107,0,3
0.0774246415643626,0.1849210420323578,0,3
0.0530438125673272,0.1599329842765931,0,3
0.0940911239439561,0.1104561528567921,0,3
0.2172399315570996,0.1104561528567921,0,3
0.1953641204900348,0.1125133589906828,0,3
0.2136059961465548,0.0953960381636786,1,3
0.1667356604431758,0.1288453517154494,1,3
0.2063516364960172,0.1095237921746897,1,3
0.1706923707177075,0.1294012932101579,1,3
0.1339773207088031,0.1205664185582202,1,3
0.1636855029216429,0.091220172864113,1,3
0.1823331475961099,0.127125708418566,1,3
0.022443691427696,0.127125708418566,1,3
0.061378498622255,0.1717229464043813,1,3
0.0452697053331173,0.1273138797066708,0,3
0.0552255246137635,0.1499563322465534,0,3
0.0180968146236984,0.1866944603845272,0,3
0.0441054150559461,0.1759158167591519,0,3
0.0568355730845787,0.223413701233142,0,3
0.333798026050337,0.223413701233142,0,3
0.3092497903586075,0.1835954621527934,0,3
0.2805510518936674,0.1503594454971624,1,3
0.2960998811842025,0.166298389601864,1,3
0.3409106397983326,0.2038001703947431,1,3
0.3188958671967423,0.2346523874170555,1,3
0.0982222347389694,0.2346523874170555,1,3
0.078678814599567,0.20722934807669,1,3
0.1060088507875581,0.2052403209428307,0,3
0.0776918011310157,0.2526049946707838,0,3
0.1052480584308993,0.2972944121209328,0,3
0.0812052731379284,0.3032597107720112,0,3
0.0419670534835379,0.2849503717978675,0,3
0.0565676067210145,0.2907645648456586,0,3
0.0352824735418537,0.337871839493112,0,3
0.0476382843311756,0.334455965835339,0,3
0.4445448871069952,0.334455965835339,0,3
0.4021514146259745,0.3775821884768562,0,3
0.2267222957220286,0.3775821884768562,0,3
0.2621975194472789,0.3557798008968701,0,3
0.3118595140793404,0.3303398106240172,0,3
0.284087144326179,0.2896867057701205,0,3
0.302389252157197,0.2748710271184914,0,3
0.3454982527756751,0.3051301768096525,0,3
0.3135278216558104,0.347131875741073,0,3
0.3303251589611652,0.367842316370866,0,3
0.2943796848746583,0.3460287112639619,0,3
0.2820578378480469,0.3124221259957084,0,3
0.3065274492973519,0.263598872337396,0,3
0.2695769870708355,0.2660338836866082,0,3
0.2866562957917654,0.234547372034977,1,3
0.2867972562322814,0.2566583042365482,1,3
0.2872160745394327,0.2136499025777396,1,3
0.2626551500611492,0.2393595119399304,1,3
0.2290419374796883,0.2156876055525053,1,3
0.0806075483494665,0.2156876055525053,1,3
0.1060080428374425,0.2447195964273861,1,3
0.0898002770117906,0.2653522036955741,0,3
0.0408082335340241,0.2674460846099364,0,3
0.0529063959023993,0.2413907519416034,0,3
0.0869074176463446,0.2335922997740557,0,3
0.0528540573968018,0.2665757081750693,0,3
0.0305723582272173,0.2631055466205401,0,3
0.0524664332217482,0.2326135025687619,0,3
0.0591965992808439,0.2244508184157631,0,3
0.3664499890530426,0.2244508184157631,0,3
0.3772924889820459,0.2348085317235091,0,3
0.4048893008474636,0.2787609672573282,1,3
0.4517286713260748,0.2625882647046963,1,3
0.4337885143830174,0.308075893494014,1,3
0.1556736483574005,0.308075893494014,1,3
0.1987368551455778,0.3562851360696085,1,3
0.2476081280109767,0.3799156627603268,0,3
0.2436940416768861,0.3546358703205928,0,3
0.2421357335591574,0.4029195972076939,0,3
0.2034830878554736,0.3623682537853835,0,3
0.4871458294620422,0.3623682537853835,0,3
0.4430749896358036,0.3272399484095349,0,3
0.4581437457625735,0.2927561606439518,1,3
0.4472469640580963,0.3305865474306633,1,3
0.4694437099549932,0.3412251095621076,1,3
0.4879631608470626,0.299125707040953,1,3
0.48265284486566,0.2898722031739875,1,3
0.4502051288731588,0.2854092698090957,1,3
0.1553710998912071,0.2854092698090957,1,3
0.1498818570711902,0.2648268503485217,1,3
0.1883516705438623,0.2550283991770451,0,3
0.1543238398999516,0.2108543594486438,0,3
0.3407454189358632,0.2108543594486438,0,3
0.3175057248926075,0.1864972941996939,0,3
0.3119083352175998,0.192311923498627,1,3
0.0614840785308979,0.192311923498627,1,3
0.0259357945715685,0.1743735370972012,1,3
0.0758024591362741,0.1781500359326571,0,3
0.0784409091612417,0.2111816913494733,0,3
0.0767544129311326,0.1615043410341629,0,3
0.3058877836952566,0.1615043410341629,0,3
0.3170286845818432,0.1727006798441662,0,3
0.302400963715393,0.1264302408440815,1,3
0.3295859609471096,0.0886068372812957,1,3
0.3680579530981561,0.1101116682651507,1,3
0.3634087897229385,0.0922337763492634,1,3
0.3974438866558514,0.1071089655822856,1,3
0.433381499313952,0.145522386268047,1,3
0.4474674876637852,0.1098865943494363,1,3
-0.0254080284013497,0.1098865943494363,1,3
0.00883797528656,0.1589171066054461,1,3
0.0241926424815169,0.1589467114904613,0,3
0.0519945375508039,0.1789248176907029,0,3
0.036429315445117,0.177285460917393,0,3
0.0843796738419965,0.1558904919763865,0,3
0.2577962128079482,0.1558904919763865,0,3
0.3073011478485079,0.172326726400779,0,3
0.2678685112433315,0.1887409000345105,1,3
0.3174102841988117,0.158693034513087,1,3
0.3169777130714709,0.1508750561438517,1,3
0.3442841628825198,0.1961413831880347,1,3
0.0827929551856269,0.1961413831880347,1,3
0.0525671864676435,0.1652635985385228,1,3
0.0127948684065043,0.1518033623755841,0,3
0.0168856624622771,0.1176754148696375,0,3
0.041850567649803,0.0697229983166851,0,3
0.0511184497059683,0.0459448497000831,0,3
0.0619719116520602,0.055163099623567,0,3
0.1068095012088765,0.0889611057973936,1,3
0.064489854501253,0.1198513446669517,1,3
0.0685179020693853,0.0748738704917209,1,3
0.0882121794705881,0.0428171815508885,1,3
0.1179320282791054,0.0789761998636958,1,3
0.1206203524887734,0.0659206295374059,1,3
0.0731846378721868,0.0422865001704272,1,3
0.1230620733287312,0.0643501741383608,1,3
0.1061652646491216,0.0593507323353285,1,3
0.1412436735858565,0.0206725432254313,1,3
0.1696988435880629,0.0430547440722817,1,3
0.1801953042319204,0.0597225161808655,1,3
-0.079615482397571,0.0597225161808655,1,3
-0.0438876571223311,0.04130958679256,1,3
0.0055987476971456,0.0630368276143716,0,3
0.0286238277667468,0.038028909101426,0,3
0.0575464998199445,0.0803688908045185,0,3
0.0937798402395698,0.1180553702214593,0,3
0.2448578827492516,0.1180553702214593,0,3
0.2557803196896546,0.1086632282118986,0,3
-0.0061402822936265,0.1086632282118986,0,3
0.0322045388973545,0.1550193343248182,0,3
0.2587487347521966,0.1550193343248182,1,3
0.2207828525918149,0.1656893512315145,1,3
0.2195268871610173,0.1184491790582655,1,3
-0.0191341986776026,0.1184491790582655,1,3
0.0189231096325771,0.0754769567421536,1,3
0.0664912798338316,0.1044522771769887,0,3
0.084698605386672,0.0544593974652364,0,3
0.1080647056490052,0.0469219510271716,0,3
0.0980141262916004,0.094864127580127,1,3
0.1274827330254155,0.0601947151680832,1,3
-0.0585375840735195,0.0601947151680832,1,3
-0.0104514602899508,0.0337433474269908,1,3
0.0285064604009587,0.0822231113442611,0,3
0.0408523679016159,0.0771808745237325,0,3
0.0647484465607757,0.0846751119182914,0,3
0.0500791982465393,0.1272380825264953,0,3
0.0862736534351135,0.0880310926803647,0,3
0.0592416967874112,0.1320738843391374,0,3
0.0205069614525939,0.1230598751194934,0,3
0.0519271612554359,0.1168211472306533,0,3
0.2573447614011074,0.1168211472306533,0,3
0.253047856587127,0.1059315231712008,0,3
0.2881741039362137,0.0999057867555637,1,3
0.2942534384578484,0.1306850246019714,1,3
0.018975842860272,0.1306850246019714,1,3
0.0383561602361469,0.115664497606217,1,3
0.2594271019802386,0.115664497606217,1,3
0.2998301731739353,0.0914332125787178,1,3
0.3297021352458295,0.0758337921360653,1,3
-0.0562408445478519,0.0758337921360653,1,3
-0.0420727754390972,0.0694691496203402,1,3
-0.0081912603488183,0.0547214823817012,0,3
0.0310356064560532,0.068558435636468,0,3
0.0624171067604781,0.097666025520234,0,3
0.1076090058380472,0.0825028924862832,0,3
0.1332470810700161,0.0940201790139055,0,3
0.1589424841191999,0.0464207033969767,1,3
0.1583225311315487,0.0512401395223829,1,3
0.147856905385092,0.0814590599607447,1,3
0.1724690538889894,0.0731691787317411,1,3
0.1863005725117303,0.119558264837224,1,3
0.1764014928288479,0.0726035085589543,1,3
0.1934041306512512,0.0826229513754201,1,3
-0.0648563978930186,0.0826229513754201,1,3
-0.0605699165165249,0.081801456384413,1,3
-0.0310355902740849,0.0895751560922384,0,3
-0.0076708646962975,0.0513255865210865,0,3
0.0335371864508997,0.0317870795312224,0,3
0.0609981783107558,0.0349775860590904,0,3
0.0783873841416674,0.0561649876226247,1,3
0.086266550129527,0.0742163250721054,1,3
0.0844019463624925,0.0351343870851686,1,3
0.075611227859573,0.0597039238718522,1,3
0.1102912065438875,0.0707099514507604,1,3
0.0673982226205206,0.0428054382729943,1,3
0.0724338504692219,0.0611424014652075,1,3
0.0259795324579121,0.0579381454346333,1,3
0.0581825128559592,0.0351370228290879,1,3
0.0146675569990729,0.0570980146371311,1,3
0.0541706691947134,0.1068141653906343,0,3
0.0752274219215382,0.0667018489014698,0,3
0.1126045485708472,0.0244578649245269,1,3
0.1276872409549134,0.0625276807009095,1,3
0.1744136997431405,0.0442180846420143,1,3
0.1385478209287335,0.0684242100547079,1,3
0.1669459308460324,0.050224653659872,1,3
0.1899259327370006,0.0167196111869719,1,3
0.1418571496809063,0.0448375049960669,1,3
0.1013016929322312,0.0575958722958071,1,3
0.0995825537067936,0.0812448054006409,1,3
-0.0489507772929468,0.0812448054006409,1,3
-0.0016713331275034,0.0845408853765079,1,3
0.0072185387346301,0.0880116473806125,0,3
0.0223556167017229,0.050839736813099,0,3
0.0715748751594043,0.0764854264155147,0,3
0.0331400555906066,0.0628320855207801,0,3
0.0552488137286993,0.0989423740271209,0,3
0.2005737014509675,0.0989423740271209,0,3
0.1810723121924726,0.0919389466974883,0,3
0.1702742321739764,0.103158481928466,1,3
0.1711141237622255,0.1399418155060997,1,3
0.1628689561081371,0.1682489509052367,1,3
0.1169436544586881,0.1505948171408115,1,3
0.0878666326683638,0.1980174875103349,0,3
0.1038853473476607,0.2389215415433291,0,3
0.0791257843987309,0.2302933020781991,0,3
0.1094759280661479,0.1899109571254864,0,3
0.108680679805803,0.187972970095193,0,3
0.1025042375604762,0.2251872963281008,0,3
0.3554995251810843,0.2251872963281008,0,3
0.3929719590588152,0.2291132485741604,0,3
0.3939489835637837,0.2482617794365599,1,3
0.4146706885503733,0.2556389308326114,1,3
0.4200338778245353,0.2956504987445387,1,3
0.4285699595089691,0.3361096398287924,1,3
0.2089630269222251,0.3361096398287924,1,3
0.2539065981584371,0.3302041674382362,1,3
0.2070140142968115,0.345278639939635,0,3
0.1678235147625183,0.3221003673402634,0,3
0.2086631129155135,0.3271352135004466,0,3
0.4393658065037606,0.3271352135004466,0,3
0.4138944618318019,0.3267252517581877,0,3
0.4134410954110588,0.3134642799550796,1,3
0.3886309189650988,0.3616005660335992,1,3
0.4364834060892454,0.31205694563828,1,3
0.2031791915293581,0.31205694563828,1,3
0.2328525531544286,0.3038467737779272,1,3
0.2638482974143715,0.2643299235890259,1,3
0.2737860781140892,0.2805619711990135,0,3
0.2313508680063636,0.2370287861995454,0,3
0.2301871731861875,0.2789214792813111,0,3
0.2584780812628215,0.2608493030390455,0,3
0.2251084657620154,0.2277478833113294,0,3
0.2359922322630145,0.2107802495910636,0,3
0.250793659404344,0.2161063164340251,1,3
0.2254328506574559,0.1729615907785328,1,3
0.1779673678627499,0.1805925313107525,1,3
0.1397900996369867,0.1917813179462444,1,3
0.1595669723911757,0.220671360530398,0,3
0.2053311970093334,0.2125380573106605,0,3
0.2211890486434916,0.1710773062813218,0,3
0.2102247541325025,0.1543389211778602,0,3
0.252347628919763,0.1985102527255466,1,3
0.2543537044715668,0.1733691868765867,1,3
0.292154135429344,0.2040251344501095,1,3
0.3360770682509769,0.2083294835904462,1,3
0.3269644016841491,0.2058623893969322,1,3
0.2984209354486634,0.1773876673077354,1,3
0.2931235925055767,0.2233021869384069,1,3
0.2846525327729605,0.2143762963837553,1,3
0.1011066269425477,0.2143762963837553,1,3
0.1453019221269919,0.2075498933635523,1,3
0.1172784583565814,0.1637486399507089,0,3
0.1606388057156236,0.2076568169988163,0,3
0.3130789180052379,0.2076568169988163,0,3
0.3402801114380789,0.2105919607918346,0,3
0.3672442827731335,0.2477275086913511,1,3
0.3438013003737029,0.2059064625135579,1,3
0.3122740603639329,0.1896923950790159,1,3
0.077461196753715,0.1896923950790159,1,3
0.0833924376495981,0.1791977658708593,1,3
0.1324731618525245,0.172360725475324,0,3
0.1138429803741619,0.1812286008077255,0,3
0.3058701838286586,0.1812286008077255,0,3
0.2682850002831907,0.163258439201289,0,3
0.3050265405724138,0.1859327430454531,1,3
0.2818434060469679,0.1778496575035433,1,3
0.3039659125806965,0.215228049317334,1,3
0.3507994030190123,0.2391015796017868,1,3
0.3626928728242105,0.2312531853761346,1,3
0.126728746843099,0.2312531853761346,1,3
0.0773206629159418,0.2784876604943225,1,3
0.0676595158715735,0.3022217285630393,0,3
0.4145173414528901,0.3022217285630393,0,3
0.3649576613828235,0.2748193426203412,0,3
0.3713174366481733,0.2787806099456683,1,3
0.3453812378034777,0.2725205018141832,1,3
0.1459147907060105,0.2725205018141832,1,3
0.1093456807698842,0.2270638351228959,1,3
0.129730038023008,0.1966168668111551,0,3
0.1672478608428272,0.2153041506019348,0,3
0.1268306858889934,0.231931288745574,0,3
0.1453901894975295,0.2024066407762808,0,3
0.1517177089229404,0.222831369201307,0,3
0.351896210902748,0.222831369201307,0,3
0.3784164047978492,0.2359277271926304,0,3
0.365896328422595,0.2488656753696191,1,3
0.4003973256081612,0.2383709569317379,1,3
0.3952469093833947,0.2606323873248052,1,3
0.4427835089767968,0.2333381044566412,1,3
0.4253852713373605,0.2362119063559608,1,3
0.4723542650819592,0.2216721885322085,1,3
0.4958305401181375,0.1999499055763871,1,3
0.0735924837948772,0.1999499055763871,1,3
0.0399553580229768,0.1697179357931746,1,3
0.0546515512630523,0.2065651756682723,0,3
0.0854443630053916,0.2354098883574072,0,3
0.0494315269633407,0.2379998843758175,0,3
0.060256623319292,0.2115764954617919,0,3
0.1065864778737852,0.1982593182250961,0,3
0.1196984076519276,0.1732695213723119,0,3
0.0746533259670222,0.1748103192251541,0,3
0.2880947040747664,0.1748103192251541,0,3
0.3291677754769939,0.1448044045014754,0,3
0.0435286727987382,0.1448044045014754,0,3
0.0795722207114675,0.0993173718115012,0,3
0.0331728909540921,0.076647844671913,0,3
0.0379530089126397,0.0300262600963291,0,3
0.084453712609211,0.0573152883817661,0,3
0.1002736145464878,0.0972574298110016,1,3
0.1307275873749686,0.0560605527914597,1,3
0.1454130190855298,0.0335852614187741,1,3
0.1230743823503618,0.0616914376864779,1,3
0.1214201599688265,0.0665092705145204,1,3
-0.0499636965567797,0.0665092705145204,1,3
-0.0390091451160125,0.1066556833943728,1,3
0.001951512821136,0.1315638632829509,0,3
0.0075820442632757,0.1059044928283212,0,3
0.0398731550822868,0.0973897507292841,0,3
0.0685998871784793,0.124072743992605,0,3
0.2349636907497234,0.124072743992605,0,3
0.263809919493441,0.0815493765237308,0,3
0.2637621564254744,0.0444742956829138,1,3
0.302481629431319,0.0548370359739086,1,3
0.3263618716217801,0.0212255277400544,1,3
0.3159204830237129,0.0588578768878863,1,3
-0.047692467490304,0.0588578768878863,1,3
-0.0161226658684661,0.0235025968702122,1,3
0.0051098866363752,0.0360063704683776,0,3
0.0318871665697784,0.0487860156073057,0,3
0.0656409601047856,0.0814012961314786,0,3
0.2270380103206594,0.0814012961314786,0,3
0.2054170311940595,0.0373255814506161,0,3
0.1746548175113738,0.0748759095308591,1,3
0.1857879926398169,0.0512738102954035,1,3
-0.0518989789198759,0.0512738102954035,1,3
-0.0319130898310984,0.0144820383729279,1,3
0.0146626982761713,0.0209854074020513,0,3
0.1521725300381156,0.0209854074020513,0,3
0.1411354264087229,0.0324161183328604,0,3
0.1443107942824686,0.0475517860618435,1,3
0.1078270802382422,0.0659710804435789,1,3
0.0863010455063848,0.0446889214307118,1,3
0.0437067053097172,0.0626741649626846,1,3
0.0930793884141037,0.0898586487736958,1,3
0.0433793127761129,0.1213780830791963,1,3
0.0795205327851895,0.1373830401829766,0,3
0.0498107105105274,0.1178780466946474,0,3
0.0799606294249712,0.1070336264318738,0,3
0.0833973095789812,0.0828131668766778,0,3
0.0423896371779442,0.0873687921523659,0,3
0.0700210805706187,0.0887776161417087,0,3
0.1168977715845694,0.0419528800252755,0,3
0.1198555649763686,0.0773370517605154,1,3
0.0822726776049511,0.1258022561224526,0,3
0.1234349299576417,0.1523647305019898,0,3
0.108366766559334,0.1660615323162253,0,3
0.1020958974544416,0.1631627827000658,0,3
0.0687787199612447,0.1239156152425871,0,3
0.0680324143034421,0.1306778431289316,0,3
0.1147286901772366,0.1326644179323275,0,3
0.1355504852388147,0.1297054325239238,0,3
0.1319229515419179,0.1623759653590097,0,3
0.1116122758684221,0.1650304541448674,0,3
0.149410596785917,0.1926276076163417,0,3
0.1710505976004157,0.2294888976904943,0,3
0.2097003955339788,0.2775979793617736,0,3
0.1726227861976502,0.3241809102843122,0,3
0.194343965066546,0.3188214895766911,0,3
0.200723308214074,0.2881953939163553,0,3
0.1912037713284496,0.3305806505817247,0,3
0.2137254433654884,0.323502720952565,0,3
0.4329759899553978,0.323502720952565,0,3
0.4419609890267904,0.2932232283707606,0,3
0.4587885612583396,0.2922179579897844,1,3
0.4616560192069293,0.2865921622224233,1,3
0.4321013970171737,0.3359314795029551,1,3
0.2214789442902213,0.3359314795029551,1,3
0.1733071317929529,0.3310340148905477,1,3
0.2025615977310147,0.3198742219954965,0,3
0.4260080640488614,0.3198742219954965,0,3
0.3860692142242825,0.3167917047203149,0,3
0.3985370680348987,0.3564044909642377,1,3
0.3488090098390933,0.3079438101425321,1,3
0.3933491468234463,0.347260356981537,1,3
0.3750277035234464,0.3744196289953548,1,3
0.3526773093356895,0.3378078850416934,1,3
0.306338968525603,0.3838930080150457,1,3
0.2651943304564907,0.4071428328502092,1,3
0.3012446181775889,0.4023067282996382,0,3
0.2954751426066357,0.4103800054984857,0,3
0.3075418149661059,0.4535726128587311,0,3
0.343956515123392,0.4445686864014374,0,3
0.3195029610738399,0.4782288823486166,0,3
0.2901650992985961,0.5267465891753587,0,3
0.2836794191043662,0.5457108702645607,0,3
0.2836375978840489,0.5148893731662576,0,3
0.6033008872382946,0.5148893731662576,0,3
0.5965960710073286,0.5597558829441889,0,3
0.5987822719791569,0.569362488157677,1,3
0.4019786136568763,0.569362488157677,1,3
0.4504900255382993,0.5631044380526885,1,3
0.4029814020616014,0.5823446300776023,0,3
0.3818874639595218,0.5836596953447978,0,3
0.3737730142322114,0.6142554284742344,0,3
0.4151062438420123,0.5745032347049686,0,3
0.3878037008489062,0.5852980711744418,0,3
0.4280626202224848,0.5748915947121873,0,3
0.4034246541834255,0.6086085010132826,0,3
0.706741177814263,0.6086085010132826,0,3
0.7215001343211799,0.613743488961454,0,3
0.4589125387961844,0.613743488961454,0,3
0.4110755009080111,0.6370401863260947,0,3
0.4045742680714861,0.6228957846061922,0,3
0.3686195380365864,0.6127082449275826,0,3
0.3955861913575662,0.6185797213253509,0,3
0.3920056867462694,0.6495882949666321,0,3
0.3777551564389871,0.6362091028416591,0,3
0.3673650775920626,0.6287818962838684,0,3
0.7099145298394839,0.6287818962838684,0,3
0.7059492559060968,0.5915050072704555,0,3
0.7337504702718518,0.5444751369341595,1,3
0.7429405903907995,0.5457340139131209,1,3
0.718371893933845,0.5711659664569516,1,3
0.7163853241735704,0.6172035543410663,1,3
0.723261802168665,0.5944850947115683,1,3
0.4241755631900294,0.5944850947115683,1,3
0.3878333241454321,0.5816936649600939,1,3
0.3777737860605022,0.6089705797327278,0,3
0.4132128248255662,0.642433757315231,0,3
0.4049164303454637,0.665058368168678,0,3
0.4035339918443972,0.6657344912194886,0,3
0.3857102530970041,0.6300685743107617,0,3
0.7298156260658438,0.6300685743107617,0,3
0.7358825048000489,0.6566169794953263,0,3
0.7043791000041493,0.6348818409144104,1,3
0.6673275859627449,0.6820486487743648,1,3
0.6681763220606974,0.6797452895660735,1,3
0.6403489744577501,0.6568410884999648,1,3
0.6786732789125534,0.629908961694967,1,3
0.7019940819510604,0.5959326281294706,1,3
0.7304920711335904,0.6115274436315367,1,3
0.4392383238202552,0.6115274436315367,1,3
0.3928877131646474,0.5895115667875197,1,3
0.346794752588125,0.6354909269021405,0,3
0.7227456411020889,0.6354909269021405,0,3
0.6920315651837636,0.6254248877498179,0,3
0.6657192010565771,0.5879455647753125,1,3
0.4469122586036358,0.5879455647753125,1,3
0.4190196339564065,0.5921165899001773,1,3
0.3777004553799624,0.6249862858712043,0,3
0.4161833843146559,0.673972973670295,0,3
0.4173740007884428,0.651018800340827,0,3
0.4555970763549556,0.656914033203864,0,3
0.4064377189812605,0.692445774746714,0,3
0.4114468387151226,0.7128930508063821,0,3
0.7566400943355034,0.7128930508063821,0,3
0.7237117910662344,0.760946415976623,0,3
0.7459434010070288,0.7258645160705244,1,3
0.7433292301204296,0.7279662062985035,1,3
0.7591010380961765,0.7736473291693822,1,3
0.7621939928098838,0.7818822786602869,1,3
0.7940914118800518,0.7365218223963169,1,3
0.5640352037390988,0.7365218223963169,1,3
0.5174297191001243,0.7748256984653716,1,3
0.5603572377519462,0.7583877817933847,0,3
0.5837984086699687,0.8025861592533952,0,3
0.5416681255880835,0.7768284636945104,0,3
0.5468171947807635,0.7422670360320159,0,3
0.8224690794950643,0.7422670360320159,0,3
0.7899436939066433,0.733459945151894,0,3
0.7705549305036252,0.710663647986929,1,3
0.7350088999086755,0.711495868896797,1,3
0.7131922089395166,0.7419252261611478,1,3
0.7058998618751312,0.7030443943711635,1,3
0.5455432780620475,0.7030443943711635,1,3
0.5567758785215225,0.6616675874089251,1,3
0.5080122012107217,0.7081620736270627,0,3
0.5346269819403424,0.6948394176622972,0,3
0.5703916654156962,0.6814373079525113,0,3
0.760391931217213,0.6814373079525113,0,3
0.7126798436190285,0.6436159156687161,0,3
0.7198713472567569,0.6023397902892519,1,3
0.463240887833133,0.6023397902892519,1,3
0.4612242864148703,0.6119155810632568,1,3
0.4960517177891995,0.6360161513692189,0,3
0.5365676739492697,0.638917184069603,0,3
0.5497010957576974,0.6239690140688608,0,3
0.5906091949764248,0.6343360381902541,0,3
0.5661438075616658,0.6473374037273727,0,3
0.5656332958948007,0.6779136349430569,0,3
0.5741429240904781,0.6658648223082118,0,3
0.5987547020379084,0.6504375685403518,0,3
0.7101137685195887,0.6504375685403518,0,3
0.6911564729126537,0.6028658476059621,0,3
0.6881767029857031,0.6242819065573749,1,3
0.6631809457600352,0.6049293723152382,1,3
0.6961598893889626,0.5631640022057575,1,3
0.6879281852371842,0.5808712858170179,1,3
0.4412192355193477,0.5808712858170179,1,3
0.4535611237668163,0.5924457376600655,1,3
0.4640645353921133,0.553033521949749,0,3
0.4779350967012422,0.5335820211110609,0,3
0.4443285297574219,0.5693107808723722,0,3
0.4275918926481507,0.6140679420297345,0,3
0.43873108957406,0.6185381403443753,0,3
0.4105439342181063,0.5756609941155785,0,3
0.4212516015482379,0.5596317786854375,0,3
0.4293785003231297,0.5469358167683095,0,3
0.6216686649915792,0.5469358167683095,0,3
0.5884768700841174,0.5928561469757924,0,3
0.4177471210195346,0.5928561469757924,0,3
0.4123947360258402,0.5830083144790874,0,3
0.3812847418378405,0.624696493537108,0,3
0.3707824599354734,0.581457554976247,0,3
0.4184550499163397,0.5375190395025318,0,3
0.3743192533584563,0.5139114751885543,0,3
0.3306107394907994,0.5050655272735791,0,3
0.2929656908144881,0.5016789124024595,0,3
0.5826683385837218,0.5016789124024595,0,3
0.5932984103072552,0.518175651839616,0,3
0.5667032134776162,0.4741665820075451,1,3
0.5795713668062482,0.5027523478714224,1,3
0.6021991798584275,0.5200337783054467,1,3
0.558055331024612,0.537326566794422,1,3
0.5312095751560059,0.5705166715208796,1,3
0.4856002136313312,0.5448269931320368,1,3
0.5122229726658913,0.5811804295785221,0,3
0.5584059356501921,0.538859818584568,0,3
0.5233733662798361,0.5886772777277677,0,3
0.5042221422643602,0.5745662634791495,0,3
0.4829023023480472,0.5682532562231536,0,3
0.5177330662710883,0.5882227132586128,0,3
0.4865180483252261,0.6141504750318328,0,3
0.5232987510410743,0.5724888692615664,0,3
0.49297974684888,0.5389872835484538,0,3
0.4967871260294335,0.5684316559780377,0,3
0.5112718313175505,0.6088238893540918,0,3
0.7131867669861901,0.6088238893540918,0,3
0.6672312195232106,0.6414316058177575,0,3
0.6936710661531241,0.6569566347833349,1,3
0.7154538579285049,0.6370665842506061,1,3
0.6748574729151455,0.6849756654050425,1,3
0.7100581106233533,0.6761433669147471,1,3
0.5112833155227579,0.6761433669147471,1,3
0.5122018506969085,0.6404641986843154,1,3
0.4655513258352329,0.6642171969900255,0,3
0.4228525997121249,0.6284456079046878,0,3
0.3998087051824212,0.6064378779833107,0,3
0.690206510920683,0.6064378779833107,0,3
0.7200533433203531,0.648520783261566,0,3
0.6955969100049048,0.6027573007350211,1,3
0.7053393809112107,0.5542084782005388,1,3
0.3767590353532117,0.5542084782005388,1,3
0.3748383259293482,0.5844426050763231,1,3
0.4104692875824171,0.5674021621676006,0,3
0.3761953890258984,0.5224123156117544,0,3
0.3552316441848662,0.5418773664226902,0,3
0.3382108094963974,0.5225999061570261,0,3
0.3243071539253959,0.55105717838559,0,3
0.6531497402265091,0.55105717838559,0,3
0.6500621498179826,0.5272382537008065,0,3
0.6028473960885355,0.5167290277386045,1,3
0.6305577026615373,0.5102479174447819,1,3
0.387738115619919,0.5102479174447819,1,3
0.417425053258512,0.5547073194620485,1,3
0.3861874387614348,0.5837236934293918,0,3
0.3483759804760158,0.5717434594806702,0,3
0.3068859155289525,0.561672096202283,0,3
0.2688304339697481,0.5965903026983111,0,3
0.2347751450258036,0.5500339825140679,0,3
0.281708160403095,0.5376593167771925,0,3
0.2523806763515636,0.5627536464431762,0,3
0.6605919322878733,0.5627536464431762,0,3
0.6232416785925962,0.5313263959142944,0,3
0.6390873339321403,0.4969291313790879,1,3
0.6463669684211306,0.4674721889658687,1,3
0.6056595714909333,0.477062484327947,1,3
0.3099448091509107,0.477062484327947,1,3
0.3542423955179024,0.4348895209607963,1,3
0.3244391590305502,0.4772527256656315,0,3
0.278098994545799,0.4442041962711288,0,3
0.2400197340495941,0.4852476808071978,0,3
0.2041223462362151,0.4571733427645821,0,3
0.1705507714488195,0.4597546617322044,0,3
0.1337061334132398,0.481439695078408,0,3
0.0903200608814898,0.4777718842839285,0,3
0.6084373662986594,0.4777718842839285,0,3
0.6574583341718424,0.4557743982344328,0,3
0.3082771886648253,0.4557743982344328,0,3
0.2905301177931192,0.4489133434245313,0,3
0.2885632245899592,0.4162461238863377,0,3
0.3159465457886034,0.4385264322447677,0,3
0.3140357335275875,0.4313318556259352,0,3
0.2719228194760851,0.3974634256352911,0,3
0.2639348564275249,0.374352276626254,0,3
0.2669055153811405,0.3712373856288539,0,3
0.4739920721539689,0.3712373856288539,0,3
0.4375173717031388,0.4205803696672361,0,3
0.2859979784335605,0.4205803696672361,0,3
0.3037315624055031,0.4122596791004115,0,3
0.3081743317289576,0.3979698571031523,0,3
0.3418296369445331,0.391851368020803,0,3
0.3790432892140779,0.3916261311051571,0,3
0.3624830839570819,0.3903520102236739,0,3
0.341704586218912,0.4290898598561417,0,3
0.3465146164710347,0.4014078284760403,0,3
0.301320880336008,0.3777012999277812,0,3
0.4758644241319158,0.3777012999277812,0,3
0.4597158747393259,0.3293675456461302,0,3
0.4817512548005203,0.3486685223926841,1,3
0.459114552795993,0.348845202433744,1,3
0.4599423790982964,0.3139821250308969,1,3
0.4713557234045674,0.3561267618635731,1,3
0.5196642183380051,0.3342520702335336,1,3
0.5398759350009532,0.2899354505216343,1,3
0.1820247735583529,0.2899354505216343,1,3
0.157392521328736,0.2757395219139602,1,3
0.1889167910924317,0.2741892360960487,0,3
0.2030484992499612,0.2508253891473366,0,3
0.1570040401036601,0.2397919034046478,0,3
0.3702559588926111,0.2397919034046478,0,3
0.4031197630228527,0.2488993089233256,0,3
0.4227841556891154,0.2798397517161315,1,3
0.4213350865100729,0.2946789510129329,1,3
0.1691975154376734,0.2946789510129329,1,3
0.1431804637727226,0.2863854203311992,1,3
0.1567408971631162,0.3319052182658919,0,3
0.1440273023371864,0.2950402206382722,0,3
0.145304633130136,0.2743495839312139,0,3
0.1352249760692045,0.2682634601951273,0,3
0.4084046275403799,0.2682634601951273,0,3
0.3637587197164386,0.287382091199733,0,3
0.3950277942895693,0.3219075801520729,1,3
0.2053481226558942,0.3219075801520729,1,3
0.208459306469338,0.3683978469900044,1,3
0.2196241073268642,0.3622893245524475,0,3
0.2644292092463546,0.3338532477044316,0,3
0.2303508638892018,0.3558906686903467,0,3
0.209186345956742,0.3091451279499214,0,3
0.2350396887212186,0.2650146113216226,0,3
0.2606698562178556,0.2390840165926973,0,3
0.2571158305960088,0.2553436806433824,0,3
0.2406791506580564,0.2578804335441619,0,3
0.2354788971624536,0.221667965085711,1,3
0.208760847871995,0.1981250343978252,1,3
0.1643423711467278,0.1632857880543067,1,3
0.1299115583748657,0.1746127239831522,1,3
0.1442326989396926,0.196394114688643,1,3
0.1459168411892834,0.215710451333269,0,3
0.1505850361563437,0.2403853261576907,0,3
0.1636816421648793,0.2266428365083487,0,3
0.2098645764323957,0.2520282929209741,0,3
0.2500124643427495,0.2477457643383382,0,3
0.2055525782644626,0.2631339241681926,0,3
0.1587830958222919,0.2976849694541251,0,3
0.1392210540208354,0.299965057291168,0,3
0.1008454277429208,0.3074574747376005,0,3
0.0943464168218476,0.3370867761277449,0,3
0.1306440417336354,0.3473175317043567,0,3
0.1577068138382936,0.3436054340587673,0,3
0.1809284385305761,0.3123080048033093,0,3
0.2181176657004517,0.2768319885066668,0,3
0.4166965653490861,0.2768319885066668,0,3
0.4538071825252413,0.233414766571662,0,3
0.4073544561618916,0.1846192935788601,1,3
0.3578292325979617,0.1548819516521203,1,3
0.3465730013598069,0.2029126786116454,1,3
0.307045605315545,0.2145319137299488,1,3
0.3347406592262253,0.185567889862678,1,3
0.2994968874670246,0.1637272180404561,1,3
0.0525683728469332,0.1637272180404561,1,3
0.049202869027837,0.1618599611520687,1,3
0.0652133446947033,0.1588362803724104,0,3
0.0458434738175355,0.1776594459110791,0,3
0.0787117905340814,0.1648629940884526,0,3
0.0775444073835424,0.2088090161120477,0,3
0.0729812873594889,0.1749784092627838,0,3
0.048688178715147,0.161934737544438,0,3
0.0617489159310047,0.1280192172340606,0,3
0.2476936073995248,0.1280192172340606,0,3
0.2668479460669959,0.1770135456282581,0,3
0.3030360135890015,0.1589456634547491,1,3
0.2626396341075621,0.1436380731421152,1,3
0.0330691095068359,0.1436380731421152,1,3
0.079676953656678,0.190188307539507,1,3
0.0877616025168235,0.1510628310592802,0,3
0.0422217639833953,0.1880393986920421,0,3
0.0912503151769507,0.1726449530433406,0,3
0.132558493466714,0.165226061728411,0,3
0.1471393800525182,0.1422727838813046,0,3
0.1018078002416463,0.143598600243926,0,3
0.0995689473718977,0.1266674821778232,0,3
0.1271818903787094,0.0804857352020291,0,3
0.1619264438930622,0.1126298158456258,1,3
0.1665764068715505,0.117427846026467,1,3
0.1259785119950351,0.1442055993754838,1,3
0.1474365062130374,0.142184903066749,1,3
0.144795226285116,0.1642979410107677,1,3
0.1525930725144168,0.1630174698462675,0,3
0.1709901648684039,0.1870206035585613,0,3
0.2084613297054695,0.1853432772681031,0,3
0.203453732009762,0.1676244847573605,0,3
0.2226941531004626,0.1580916630576327,1,3
0.1751366534900556,0.1520124994039141,1,3
0.1803647586601229,0.1738075275382218,1,3
0.2076834345244582,0.201475629655407,1,3
0.1709199086854224,0.1959860171536409,1,3
0.1805731870198421,0.1669150069020382,1,3
0.2008997148009586,0.1327223249963999,1,3
0.2369470108545723,0.1032001674180212,1,3
0.2688666057683121,0.0937496086022745,1,3
0.2539413124966085,0.0853919640509073,1,3
0.2827758295133727,0.0568839942991426,1,3
0.3227564096230881,0.0282500953711599,1,3
0.3408508507504713,0.0294844114605275,1,3
0.3084538251483578,0.047555286247358,1,3
0.2812933290604406,0.0914729372954414,1,3
-0.0513685256942276,0.0914729372954414,1,3
-0.0063449294338212,0.0722818097273985,1,3
0.0322661176108842,0.079899353114387,0,3
0.079377472463564,0.1243923646125374,0,3
0.0447085749055492,0.123470573268126,0,3
0.0935376332801042,0.1232002731562056,0,3
0.116626444272016,0.1023219490729626,0,3
0.1192062279742303,0.0538663980107524,0,3
0.1067958118294073,0.0259931949528003,1,3
0.0592661070590834,0.0531464987440814,1,3
0.039784029233211,0.0944740733231687,1,3
0.0737155705300556,0.0801912217681377,1,3
0.0402604860991268,0.0561550288642006,0,3
0.0768760891988773,0.0734438442695832,0,3
0.1189186756519927,0.0601436963530184,0,3
0.073247057909436,0.0722887511038843,1,3
0.036385858190464,0.0838876654756585,1,3
0.0585417093646839,0.0582804310558719,1,3
0.0341724705705381,0.0328309354428938,1,3
0.0380366419971932,0.0691690800650607,1,3
0.0618258897765062,0.1006386694433332,0,3
0.0197815799297688,0.0775188340984739,0,3
0.0386886099915279,0.0981216186754654,0,3
0.0756602873112527,0.0612846099421771,0,3
0.0446111534215505,0.0545040760362634,0,3
0.0537433356776091,0.0152607152666231,0,3
0.0057803307718943,0.0274322779852355,0,3
0.0200802260248217,0.0470316277803018,0,3
0.0658524865329623,0.0574675551480813,0,3
0.0734116925396379,0.0196768089152953,1,3
0.0385092196938238,0.0467686266389586,0,3
0.0702907409952229,0.068936663673171,1,3
0.0981954765721796,0.1097951048228386,1,3
0.0551836230869139,0.0887132385279009,0,3
0.0383544282571258,0.0436724770528575,0,3
0.0562256368337351,0.0530453420298692,0,3
0.035075014300015,0.0446904254815464,0,3
0.0380156078060385,0.0457745964011009,0,3
0.0577519297820211,0.0735488228324605,0,3
0.0974409321604163,0.095194593338438,0,3
0.0861527960788158,0.0516498383400843,0,3
0.0945323728836597,0.0556896273459745,1,3
0.1421929804386425,0.0310089630721659,1,3
0.1018808067623456,0.049137008383963,1,3
0.1143616405185234,0.0759331944540067,1,3
0.0953717089883885,0.1211853900158728,1,3
0.0987411104256665,0.0849350944092371,1,3
0.1024085353196086,0.0956287012330166,1,3
0.0747495011333122,0.1290915442997728,1,3
0.1157732636312642,0.0852947322721298,1,3
0.0830378418483484,0.081762935880648,1,3
0.0686783140953966,0.0675741634240015,1,3
0.0676078169572746,0.0505850921498918,1,3
0.1100841722836234,0.0637433779521757,1,3
0.1387430462349515,0.1113172647725742,1,3
0.0897782318373666,0.064558482996001,1,3
0.0849419492313241,0.0227616266520671,1,3
0.0380516747068168,0.0274733559529776,1,3
0.0503378851340306,0.0460112312504198,1,3
-0.0921866486483156,0.0460112312504198,1,3
-0.0907116159540501,0.0533664727425154,1,3
-0.0407787154025604,0.0331043141060623,0,3
0.1588252260644853,0.0331043141060623,0,3
0.1604424673746026,0.0695378647852648,0,3
0.1356247416105478,0.0520717091949725,1,3
-0.0586790355799689,0.0520717091949725,1,3
-0.0520722200212427,0.0572385855299013,1,3
-0.037507726694741,0.0382721754159172,0,3
0.0049790919994134,0.0696074399509967,0,3
0.0349977553497943,0.0348920720275245,0,3
0.058062238618991,0.0775067749186722,0,3
0.0922126304179619,0.0333294733854128,0,3
0.0475372416188577,0.0691713429343788,0,3
0.0699335825253866,0.0360766487435709,1,3
0.0988471760167087,0.0732763630737548,1,3
0.063498632204644,0.0524841266734997,1,3
0.1048974667976422,0.018403436479261,1,3
0.0965989652511336,0.0226821490718404,1,3
0.1309086875905971,0.070347387380237,1,3
0.1182803995589909,0.0606512507528568,1,3
0.1342852082191878,0.0763624955555125,1,3
0.1374514629135611,0.1235535172974236,1,3
0.1005389838391992,0.169121007823889,1,3
0.1450077579640287,0.1730180282442324,1,3
0.1598941738316855,0.1419085126618463,1,3
0.2089594624463713,0.1110534726044403,1,3
0.1626600254753651,0.1211199429430036,1,3
0.1841816115349722,0.1537172629266197,1,3
0.1715693967756664,0.1112580789889709,1,3
0.1627889104039429,0.1444391545011171,1,3
0.1562153129611189,0.0987502068878266,1,3
0.1761974879110741,0.1436456159295825,1,3
0.2121075230784858,0.1015895941852166,1,3
0.21242045060453,0.1263442681859432,1,3
0.0093837059346013,0.1263442681859432,1,3
0.0098456379050326,0.0803985883396835,1,3
0.0310312621072633,0.0695594316258951,0,3
0.0469556227974196,0.0302276869749436,0,3
0.0820270957711465,0.0575521172860195,0,3
0.0863132723810322,0.087403784214258,0,3
0.0750409280319384,0.0897302288504162,0,3
0.0550003885067897,0.0704627458039847,0,3
0.0145210251865774,0.07531346974635,0,3
0.0537748403045578,0.1103144822199896,0,3
0.0443667729538066,0.0931168030929562,0,3
0.1977334327275314,0.0931168030929562,0,3
0.1549887767314594,0.1002344445220482,0,3
0.131673319265752,0.1404267636848175,0,3
0.1180038680045436,0.1777795474282835,0,3
0.0852071594380138,0.1608244733891505,0,3
0.1302060281690214,0.196080482641652,0,3
0.1395383198680964,0.2315089954212433,0,3
0.1858883127377313,0.2582726953986525,0,3
0.2067500705185055,0.2947703794863029,0,3
0.227670357866525,0.2707657076874902,0,3
0.3682006226126538,0.2707657076874902,0,3
0.3367391414393399,0.2604210238657556,0,3
0.3454430396148432,0.2279463132164425,1,3
0.3348407515063323,0.1874826325574606,1,3
0.3718076244217321,0.1782489912631845,1,3
0.3344547492955081,0.1318114421036337,1,3
0.3381101392461999,0.1082990990741886,1,3
0.3808180095994095,0.124874049457429,1,3
-0.0174349413661062,0.124874049457429,1,3
0.031468320254039,0.1400374587073465,1,3
0.0691915813818809,0.0940743564689557,0,3
0.0455054718584037,0.1055923349649913,0,3
0.0787545410529393,0.1260147034215049,0,3
0.076176228483268,0.1591522754880185,0,3
0.1004896410938426,0.133834793398482,0,3
0.0578035253687334,0.1706959461760581,0,3
0.2850167296045567,0.1706959461760581,0,3
0.2457600475580376,0.1991579754955822,0,3
0.2189545601106828,0.215293998182781,1,3
0.1104024127257136,0.215293998182781,1,3
0.0784478454358734,0.2255655637686295,1,3
0.0883210350734622,0.2394984821609758,0,3
0.3404734175325155,0.2394984821609758,0,3
0.3007243516390373,0.1919549941480879,0,3
0.2707334735194292,0.1852141963728123,1,3
0.3003863012730868,0.1917661896849108,1,3
0.3193859092948736,0.1661013963386471,1,3
0.3129073393641745,0.1561280867383743,1,3
0.2942725195204399,0.1377033805206503,1,3
0.307676359982506,0.1155052098000441,1,3
0.0041436641544924,0.1155052098000441,1,3
0.0090709234432015,0.1409032606004776,1,3
0.0344975926707162,0.1187775413118722,0,3
0.0608133356277952,0.0752044572459384,0,3
0.0494524728223161,0.1248918418318659,0,3
0.0592851932247937,0.1644010456394267,0,3
0.0516386019781809,0.1488712357158479,0,3
0.2649039888802095,0.1488712357158479,0,3
0.2904703858348191,0.1607575116338436,0,3
0.2655776206866209,0.1368868433664098,1,3
0.2573294783182042,0.1809308831371326,1,3
0.2819969833756716,0.1916748519221772,1,3
0.237317520189718,0.1425322558057215,1,3
0.23418704458394,0.1852273640698437,1,3
0.2797526921653323,0.1846922252692755,1,3
0.2329491739562992,0.1933169142068165,1,3
0.2299934313718308,0.2096447413756622,1,3
0.0584022543582473,0.2096447413756622,1,3
0.0293827224908145,0.2596342252959264,1,3
0.0497284908759308,0.275547735518512,0,3
0.4123472200114343,0.275547735518512,0,3
0.459022071636371,0.2801408704576284,0,3
0.1320426500368162,0.2801408704576284,0,3
0.1278910506595937,0.2697563064694092,0,3
0.1038104355042259,0.252568140214,0,3
0.1519592935933558,0.2684209057552983,0,3
0.1664552161911031,0.2895071022822493,0,3
0.1554086784195375,0.2720079550641163,0,3
0.1119707443453012,0.2960419762498504,0,3
0.1133362752239545,0.3106558661986983,0,3
0.0716314053242208,0.3115582623282606,0,3
0.4258769553036944,0.3115582623282606,0,3
0.4542131995674229,0.3518786657937091,0,3
0.4835829440906399,0.3224402593705738,1,3
0.5102102669847013,0.2903275785574262,1,3
0.4974829430053318,0.2862053858795341,1,3
0.5433979724861338,0.3348843479791986,1,3
0.5705858013139492,0.3834129332556908,1,3
0.2308118423801853,0.3834129332556908,1,3
0.2561057639364441,0.4154102685301439,1,3
0.2802325699458053,0.4211795849740662,0,3
0.2844624168269307,0.4099334817981226,0,3
0.2689795901509704,0.4434739555904355,0,3
0.232995230126511,0.4907814809504806,0,3
0.2000257395039322,0.4947946439130742,0,3
0.2440665979007387,0.493541542852481,0,3
0.2161674136708881,0.5123899889071667,0,3
0.2492773639440017,0.5193139802799457,0,3
0.635185786890367,0.5193139802799457,0,3
0.6071110270349791,0.5672988024333389,0,3
0.5909807837063861,0.5946508012140371,1,3
0.5663427913460963,0.5765142832046045,1,3
0.5728919172092922,0.6161675544513019,1,3
0.5581111152094557,0.5810317042705977,1,3
0.5213442268803982,0.5835764678598481,1,3
0.5676537722688152,0.6121740602664513,0,3
0.551817759000119,0.6060123439808386,0,3
0.5459714538050143,0.5870314008960328,0,3
0.5746095780676379,0.6039549038282089,0,3
0.5613658640508019,0.637461819252588,0,3
0.5941803992058521,0.6786658314151928,0,3
0.6119246381776312,0.7041787384840654,0,3
0.6405790704934771,0.6976947404090791,0,3
0.6433017524379449,0.6830756329502277,0,3
0.6168028115053118,0.6475089194733683,0,3
0.5776540674169788,0.6575275991994666,0,3
0.6118088265438714,0.7048312640285744,0,3
0.6100941203027879,0.7543612361152379,0,3
0.6196642565974093,0.7162039096628506,0,3
0.6208715150248892,0.6920681053610573,0,3
0.7725853579112872,0.6920681053610573,0,3
0.7596680847356968,0.7234500832056804,0,3
0.7641265575200266,0.7266329003365581,1,3
0.7339437252572234,0.7215269191189817,1,3
0.744430576053673,0.7015458337309393,1,3
0.7090172208796705,0.661438065248483,1,3
0.6949688548928296,0.7108761381372122,1,3
0.5424175821774131,0.7108761381372122,1,3
0.5752096951670382,0.733494309402193,1,3
0.5595149753385519,0.761046521219924,0,3
0.522784608903929,0.7406186564062994,0,3
0.5312838711303489,0.6940227710030697,0,3
0.5055429884791536,0.6634217184146585,0,3
0.552164013375357,0.6785609269525715,0,3
0.5147659388432747,0.6932951127502504,0,3
0.5222692889338945,0.7267214516242125,0,3
0.8083239043905124,0.7267214516242125,0,3
0.7750568566807318,0.7065173927996452,0,3
0.5027030128175258,0.7065173927996452,0,3
0.4617476424228927,0.7048218708698731,0,3
0.4238998825175185,0.7501583271134215,0,3
0.4369460300384967,0.7598330224160914,0,3
0.4842695900836268,0.7883485275681448,0,3
0.8181273519996497,0.7883485275681448,0,3
0.8389657332483167,0.8243120353386475,0,3
0.5907082559959417,0.8243120353386475,0,3
0.5757827235959269,0.8125711039493781,0,3
0.5458149270937426,0.8382186274576465,0,3
0.5840219870328269,0.8127142407555301,0,3
0.624769015897459,0.8184257401836574,0,3
0.8406798508680868,0.8184257401836574,0,3
0.8373269565600833,0.7794641150008432,0,3
0.8188183523073941,0.7450838479613826,1,3
0.8389288499941244,0.7242662849085415,1,3
0.542455702502625,0.7242662849085415,1,3
0.5841032442700346,0.76541425132246,1,3
0.8073611988717991,0.76541425132246,1,3
0.7677644184162016,0.7744980086562089,1,3
0.7288035729989526,0.726755060856122,1,3
0.7615895989224702,0.6884862035330664,1,3
0.7659696436546157,0.6450260986258209,1,3
0.4876805999924334,0.6450260986258209,1,3
0.4890346936153421,0.6283740038827856,1,3
0.4811991076035352,0.5987984049396954,0,3
0.5080122212480677,0.5751896179980117,0,3
0.6855283784919415,0.5751896179980117,0,3
0.6374320103805673,0.5376548643051213,0,3
0.606657353621752,0.5534971999612848,1,3
0.6435652385560313,0.5466951712904808,1,3
0.6113393777608259,0.4992971245133024,1,3
0.615817708698642,0.5156247694598374,1,3
0.6147508974759844,0.5229578882834611,1,3
0.5855406412857815,0.570223387573475,1,3
0.4020638032907546,0.570223387573475,1,3
0.4373284776039416,0.5501212027158653,1,3
0.6649873674438225,0.5501212027158653,1,3
0.6171966379891348,0.5036199512708699,1,3
0.5749084639845028,0.4982821449735918,1,3
0.5306074666443164,0.5348273789765721,1,3
0.5323524403983736,0.5617156600770787,1,3
0.5573544703009723,0.5495457025290592,1,3
0.5579399340125504,0.5364593107551671,1,3
0.5496788216096152,0.5005933267024314,1,3
0.5880555544340634,0.5161638681203626,1,3
0.5448000831651167,0.517690839712559,1,3
0.5396798164979606,0.4779407560658716,1,3
0.5740897249604705,0.4372479208473235,1,3
0.5433727839018612,0.4412203081370971,1,3
0.5095687896670128,0.4626321595039921,1,3
0.3132185354184135,0.4626321595039921,1,3
0.2709046280454351,0.4744811297827151,1,3
0.2451975942674601,0.4644542426675159,0,3
0.2332262421694927,0.430413045884213,0,3
0.1965929784763485,0.4280541505755826,0,3
0.2131424424996711,0.4299349345334217,0,3
0.2069195792934315,0.4365500157793834,0,3
0.2490961797577695,0.4815050575887861,0,3
0.2619720852649723,0.4983030665171129,0,3
0.2912798953726063,0.5417390069697714,0,3
0.6271500053910808,0.5417390069697714,0,3
0.6614076196870123,0.5454034856327483,0,3
0.6545844277995537,0.5200744584503845,1,3
0.6189820687735295,0.4831485381432228,1,3
0.5793820102103104,0.4391611929622443,1,3
0.6153350188814537,0.4852921628004394,1,3
0.6481172662858116,0.5051765765616422,1,3
0.3798490134719036,0.5051765765616422,1,3
0.331703958564128,0.4750760546375013,1,3
0.3362476837679569,0.428498277710884,0,3
0.3076530311419311,0.4046985145640418,0,3
0.3564243071483187,0.3897296699640596,0,3
0.5011287682420451,0.3897296699640596,0,3
0.4895915866906549,0.4270873703539632,0,3
0.4636971852512455,0.3848911173325168,1,3
0.2440763256141635,0.3848911173325168,1,3
0.2559021613895373,0.3748954288316257,1,3
0.2953111012352347,0.4137091435699832,0,3
0.2951785544888794,0.4216339121990606,0,3
0.3163825065374015,0.4155691669370172,0,3
0.285930914508258,0.4574772611597832,0,3
0.2475696805810782,0.4478217682813998,0,3
0.2706342008873517,0.44801325127561,0,3
0.548916814683349,0.44801325127561,0,3
0.5938468237260176,0.4837221456357259,0,3
0.609296041672155,0.5129958415984142,1,3
0.6460404798014556,0.5201585904573361,1,3
0.3913424395808316,0.5201585904573361,1,3
0.4316869120849792,0.5278218043456446,1,3
0.6509509080090067,0.5278218043456446,1,3
0.6064864101588253,0.5347587966679147,1,3
0.5739424367409823,0.5457713299550353,1,3
0.6186903686832808,0.5847468829564805,1,3
0.571642534582613,0.5584476420036796,1,3
0.3862916159412825,0.5584476420036796,1,3
0.3423534315811068,0.5407881635366728,1,3
0.3385082301447213,0.5020878606029471,0,3
0.3181062596570856,0.5277175175865996,0,3
0.296129778707566,0.5129927442771494,0,3
0.2682570337284366,0.5612497337714175,0,3
0.2890270115432926,0.5631921483131254,0,3
0.6465070883750363,0.5631921483131254,0,3
0.6523280222666569,0.5677996989408768,0,3
0.6843248303591556,0.5761077482709416,1,3
0.6402758553682111,0.552162097790502,1,3
0.6754193207260908,0.5655913726402579,1,3
0.6339202921936314,0.5268224577767696,1,3
0.5872411771294374,0.5077469123989268,1,3
0.5921082675547212,0.4970802038024467,1,3
0.5612701836427044,0.4572522140966492,1,3
0.3380947822726383,0.4572522140966492,1,3
0.3156480085139481,0.4899514515765875,1,3
0.3386534745372805,0.4462320853801044,0,3
0.3731717765175587,0.4677704353290284,0,3
0.3613497265081555,0.4229740857852701,0,3
0.3498367948297679,0.462160071151136,0,3
0.5823266800267404,0.462160071151136,0,3
0.6053210666962722,0.4250720420081935,0,3
0.5801466594950954,0.4459230461451372,1,3
0.552679591750583,0.4110688387669224,1,3
0.5662997245530941,0.4517932587077189,1,3
0.5614003128136369,0.4077157447383877,1,3
0.525628740757323,0.4422209671900771,1,3
0.5637594932614186,0.4268708439026227,1,3
0.2925099303849554,0.4268708439026227,1,3
0.2943599108578529,0.4312463973447732,1,3
0.3223997695625706,0.4068176809385334,0,3
0.345754619594668,0.4219594127006461,0,3
0.5237395704601139,0.4219594127006461,0,3
0.5124452833894309,0.4305735553980732,0,3
0.4746788580438894,0.4801341157564205,1,3
0.435320293443448,0.4896460206982844,1,3
0.4365705549518655,0.5301169501628497,1,3
0.4493689027070279,0.5683424088573479,0,3
0.4778596925751367,0.6130780244482013,0,3
0.7014625936105269,0.6130780244482013,0,3
0.6770357182869011,0.6339604547664914,0,3
0.7227070046124011,0.6215356696694266,1,3
0.4663785798547487,0.6215356696694266,1,3
0.4906837062397898,0.5999525538190288,1,3
0.6835359897968997,0.5999525538190288,1,3
0.6958625403858244,0.5931692988824984,1,3
0.7325584914086987,0.5603413794608529,1,3
0.7141893685509628,0.5130871925178784,1,3
0.7579800453267063,0.4933279486686644,1,3
0.7165858600603532,0.4435160328961595,1,3
0.7603471998774094,0.4765633926616616,1,3
0.719228529383956,0.4674577361402112,1,3
0.7387571311994744,0.4231345607198165,1,3
0.7636992609226546,0.4544333207524603,1,3
0.328422499384509,0.4544333207524603,1,3
0.3330716448941937,0.4819479361417771,1,3
0.375179546489379,0.4533375335028982,0,3
0.420872862928706,0.4479360019099384,0,3
0.3954478956733489,0.4821119901652302,0,3
0.5641080508613119,0.4821119901652302,0,3
0.5520229013068146,0.4613726082634255,0,3
0.5233500711990486,0.4982205730806566,1,3
0.496607518746341,0.4893097004976923,1,3
0.3439793192228755,0.4893097004976923,1,3
0.3834553174847064,0.4814960391999884,1,3
0.3966050106056084,0.4341435943266501,0,3
0.376933681341018,0.409538412848478,0,3
0.3870353320839431,0.3907479712245466,0,3
0.4118155776717309,0.3989716458066514,0,3
0.3832849875755608,0.4145495406419575,0,3
0.3358565027718577,0.4463397653172755,0,3
0.3561699199365617,0.4833043620638677,0,3
0.324031110071821,0.4451901959821026,0,3
0.3453251036850337,0.4127489143630253,0,3
0.3346035080453716,0.4034265414311931,0,3
0.3479913414285626,0.3766096631346297,0,3
0.5128776998104678,0.3766096631346297,0,3
0.5407791244296044,0.3784982432804017,0,3
0.5058001683264346,0.3983952397125136,1,3
0.5087958321908922,0.3942693733810985,1,3
0.5438329404163191,0.4264409065917967,1,3
0.3131647867299291,0.4264409065917967,1,3
0.2954674386351584,0.3809317995560622,1,3
0.2814892953549506,0.4047302871537777,0,3
0.5295454595734368,0.4047302871537777,0,3
0.5304599957592818,0.4293155731546009,0,3
0.5701232716676391,0.3875994614884603,1,3
0.5289817370069546,0.3561084942786757,1,3
0.5128814305457399,0.3661917000281086,1,3
0.5411383754765864,0.3347858761335042,1,3
0.5742462249993043,0.3845357931289749,1,3
0.2629033036796575,0.3845357931289749,1,3
0.2259024232034136,0.3689387009599484,1,3
0.2117634142798947,0.3339492947119636,0,3
0.2485379084346336,0.3165794910080597,0,3
0.2924349243149822,0.3000326936510659,0,3
0.4185324591156064,0.3000326936510659,0,3
0.4059789102431655,0.2672055589174213,0,3
0.4455875606389263,0.2882574238943493,1,3
0.4679949310872891,0.3078869809470271,1,3
0.473551392905927,0.3255304356911571,1,3
0.4808615669921366,0.3725921584287232,1,3
0.4779485777349375,0.4046074568274224,1,3
0.4983323981309919,0.421013381765479,1,3
0.5358780411237573,0.39208636611055,1,3
0.2783597174127248,0.39208636611055,1,3
0.2573002536190241,0.4117206820502215,1,3
0.2454879932427004,0.413249332210472,0,3
0.2953217428574654,0.398243240862544,0,3
0.2541366609130007,0.4005817929148746,0,3
0.2980063629884194,0.3856847948255437,0,3
0.2780300525111281,0.3475469740659269,0,3
0.2735489067818884,0.3511440088927386,0,3
0.2814356231677475,0.3664047648111546,0,3
0.239898864097745,0.3842095621013759,0,3
0.5116334805380108,0.3842095621013759,0,3
0.5493180886134332,0.3550712595045084,0,3
0.5351961011387808,0.33581319780452,1,3
0.5160238272827955,0.3271726730973678,1,3
0.5470586303838509,0.3053816574433005,1,3
0.5098726360202758,0.2807574852862331,1,3
0.5242697543076105,0.3259881193956591,1,3
0.5198801819350163,0.2938244469873373,1,3
0.5549794866029378,0.3183107984463684,1,3
0.5130536446387065,0.3596509004987344,1,3
0.2150904768183487,0.3596509004987344,1,3
0.1733400197545341,0.3880550310705515,1,3
0.2063542946163479,0.3595495330189545,0,3
0.2328463798452429,0.4040307954534357,0,3
0.268569118324529,0.3690555947645821,0,3
0.2438426066836603,0.3656231950623674,0,3
0.2071472348256735,0.3838482223916331,0,3
0.4754722095676061,0.3838482223916331,0,3
0.5147797220425384,0.340604220941116,0,3
0.5482986929852278,0.351554301458796,1,3
0.5905367810827378,0.4013128223755305,1,3
0.5501022615238679,0.3603985511103647,1,3
0.2200011795618643,0.3603985511103647,1,3
0.2524002306845481,0.3858924879225064,1,3
0.3012517711275007,0.3364794217699785,0,3
0.3142892884746058,0.301148657387389,0,3
0.3219743650946755,0.3103672559971805,0,3
0.3077092553559242,0.2689670884384172,1,3
0.2605686198662931,0.3078213639270719,1,3
0.2757691821012851,0.2825909735025643,1,3
0.2949041714013804,0.2772406427967096,1,3
0.2797773252762355,0.2398933429106375,1,3
0.2402953701810085,0.230644107595475,1,3
0.285428234157047,0.2009069546098147,1,3
0.0792034150536338,0.2009069546098147,1,3
0.1179235539206297,0.1886102041590111,1,3
0.1665195880272683,0.1412104458931515,1,3
0.2075855758950765,0.1336742014735729,1,3
0.1965193012052485,0.1581928335501563,1,3
0.1470823934279106,0.1610506828522312,1,3
0.1301021776647341,0.1923936059052523,1,3
0.1064290365612492,0.1497834071224251,0,3
0.0922307695012917,0.1091953590832893,0,3
0.1222832256722857,0.1440819169247792,0,3
0.0932749750383696,0.1083777724691513,0,3
0.0983476710836688,0.0761175620707144,0,3
0.1056336736836142,0.1071111850677966,0,3
0.0706446835061749,0.1290329414997213,0,3
0.0451287734485923,0.1608524867455596,0,3
0.0740076817743506,0.1215633314586543,0,3
0.1046236142091004,0.0727392442046456,0,3
0.1366065402758181,0.0569735285592505,0,3
0.1691729089787053,0.0648772326399568,1,3
0.1805129545558089,0.0985351280175704,1,3
0.1883943773684645,0.1152591059817224,1,3
0.1748017533966054,0.1305019732629123,1,3
0.1951405412871271,0.1735339786444234,1,3
0.1794086552493352,0.1318416772566762,1,3
0.1649467404582346,0.0819185324326876,1,3
0.163898353263042,0.0771210555470438,1,3
-0.0332158964900302,0.0771210555470438,1,3
0.0062580195292865,0.1046650845713874,1,3
0.020580990571851,0.1261962640292748,0,3
0.0518444473635927,0.1666394234307465,0,3
0.0356505360431304,0.20908170564612,0,3
0.0649826335206281,0.1667212078824389,0,3
0.0365362451088146,0.1406742217367741,0,3
0.2555268985254445,0.1406742217367741,0,3
0.2460561984533937,0.1442284368015818,0,3
0.2509292457494495,0.1425963997270987,1,3
0.291281373308302,0.1490659350557341,1,3
0.2869609146063547,0.118402002280494,1,3
0.2536337302303469,0.0868943077972979,1,3
0.2759819517870257,0.0906914636717608,1,3
-0.0372735944569779,0.0906914636717608,1,3
-0.0317204974950444,0.1049606403674305,1,3
-0.0269419932275834,0.1247960607089306,0,3
-0.0070055801481418,0.0966034421877383,0,3
0.0219646856963078,0.1116839836494597,0,3
0.2331149094250569,0.1116839836494597,0,3
0.1945821780916252,0.0785633984252716,0,3
0.1877921836094538,0.0564367703926106,1,3
0.2032003323219998,0.0978871281338864,1,3
0.1620708881163411,0.0892686999595976,1,3
0.2094103676237101,0.0931516484404708,1,3
0.1742131059210588,0.1193787190903284,1,3
0.006162085759408,0.1193787190903284,1,3
0.0247935242021342,0.1054157122149195,1,3
0.0396213395421399,0.1417465663523973,0,3
0.0858465818383377,0.1694199686431749,0,3
0.0787751760079471,0.1222659396575394,0,3
0.1026653026852728,0.1520054231661475,0,3
0.144795537881011,0.1446455162702535,0,3
0.1390508299297528,0.1060291304171816,0,3
0.1693848191414916,0.1514710235753571,1,3
0.2092988787085094,0.1958011609873387,1,3
0.2339783629155427,0.2194143108089415,1,3
0.2179949306936235,0.2044023132035166,1,3
0.2296133217993246,0.2207814806332035,1,3
0.0981403333390404,0.2207814806332035,1,3
0.0843531280442001,0.1975169796298275,1,3
0.1004987936589808,0.2435769566898359,0,3
0.0618911184932962,0.2743949192513403,0,3
0.0882170023295489,0.2472964563261941,0,3
0.3559662648674994,0.2472964563261941,0,3
0.3666248492636905,0.2028542064052001,0,3
0.3933718400734569,0.1687243472823809,1,3
0.37414832120256,0.1816188311703337,1,3
0.4201169087461881,0.1388358100708346,1,3
0.4592839244667041,0.1864353092801877,1,3
0.4471005130677544,0.1758033766615234,1,3
0.4958007565879667,0.163400292246869,1,3
0.4582142559443631,0.1250352336384753,1,3
0.002493621381516,0.1250352336384753,1,3
0.0375902314718338,0.1384821488672911,1,3
0.0777539881667524,0.1449483313090039,0,3
0.044962722172753,0.1059784271999321,0,3
0.0675076009524889,0.0983107614157454,0,3
0.02512023251911,0.0619459742591941,0,3
0.1657956796794236,0.0619459742591941,0,3
0.1357706614921685,0.0494222081395259,0,3
0.120288135560002,0.0602953334764626,1,3
0.1360153235534581,0.024892467855215,1,3
0.1197470594583139,0.0512224599467158,1,3
0.1499140052451087,0.068201337258937,1,3
0.1898960489769668,0.0192752696851342,1,3
0.1740089531271855,0.0545222242082807,1,3
-0.0631179485035283,0.0545222242082807,1,3
-0.0258810024955621,0.0642304100028946,1,3
-0.0216422913984637,0.0215486631955148,0,3
0.0027454450275503,0.0319837337411568,0,3
0.033344409811057,0.0752572390082901,0,3
0.0337158267906365,0.0757371191856033,0,3
0.1989111610676078,0.0757371191856033,0,3
0.1629339933777909,0.0416491857657428,0,3
0.1889040405253372,0.0821715691830231,1,3
0.1606506191757503,0.1029842844974373,1,3
0.1295272725905312,0.0548051041121433,1,3
0.1233337221046071,0.041798941603178,1,3
0.1670110350792149,0.0470517453604258,1,3
0.1843729473234759,0.080437064215153,1,3
-0.0680842013312361,0.080437064215153,1,3
-0.0550682157768403,0.042903298498266,1,3
-0.0077215749799285,0.0526124289245983,0,3
0.0256366206480318,0.0586519477732002,0,3
0.0352254581105389,0.009270271566087,0,3
0.0696629985128715,0.0214030033933975,0,3
0.0269081270687069,0.0644087505330755,0,3
0.0395042979019206,0.03555820043208,1,3
0.0725726944260149,0.0810841401276229,1,3
0.0873359717454565,0.0776623849295581,1,3
0.04930701077126,0.0896965813260098,0,3
0.0756524765809173,0.0814201626671722,0,3
0.1058510232012981,0.1169226216397311,0,3
0.1266692283118522,0.1013672372042505,0,3
0.1045199044026087,0.0629502738973091,0,3
0.098179454205446,0.0811759667802021,1,3
0.0580815722640836,0.0982174037701742,1,3
0.0422294762476317,0.0686266665705167,1,3
0.0685401654785033,0.0350177602040713,1,3
0.1148262718646781,0.0524494361857447,1,3
0.1375821031816265,0.0850099855213694,1,3
0.1213359446016347,0.1277469016844713,1,3
0.1366046368030966,0.1553627171957472,1,3
0.1256357019649402,0.1245427848165251,1,3
0.089451783444465,0.1342796996007899,0,3
0.0800428886994717,0.1289128290923329,0,3
0.0445032589531308,0.1323314533129672,0,3
0.0510592295609066,0.1275871140109721,0,3
0.0028047581106567,0.1434814648729723,0,3
0.0254373257380813,0.1407049029544549,0,3
0.0666097950684354,0.1091335018925684,0,3
0.0567505422611941,0.134944013580973,0,3
0.0915251009846266,0.1112798981167233,0,3
0.1323855883665414,0.1012255549870408,0,3
0.0987224687566805,0.1299888669104459,0,3
0.0804841608838788,0.0980122994243898,0,3
0.0496510875425885,0.0813035070442704,0,3
0.0526653767022128,0.1110061839461192,0,3
0.0527517695377947,0.1218510893069069,0,3
0.0473508279552066,0.1361006442512551,0,3
0.0847321207001396,0.1170395453433952,0,3
0.1284629141349622,0.1476719891570828,0,3
0.1652932076213524,0.1765223063694805,0,3
0.171383720660551,0.1941927048841886,0,3
0.3206844270999068,0.1941927048841886,0,3
0.3223956360435199,0.1562745503048951,0,3
0.353017165024268,0.1266760152312979,1,3
0.0042414350357566,0.1266760152312979,1,3
0.0374876132014965,0.1495555313660936,1,3
0.0470244030239784,0.1234439752300866,0,3
0.2704295120093042,0.1234439752300866,0,3
0.2383633307027862,0.1433899623919145,0,3
0.278583878115433,0.1173610487498571,1,3
0.2601458282467401,0.0891683877913618,1,3
0.2978427395649762,0.122761791896452,1,3
0.3077891301216162,0.1269092243313785,1,3
0.016004879967778,0.1269092243313785,1,3
0.0172724124239133,0.1322918813612358,1,3
0.0587988693945453,0.0940697028936576,0,3
0.06665563815389,0.0836252413630287,0,3
0.1142607363945463,0.0646078558011736,0,3
0.1098639211716185,0.0738282885755595,0,3
0.1413292874879009,0.0644933918524889,1,3
0.1676644002476941,0.0504195901873609,1,3
0.1299415593534915,0.0076803603756606,1,3
0.1058838008900963,0.0457470507499963,1,3
0.1309733714102779,0.0892458882132889,1,3
0.1059766368727654,0.11393009175472,1,3
0.0691161300900897,0.1069378052515786,1,3
0.0423077309089819,0.0838622542240383,0,3
0.0436682590608438,0.0756440717561698,0,3
0.0796034112902642,0.033935989038209,0,3
0.0591861334186341,0.0346857298921251,0,3
0.060288117521276,0.0748966327420931,0,3
0.0884016198243221,0.1195532995302046,0,3
0.0658878172045302,0.0748633005548858,0,3
0.043179834922786,0.0984182549746658,0,3
0.0440106517908737,0.0485754660393342,0,3
0.0830132404474453,0.0921473615204584,0,3
0.1274371543689714,0.1119381398889964,0,3
0.1528821359853183,0.1087180172057919,0,3
0.1693657693011269,0.0885698477611699,1,3
0.1394464719517152,0.0894874504504511,1,3
0.1185074804489546,0.0612113167287437,1,3
0.1535235082398093,0.028100968505143,1,3
0.1494443661640477,0.0748185729973871,1,3
0.1116737239182024,0.0655100400491206,1,3
0.1174776270534107,0.0914706051400945,1,3
-0.0565853380520495,0.0914706051400945,1,3
-0.0494337316368305,0.0910838375113052,1,3
-0.016220310205706,0.0483694621961152,0,3
0.0197411999808099,0.0570306455993592,0,3
0.0552293054170746,0.0974040680313841,0,3
0.1002607333160263,0.1173982326685482,0,3
0.0732812851368587,0.1494205490933618,0,3
0.0819727832664384,0.1475751938752239,0,3
0.2522251015701774,0.1475751938752239,0,3
0.2987884548850641,0.1665737240975909,0,3
0.3402284474915327,0.1740087158420995,1,3
0.3541878767755825,0.1365876498504631,1,3
0.3160874793666886,0.137085460141912,1,3
0.0176179895068878,0.137085460141912,1,3
0.065842650032318,0.1502679506997098,1,3
0.0280690223072165,0.1874204656215642,0,3
0.3239701615978576,0.1874204656215642,0,3
0.3558545091300261,0.2048817377275947,0,3
0.3265406090145672,0.1858082863687059,1,3
0.3021733078774298,0.1575985049581971,1,3
0.3373451126363486,0.1229816281311983,1,3
0.3058622464354598,0.0757613152965653,1,3
0.3538962877454248,0.0961387617604602,1,3
0.3489343586323747,0.0882704260682408,1,3
0.3726234922963083,0.0623454534892898,1,3
0.3406534800846405,0.0798194266396524,1,3
-0.0419199532781441,0.0798194266396524,1,3
0.0073958308484151,0.0772903760638819,1,3
0.016458795170652,0.066641120979653,0,3
0.1999312039759228,0.066641120979653,0,3
0.2296749565008557,0.0349844729134693,0,3
0.2671113881972332,0.0717936157926365,1,3
0.2358900370705231,0.0621544990428889,1,3
-0.081237229356803,0.0621544990428889,1,3
-0.0660818876744331,0.1006756578335072,1,3
-0.0312939750179778,0.0749883354798643,0,3
0.1775774998496834,0.0749883354798643,0,3
0.225037138331421,0.0410605191780224,0,3
0.2420575901680393,0.0617503850232925,1,3
0.2883694341210447,0.063615405263596,1,3
0.2391280496963397,0.0225807003336046,1,3
0.1943038985947364,0.0599840110101568,1,3
-0.0498328504831651,0.0599840110101568,1,3
-0.0022918564891733,0.0671731620772801,1,3
0.0350060442446077,0.0183788522350552,1,3
0.0818801476923278,0.0587577967006752,1,3
0.1115326291700854,0.0752220091487249,1,3
0.1597497687118416,0.0557669514194576,1,3
0.137721848462635,0.0969002717673963,1,3
0.1400185230624895,0.0770507709927834,1,3
0.1190731308389323,0.0490922983679435,1,3
-0.0576058695136048,0.0490922983679435,1,3
-0.0478445464636615,0.0744100390002093,1,3
-0.0078887254816697,0.1139220816865021,0,3
0.0098187404129738,0.0794292671794245,0,3
0.0153954168916726,0.0395680787748202,0,3
0.020059185289091,0.0619702014188418,0,3
0.2074894115238345,0.0619702014188418,0,3
0.2176953957332096,0.0371417701279347,0,3
0.1760320866910694,0.0861174051089399,1,3
0.1677004268227865,0.0790813329528647,1,3
0.1582306675826981,0.0599198844661179,1,3
-0.0844450742050018,0.0599198844661179,1,3
-0.0502453030087083,0.0371191313372436,1,3
-0.0152811457833444,0.0410209192843098,0,3
0.0338469768568646,0.0691775589247409,0,3
0.0718939650905246,0.0663468596148259,0,3
0.0383338796627577,0.0455299234736224,0,3
0.050169600833062,0.0531568846321598,0,3
0.0298231662330179,0.0674644794239701,0,3
0.0580561193831022,0.0954283670405584,0,3
0.0324090468324055,0.1185270060532315,0,3
0.0696531352975535,0.156916004257572,0,3
0.2579299941866437,0.156916004257572,0,3
0.2083202278985447,0.1400817453367764,0,3
0.2042664259634099,0.1413519586859676,1,3
0.2482567615512493,0.1064040363016599,1,3
-0.0024313292235822,0.1064040363016599,1,3
0.0307037540757089,0.1220015725269225,1,3
0.2530136601382242,0.1220015725269225,1,3
0.2088756965925703,0.0824189841812736,1,3
0.2028223870236738,0.0753711391132369,1,3
0.1814913522490686,0.0991078858246116,1,3
0.1657787386862361,0.0593621861175332,1,3
0.174387680376088,0.0875353698186515,1,3
0.2224213749709805,0.107161665168249,1,3
0.2243496240418339,0.1243496279129666,1,3
0.1752947535803069,0.1601828065252771,1,3
0.1439222858050679,0.1564118236133583,1,3
0.1718803252641526,0.1441442600317992,1,3
0.1907370895301797,0.1710063623711032,1,3
0.2395627318303118,0.1465218744616443,1,3
0.2486624656430487,0.1581635587542995,1,3
0.2490552949281432,0.1285753959805634,1,3
0.2539597908014894,0.1480204648356798,1,3
0.2583742760875964,0.1575590135663443,1,3
0.2315402379802423,0.1210188091711669,1,3
0.2415915607056807,0.1222819643636772,1,3
0.2675868003965287,0.1553955894824612,1,3
0.0219941514576821,0.1553955894824612,1,3
0.0699934930804835,0.1672686316094479,1,3
0.0214257768303842,0.1933682041676624,0,3
0.0700572048396156,0.1575630683862251,0,3
0.1005025131372063,0.1239164592720649,0,3
0.1220839000307015,0.091089756159441,0,3
0.1391777399017491,0.0599015645463198,0,3
0.1420193733300375,0.0980128562696532,1,3
0.1343853330833788,0.1065123181537839,1,3
0.1356372784508163,0.0592724739994649,1,3
0.1135499361421202,0.0755549213096602,1,3
0.066245656403885,0.0624814172371932,1,3
0.082857284078728,0.0419499284892753,1,3
-0.0736213634285885,0.0419499284892753,1,3
-0.0619238175112221,0.0703881924916653,1,3
-0.0487506491338167,0.1135490290890244,0,3
-0.0153650171723561,0.1331624797836777,0,3
-0.0092466876375188,0.1537087239205202,0,3
-0.0085540993514263,0.1693730027222034,0,3
0.2886657962067098,0.1693730027222034,0,3
0.3053792532046754,0.1807105554378357,0,3
0.2686147724930545,0.2086781892744053,1,3
0.2890292413887984,0.1710893365331043,1,3
0.2480288084068566,0.1383691505377609,1,3
0.1997467179462771,0.1688172567120975,1,3
0.2068443979537698,0.1340412429133292,1,3
0.0313081691529157,0.1340412429133292,1,3
0.0733565883284666,0.1245062092733416,1,3
0.0780744701346497,0.0813361590552826,0,3
0.1278002755097962,0.1306146974706314,0,3
0.1024804108865163,0.0947775466630643,0,3
0.0669574813901038,0.1178207918658723,0,3
0.0693275659122602,0.0990041271932723,0,3
0.0699052735143989,0.0730033718991046,0,3
0.0292870047475187,0.1191885414107587,0,3
0.0652165202711696,0.0822530876054549,0,3
0.1944954803145017,0.0822530876054549,0,3
0.218657253257763,0.0384868668699011,0,3
0.2130198073016533,0.0630764330837994,1,3
0.2372129236277697,0.0190108994045755,1,3
0.2870118740506061,0.0512871863198157,1,3
-0.0882931597949695,0.0512871863198157,1,3
-0.0684208935106404,0.0466348749298922,1,3
-0.0670388631172477,0.0502092438950995,0,3
-0.0317790932204747,0.0845765578592507,0,3
-0.0261040978158964,0.1156072031628262,0,3
0.2239923896526632,0.1156072031628262,0,3
0.2529126905218935,0.1089219704683525,0,3
0.2608052111038248,0.1325105120492392,1,3
0.3012081503383434,0.133618619411399,1,3
0.338433130074686,0.1530571436119404,1,3
0.2966704259958491,0.1311907502653121,1,3
0.0026902655632826,0.1311907502653121,1,3
0.0138668147973203,0.1471223350111974,1,3
0.0474653642932359,0.1842692367723573,0,3
0.0642173008651786,0.1661003051441495,0,3
0.0342810134813101,0.1570788517274842,0,3
0.0359535129859096,0.1724484548273852,0,3
0.0417008849384093,0.1386464061202157,0,3
0.0809268552262022,0.1589660039014199,0,3
0.0978727106709197,0.1732617842451613,0,3
0.060082002301066,0.192810975797397,0,3
0.3033951614202111,0.192810975797397,0,3
0.3422684216108043,0.206549348040369,0,3
0.3464949120108581,0.1747319174671356,1,3
0.3014987354816945,0.192098227349002,1,3
0.2548004624045292,0.1974794689655147,1,3
0.0672169255461492,0.1974794689655147,1,3
0.09846745731213,0.2465066610852035,1,3
0.0929437057831132,0.2616867854000925,0,3
0.3698532411253125,0.2616867854000925,0,3
0.336468293174085,0.2694244662405182,0,3
0.3723882822451325,0.2300208148836963,1,3
0.3772641951192941,0.2374949589074429,1,3
0.4080521061889836,0.274954077803906,1,3
0.4126966241164931,0.3124921093935133,1,3
0.1647704658086048,0.3124921093935133,1,3
0.1876448269744978,0.2899186074758951,1,3
0.2301593164585164,0.2998576742918987,0,3
0.1864976111047575,0.3493444860425592,0,3
0.1521468895649654,0.324522935753384,0,3
0.4392345162338869,0.324522935753384,0,3
0.3903717577892058,0.3026865656414364,0,3
0.3708816712892442,0.2869245010550856,1,3
0.3633853464312448,0.2982295738294756,1,3
0.1841735581079575,0.2982295738294756,1,3
0.1697234212720496,0.302742992233036,1,3
0.430021591233423,0.302742992233036,1,3
0.4741445729226157,0.2966763241664857,1,3
0.5121774708644244,0.2969162887476196,1,3
0.5500189653202014,0.2887153772736987,1,3
0.5099619671725663,0.2432430669067563,1,3
0.5251543648846146,0.2233691363507282,1,3
0.5581764706812069,0.2392507661400869,1,3
0.5130870165394847,0.2318062409335644,1,3
0.5049919659113178,0.2069568003248287,1,3
0.4698245139372936,0.177537005269918,1,3
0.0557886523459677,0.177537005269918,1,3
0.0095056364787162,0.207846008858185,1,3
0.0537801148079668,0.2257906859590145,0,3
0.0568354598027479,0.2370465505070923,0,3
0.0367891314791379,0.2358662946697165,0,3
0.0625312320240446,0.2512772035000036,0,3
0.0705679756489541,0.2056358610581616,0,3
0.1094451195718529,0.2489040393050558,0,3
0.1246250223315692,0.2322155753118809,0,3
0.1086500250186167,0.2715490157314672,0,3
0.3767076758386965,0.2715490157314672,0,3
0.4163391317331413,0.2400064307827289,0,3
0.4550712283490602,0.2548804960494741,1,3
0.4761309350353097,0.3043523639947123,1,3
0.5144971554330481,0.2885052453336975,1,3
0.4914289587059097,0.3000458676549813,1,3
0.1539100448222687,0.3000458676549813,1,3
0.1827116386656591,0.3336407811843979,1,3
0.1748236599383795,0.3173990930020443,0,3
0.4602543262774887,0.3173990930020443,0,3
0.4565833733201936,0.287538804930542,0,3
0.5045700343228932,0.3240618329659471,1,3
0.4733190273265211,0.3253189016164785,1,3
0.4957056536743932,0.2873002479968443,1,3
0.44810986707156,0.2804732976776955,1,3
0.4919668846422969,0.2813481286408227,1,3
0.5315971845386082,0.3156465026078419,1,3
0.5380074536910574,0.2823436753249558,1,3
0.1445950317602862,0.2823436753249558,1,3
0.1139860971849113,0.3135596431790741,1,3
0.0780026192379535,0.3434735107203896,0,3
0.0610826718774449,0.3491807909673072,0,3
0.1083408346827244,0.3545744374605128,0,3
0.4860281425998493,0.3545744374605128,0,3
0.4751353422409345,0.323756640871731,0,3
0.5218543623031511,0.3168565100390683,1,3
0.5164069137577583,0.3534983245919091,1,3
0.4925595011131546,0.3781982353688057,1,3
0.494099292478736,0.336268455162666,1,3
0.5376689819773431,0.3199372294583876,1,3
0.5329900568245358,0.3339592897281497,1,3
0.5101228096998992,0.3460342139299548,1,3
0.5570328470418562,0.3941879415489066,1,3
0.2594928389643178,0.3941879415489066,1,3
0.2789179972799313,0.3682099290720788,1,3
0.2755187969543201,0.3233413838329426,0,3
0.2800638892428074,0.3601787347994629,0,3
0.2964657183986416,0.3684619946214491,0,3
0.3256077592830161,0.3570603652804436,0,3
0.3351751791419322,0.344786046928839,0,3
0.3420531114016454,0.3790714912972767,0,3
0.5112250055777761,0.3790714912972767,0,3
0.5587707140390922,0.3331747369423091,0,3
0.5247783060217376,0.3688449557096018,1,3
0.5300336381631737,0.3546281328276743,1,3
0.5369216741129131,0.3899309464808653,1,3
0.5160998741727351,0.3824171742723747,1,3
0.5249213944679875,0.4072466851955448,1,3
0.5119610844875052,0.3995812618753602,1,3
0.4679485086595697,0.4276952582969667,1,3
0.4734314012013011,0.4413398704524824,1,3
0.303855675701473,0.4413398704524824,1,3
0.3058902153234283,0.4608573027541092,1,3
0.298180628523146,0.4242708453064936,0,3
0.2953110145326417,0.4144041498057196,0,3
0.3398103490627943,0.4424378158282415,0,3
0.3242731138945726,0.4849933509450576,0,3
0.3297018435175458,0.518033072867524,0,3
0.3550431850969962,0.5495486005130868,0,3
0.3057598614391349,0.5994884807830637,0,3
0.6716601416424312,0.5994884807830637,0,3
0.6391060931060335,0.6042715367135788,0,3
0.6038250447686336,0.5666344715671189,1,3
0.6448795138183099,0.5785322213940924,1,3
0.6252451318950436,0.5385487614927391,1,3
0.6492512492696448,0.5851477794540464,1,3
0.6588036495872595,0.5976104746582963,1,3
0.6432093213028092,0.6260958161981467,1,3
0.6577117697861703,0.6451168009727456,1,3
0.6755857662584608,0.625212678403978,1,3
0.4707784175679892,0.625212678403978,1,3
0.4630200594656138,0.6189399916007775,1,3
0.4912799098420242,0.6040231585630541,0,3
0.4930946348802317,0.5791252972914283,0,3
0.5378586026280557,0.6063872881028721,0,3
0.5266628137385171,0.575086194405124,0,3
0.495792671587088,0.5426348919585131,0,3
0.6527939862737913,0.5426348919585131,0,3
0.6654626820990264,0.5563980159202023,0,3
0.6774653071273341,0.5477621632327072,1,3
0.3836232070544175,0.5477621632327072,1,3
0.3869205489592836,0.5472425728028223,1,3
0.4114876213720653,0.5879079411755634,0,3
0.3926776101042804,0.5911659023321044,0,3
0.4077679092913545,0.607990199649161,0,3
0.4067219010678953,0.5961969966109365,0,3
0.3953949125245022,0.5788165793730644,0,3
0.3626895851947754,0.6271050203619344,0,3
0.3353350757529698,0.6646904335954709,0,3
0.7655875353587012,0.6646904335954709,0,3
0.8014348982194186,0.6690658354995231,0,3
0.7667893217714219,0.6961580605414075,1,3
0.7434624721994636,0.7458521047857994,1,3
0.7537590945547692,0.7840336554621775,1,3
0.7563426577119836,0.8280082143121199,1,3
0.7414518253622913,0.8085232080908161,1,3
0.6067903687807923,0.8085232080908161,1,3
0.5726486467349381,0.7946341895128327,1,3
0.5834574382411737,0.8046145547469783,0,3
0.5844704745372529,0.7566189220868178,0,3
0.619248251640702,0.7669771948934524,0,3
0.6098801208360703,0.7365974585488104,0,3
0.5674222223260852,0.7395125905932741,0,3
0.5555617546033312,0.6966912239935457,0,3
0.7440947182680601,0.6966912239935457,0,3
0.7327860993110403,0.6922185359003018,0,3
0.7732289993968712,0.6916356554973023,1,3
0.8135157051792687,0.6924469462695148,1,3
0.7975728486045026,0.6986718368787793,1,3
0.84020960055569,0.6865413149090427,1,3
0.8575095489783726,0.7335943439431415,1,3
0.5546527248476593,0.7335943439431415,1,3
0.5068608397299753,0.7824710208040008,1,3
0.4687117044321693,0.7481086668986123,0,3
0.8035127069134399,0.7481086668986123,0,3
0.7613153073848797,0.7325782033090635,0,3
0.7125175842232577,0.7074189643552431,1,3
0.5421065689130156,0.7074189643552431,1,3
0.5637458815136681,0.7075645181236133,1,3
0.6084316359789943,0.7562616131547731,0,3
0.6151944693565632,0.7298136470652916,0,3
0.6063715035068029,0.7062836178133929,0,3
0.5913774525277945,0.7078146886565045,0,3
0.6120855339837223,0.747357159344596,0,3
0.646693581992307,0.7622146914798066,0,3
0.6859001379426998,0.8071201503615381,0,3
0.863559761961407,0.8071201503615381,0,3
0.8906626435133247,0.7820634947809457,0,3
0.8871307822626636,0.8166055203728715,1,3
0.8534286657253299,0.7973650563198846,1,3
0.824462988677474,0.8435010122058446,1,3
0.8413492411291159,0.8595754108400085,1,3
0.8779976143271624,0.8489369403298443,1,3
0.8944526280880112,0.86585404990076,1,3
0.9024175720764914,0.8698536528779967,1,3
0.6603284576705574,0.8698536528779967,1,3
0.6716888304424627,0.8804035243499068,1,3
0.6800435628741393,0.844586132621955,0,3
0.6596223253253539,0.8340295822638125,0,3
0.6203624009377237,0.7957874902638448,0,3
0.6241119171501947,0.7756786950094433,0,3
0.8222007758013875,0.7756786950094433,0,3
0.7805380049827828,0.7431895150092134,0,3
0.8143533212256182,0.7563675776126806,1,3
0.8209796309694877,0.7252218067688515,1,3
0.8408660254425625,0.7240063688281432,1,3
0.8239288334696933,0.690056781075176,1,3
0.8194019062567585,0.7074249868938317,1,3
0.809846810248518,0.7131220527835593,1,3
0.7731130088038749,0.6976365620490084,1,3
0.492800566757452,0.6976365620490084,1,3
0.5422482554317292,0.7428285767392651,1,3
0.5853522861064441,0.7663037714734483,0,3
0.5816401383617373,0.7199492114809964,0,3
0.544043250763698,0.6748351667640433,0,3
0.5154635594756029,0.6674550432498676,0,3
0.4751734139596111,0.6495283703218315,0,3
0.7305471496466326,0.6495283703218315,0,3
0.779566701366014,0.6852682441255534,0,3
0.7331780753529774,0.7226654596682902,1,3
0.7244954811190996,0.6987134183529111,1,3
0.7634078033407268,0.6676968681482709,1,3
0.7153620558749926,0.6360900548262942,1,3
0.679125347447887,0.5896022762897855,1,3
0.708442845154924,0.614933941004061,1,3
0.6625960712813672,0.6299166781665462,1,3
0.4833578287605241,0.6299166781665462,1,3
0.527251776546687,0.6147046429473209,1,3
0.4942001813171815,0.6040569653873824,0,3
0.5410603642744778,0.5757810531420836,0,3
0.5211823477832074,0.5930240698828085,0,3
0.5416470980272221,0.5999995605791282,0,3
0.5528505176234161,0.5566382791816581,0,3
0.5423380432101602,0.5250246554482676,0,3
0.4965227822682126,0.5184858201390379,1,3
0.5130767632995776,0.508954017188376,1,3
0.5520046900340492,0.5169815101021232,1,3
0.5816660421697047,0.5482675196959006,1,3
0.546512562242974,0.5587852068691586,1,3
0.4965137944407837,0.5092038372399985,1,3
0.5012396499093142,0.4857157482535902,1,3
0.5222346671576809,0.4738930375142956,1,3
0.351120625401782,0.4738930375142956,1,3
0.3062335011700471,0.4543814836317441,1,3
0.3119193751183005,0.4185927472428164,0,3
0.2955663728825663,0.4453379746187421,0,3
0.3062613078288088,0.4904510017311684,0,3
0.3385318485938731,0.5262989995753659,0,3
0.2954818444153061,0.5503893450725397,0,3
0.6282266579335309,0.5503893450725397,0,3
0.5835852921816613,0.5796542852427007,0,3
0.5830547371810479,0.5995071417342452,1,3
0.5377903976549289,0.5953397549092909,1,3
0.5143414648802721,0.5725612415981811,1,3
0.4953906203563376,0.6194332960958127,0,3
0.5213599053453425,0.5995873006994685,0,3
0.4950266319024229,0.5901403808323181,0,3
0.4675538880280145,0.5691513486072134,0,3
0.6787966991377834,0.5691513486072134,0,3
0.6883369467203345,0.5811158304898204,0,3
0.6588281702016585,0.5632597596113464,1,3
0.4056975231210578,0.5632597596113464,1,3
0.3827061604038885,0.6118636295597827,1,3
0.3660473347488162,0.5892219088903983,0,3
0.4011092744351515,0.6382764057644322,0,3
0.3898525270045361,0.6863500345015372,0,3
0.398236946844257,0.7005508973654831,0,3
0.4230980183761412,0.7039871207844366,0,3
0.4578548917196789,0.700614191695282,0,3
0.4716714795744539,0.7241617300534658,0,3
0.4847012385790095,0.7430994656000783,0,3
0.7931828442499046,0.7430994656000783,0,3
0.7993823061690317,0.7236331528295233,0,3
0.8231055299869858,0.7301025404493158,1,3
0.7908907276811008,0.6883312402015551,1,3
0.8129511892875771,0.7195553423794536,1,3
0.8420984522036746,0.7186930727152938,1,3
0.8093295031242722,0.7584424861506323,1,3
0.5853793272203296,0.7584424861506323,1,3
0.6055980976643655,0.7577907569188066,1,3
0.6051865524752285,0.7922887390180353,0,3
0.5571683428670804,0.8049433598054805,0,3
0.5548852071554679,0.7939141693604518,0,3
0.5410705494414622,0.8243310216367346,0,3
0.530821778584202,0.7898875492028056,0,3
0.5279085169386026,0.8295665268888188,0,3
0.5116869605730361,0.8125464364895634,0,3
0.4678042949133766,0.8278755011092042,0,3
0.8379381458886077,0.8278755011092042,0,3
0.8404001790111707,0.7910908499769139,0,3
0.8657025959594775,0.8135677393044753,1,3
0.8690525111111753,0.776863203764309,1,3
0.9165949364750692,0.8048628321302134,1,3
0.908427415555808,0.8030524665253976,1,3
0.9245379605723149,0.788103954768618,1,3
0.5964124286880754,0.788103954768618,1,3
0.5715075034188567,0.8038961347855516,1,3
0.830698197473049,0.8038961347855516,1,3
0.8431505038608932,0.7716899522537275,1,3
0.8734523637218095,0.7959028937861776,1,3
0.8950636633168555,0.7480246412716954,1,3
0.8878562685630847,0.7680197088382145,1,3
0.8773533549670891,0.7874987075096604,1,3
0.8900949371645748,0.7901402670656098,1,3
0.8523895538129119,0.7625559253923752,1,3
0.816979361232748,0.7493497202687377,1,3
0.779996902236462,0.7185778925265496,1,3
0.5441499200054477,0.7185778925265496,1,3
0.5512877408779824,0.6860706599030004,1,3
0.5133179410514338,0.6461698742372306,0,3
0.5381960448048898,0.6417262737483564,0,3
0.5568859992498261,0.6428356141858262,0,3
0.7113584672912583,0.6428356141858262,0,3
0.7392654805133543,0.66808253927691,0,3
0.7669958849827161,0.6341656297626245,1,3
0.7681238604587176,0.6379778682200795,1,3
0.7260768992462308,0.6147465371841718,1,3
0.7547360987635728,0.5995220967492466,1,3
0.7101403877061395,0.5498584796406735,1,3
0.3979521048635103,0.5498584796406735,1,3
0.4277567634557118,0.5981392231490729,1,3
0.3952067184518003,0.5632597066709968,0,3
0.407098151181367,0.5474189641519696,0,3
0.6537260938603502,0.5474189641519696,0,3
0.621139616938835,0.5069339766157412,0,3
0.3719618149706166,0.5069339766157412,0,3
0.383173957797729,0.5257734727621876,0,3
0.3398351973374984,0.5327248363614481,0,3
0.3723787983242239,0.5696715060596416,0,3
0.3521472004927702,0.5543874351078835,0,3
0.3539554284741019,0.6003759509874116,0,3
0.7020736285094683,0.6003759509874116,0,3
0.7205132242874762,0.6240549261701888,0,3
0.4719145876237104,0.6240549261701888,0,3
0.4592891644301571,0.6492278960786922,0,3
0.4191243792301061,0.6763916395245395,0,3
0.4005196076600028,0.6932692318261527,0,3
0.4212225820514095,0.6787623758279938,0,3
0.7566243132086056,0.6787623758279938,0,3
0.7070051865358485,0.7282490324724866,0,3
0.7326598206826292,0.751774951394292,1,3
0.7768719153643752,0.7748330637938787,1,3
0.7758082422090384,0.7467799751938862,1,3
0.8117463926396081,0.7624979077391596,1,3
0.8288445666226029,0.7258853999648688,1,3
0.8326588614595886,0.7443201796438977,1,3
0.8304075233703904,0.7454299631851781,1,3
0.5690585020212822,0.7454299631851781,1,3
0.5405991583996321,0.7445200791080894,1,3
0.5501189203865274,0.7190934181465689,0,3
0.5501226645648081,0.7572802165974007,0,3
0.8123646678391955,0.7572802165974007,0,3
0.8171544914867569,0.7740388680308418,0,3
0.800209505319931,0.8107070462032888,1,3
0.8288924519378743,0.8187780913974071,1,3
0.8172242750983512,0.859470918964047,1,3
0.7895681850794942,0.8778920705138112,1,3
0.8137223453637745,0.8951190139811314,1,3
0.8590356134938417,0.9433847461399684,1,3
0.8565808072667328,0.992026968921618,1,3
0.6948657472028985,0.992026968921618,1,3
0.6850433926106604,0.9423425244238546,1,3
0.6474143576044712,0.9657622444756974,0,3
0.6631288801848938,0.9196292631192432,0,3
0.6669358652739579,0.8779541374623598,0,3
0.6319366369462657,0.8333180389538679,0,3
0.6515245393011825,0.8416510360951925,0,3
0.8716257094530908,0.8416510360951925,0,3
0.8633518510372348,0.8392189071593189,0,3
0.8415697147977289,0.851373598620987,1,3
0.823967724893269,0.8705823465895809,1,3
0.8146723042858194,0.8524453902478015,1,3
0.7954011443135454,0.8356368177057504,1,3
0.7889721476516217,0.850977794878522,1,3
0.7544172422325272,0.8068042875605231,1,3
0.7128434503195643,0.8335504380432565,1,3
0.6727193924679682,0.8146756223210587,1,3
0.6627866492717237,0.7721693795061965,0,3
0.6982654290934657,0.8074307846427025,0,3
0.6657176153839212,0.8419279184299951,0,3
0.6180744427590983,0.8916249122347215,0,3
0.573646137824947,0.8990791876676769,0,3
0.5663715358382774,0.949005967805849,0,3
0.5252598364581268,0.9971969348217352,0,3
0.9650026788120404,0.9971969348217352,0,3
0.9189428769574348,0.9617735224166528,0,3
0.9094387644673376,0.932082077689548,1,3
0.9470796260089304,0.9072578660891334,1,3
0.9776947859089772,0.8739834631377196,1,3
0.6549535266684868,0.8739834631377196,1,3
0.6496860506314407,0.908145885672923,1,3
0.6553602989677723,0.942418042591252,0,3
0.6757412104424849,0.9368878084370608,0,3
0.7237516321605516,0.974027778908041,0,3
0.6844810095103021,0.9625415058250892,0,3
0.7149880105301881,0.9234826621346752,0,3
0.6989563883136376,0.8771345121719801,0,3
0.7384923972653467,0.873004702344552,0,3
0.7017376696534543,0.9075274275657084,0,3
0.93638008289566,0.9075274275657084,0,3
0.9800546838827976,0.9134047212062056,0,3
0.9534253522008074,0.9574089707541104,1,3
0.9110560896597084,0.9385449685327764,1,3
0.8703676738817556,0.9704295279169356,1,3
0.7221070450553184,0.9704295279169356,1,3
0.7538593199209043,0.9429320809110636,1,3
0.7450824432310218,0.9492874211095792,0,3
0.7317272935002446,0.9336915833302049,0,3
0.713214097917924,0.8844656891617897,0,3
0.7259292241829952,0.8858926149669686,0,3
0.902017955930742,0.8858926149669686,0,3
0.9099217645316636,0.8872644759036492,0,3
0.9430651744220871,0.8460301691390727,1,3
0.9479770886724038,0.8230521857165409,1,3
0.9825891060310638,0.82570989413517,1,3
0.9651909756928106,0.776733269403965,1,3
0.9344434274147874,0.8181416993539724,1,3
0.59891620294842,0.8181416993539724,1,3
0.6196119024577725,0.8361661704271292,1,3
0.666630898085364,0.8379824550056839,0,3
0.6299683808261468,0.8557110979319807,0,3
0.5984206540528415,0.814700787849814,0,3
0.6101984105459668,0.8221527089806805,0,3
0.6196525024707319,0.8149993297618369,0,3
0.638033296481731,0.8473248310487445,0,3
0.6163082553180403,0.8787621964746986,0,3
0.5996291571966709,0.8879721077348101,0,3
0.8854336186294606,0.8879721077348101,0,3
0.8615392566874911,0.9126246808944858,0,3
0.8622600040276988,0.8874932457964113,1,3
0.8682367722157406,0.8463734376384159,1,3
0.9115001320870454,0.8938927467511,1,3
0.9563730091579232,0.86984047583476,1,3
0.913281556205764,0.8805843737608918,1,3
0.6609605475755445,0.8805843737608918,1,3
0.6297227901769196,0.8575414252289332,1,3
0.5968024291254191,0.8826317103951661,0,3
0.5938540749826415,0.867963341259253,0,3
0.5590149712378071,0.8418065211698997,0,3
0.5455710121072033,0.8459134252840022,0,3
0.5351959124053887,0.8431425475344753,0,3
0.5457335445705251,0.816540850565898,0,3
0.5647585181851363,0.7918575633272651,0,3
0.8610917831415863,0.7918575633272651,0,3
0.8317955649615727,0.775461844469706,0,3
0.8508758017173681,0.7763237418721644,1,3
0.8353692893063607,0.8220631313833483,1,3
0.8812274962353482,0.7852961881958478,1,3
0.8380519871146961,0.8236173159717158,1,3
0.8303331920118188,0.8204309394993153,1,3
0.8425494299810757,0.8048355167582687,1,3
0.5888065152167772,0.8048355167582687,1,3
0.5451699503714428,0.7902438730806864,1,3
0.5639328871949035,0.8212151312394528,0,3
0.5816096759209486,0.8430309278651199,0,3
0.8884476912611734,0.8430309278651199,0,3
0.9006305809375279,0.8450158984130091,0,3
0.9014060253264754,0.8076399029049307,1,3
0.5979131619915703,0.8076399029049307,1,3
0.5845757990956385,0.7659139626877761,1,3
0.6296941548703414,0.7788699185668816,0,3
0.6011700403857441,0.7649559733729555,0,3
0.6263673343696994,0.7485787789918295,0,3
0.8051567591173102,0.7485787789918295,0,3
0.8371543455812125,0.7366227009545304,0,3
0.8097630754664317,0.7408015963941901,1,3
0.8271364695472954,0.7606619409377898,1,3
0.8725695408293805,0.8027430548944035,1,3
0.85403629894099,0.8401944100644664,1,3
0.8889984592898912,0.8196494113133765,1,3
0.5870449696351684,0.8196494113133765,1,3
0.5739411002806636,0.7772634591068789,1,3
0.8116250470108668,0.7772634591068789,1,3
0.774039516084394,0.7574100503104373,1,3
0.756266455496832,0.7140919836005729,1,3
0.7695465206276738,0.7602231195230672,1,3
0.7602397547003347,0.8069519290257788,1,3
0.6136605805253837,0.8069519290257788,1,3
0.5792647861949407,0.7739469345153431,1,3
0.5596190163095515,0.8223756026612127,0,3
0.5351280452993951,0.8382657319028337,0,3
0.4949071528145752,0.8760357125800742,0,3
0.4863608781546748,0.8281023251979818,0,3
0.5223174034241549,0.8422467293275189,0,3
0.8503982211340378,0.8422467293275189,0,3
0.8829954977192037,0.8775457743411496,0,3
0.916353105947068,0.9204636539513033,1,3
0.6584719755507482,0.9204636539513033,1,3
0.6413066770915556,0.8794208913269548,1,3
0.6437934864245205,0.8795481133724318,0,3
0.9055967288867778,0.8795481133724318,0,3
0.925503920640754,0.8557088537459971,0,3
0.9118139206798036,0.8804815960455141,1,3
0.9578318292889856,0.896611222520046,1,3
0.9310564569121011,0.8561033607665796,1,3
0.9293661716966998,0.8748485773455917,1,3
0.6641468310738103,0.8748485773455917,1,3
0.6511945491877843,0.8777515685938849,1,3
0.6590178929770879,0.9176065049700332,0,3
0.6770460560332889,0.8951753608016719,0,3
0.6505752284314327,0.8937210752313095,0,3
0.9142081697567966,0.8937210752313095,0,3
0.9467416834078146,0.882560706182642,0,3
0.97209006280218,0.9107879249282372,1,3
0.9469997548655086,0.9511992064789004,1,3
0.931710015787503,0.9108996058108908,1,3
0.8953812060198298,0.9547734520978924,1,3
0.915555617265938,0.9350755964964158,1,3
0.683142461982764,0.9350755964964158,1,3
0.6757186779053219,0.9672956983849194,1,3
0.6525228360238058,0.9445794482665616,0,3
0.6440833621416179,0.9936717861637008,0,3
0.6782895356051912,0.9651576617404224,0,3
0.7201819914343277,0.9547916672728524,0,3
0.7635283318836003,0.9397806981111544,0,3
0.7447491741964442,0.9571013109213252,0,3
0.7252082426628335,0.9400045702771752,0,3
0.7323463065842308,0.982204777446228,0,3
0.9459962251070294,0.982204777446228,0,3
0.9388373140773298,0.944214553206462,0,3
0.957686619569706,0.9338347140861788,1,3
0.91718769864898,0.9516300048045356,1,3
0.9484716449772148,0.92870437056349,1,3
0.6579316802340257,0.92870437056349,1,3
0.6698771882565385,0.9454902508363668,1,3
0.6221888266834952,0.9858217915992468,0,3
0.6498789999091115,0.9392541493310907,0,3
0.6571180328960152,0.9847210896919704,0,3
0.6584346809022363,0.9411496810098224,0,3
0.6179331477562401,0.9202780702115612,0,3
0.5683544640705424,0.9249502908569748,0,3
0.9067017382026884,0.9249502908569748,0,3
0.8823303762388048,0.9491441468869856,0,3
0.8551237387169194,0.9666398313941492,1,3
0.8396537454108404,0.9462192221196072,1,3
0.8787577021377183,0.9352601020334468,1,3
0.9062219307860518,0.9545086522304028,1,3
0.9429161219911304,0.9164706351274178,1,3
0.95346345276329,0.9353249949318376,1,3
0.9370163279173253,0.9383155724950494,1,3
0.9862691660771438,0.9257972672992192,1,3
0.6574919228102596,0.9257972672992192,1,3
0.6737100034543152,0.9300027530418172,1,3
0.712521790667043,0.9492343156437468,0,3
0.7585438645889299,0.9631544166264784,0,3
0.7133290587117729,0.9409640818620204,0,3
0.6658681550935146,0.9595037386233592,0,3
0.6712092680896314,0.9574287494930528,0,3
0.6462626177456342,0.9528313151502468,0,3
0.9380960648091382,0.9528313151502468,0,3
0.9125019238682176,0.9350465601536636,0,3
0.9068022589699292,0.9185530665997266,1,3
0.8832632032934369,0.9503023973049756,1,3
0.9213527897691854,0.9470582593341548,1,3
0.6725474102962551,0.9470582593341548,1,3
0.6934062756833896,0.9159513376068312,1,3
0.7357259653472735,0.9101047452932982,0,3
0.7728291564529336,0.9161376038366248,0,3
0.798254508003964,0.9498608615758394,0,3
0.7769286328496304,0.9457651752579044,0,3
0.9527544094578794,0.9457651752579044,0,3
0.9445485397453854,0.9787538521425754,0,3
0.9439920022968716,0.962439044712506,1,3
0.972640155404846,0.939803677945376,1,3
0.6804216058888828,0.939803677945376,1,3
0.6982997108258213,0.9407340670229516,1,3
0.9389297164414894,0.9407340670229516,1,3
0.917726364635692,0.983412841770218,1,3
0.9579179468479798,0.9710996611923132,1,3
0.7155637866822814,0.9710996611923132,1,3
0.7144648602138934,0.9230468898775348,1,3
0.7353217807450414,0.9190913656743684,0,3
0.7498063150731733,0.8694790134814738,0,3
0.7736969881520961,0.8243245834700942,0,3
0.7702907029786277,0.7753751927077359,0,3
0.8142467987134993,0.7643531996611906,1,3
0.7855800846339862,0.8020576764360862,1,3
0.774797059004957,0.7700584360470663,1,3
0.7607407140773921,0.7396952686778386,1,3
0.7705663399287991,0.6984116951779112,1,3
0.8013099111673706,0.7177731510350531,1,3
0.838185461072396,0.7386383146826447,1,3
0.8807343151807212,0.7395528456950713,1,3
0.5589304723875527,0.7395528456950713,1,3
0.5399262873569798,0.7515326895280944,1,3
0.5872540201915548,0.7092132522550747,0,3
0.7674537258185975,0.7092132522550747,0,3
0.7848127933375308,0.6987830884620108,0,3
0.7802181632326859,0.6650649486961164,1,3
0.8272888981095222,0.6954875665710545,1,3
0.8662843789635435,0.6776107426208271,1,3
0.8887406400134986,0.6818744194146256,1,3
0.9342572390769732,0.7177227185266374,1,3
0.9408151418803804,0.7284083264409097,1,3
0.545809981389318,0.7284083264409097,1,3
0.532826987939412,0.6794645414851923,1,3
0.491052890890375,0.6779718003960532,0,3
0.4730917072721124,0.6937486613805934,0,3
0.7584603648433506,0.6937486613805934,0,3
0.7971813283437059,0.6757632714776786,0,3
0.82826720013569,0.677881329261616,1,3
0.7950589622815502,0.6728774505761772,1,3
0.8122773073527703,0.637334207641491,1,3
0.7688850596152426,0.6702240333300689,1,3
0.7270266738450684,0.7055784320685482,1,3
0.6824889902143966,0.751144259814402,1,3
0.7012037520812244,0.7573767544276585,1,3
0.7391369708537546,0.7692536282311615,1,3
0.5709893090270229,0.7692536282311615,1,3
0.5375751494684072,0.7249283945849835,1,3
0.5179654930329177,0.677956497168821,0,3
0.7577036381735048,0.677956497168821,0,3
0.7771325244114056,0.6375110208589664,0,3
0.7798155270775331,0.6611731820003395,1,3
0.5022947915520648,0.6611731820003395,1,3
0.5445655946173147,0.6955580391711457,1,3
0.5291006009727508,0.7333627908058714,0,3
0.5467489408955045,0.77796685345113,0,3
0.5530112608796617,0.7704406614278799,0,3
0.5745173269790191,0.7548067436194298,0,3
0.5620662891012013,0.7919179645779076,0,3
0.8388249243858108,0.7919179645779076,0,3
0.7955895078209858,0.7801269921462466,0,3
0.7936594365869529,0.8222691102732363,1,3
0.8411634233548947,0.8605170315161357,1,3
0.877846976507729,0.8795877194273128,1,3
0.6279566472419367,0.8795877194273128,1,3
0.5904880750224093,0.8891113047691979,1,3
0.5547335518905587,0.8638048420656407,0,3
0.8620956004707739,0.8638048420656407,0,3
0.8300813834533876,0.8870645924268686,0,3
0.6367396084493449,0.8870645924268686,0,3
0.6564490864128507,0.9213147764519248,0,3
0.6675107130192797,0.8936287838614232,0,3
0.6226060631509176,0.937906966109194,0,3
0.652849579029764,0.982593114403854,0,3
0.6649817736424044,0.9761744244293792,0,3
0.6609494946198637,0.9396527264299708,0,3
0.9111400165722018,0.9396527264299708,0,3
0.9011887614115066,0.923193628855256,0,3
0.8797041461018255,0.8963449872099786,1,3
0.8964720034786023,0.9323235218126384,1,3
0.687736141191241,0.9323235218126384,1,3
0.7073054087621284,0.9619963259921916,1,3
0.7446847298426776,0.9489422094787804,0,3
0.7273213213289657,0.9588590489708316,0,3
0.713449446876048,0.9327792218577048,0,3
0.9060094144960144,0.9327792218577048,0,3
0.8706221865674884,0.9594927269378322,0,3
0.8942428852602715,0.9437987020462876,1,3
0.8660690537281934,0.9326818018221048,1,3
0.8353277443686707,0.9537955580436204,1,3
0.8186132307216903,0.9084522255843448,1,3
0.7910079808829213,0.8901282356030099,1,3
0.6381638650805712,0.8901282356030099,1,3
0.6362138226760025,0.9049354104167928,1,3
0.6206814164062364,0.924667029546969,0,3
0.9438721639822416,0.924667029546969,0,3
0.9142739732437642,0.9744898800412628,0,3
0.9509911302228686,0.9350154087304527,1,3
0.9108847941886108,0.9725666949999792,1,3
0.951703343192986,0.9634498590545444,1,3
0.9445127212529316,0.9408010654097434,1,3
0.9802168191585906,0.9822076410407182,1,3
0.9385573837447768,0.956515448034378,1,3
0.9370597218578476,0.935218262160614,1,3
0.6716309478724971,0.935218262160614,1,3
0.6997530065176033,0.9177684414833124,1,3
0.9046096292137482,0.9177684414833124,1,3
0.9206601629144584,0.9349350960497194,1,3
0.9302962983146194,0.9505263112141236,1,3
0.9618317685968144,0.9302516570977962,1,3
0.9535864666080625,0.8887178650683638,1,3
0.947981353422338,0.9061595442522492,1,3
0.950450918705352,0.8808213034480915,1,3
0.6511642786239146,0.8808213034480915,1,3
0.6220079227030861,0.860854054809384,1,3
0.6303597137076433,0.8593910865403345,0,3
0.6412551263039871,0.8349666851050688,0,3
0.6297270388394162,0.829122992443185,0,3
0.8668165931512999,0.829122992443185,0,3
0.8430301565031768,0.8513438560088012,0,3
0.8100066405611782,0.862257095034898,1,3
0.7780646577223364,0.8278193960264025,1,3
0.7820672997070016,0.8336207217847276,1,3
0.7554851626184281,0.8502620349763764,1,3
0.7567775391992043,0.8657991195075834,1,3
0.7221069603827931,0.8744190182829451,1,3
0.709581563759274,0.9137576828386098,0,3
0.7577808708866253,0.8787935720438985,0,3
0.7589376882783625,0.8695979377157586,0,3
0.74021407126055,0.8234381649742696,0,3
0.7748659516259875,0.842586643544915,0,3
0.7592102832373792,0.8649148798455638,0,3
0.7339609333971763,0.8815026952833848,0,3
0.7327166524190172,0.9008830386614076,0,3
0.7115033233600048,0.900528097060116,0,3
0.7507294385406611,0.9291302116097512,0,3
0.7680024172286025,0.9130275188799885,0,3
0.7351500158884174,0.9360509679360126,0,3
0.950285872968372,0.9360509679360126,0,3
0.949350449018463,0.9470671207039754,0,3
0.9668695320147662,0.9871901806624216,1,3
0.9510026544939316,0.983300160907462,1,3
0.9102612921614776,0.947384226668521,1,3
0.9266203266301511,0.963796955637068,1,3
0.9760668872343776,0.924048268212635,1,3
0.9368531416887564,0.9327771424978812,1,3
0.6862378337586242,0.9327771424978812,1,3
0.7171559807093919,0.9335797894995496,1,3
0.6933636589951341,0.983551626853948,0,3
0.7173414392497479,0.9426005633841206,0,3
0.7246629715040016,0.9053100166633504,0,3
0.7716733230391877,0.9088806624660422,0,3
0.7659151166707536,0.9246665786961752,0,3
0.7559420626589797,0.9353115434240384,0,3
0.9383806950844444,0.9353115434240384,0,3
0.9363041993016086,0.9155414560063682,0,3
0.9422823438057804,0.8860008736931365,1,3
0.9279506532219184,0.9309043231819358,1,3
0.8790416367343211,0.9056391776934336,1,3
0.6443835705218238,0.9056391776934336,1,3
0.6796288927034467,0.934060566708644,1,3
0.67075457173289,0.9580219692752092,0,3
0.6317487590567568,0.9165816658387568,0,3
0.634492408308981,0.9593633776020308,0,3
0.9481428454301436,0.9593633776020308,0,3
0.9731958571561498,0.9390673990387782,0,3
0.9392748136326564,0.9753622170601988,1,3
0.7080314721084474,0.9753622170601988,1,3
0.6875036746313834,0.9443451375629948,1,3
0.6404915368113258,0.9026795072444086,0,3
0.6741218429140545,0.8948621436421943,0,3
0.7064892855614667,0.9092089029981578,0,3
0.6836921473862371,0.9275174855335692,0,3
0.7117793579032973,0.8960627880546592,0,3
0.7439111834455755,0.8742404196192298,0,3
0.6965425314615008,0.9181165667954712,0,3
0.9344188689538286,0.9181165667954712,0,3
0.9495626256662134,0.9208114179624264,0,3
0.9536928344785016,0.9162559365723448,1,3
0.6674564032962076,0.9162559365723448,1,3
0.702780729315847,0.8895324710219141,1,3
0.7462524776367327,0.913945945833284,0,3
0.7472716940134629,0.9595629445323788,0,3
0.74750229739117,0.9375330232488412,0,3
0.730974565576768,0.9800113811618476,0,3
0.7170909532860278,0.9521253946578347,0,3
0.7541899921688058,0.9069493860651432,0,3
0.9048607558508764,0.9069493860651432,0,3
0.9387140156945136,0.8859132562425911,0,3
0.979709584048089,0.8443288268249743,1,3
0.9311281334723448,0.8186579668460786,1,3
0.6016297436045549,0.8186579668460786,1,3
0.5956780012773243,0.7779667183812432,1,3
0.568368387543918,0.8172055249424598,0,3
0.6075247730831056,0.8567662891298929,0,3
0.6023714395097476,0.8873194149874731,0,3
0.8950958441703764,0.8873194149874731,0,3
0.9270464144174844,0.8879970028017755,0,3
0.9147977269533448,0.9316391362293118,1,3
0.912742860203118,0.9687402607105892,1,3
0.9125790286668514,0.96669216177019,1,3
0.943346688080782,0.941134928550819,1,3
0.9601304735292532,0.9545616087927532,1,3
0.9153070073996143,0.9248371517419685,1,3
0.6623283763474167,0.9248371517419685,1,3
0.7103728026635904,0.940757732621838,1,3
0.7013439025080526,0.9904107062556632,0,3
0.693106853722822,0.9850194837509564,0,3
0.9388587296661844,0.9850194837509564,0,3
0.915669163841981,0.9759137172828862,0,3
0.9636038889146004,0.948510384405336,1,3
0.9608735123958128,0.976175248567586,1,3
0.960686729255659,0.9708956108430116,1,3
0.945835636955414,0.953962535298504,1,3
0.97054286979711,0.921421034580773,1,3
0.9551466396461128,0.8790151839144132,1,3
0.6321330055355514,0.8790151839144132,1,3
0.5942336953968648,0.8355571657862968,1,3
0.6342252734178032,0.8236477875949687,0,3
0.8811875829915642,0.8236477875949687,0,3
0.8877344846691329,0.8229742349411765,0,3
0.8923899655095672,0.8473286192264868,1,3
0.9042095343851964,0.8271831261964395,1,3
0.9390131432569878,0.8396391269192992,1,3
0.9115693012019216,0.8456465828717368,1,3
0.9549067157826462,0.8605082322104777,1,3
0.9536710315592524,0.88604304667669,1,3
0.9279088207738092,0.8569019060980143,1,3
0.8938454512008003,0.8206717641757499,1,3
0.6289080653881538,0.8206717641757499,1,3
0.6599111430454039,0.8447904607310954,1,3
0.6984926381940396,0.8396537003645066,0,3
0.6690424133174395,0.8132483591558105,0,3
0.8462636746608242,0.8132483591558105,0,3
0.8078149446208149,0.7650055170220238,0,3
0.767512498135589,0.7156226836528402,1,3
0.7607315591351052,0.7039618906680105,1,3
0.5426915937089761,0.7039618906680105,1,3
0.5599840879156196,0.6923035963705797,1,3
0.5108003757295836,0.6721514579341601,0,3
0.5059969803724309,0.649315823008501,0,3
0.5553625159438315,0.6503882459370617,0,3
0.7407510534579421,0.6503882459370617,0,3
0.7268030604628898,0.6576060490384704,0,3
0.7587681179088596,0.6324920820198636,1,3
0.7644335326822991,0.6781297476430503,1,3
0.8140917679877084,0.6894847323967402,1,3
0.7904253091885308,0.671998652479513,1,3
0.7682526073956417,0.7044152401270004,1,3
0.7832106712446447,0.7522631088658939,1,3
0.756835510830528,0.7333292758213532,1,3
0.7610512352238116,0.7727056352667213,1,3
0.5573734212946273,0.7727056352667213,1,3
0.520398055181505,0.8016596432429376,1,3
0.5558922308631384,0.7516712503543241,0,3
0.5098468890836202,0.7869239704901427,0,3
0.5180700474243337,0.7699152427142122,0,3
0.5069360856924209,0.7689676383952032,0,3
0.8284369357896784,0.7689676383952032,0,3
0.8138468974341247,0.7935109150799373,0,3
0.856376103457705,0.7685366928746817,1,3
0.8436372696075575,0.8078912092875439,1,3
0.8648666888869002,0.7768642037552564,1,3
0.0881126488704289,0.0688588231130782,0,4
0.1189523870441582,0.1005840817806251,0,4
0.1531072550875514,0.1269514136175728,0,4
0.1988697031764651,0.0889201738088491,0,4
0.2028817666726479,0.1223933659270846,0,4
0.1772214479473197,0.1605540368350256,0,4
0.2136640051989201,0.1249025223589362,0,4
0.2590335757952597,0.0990794066821545,0,4
0.2835725069991851,0.0817460725200998,0,4
0.2444371407989767,0.0824990357396293,0,4
0.8109272754050605,0.0824990357396293,0,4
0.8530789718196061,0.0437978819884171,0,4
0.810364475734544,0.0439939149769701,1,4
0.791335845504034,0.0711172984397759,1,4
0.8248200401088008,0.0658329299948269,1,4
0.8532303509456459,0.1000690376439224,1,4
0.847568218731764,0.0957633395615379,1,4
0.8711220692968918,0.140604085168057,1,4
0.8496627391919794,0.1537783058738836,1,4
0.8465169363010199,0.1979689809499937,1,4
0.6847284981291373,0.1979689809499937,1,4
0.7001605750024507,0.1985287016858993,1,4
0.7480993408631451,0.1485937373905095,0,4
0.918011812048548,0.1485937373905095,0,4
0.893561221098016,0.1939973376747343,0,4
0.9434238700621732,0.1988739432255095,1,4
0.963303769153824,0.1773446139808791,1,4
0.9576591178498232,0.2225222544417998,1,4
0.9142622762427474,0.2148589162325044,1,4
0.9184142694216824,0.2159734496806047,1,4
0.6662465667213385,0.2159734496806047,1,4
0.7100020705202785,0.1710324904388956,1,4
0.6925149284257066,0.2095486850201049,0,4
0.7340890675078943,0.2516717252855046,0,4
0.7392389793162997,0.24218985887667,0,4
0.708097144596379,0.233983887530055,0,4
0.7111190298310919,0.234434738117082,0,4
0.70719542554819,0.2320027966916841,0,4
0.7525872713490305,0.2182677529501449,0,4
0.7585171707320499,0.168928306445005,0,4
0.7388859697256327,0.1733367581408807,0,4
0.7386569986341842,0.2168040775753868,0,4
0.7164571488882718,0.2509729908496566,0,4
0.7655674354013112,0.2495893809084885,0,4
0.7497613452452938,0.2251368895640596,0,4
0.7473928701433499,0.2177446906299484,0,4
0.7047732704883738,0.2212075986635629,0,4
0.6746032034763211,0.2046683575832179,0,4
0.6429004747879015,0.1809628030441641,0,4
0.6285379651557718,0.2020774111454241,0,4
0.6460823993314037,0.1883041456320106,0,4
0.6347875129509638,0.1979328533824007,0,4
0.672141952589831,0.1891278514737451,0,4
0.6701030182445475,0.2381038520062325,0,4
0.8573421418687174,0.2381038520062325,0,4
0.8111730030591641,0.2334877573981859,0,4
0.8096776572868575,0.2255633620384106,1,4
0.7891612759971028,0.1911353140582349,1,4
0.7518431065963017,0.1559303515908556,1,4
0.7819021215390182,0.1368538123116381,0,4
0.7622227002961919,0.1684831081069887,0,4
0.7332527486473198,0.1915411342180334,0,4
0.7109128779658777,0.1714447234082339,0,4
0.91505669644476,0.1714447234082339,0,4
0.9379225658085266,0.1607824441241052,0,4
0.8927208521337944,0.1373986497872419,1,4
0.8828534163862677,0.1746184236251381,1,4
0.6833053119809387,0.1746184236251381,1,4
0.6377762172610619,0.1928310152963886,1,4
0.6782855506790596,0.2189307151955114,0,4
0.6537117475025404,0.1869355584399534,0,4
0.658054083245992,0.2140046920277258,0,4
0.697383463158134,0.2406586777834222,0,4
0.8561586462067193,0.2406586777834222,0,4
0.8596046296825228,0.2543629614503644,0,4
0.8692534879531293,0.2469893825164187,1,4
0.9129912938316748,0.2218244929239901,1,4
0.6188421730786662,0.2218244929239901,1,4
0.6421008325457904,0.2480477446906243,1,4
0.6125244182005948,0.2786280155174183,0,4
0.5890810628461505,0.3093140560786264,0,4
0.5899199751512003,0.2945096978775579,0,4
0.54860748005269,0.2811275383009916,0,4
0.5197097759362771,0.2388458330949972,0,4
0.5498834768390738,0.2814436293516708,0,4
0.5879130788605228,0.3017919542558768,0,4
0.6163094946630812,0.3212735910184269,0,4
0.61695627154009,0.368780048223328,1,4
0.6049051065658418,0.3371846937483854,1,4
0.5551835995595403,0.3688359712313439,1,4
0.5328288615467398,0.4127334971455655,1,4
0.4842833779936116,0.4538041779252455,1,4
0.4368636415511065,0.4670600535630689,1,4
0.0911487297696113,0.4670600535630689,1,4
0.0740911193278009,0.4858956810759754,1,4
0.0292430425704291,0.5114606902716015,0,4
0.3097194321611533,0.5114606902716015,0,4
0.302558168748077,0.4811122315006892,0,4
0.3087116417890856,0.4831598811247048,1,4
0.3312411772657517,0.5188099606963941,1,4
0.3092217146102548,0.5278428841865656,1,4
0.2738001706326576,0.5767630599243274,1,4
0.2274397663338753,0.5290990880301736,1,4
0.2751633074751421,0.4797758859616785,1,4
0.2887468418904167,0.4765110778041212,1,4
0.2633569448206526,0.4544083498135235,1,4
0.2740640165524167,0.4418289059326031,1,4
0.2745778302176004,0.4288701992176487,1,4
0.3043519184723985,0.402848116265697,1,4
0.3032759585574703,0.3680519412314025,1,4
0.261008374122329,0.3617215697133067,0,4
0.2163360665959799,0.3791489374123893,0,4
0.2202254193577419,0.3559175350218785,0,4
0.2439229810971911,0.3586993524387123,0,4
0.2346947882643663,0.3656344928983686,0,4
0.5426574254984112,0.3656344928983686,0,4
0.5708783451424638,0.3191120734463319,0,4
0.5867355082353669,0.2959734870858829,0,4
0.5611168014779754,0.2500000619566935,0,4
0.5250099779092153,0.2272181832550522,0,4
0.5487006712044737,0.2136368960272087,0,4
0.5283084984721055,0.1827893432721522,0,4
0.4811853410957375,0.2078679889318502,0,4
0.4687972309832724,0.1628127640848515,0,4
0.4592442656949605,0.1193189127895173,0,4
0.4100199780226418,0.164706353062414,0,4
0.4270702225000742,0.1318050164222625,0,4
0.8879413099183584,0.1318050164222625,0,4
0.9196313122861566,0.1140225802923645,0,4
0.9576946784771022,0.0949531179072552,1,4
0.9154575279473384,0.0933389871945119,1,4
0.6109805899844798,0.0933389871945119,1,4
0.56896946559074,0.1218825517811543,1,4
0.5733351471951094,0.167349637129459,0,4
0.6044330638485217,0.1240606127051078,0,4
0.5944447225559775,0.1639207830808945,0,4
0.6250692127440428,0.1501256625441022,0,4
0.941216056352188,0.1501256625441022,0,4
0.8918672156477501,0.1062439435235403,0,4
0.9080746234242412,0.0865419598230825,1,4
0.8922247773004995,0.0877909878651117,1,4
0.9386860302732722,0.0411242980026035,1,4
0.9626071241674756,0.0694906212437662,1,4
0.9284330420171968,0.0551105594756227,1,4
0.9382310027799352,0.0238097511801349,1,4
0.9122435160719656,0.0704169971859884,1,4
0.9402344902041708,0.1023330384758069,1,4
0.6368885311430187,0.1023330384758069,1,4
0.6783879848300538,0.0578431904181151,1,4
0.7222695697660297,0.0601664436277201,1,4
0.5150015881589937,0.0601664436277201,1,4
0.5150035930122766,0.0909093490427369,0,4
0.5192124795763646,0.0911982909217056,0,4
0.5007456768365187,0.0484660700946877,0,4
0.5067808536833086,0.0744188363756396,0,4
0.4885722726747762,0.081263049195969,0,4
0.4595504803153338,0.0831056888573208,0,4
0.4517831374020211,0.0390339181980782,0,4
0.4714867890720405,0.0536158891662113,0,4
0.4788051828198054,0.0625227479153888,0,4
0.7705723526989445,0.0625227479153888,0,4
0.7222920122235715,0.0363480224922589,0,4
0.7010618248462134,0.0634856963170617,1,4
0.6732506319347502,0.1026096321902444,1,4
0.6447620887614635,0.0601290394282082,1,4
0.650918433339917,0.0955173701314483,0,4
0.6814600653223597,0.0787222389584816,0,4
0.6973195549225679,0.0765043853655113,0,4
0.7315378789845473,0.0609411717947678,0,4
0.7499171070308199,0.0300839559683305,0,4
0.7617297323500343,0.0562907548262752,1,4
0.740179363900642,0.0893465852051291,1,4
0.7462828981396847,0.0752373206446139,1,4
0.7200675908160327,0.0695867971793962,1,4
0.5370992046067482,0.0695867971793962,1,4
0.5804603519483816,0.047322742108317,1,4
0.5625160480888101,0.093955490079106,0,4
0.5513793408250595,0.1147476799004828,0,4
0.5090882022701291,0.0832711825124457,0,4
0.4926810684960532,0.0710545804447993,0,4
0.4539296115006753,0.1131124182154484,0,4
0.4932672609243151,0.1022173028770317,0,4
0.505161553001056,0.0763603811484597,0,4
0.8279304686017739,0.0763603811484597,0,4
0.8576678346956469,0.0533349191803501,0,4
0.8698305476282073,0.0897429547128216,1,4
0.846945460997433,0.1006983811471168,1,4
0.8227413682660795,0.1110129497063443,1,4
0.8029346477313458,0.1020402120269548,1,4
0.7594625585664986,0.1350158673822269,1,4
0.8069412484548862,0.1303859301478739,1,4
0.8192292507522897,0.1425448550890219,1,4
0.7736937851214662,0.1263137934683489,1,4
0.8236568530795163,0.1445065236551613,1,4
0.8456151230072247,0.1561013982942606,1,4
0.801172113294357,0.1190392835777337,1,4
0.7783576879058978,0.1137537654441358,1,4
0.7714296903268957,0.1312403469579861,1,4
0.7517807285945768,0.1394349914389449,1,4
0.7515117769018592,0.1342487650092865,0,4
0.7871417438840426,0.1097031000990815,0,4
0.7864299634895843,0.0616283730729555,0,4
0.7829018179425908,0.0122750394529498,1,4
0.8251805302416847,0.0160850776206518,1,4
0.8298869358428694,0.0249989865513954,1,4
0.8318070487127665,0.0272992373128217,1,4
0.8621975125875234,0.0310520680465545,1,4
0.4754126111725211,0.0310520680465545,1,4
0.4408347866216174,0.0800674856559349,1,4
0.4566017200713241,0.1256833862900662,0,4
0.490461298985726,0.1309954586252413,0,4
0.5020560619231875,0.1157803501011117,0,4
0.8797587092054613,0.1157803501011117,0,4
0.8975628832059414,0.1512483299978819,0,4
0.6496957314959612,0.1512483299978819,0,4
0.6596069879660664,0.1416715116075748,0,4
0.6532261267812745,0.1540303861532955,0,4
0.6407824960597959,0.172143105038338,0,4
0.6674816730070233,0.1301803387342533,0,4
0.6827269015934699,0.1078217834826579,0,4
0.7255414808732045,0.1299288170771207,0,4
0.8996488642754673,0.1299288170771207,0,4
0.9278858280749878,0.095033051140022,0,4
0.6049438916114946,0.095033051140022,0,4
0.6002390995892591,0.1021484028500365,0,4
0.8577130496422294,0.1021484028500365,1,4
0.8187072783388057,0.130657366373077,1,4
0.6592946445580348,0.130657366373077,0,4
0.6911271653254508,0.1352152315589246,0,4
0.6606367920696543,0.1424300284274477,0,4
0.7059128454107588,0.1178409384375877,0,4
0.6623951378982965,0.1336930776704946,0,4
0.6974291130280845,0.174506371126853,0,4
0.9260989083923872,0.174506371126853,0,4
0.886257479674477,0.1247874528894854,0,4
0.8398388118952697,0.0983623284547894,1,4
0.7923680555299512,0.1392161961241202,1,4
0.6820523343017182,0.1392161961241202,1,4
0.6757833845875955,0.1685097086530909,1,4
0.6991963167181864,0.2137128354670973,0,4
0.6664906948936385,0.2542453276649143,0,4
0.6523990714935366,0.2223400420435448,0,4
0.6568805139782522,0.2445149819854506,0,4
0.861291558139053,0.2445149819854506,0,4
0.8636079359544823,0.2089359879437626,0,4
0.6589698022117934,0.2089359879437626,0,4
0.6443301369995273,0.2428007402707795,0,4
0.616656089459672,0.2834537362727544,0,4
0.5909374112337571,0.292473273439844,0,4
0.639706755999161,0.2801296540349525,0,4
0.615163011612721,0.3099910785172132,0,4
0.6310522933237079,0.3132186212710313,0,4
0.6647749843656157,0.307557567474311,1,4
0.6689321949286277,0.2746542582242598,1,4
0.6234751548359067,0.2379970758697857,1,4
0.6511919680299538,0.2570322465320565,1,4
0.6249472508850611,0.3019259160221312,1,4
0.6715839386632758,0.2962247379058149,1,4
0.6797553998567823,0.2697938439755252,1,4
0.7137324354870187,0.3041505691238428,1,4
0.7585486400863137,0.3439959143747674,1,4
0.8012784777794408,0.3362105802628194,1,4
0.8465351129804736,0.3115266032324941,1,4
0.8400951021463969,0.2843166863037423,1,4
0.4951489858170369,0.2843166863037423,1,4
0.5253934234620861,0.2660547830235774,1,4
0.799414090819529,0.2660547830235774,1,4
0.7833121184052767,0.3139408193600096,1,4
0.7352048844534684,0.3390523527113443,1,4
0.7231973956332587,0.3697567143107805,1,4
0.7193298836456676,0.3851642572627168,1,4
0.6764350357055192,0.4172781768632103,1,4
0.6816643881405001,0.4257430132064472,1,4
0.7204778377116973,0.4573458636298975,1,4
0.755731426546782,0.4078696149926931,1,4
0.7643202174734748,0.4082500037925078,1,4
0.1613427134700938,0.4082500037925078,1,4
0.1784931240360391,0.3909413228702124,1,4
0.1451928042787684,0.4358946660704151,0,4
0.1358988340699618,0.4467072219337312,0,4
0.1115978586094395,0.4446461967836609,0,4
0.0892271435075597,0.4877967320172554,0,4
0.1278647560290042,0.4462585357633422,0,4
0.381832159011841,0.4462585357633422,0,4
0.3828891077001399,0.4459196793510461,0,4
0.3599835438386801,0.483820316165155,1,4
0.3518506527527781,0.5002110393662934,1,4
0.3376418450744505,0.5096153229621745,1,4
0.3348694422878254,0.4827851826165776,1,4
0.3838602440020355,0.5019630240716519,1,4
0.3924108384310571,0.456222029491213,1,4
0.3723434242282495,0.4885834973439744,1,4
0.3704708131113673,0.5109549689671569,1,4
0.0589683379755896,0.5109549689671569,1,4
0.0504565839759895,0.4700539311522135,1,4
0.0811723887647802,0.4919790605164142,0,4
0.0886004999146226,0.5126922039986689,0,4
0.0572355098808476,0.4796876967118573,0,4
0.0751913098146742,0.4720238948978115,0,4
0.08601781943666,0.4260963254449291,0,4
0.1104056581170788,0.413219837143831,0,4
0.4405484563790023,0.413219837143831,0,4
0.4786192240459546,0.388215571467931,0,4
0.5108322666791052,0.3476684050123549,1,4
0.5441151396506088,0.3075507720391616,1,4
0.5452276706706269,0.3126378187958442,1,4
0.5024595290061415,0.3524563116132887,1,4
0.5141611254963224,0.3201020994634853,0,4
0.5290312305597654,0.2934013703391407,0,4
0.4925429569460806,0.2648634941785214,0,4
0.509196820093897,0.3061867270911278,0,4
0.4598794901129546,0.3142669683072276,0,4
0.4118591201598229,0.337205449871618,0,4
0.4229605529336599,0.3355845245128261,0,4
0.4016511776784572,0.3155999633030755,0,4
0.6782454776525034,0.3155999633030755,0,4
0.7137304864168055,0.3152529913407865,0,4
0.7539318344538908,0.269218915267346,1,4
0.7185556115611331,0.3048766243576394,1,4
0.7385632721600977,0.254991866608259,1,4
0.7766921922543626,0.2081540401934525,1,4
0.798814037131424,0.1854641279769324,1,4
0.769112355344187,0.1493076027531709,1,4
0.7688227821580292,0.1829965733875195,0,4
0.8048061719483728,0.1719295917752941,0,4
0.8028429877192738,0.1318859995300844,1,4
0.8496466460282744,0.0834512818781354,1,4
0.8235469477015053,0.0910774344997747,1,4
0.7824834248386134,0.0862050183192081,1,4
0.7764726662876333,0.1077315254006274,1,4
0.7475251952026115,0.1236771644925647,1,4
0.7488038931945518,0.133611460310795,1,4
0.7561866017490538,0.1014477438140961,1,4
0.7823140674401508,0.1410984209543076,0,4
0.776158249992165,0.0961193817563665,0,4
0.8074143335887474,0.0874432900123072,1,4
0.8421574443192612,0.0591788020874495,1,4
0.8796664005988298,0.0878285108585853,1,4
0.907588299353842,0.1275600775278739,1,4
0.9351461013228984,0.1468013034003167,1,4
0.939744659735509,0.1537963914319327,1,4
0.936420932009171,0.1201685671965273,1,4
0.9330519849066112,0.1692494563125117,1,4
0.8976990313603487,0.1538448553964072,1,4
0.6832468389471961,0.1538448553964072,1,4
0.7159966613467542,0.1119715172245773,1,4
0.6934584726487362,0.0726777345817631,1,4
0.7034152985362178,0.0370099530772356,1,4
0.6908109470655394,0.081193210598648,0,4
0.7104460550559581,0.0679045250757857,1,4
0.7138475456074505,0.0484195046292254,1,4
0.7025863942361197,0.0780560264153093,1,4
0.7030116071562934,0.0966759185539301,1,4
0.7217146342634423,0.0660592856230167,1,4
0.7716489368446914,0.059138367105324,1,4
0.7643075275543149,0.0455706394340912,1,4
0.7636824331029233,0.051624292838408,1,4
0.8036522998922772,0.0510567757151361,1,4
0.7793488777900688,0.0902314104852859,1,4
0.8128849207088761,0.0610676044476588,1,4
0.7820236878883027,0.0620994473369616,1,4
0.7433098627511913,0.0148975588761689,1,4
0.4353009045952242,0.0148975588761689,1,4
0.4846221409633054,0.0405997456139096,1,4
0.4886674069812883,0.0500204077822919,0,4
0.4691157017455085,0.0623420643580376,0,4
0.4716866511632253,0.0306146535911104,0,4
0.5071827596051993,0.0536472293813404,0,4
0.7642084288134829,0.0536472293813404,0,4
0.8086330224874224,0.041084026672463,0,4
0.4822033258910989,0.041084026672463,0,4
0.4366707175545916,0.0748666253472268,0,4
0.4199414231035867,0.0630555128054853,0,4
0.4551134648650098,0.0185796107063077,0,4
0.4584806568448331,0.024129052913543,0,4
0.4193788917711885,0.0653718323854938,0,4
0.4123063723626067,0.0775843101590684,0,4
0.418216532013077,0.0503178319745679,0,4
0.4353800552885543,0.0773068402182587,0,4
0.8367272803578305,0.0773068402182587,0,4
0.877509517540585,0.0622833069216637,0,4
0.8792224501188217,0.080270107296315,1,4
0.8931417279220931,0.0645132586279132,1,4
0.5447925584403529,0.0645132586279132,1,4
0.5597492072518903,0.0496116502768067,1,4
0.6093474559545926,0.0496379442905364,0,4
0.6136056361443477,0.097093644668964,0,4
0.6084209009130304,0.0866402360523938,0,4
0.6007652595546414,0.1242226303583434,0,4
0.6200937519650146,0.1506165195025864,0,4
0.591467106612348,0.142662246804558,0,4
0.9129900068321511,0.142662246804558,0,4
0.8705868842421027,0.1122701771186429,0,4
0.914609987745351,0.0698459524812084,1,4
0.8893004412112904,0.0612851643477189,1,4
0.8772390167887086,0.0836227373516985,1,4
0.5641347400380224,0.0836227373516985,1,4
0.6031724585214373,0.0874559150602606,1,4
0.619748810091655,0.0765644585089687,0,4
0.813566193518034,0.0765644585089687,0,4
0.8413828851307353,0.1081639744170137,0,4
0.8824346929767067,0.1477921755488392,1,4
0.8492118305431696,0.1404583079210915,1,4
0.855274518862841,0.1821891217162905,1,4
0.6591352299640503,0.1821891217162905,1,4
0.683330918464781,0.2305008912947874,1,4
0.8801688197266453,0.2305008912947874,1,4
0.847568188635881,0.2391296760769406,1,4
0.8825664026615092,0.2521156892025343,1,4
0.872554382177935,0.2098006357737585,1,4
0.6699504321507472,0.2098006357737585,1,4
0.6826110900154124,0.2258518379853411,1,4
0.6425666478950562,0.2541335591036148,0,4
0.6870622204443739,0.2275058860245504,0,4
0.6732571403337018,0.2668499139208412,0,4
0.6608285269633756,0.300682427107189,0,4
0.6581039603259028,0.3228565228368378,0,4
0.6930461652159859,0.3546809289817269,1,4
0.6563903204859635,0.3077111910250307,1,4
0.6179736181580618,0.3499029105703933,1,4
0.605403254843515,0.3493307825566618,1,4
0.5867982983560796,0.3276822852230256,1,4
0.588977663508462,0.2909468971278553,1,4
0.6193704185421668,0.2768966236733541,1,4
0.570786779384848,0.2629451041410051,0,4
0.5439116884860761,0.2377971652625798,0,4
0.5307879392262524,0.2467818997353842,0,4
0.5173706694808412,0.2488207391701448,0,4
0.5212161165400068,0.2418371632087779,0,4
0.4890548049841123,0.2005545422037369,0,4
0.4599650556802172,0.155135600544587,0,4
0.4993485283186201,0.1755731880195717,0,4
0.9064173253942528,0.1755731880195717,0,4
0.8878027653662991,0.1870995130884779,0,4
0.8845623956483002,0.2162086390033133,1,4
0.6241179095919273,0.2162086390033133,1,4
0.6563660631187067,0.2424113836975609,1,4
0.7027698945615439,0.1934759016320415,0,4
0.7040542623736007,0.2185511996512019,0,4
0.6725516115782921,0.2427610225666343,0,4
0.6953060157194927,0.2382622114677912,0,4
0.679484614485577,0.2712844595318471,0,4
0.7091799907213951,0.2265725124001171,0,4
0.7196844709702671,0.2407245260997245,0,4
0.7332536031257693,0.2586512015379916,0,4
0.6857903979006253,0.2871176375573294,1,4
0.6810337449515032,0.2958977730011874,1,4
0.6331512375033962,0.2806905375256708,1,4
0.6516421377774259,0.2464247872456537,1,4
0.633458984328354,0.252554243533768,0,4
0.6147094087490766,0.2932780435632232,0,4
0.6377934561495275,0.3403285310903464,0,4
0.6090890298802006,0.3515519731800841,1,4
0.5775282020692695,0.3299787932844053,1,4
0.5560044538565487,0.3699797927290039,1,4
0.601310961474008,0.3445684572342115,1,4
0.6114254843169395,0.3039458267875747,1,4
0.5664175025119582,0.2570710282792157,1,4
0.5929859882560025,0.305804373096909,1,4
0.5466568594788511,0.3423296485335774,1,4
0.5592275642376187,0.3340366694545189,1,4
0.5934274452488717,0.3244035163451874,1,4
0.6407944585541928,0.3610231256426233,1,4
0.6150600395701468,0.3468257350856131,1,4
0.5768885720266533,0.3966695209468244,1,4
0.6142408920673084,0.3740470471646211,1,4
0.2780043143245836,0.3740470471646211,1,4
0.2716493879557478,0.3328079224969704,1,4
0.2403032570122116,0.3321850703736027,0,4
0.2126387628221819,0.3799597469761471,0,4
0.4749417019017852,0.3799597469761471,0,4
0.4562579091855869,0.3399363467946635,0,4
0.469016570406114,0.374907389607598,0,4
0.4464715060786804,0.3250819924953772,0,4
0.475520015081791,0.3611863413327084,1,4
0.4844579004542907,0.3882678380265221,1,4
0.513852756804776,0.3798961821499366,1,4
0.5457592416414215,0.379165888916529,1,4
0.5367612458476082,0.34201178603902,1,4
0.5798208008157312,0.3195306463456509,1,4
0.5366410300952318,0.3336966182566095,1,4
0.49671917238032,0.2903184146701207,1,4
0.5371109863454723,0.2941057621819909,1,4
0.4977308443737541,0.3002844005332308,0,4
0.5422166144721318,0.3228657868545289,0,4
0.5909865616764411,0.3146929891246591,0,4
0.5789227162234608,0.2832295387219176,0,4
0.6154931764814866,0.2813803153314385,0,4
0.5824234875321848,0.3017067526456934,0,4
0.5716194418551438,0.3173757435460598,0,4
0.6076003854657457,0.3255227605851418,0,4
0.6012109503006571,0.3254920768477389,1,4
0.5901803115019596,0.308688497515499,1,4
0.584433365975378,0.2802032040696942,1,4
0.5353601010746178,0.2659884379472912,1,4
0.5777829058001142,0.260257582232549,0,4
0.5925983092415725,0.3066771110803699,0,4
0.6111139235930688,0.3180854773847561,0,4
0.619230284424649,0.3113286074156438,1,4
0.5806909605053205,0.3529439904956163,1,4
0.5544268876198257,0.3408062153027997,1,4
0.5097094320305003,0.3536513528629311,1,4
0.5314008475394634,0.4022501717012516,1,4
0.5018501453602363,0.3972425144593794,1,4
0.5250698507990886,0.3666654511105492,1,4
0.5023061944293367,0.3333195638383017,1,4
0.3718559486173686,0.3333195638383017,1,4
0.3815804583645347,0.3432115297615092,1,4
0.3426088806900324,0.3700731883020429,0,4
0.3487458010183372,0.3784668820402302,0,4
0.3550518029991057,0.3747868451133802,0,4
0.3541213683960922,0.3950418149815744,0,4
0.3851169808380301,0.407736923978457,0,4
0.3664264660445144,0.3906247123874813,1,4
0.333885946341201,0.3685020626311218,1,4
0.2852130793254091,0.4060415933575392,1,4
0.2691673420740736,0.3644363553458978,0,4
0.228410304471694,0.3357112027384372,0,4
0.237579222421764,0.317938753708042,0,4
0.2445014356505807,0.3199163564726254,0,4
0.2724013975499366,0.3626668938985846,0,4
0.3146871938216636,0.3527545254751882,0,4
0.586022951841784,0.3527545254751882,0,4
0.5804607649014846,0.3216563520032513,0,4
0.5907052647131876,0.3066933897633324,1,4
0.5470367890281167,0.2883965223301076,1,4
0.5402077089822427,0.2941954146407622,1,4
0.5661492022857805,0.3188810114927288,1,4
0.5827214881475478,0.3356487299582788,1,4
0.5576164224685287,0.2946523118524936,0,4
0.5604629160287906,0.3273519322452745,1,4
0.5211849676489276,0.2856575975018454,1,4
0.5002290716708191,0.2460562061727514,0,4
0.4588945528784948,0.2551559310113321,0,4
0.4881583615881817,0.2457708244931931,0,4
0.504123675918501,0.2124110243839787,0,4
0.4597679815323401,0.2202268295853317,0,4
0.4458377325081856,0.215479145069734,0,4
0.4778762050013798,0.2376257060516592,0,4
0.8421684071383069,0.2376257060516592,0,4
0.8461456129234998,0.2787410155826929,0,4
0.8952879972184091,0.2630148857350318,1,4
0.90867269325852,0.3124211286451533,1,4
0.9545227136110954,0.3191226048464292,1,4
0.9336261782457757,0.3178888236470087,1,4
0.9641422823750002,0.3067155608827662,1,4
0.4401956330920749,0.3067155608827662,1,4
0.3988486518244226,0.3405464936488567,1,4
0.4271220177346521,0.3855650093915558,1,4
0.3791416443440117,0.364053899911777,0,4
0.4250340552710652,0.3459079175917131,0,4
0.4478731391026422,0.3787027417974086,0,4
0.4609383964405595,0.3463179576012681,0,4
0.4698494938978561,0.3696458910070053,0,4
0.4946070077361104,0.3332697576570138,0,4
0.5226596417416192,0.2843474959464553,0,4
0.5621120070524087,0.297332283536561,0,4
0.5126823479246918,0.2886694974662425,0,4
0.5037691757922311,0.2442232418283839,0,4
0.8400843649082713,0.2442232418283839,0,4
0.823154411981613,0.2108486273778789,0,4
0.7970790294122903,0.2050141289815196,1,4
0.6639407716278205,0.2050141289815196,1,4
0.6400850422460977,0.2447507569556826,1,4
0.6737170340907421,0.2233272541064409,0,4
0.887485737089793,0.2233272541064409,0,4
0.8773317093942136,0.2098822484053828,0,4
0.8637941107930233,0.2523576322168792,1,4
0.6030626819497286,0.2523576322168792,1,4
0.6460987577116875,0.2375793702176485,1,4
0.6767967941398493,0.1919327848983646,0,4
0.7125429838974797,0.2030503551592749,0,4
0.9004370000723113,0.2030503551592749,0,4
0.8810512045504941,0.1604881009558518,0,4
0.9189705267689482,0.181224675661424,1,4
0.9063890362248256,0.1578044761584972,1,4
0.8580847035391962,0.1219143872562919,1,4
0.8207847511826446,0.0777260170932509,1,4
0.8491725391079812,0.0470949839691509,1,4
0.8528995325542964,0.0829308325726377,1,4
0.836169451699961,0.1054502118745035,1,4
0.6128118241717161,0.1054502118745035,1,4
0.5965619270145789,0.0924643434314297,1,4
0.6339496293178917,0.1347662388796565,0,4
0.9141112165711036,0.1347662388796565,0,4
0.9104343351438786,0.1386369278153275,0,4
0.8985288648664589,0.1197669843796436,1,4
0.9224982122735624,0.1423369429841781,1,4
0.6642759736627325,0.1423369429841781,1,4
0.6769031357620791,0.0998483948124056,1,4
0.6528107973736312,0.1238214413490049,0,4
0.698494218971363,0.15381273753608,0,4
0.7441963472070254,0.1988768395181089,0,4
0.7296950356755928,0.2077046006463719,0,4
0.7289699775622432,0.2083782291345416,0,4
0.9055399937439002,0.2083782291345416,0,4
0.9284527049427546,0.2459934518343031,0,4
0.573314750492519,0.2459934518343031,0,4
0.6127593309806997,0.2892661945634792,0,4
0.6115742679802384,0.3163658001694096,1,4
0.5934201076929255,0.3036456039498498,1,4
0.6121938646912495,0.2643707645445206,0,4
0.6035046607560645,0.3121355483584986,1,4
0.6229210893603159,0.2727513485552013,1,4
0.6205637765829074,0.272658917553566,0,4
0.5903489527040899,0.2462464827592404,0,4
0.5500928740018185,0.2153829522413995,0,4
0.5738596064940772,0.2508680969367569,0,4
0.6150783934101718,0.2212571286420173,0,4
0.6093266085897306,0.2567659435894885,0,4
0.8101367980785219,0.2567659435894885,0,4
0.8346833966322732,0.2696501466958746,0,4
0.7910021963742718,0.2228681877770781,1,4
0.8308767787345159,0.2120081150036344,1,4
0.8265587546180696,0.1754011395162377,1,4
0.8072422954940968,0.1920098763381434,1,4
0.6456361190732158,0.1920098763381434,1,4
0.6104131941029357,0.1687792563997684,1,4
0.5877501016657339,0.1399738122046404,0,4
0.6262996009908435,0.1310864435513443,0,4
0.9218882456369604,0.1310864435513443,0,4
0.9632577126762328,0.1254882893465634,0,4
0.9310032880899384,0.1558271067330932,1,4
0.9634164266285472,0.1805993051998656,1,4
0.9598566894701488,0.2058054990492912,1,4
0.9292335090755698,0.206660399761484,1,4
0.9326089264198444,0.1972103630649239,1,4
0.6384327921139081,0.1972103630649239,1,4
0.6433209555000703,0.2421419410239903,1,4
0.6727342325298723,0.2543365627072246,0,4
0.6993913150708018,0.2622619199398255,0,4
0.7289218158835745,0.2936895882898813,0,4
0.7562140077330491,0.331187930774167,1,4
0.7102733132183283,0.2817062138727866,1,4
0.751930040513691,0.288107210066294,1,4
0.7820004734297831,0.2571465054269046,1,4
0.5935190343741958,0.2571465054269046,1,4
0.6330166256874397,0.2203702300206297,1,4
0.6091118465880863,0.1976235263942025,0,4
0.5888524093542293,0.2237358721807004,0,4
0.609982522092815,0.2480502964218973,0,4
0.5600069236077659,0.2950200149700737,0,4
0.5764654322491122,0.3147625703001477,0,4
0.559866828711315,0.3322502824919544,0,4
0.5471425854894993,0.3075066656071641,0,4
0.5882371863067771,0.2590929298170796,0,4
0.6254198360554801,0.2198331829561203,0,4
0.6655527400689953,0.1799694697530384,0,4
0.6465818179771969,0.2292866934804085,0,4
0.6199261335769706,0.2730198174421236,0,4
0.6007212707764219,0.2516570752614389,0,4
0.8290153597220684,0.2516570752614389,0,4
0.8324716759397586,0.2790810520673081,0,4
0.5067648775225971,0.2790810520673081,0,4
0.526197945407521,0.2712624987451898,0,4
0.547314078282191,0.2931365287158635,0,4
0.5964969619495297,0.2937294585920579,0,4
0.5902453210082997,0.285790866351278,0,4
0.7623050321528955,0.285790866351278,0,4
0.7571341337528199,0.3275512868157342,0,4
0.7609770730369475,0.3354957879378112,1,4
0.7635518748328773,0.316666519331729,1,4
0.7714892499286445,0.2860721116727006,1,4
0.790676840328482,0.3328750290984685,1,4
0.3799602714915691,0.3328750290984685,1,4
0.4172462714914351,0.3602532566301583,1,4
0.3843178696668039,0.3936391048754055,1,4
0.3489577014944426,0.4017597810117601,1,4
0.3964618618877558,0.3712220308726262,1,4
0.3618660522396988,0.4030593880740793,1,4
0.1726197877399833,0.4030593880740793,1,4
0.1789932841716165,0.3763430130254979,1,4
0.2185050876574142,0.3407216450681135,0,4
0.2183601411737706,0.3838362465529287,0,4
0.2145397483613722,0.3548709310311164,0,4
0.253461465984285,0.3184392976960767,0,4
0.2203659673508853,0.2801009119170942,0,4
0.265724019615394,0.2886980561977258,0,4
0.2773973679880248,0.2761371412371226,0,4
0.2637992829206363,0.2775559718043138,0,4
0.7569708715729057,0.2775559718043138,0,4
0.7863661164073045,0.319346075499709,0,4
0.7911994930462655,0.2912420483358394,1,4
0.8138335031079709,0.337357848976277,1,4
0.7812347065233841,0.2908284848445983,1,4
0.5032244585429462,0.2908284848445983,1,4
0.5330519426553968,0.2631718183930951,1,4
0.5313786861708697,0.2597790686532996,0,4
0.57564117795095,0.2775078032919882,0,4
0.7855820420829939,0.2775078032919882,0,4
0.7900159720955363,0.2951280058396269,0,4
0.472975262076555,0.2951280058396269,0,4
0.4429334312763111,0.2628847882387138,0,4
0.4750650607784994,0.2814353416681992,0,4
0.7435715877802255,0.2814353416681992,0,4
0.7221436985336247,0.3149348745995156,0,4
0.4110582497246566,0.3149348745995156,0,4
0.4280232171984058,0.3180715900561988,0,4
0.3836371995951626,0.3380560709868332,0,4
0.3473660382435767,0.3776607550364557,0,4
0.3794888708975648,0.3290933805635258,0,4
0.4085342670751328,0.3533078212741548,0,4
0.409138917420938,0.3390345154550671,0,4
0.4090639607784895,0.3071285138861241,0,4
0.4408965542615037,0.3526909543088841,0,4
0.4017454514137879,0.3180756422076724,0,4
0.6771626294412554,0.3180756422076724,0,4
0.6502479042367038,0.2730838896793446,0,4
0.657129173958333,0.2961234536544913,0,4
0.6647517903346135,0.3445689759252913,1,4
0.6466400994886777,0.3624416078982717,1,4
0.6172444184044725,0.3835562074341632,1,4
0.593813188277832,0.4262253492107417,1,4
0.6430702776610154,0.4334808490009347,1,4
0.6194819169872832,0.4321553212070163,1,4
0.1323369318799349,0.4321553212070163,1,4
0.1000907735755526,0.4243512970944939,1,4
0.0591380834036855,0.3966280926209068,0,4
0.0722957688408002,0.4303264560663932,0,4
0.0767077066091908,0.4085318820968551,0,4
0.0450665290512746,0.4580100411890333,0,4
0.3289376963702563,0.4580100411890333,0,4
0.3037019172552623,0.4620047583035577,0,4
0.3341315564663597,0.4922864222682692,1,4
0.0949261780459597,0.4922864222682692,1,4
0.0513093917559853,0.47223105215757,1,4
0.0369279913526364,0.4960437855055478,0,4
0.0430513467679116,0.5097664574483729,0,4
0.0692925004580399,0.533078652454062,0,4
0.0783250133000246,0.5055665071026009,0,4
0.085540089373479,0.4778243463872265,0,4
0.0363299102904136,0.4995430615330092,0,4
0.0670578401431184,0.4607124982217621,0,4
0.0891482008907282,0.4184416204326684,0,4
0.3932585712371857,0.4184416204326684,0,4
0.4299134023191087,0.3769466204294988,0,4
0.4098186757828075,0.3306874319289606,0,4
0.4164126041798437,0.3572883319884057,0,4
0.460958184888237,0.4023756812653589,1,4
0.5054935033622664,0.3717556202327902,1,4
0.4629168493453356,0.3535270865045622,1,4
0.4540955968239634,0.3847307940683975,1,4
0.2178919194500424,0.3847307940683975,1,4
0.2391462296536494,0.3556742635817145,1,4
0.2187363043683086,0.3472959776649149,0,4
0.1704457192544649,0.3187204024023796,0,4
0.1725654017692647,0.308552050929086,0,4
0.7064667700698206,0.308552050929086,0,4
0.7413676664434181,0.3261054252677346,0,4
0.7354405232590219,0.3750931660050883,1,4
0.7477341558864004,0.3491756327010168,1,4
0.7173100015051044,0.3738956584561429,1,4
0.7378478345411092,0.4167498935793316,1,4
0.717370617363504,0.3810311472336897,1,4
0.6893595106028334,0.3436948842119623,1,4
0.6836153837843547,0.3772379168527631,1,4
0.7251150509163321,0.4027735391303703,1,4
0.1779065605059794,0.4027735391303703,1,4
0.1802980070024654,0.3842464732451384,1,4
0.1513550173364728,0.3469577591170659,0,4
0.1943072488923061,0.3574592073324281,0,4
0.5705519757986819,0.3574592073324281,0,4
0.617957421724688,0.3595925062100176,0,4
0.5870904260911949,0.4007660393978435,1,4
0.5811728516716927,0.4342313461174382,1,4
0.5327215672671938,0.4658918801037925,1,4
0.5359849292694404,0.5112959979656931,1,4
0.5143632594886557,0.5586142846004756,1,4
0.5521738098133867,0.5783516515576531,1,4
0.5330122567982714,0.5625232797918532,1,4
0.1136874498163459,0.5625232797918532,1,4
0.1382005366087563,0.570818725845106,1,4
0.1366692740281109,0.5458843592924627,0,4
0.3520209395381904,0.5458843592924627,0,4
0.3870394435680946,0.5519810180893252,0,4
0.3653413732053016,0.5418244027255358,1,4
0.3992380881012936,0.5334865806660505,1,4
0.3711473153144175,0.5313780292152079,1,4
0.3941211394450264,0.5321201748861996,1,4
0.4423430385445002,0.5113600923268778,1,4
0.0647759155713204,0.5113600923268778,1,4
0.0912985438052314,0.5361157707111815,1,4
0.0533113698671065,0.5731630167912585,0,4
0.0509981831632464,0.576235939127722,0,4
0.3747696661560408,0.576235939127722,0,4
0.4003803860041164,0.538645790704226,0,4
0.4334732084244417,0.5303459600794331,1,4
0.4502289270056699,0.5249560397533775,1,4
0.4654604902325445,0.5344498504949259,1,4
0.4827305458042846,0.567618877215938,1,4
0.4563462269091622,0.5309777471620155,1,4
0.4853491762758364,0.4821855698195958,1,4
0.4695513994897622,0.5204580492858214,1,4
0.0937089485040338,0.5204580492858214,1,4
0.0796248272804074,0.544308265046011,1,4
0.078872643726329,0.5787637725488165,0,4
0.0727196313695498,0.553593856633864,0,4
0.0965534813961309,0.5511087630173046,0,4
0.0828901023250848,0.5429378037614931,0,4
0.0418306878068757,0.5854677117279544,0,4
0.4138096388811021,0.5854677117279544,0,4
0.4181805141987489,0.5412356752021728,0,4
0.4285287417000264,0.5250999843060417,1,4
0.4740210210084804,0.5498710053200541,1,4
0.5157305114737472,0.5412091487249033,1,4
0.4725843922194798,0.5448278464343597,1,4
0.0830700485867812,0.5448278464343597,1,4
0.0840547296952573,0.5809951823036945,1,4
0.0431999302980667,0.5952590878096347,0,4
0.0511620385491716,0.5669308798337507,0,4
0.055290252082575,0.6138905428277308,0,4
0.0325260737315503,0.60097698204583,0,4
0.0339025850653181,0.5583605524258525,0,4
0.3463677419464075,0.5583605524258525,0,4
0.354834903242486,0.511647602689112,0,4
0.3524632278275229,0.5327853530480502,1,4
0.3348349249916153,0.5801005526591322,1,4
0.3047669416215453,0.6193675812111036,1,4
0.3231578932002263,0.6113686220379716,1,4
0.336016419428625,0.6052325574773665,1,4
0.3285412309218373,0.5840390657202694,1,4
0.334150269611208,0.6001533093817338,1,4
0.2923573179517911,0.646334822648213,1,4
0.3394046833246194,0.6091040338366331,1,4
0.3378113527311692,0.6458374730581453,0,4
0.3074283089748448,0.6299284324772074,0,4
0.3324958603567361,0.6655301799312419,0,4
0.6253096021363348,0.6655301799312419,0,4
0.5807772099654895,0.6461968714504375,0,4
0.5367185328389927,0.6249138898826084,1,4
0.5136903965781152,0.6435679580251567,1,4
0.5065932767773915,0.6926939967737663,1,4
0.4629808086819295,0.7153671927770632,1,4
0.4522781975021997,0.7223677411700012,0,4
0.4726051434257795,0.7026745819916083,0,4
0.4736354425280943,0.738615169981528,0,4
0.4650359415858131,0.7002905695554115,0,4
0.4674955167516049,0.744759587061835,0,4
0.4468439752457312,0.7714900666901325,0,4
0.8901414724876645,0.7714900666901325,0,4
0.8731559911539888,0.766239031949011,0,4
0.8508343250661734,0.7462019714264745,1,4
0.8775452790668593,0.6998721751084713,1,4
0.8300171108902151,0.6821452121276331,1,4
0.8302648528816159,0.7095847718925595,1,4
0.5000668451668369,0.7095847718925595,1,4
0.4667764034985285,0.7471715464180205,1,4
0.4227905025819667,0.7084789418849868,0,4
0.4110746106098918,0.6976896587514013,0,4
0.7336273621760683,0.6976896587514013,0,4
0.7410282227959682,0.7279623241391211,0,4
0.7639290900516287,0.6848645727268211,1,4
0.7570880521026289,0.6664601368172322,1,4
0.7284059560456476,0.6805761489936077,1,4
0.4385216079037787,0.6805761489936077,1,4
0.4307071111876125,0.6533241537232284,1,4
0.4292103656104823,0.6725529342334202,0,4
0.3817295992180384,0.6270925109707208,0,4
0.4226594772050401,0.6068311083816298,0,4
0.4594231160299388,0.5962190293013075,0,4
0.4807909728839087,0.6336173072400225,1,4
0.5188655976759375,0.6601166613829982,1,4
0.5467905031773052,0.6265767446065393,1,4
0.552349809560751,0.5811846393215319,1,4
0.5175222735281888,0.6145702582860164,1,4
0.2439107137249524,0.6145702582860164,1,4
0.2495227199831634,0.6230738334740094,1,4
0.2529730103780342,0.5902460540160741,0,4
0.2079648731412103,0.6113339836169156,0,4
0.1969696498295404,0.6365882884727877,0,4
0.2064484791691689,0.6257281809751988,0,4
0.1809207117278117,0.595603465782082,0,4
0.1845960638325008,0.6152438104330789,0,4
0.4681865598153146,0.6152438104330789,0,4
0.4621562497173458,0.6569947990451779,0,4
0.4867292177445201,0.628750883149706,0,4
0.4432039877722742,0.6405559041125353,1,4
0.4905798661819224,0.5939621498192914,1,4
0.5323941678965426,0.5834161066098333,1,4
0.5821869386080427,0.5638884790089151,1,4
0.608393673969282,0.5341784492749281,1,4
0.0980076317456898,0.5341784492749281,1,4
0.121411752027781,0.56013773245786,1,4
0.1510386063319487,0.5733563256618321,0,4
0.167369756850161,0.6187957754762601,0,4
0.1292809587249855,0.6286525299400334,0,4
0.1140652721170817,0.6233360311552932,0,4
0.1538569455095481,0.6602566820846764,0,4
0.1961668844528372,0.6355215292228032,0,4
0.1567723424822859,0.6069588884159027,0,4
0.4645138510891525,0.6069588884159027,0,4
0.4366372418271131,0.6216791024499277,0,4
0.4509054742507733,0.6139463609360969,1,4
0.4969675850816669,0.6536486840113955,1,4
0.466955922775068,0.6881757441582829,1,4
0.4228706973597768,0.6976042595626729,1,4
0.4298549419281695,0.7081804757241142,0,4
0.4091138257020121,0.6832185821373056,0,4
0.4388058241262618,0.710415755458827,0,4
0.7432540096944467,0.710415755458827,0,4
0.7021755459004092,0.7459182215968065,0,4
0.6562346242211917,0.70346831357857,0,4
0.6104044522922943,0.6865366270910225,1,4
0.5870941469489619,0.7155212654945521,1,4
0.552303018777268,0.7037197103111384,0,4
0.5473939926632813,0.7253386317720157,0,4
0.7626035907415376,0.7253386317720157,0,4
0.7690833570659977,0.7069678358396969,0,4
0.7530571548165608,0.6925333213998928,1,4
0.744273171008799,0.6673210271686745,1,4
0.3740088192872036,0.6673210271686745,1,4
0.3590525830293688,0.6229560476869347,1,4
0.3974078493457118,0.6304073304891366,0,4
0.4192467221141145,0.5952891474140214,0,4
0.3707491732810991,0.5545750939866118,0,4
0.4189056136201603,0.5993051247207377,1,4
0.3869873457758729,0.5537504107672025,1,4
0.4225981498340231,0.5610907804804395,1,4
0.4606567759735082,0.5467179286915631,1,4
0.4350290767290212,0.5080840879511296,1,4
0.3965892885660613,0.532970207019266,1,4
0.3977604819658236,0.4991251114371166,1,4
0.3695099667034657,0.5238046915021353,1,4
0.0858863664209729,0.5238046915021353,1,4
0.1231194629901959,0.5362795289145492,1,4
0.1237442110547074,0.5591848370521708,0,4
0.1583527430142027,0.5664774225454385,0,4
0.20744414842677,0.5324406094879809,0,4
0.2436658388115755,0.5565204662505916,0,4
0.2228259759801821,0.5114659218765794,0,4
0.1831861325216745,0.5597764272778385,0,4
0.2263533971097428,0.5251149604267021,1,4
0.2069359264156755,0.5526803846314355,1,4
0.2032202639160412,0.5742796559823989,0,4
0.1960098198237608,0.5835962061367957,0,4
0.1579237745676337,0.6190609926844369,0,4
0.1598259798084315,0.5834927715493352,0,4
0.1322245413542354,0.5981925105367958,0,4
0.149480916849943,0.646990450955902,0,4
0.1505228318382306,0.6657570487508297,0,4
0.1174575298844091,0.6659597276042758,0,4
0.1052720020260942,0.6765758333965328,0,4
0.6746738736966227,0.6765758333965328,0,4
0.6960473110322852,0.693573383386096,0,4
0.7397959959635014,0.7041675445710941,1,4
0.7725158511330283,0.7271904538461719,1,4
0.7486902446806791,0.7025322659950256,1,4
0.7048823897499664,0.6597356875036515,1,4
0.6581457305284427,0.6158551101719298,1,4
0.214554783444604,0.6158551101719298,1,4
0.2405458705106103,0.5813870522937588,1,4
0.4037965949601458,0.5813870522937588,1,4
0.4373117047879565,0.5561692819667121,1,4
0.4083381828338564,0.5261099770326462,1,4
0.4062412337525011,0.5163492271759482,1,4
0.4142618082513434,0.5268260820024607,1,4
0.4367333930297232,0.4795458654218529,1,4
0.4505872425533735,0.5115543606451725,1,4
0.0778379009826895,0.5115543606451725,1,4
0.0840912234000405,0.4737335295074155,1,4
0.1005221490835877,0.4837195746920749,0,4
0.0903445920515705,0.4469977371954704,0,4
0.3572220856717826,0.4469977371954704,0,4
0.3655705304546129,0.4157052694439691,0,4
0.3658589675092724,0.4096337127565297,1,4
0.4059379095934144,0.4578429758773609,1,4
0.4160569470374071,0.4811377250264885,1,4
0.46088816598879,0.4754893461006984,1,4
0.4720025587869641,0.4668869657338153,1,4
0.4466044190198759,0.4182604461809527,1,4
0.4450961634460569,0.3959903046793846,1,4
0.4821136545014898,0.397271771980608,1,4
0.2221642690663678,0.397271771980608,1,4
0.1820769235414628,0.4040746248530399,1,4
0.2060788485479742,0.4506418183430278,0,4
0.2375462308528489,0.4992220397291118,0,4
0.1896658811269417,0.5283743603955601,0,4
0.1917029305146927,0.5199424149616123,0,4
0.1682237233660916,0.5515132535972505,0,4
0.151778064476909,0.5065206937770286,0,4
0.1767957162785287,0.5495547026447832,0,4
0.3458682269233854,0.5495547026447832,0,4
0.3851035313450583,0.5641411662512728,0,4
0.3814170136100008,0.560642180518551,1,4
0.108594946017115,0.560642180518551,1,4
0.1056398647886088,0.5389607688103113,1,4
0.1080531076836238,0.5700487197102105,0,4
0.0587603149980939,0.5841151108986281,0,4
0.0461077395538791,0.5752057284867356,0,4
0.0769034903389319,0.5995361147242424,0,4
0.1102890555493616,0.6046308697910002,0,4
0.1512183139156938,0.6289812188611854,0,4
0.1520993720859285,0.6440066427514214,0,4
0.5691724008510222,0.6440066427514214,0,4
0.5258983169249558,0.6746766386740817,0,4
0.5209524114153348,0.6522027232516628,1,4
0.5024590233529574,0.6768202876570402,1,4
0.4707915392411815,0.7019964808674239,1,4
0.4367262850195453,0.7055721234850812,0,4
0.4207664394155047,0.7157355949540951,0,4
0.4506624782314269,0.7468641782713827,0,4
0.4945682003795841,0.7514840120882215,0,4
0.5368858251610285,0.7719877135657086,0,4
0.5397311689858819,0.7567220724292322,0,4
0.502281704212738,0.7845683958241563,0,4
0.5132207137750862,0.7672587982499859,0,4
0.8454366336610927,0.7672587982499859,0,4
0.8099156787098083,0.7860481743563895,0,4
0.7655765161035949,0.8351451626497256,0,4
0.7564271373417236,0.8819633004182656,0,4
0.7568900431165224,0.8321607579178562,0,4
0.7921543540801084,0.7856934617779407,0,4
0.7801984039321406,0.7664538756577184,0,4
0.7633652495437934,0.7749445617334636,1,4
0.8120773969117835,0.7902149127810693,1,4
0.7734839237840136,0.8382129238185417,1,4
0.7250142187325793,0.8852064837315214,1,4
0.6993595003861599,0.86121098531874,0,4
0.6877688612565378,0.8582024269227035,0,4
0.7141643347077439,0.8988863984635185,0,4
0.7284641435644011,0.8809097118547183,0,4
0.6951626044262008,0.8355161953062982,0,4
0.9165920955308772,0.8355161953062982,0,4
0.8825816637196866,0.8442956882235824,0,4
0.836535791861382,0.815665923061806,1,4
0.8396353752206148,0.7665458449490863,1,4
0.8505143972471984,0.7988328236970577,1,4
0.8011198030246777,0.756632888339872,1,4
0.5835947471823123,0.756632888339872,1,4
0.5671608142507586,0.7206878597549918,1,4
0.5607749169506653,0.6853223782386542,1,4
0.5455834262915692,0.6630440101815671,1,4
0.5770451528267341,0.6859247206700856,1,4
0.5920437735686686,0.6699327882222765,1,4
0.5942843902808461,0.6818259415179033,1,4
0.5817432532225247,0.711597502104347,1,4
0.5843218786138696,0.6766967944604886,1,4
0.5836197828651813,0.7059597474021355,1,4
0.5464892557530694,0.6933530472283735,0,4
0.5120763986840137,0.649266074980219,0,4
0.5570676849056224,0.641054322941326,1,4
0.5679382153403569,0.6407266377824209,1,4
0.5661638801911943,0.6784812565800358,1,4
0.5645938787034497,0.6907967084739174,1,4
0.5775676558244178,0.7400026301182635,1,4
0.5403767553279963,0.731488062874256,0,4
0.496601116516377,0.7252322540354632,0,4
0.4554845789368654,0.710878629716979,0,4
0.4128961665254627,0.7455801920868191,0,4
0.441666112018254,0.7197349969116305,0,4
0.4450908140748215,0.6704233804305719,0,4
0.6351643147812175,0.6704233804305719,0,4
0.6794454465034441,0.6667762041066657,0,4
0.6658273679252388,0.7120231151163694,1,4
0.6277570242155652,0.7056021735612455,1,4
0.6473420592973056,0.6792999616422435,1,4
0.6120296551565667,0.6672340981666556,1,4
0.6065869833730113,0.6480688711012603,1,4
0.6244442442239846,0.6429039337924997,1,4
0.3082024428162551,0.6429039337924997,1,4
0.3272489529467809,0.6871677854244087,1,4
0.3655197215624668,0.6637554853489234,0,4
0.3372780515905539,0.6717304785723075,0,4
0.6439761261520134,0.6717304785723075,0,4
0.648712409687052,0.6731665129450966,0,4
0.684813697437131,0.7210273429833476,1,4
0.7154416918966546,0.7589362341919058,1,4
0.6805136114196947,0.7090906439328972,1,4
0.6812460906305283,0.6746741834166532,1,4
0.6400479513790105,0.6770348267929626,1,4
0.6401234023974758,0.6542770166233234,1,4
0.6667194251367269,0.6331558027176466,1,4
0.6395102249912099,0.644793756050696,1,4
0.6843023225370307,0.6481402102068329,1,4
0.3161667520129598,0.6481402102068329,1,4
0.3237960620400984,0.6885501916079355,1,4
0.3143451189083468,0.7245241016842846,0,4
0.337443440034446,0.7598561526891146,0,4
0.3575184242947012,0.7444783757305138,0,4
0.3797513062709906,0.7447276401979185,0,4
0.3332719971722565,0.7430857565251999,0,4
0.8387939513366517,0.7430857565251999,0,4
0.8374129197831726,0.775839185780699,0,4
0.859357338862347,0.7440699460019619,1,4
0.5801938330072383,0.7440699460019619,1,4
0.5628894862910342,0.7184509661620415,1,4
0.5395709728275029,0.7095730472681004,0,4
0.5279693842065479,0.756001112349368,0,4
0.5262985972862368,0.7077873389489102,0,4
0.4877603302426895,0.7467418171851168,0,4
0.4559069245289327,0.7912772614160196,0,4
0.4955464170177605,0.8219895560202877,0,4
0.9092916612509618,0.8219895560202877,0,4
0.8849889965215024,0.8596494930222385,0,4
0.8529138950167304,0.8739845076435844,1,4
0.8299580829375925,0.9106588450299932,1,4
0.839563312000046,0.8942482734143846,1,4
0.8365770523911292,0.875436468876139,1,4
0.8771531153245397,0.8618773014693579,1,4
0.924790168526252,0.9105844351272032,1,4
0.8827910226031267,0.9177118546913864,1,4
0.8999981771750918,0.9437979667298796,1,4
0.5208440361749352,0.9437979667298796,1,4
0.5095192376877183,0.960633287766583,1,4
0.7577829636215888,0.960633287766583,1,4
0.7650324767480148,0.9194268227251448,1,4
0.7710663123432525,0.884399260062379,1,4
0.7456669599210751,0.8458494792026433,1,4
0.7012308295127162,0.7975681759449184,1,4
0.6711162998988571,0.7695551689320731,0,4
0.6479030834806075,0.8034364127839655,0,4
0.6885800991628704,0.7792346917999531,0,4
0.6622104463018276,0.8039893463115004,0,4
0.6269321241005003,0.8294219339074279,0,4
0.6657572045311374,0.8285272979847256,0,4
0.938709772803945,0.8285272979847256,0,4
0.9389393401814784,0.8002195039084975,0,4
0.9390818993962324,0.8159698511665535,1,4
0.9002414963469098,0.7757724646923351,1,4
0.8570990483041236,0.796062847500883,1,4
0.6754482102804368,0.796062847500883,1,4
0.7241703890487112,0.8248771450093837,1,4
0.7579573655022215,0.8489080120109891,0,4
0.7580510966738168,0.8758426778771549,0,4
0.7863217360191399,0.8259470287557098,0,4
0.8275550520010042,0.860050869082122,0,4
0.8314229188173171,0.8816720333307342,0,4
0.8219992721150626,0.8422680521131533,1,4
0.842779281865413,0.8679481127840776,1,4
0.8208651137871807,0.881830154115728,1,4
0.8111322254410473,0.8398144060594497,1,4
0.8057315056623451,0.8529581408362195,1,4
0.7903094334446563,0.8345007476859712,1,4
0.818399681896707,0.8399310718090054,1,4
0.7693314115374246,0.8330377641219973,1,4
0.8176418331620632,0.798184153873419,1,4
0.8616835049524008,0.7916420744049527,1,4
0.849309825437771,0.7503184060101323,1,4
0.8692099787178418,0.7117845850601275,1,4
0.8481313747103242,0.6869252143437905,1,4
0.8658195761050598,0.7040028441718804,1,4
0.8252451826216287,0.6720651336924921,1,4
0.8610433062129952,0.6612818919834085,1,4
0.843810683240284,0.6783254189332873,1,4
0.3985386701022488,0.6783254189332873,1,4
0.3994885057090147,0.6413383700724602,1,4
0.407641324091649,0.6489593944695173,0,4
0.3611810244530303,0.6399310916814884,0,4
0.3183853570190925,0.6423912918792263,0,4
0.5697799591854961,0.6423912918792263,0,4
0.6017164639573067,0.6336465528120407,0,4
0.5830807220899001,0.6489748859040665,1,4
0.3297333761550187,0.6489748859040665,1,4
0.3124795888030544,0.6545495190309388,1,4
0.312441843296789,0.6700023265800159,0,4
0.626546138395115,0.6700023265800159,0,4
0.5915179106545989,0.6735000292736261,0,4
0.5563815032039644,0.7025089896666525,0,4
0.5913731338958235,0.7421718038002691,0,4
0.6164734141176346,0.7910191641246405,0,4
0.5825696940799546,0.8381739190936777,0,4
0.5636204450998972,0.8135055465163319,0,4
0.5203440400730308,0.7766212050294311,0,4
0.4849759725526361,0.7692318577922699,0,4
0.5003523340251672,0.7845012766653771,0,4
0.4898781439344375,0.755788967864409,0,4
0.8622597577340315,0.755788967864409,0,4
0.8808073680658964,0.7059190699257128,0,4
0.4854891065171875,0.7059190699257128,0,4
0.50717859915897,0.7087744082117673,0,4
0.4949389518514522,0.6803387336191512,0,4
0.4809384724022149,0.666939208771281,0,4
0.4645192318278694,0.6889051800988394,0,4
0.427507989448209,0.6722048816627499,0,4
0.4548166216846645,0.691205695846883,0,4
0.7127980164050312,0.691205695846883,0,4
0.7467367309724848,0.7217468342424496,0,4
0.7369664090468325,0.73550600867361,1,4
0.7009403141090994,0.7160305183920597,1,4
0.733139078426239,0.688140966247122,1,4
0.4418209950027205,0.688140966247122,1,4
0.3967393312753916,0.7252145576314541,1,4
0.4123933126857989,0.751477277420696,0,4
0.3861377683234567,0.7083551597824734,0,4
0.4036553938499459,0.7208219698446089,0,4
0.7719583719281965,0.7208219698446089,0,4
0.7399157853907926,0.7347601703255975,0,4
0.7019488950207419,0.7651567401388635,0,4
0.6569038547975268,0.7915582987704277,0,4
0.659319321484962,0.7434935741724982,0,4
0.6595825228248016,0.7092670594883158,0,4
0.6674684382490971,0.6988252758795993,0,4
0.6760923916888313,0.7111648396058449,1,4
0.7006419820482818,0.6791507669913799,1,4
0.6699888201636789,0.672479276891029,1,4
0.6212242857011164,0.6338296307247929,1,4
0.5844844017206079,0.614850867297524,1,4
0.5612841462806105,0.6240913560487714,1,4
0.589381876836291,0.6019448537849047,1,4
0.2027630762274555,0.6019448537849047,1,4
0.2010070962058176,0.5584752845393588,1,4
0.1774329926940695,0.5204918795606742,0,4
0.1945282733327878,0.5436985630244504,0,4
0.2265663262316642,0.5284042171381831,0,4
0.2036737536162749,0.5191983203903945,0,4
0.17005080174531,0.4903910184409623,0,4
0.1619983938501288,0.4856805741196741,0,4
0.1151998345213026,0.4486001334151256,0,4
0.1501673393771436,0.4019717039767723,0,4
0.1499320663245069,0.3879127302225216,0,4
0.1977368741397686,0.3552239284305483,0,4
0.2347763460047482,0.3622668852007209,0,4
0.557936546204308,0.3622668852007209,0,4
0.5246401169525062,0.3472487804149231,0,4
0.5002685752852488,0.3229516815219239,0,4
0.4557442884984697,0.3701478132565021,1,4
0.4960405806234697,0.3623523472563897,1,4
0.4993813820007778,0.3770302903915987,1,4
0.461948349843416,0.3335738611793858,1,4
0.4724683355792178,0.3544657011807006,1,4
0.497378214529682,0.3455243014941715,1,4
0.5247000358633918,0.3135129950683512,1,4
0.5290853297835695,0.3156270467404195,0,4
0.4980075778685239,0.3002621357367482,0,4
0.5040422609052051,0.2535320086591017,0,4
0.507985476952442,0.227761111381775,0,4
0.5561384327287425,0.2132100628841878,0,4
0.5552184094567474,0.2016222087679504,0,4
0.5358699461496471,0.1843596610032099,0,4
0.5346214165149258,0.1609177113998995,0,4
0.9277333884740416,0.1609177113998995,0,4
0.93497810061813,0.1213241640675046,0,4
0.931927200938019,0.1538713694742749,1,4
0.6619396869412478,0.1538713694742749,1,4
0.6444599893492182,0.148551060445372,1,4
0.6900783224075219,0.1448149062480454,0,4
0.7183251988196707,0.1626273547597223,0,4
0.9023193749051324,0.1626273547597223,0,4
0.8761483530526547,0.2039452940920008,0,4
0.6673458943279043,0.2039452940920008,0,4
0.704859693814985,0.1742587802166452,0,4
0.7546212926888076,0.1958037983723255,0,4
0.9227273399782494,0.1958037983723255,0,4
0.9566002501250276,0.2065056252314897,0,4
0.95287678743971,0.2048345361943645,1,4
0.9084331061068496,0.1685608188244682,1,4
0.9369427568079964,0.1396358960371036,1,4
0.8895920133505784,0.1131303155836161,1,4
0.9248127847962682,0.0892654450949397,1,4
0.925517962278414,0.0976611331883572,1,4
0.9150564389323428,0.1018745124403328,1,4
0.6368979900731653,0.1018745124403328,1,4
0.6599956875482531,0.1316456328692118,1,4
0.7006031378614652,0.1483326322233812,0,4
0.7357401634557181,0.114750541569754,0,4
0.7376794974423272,0.1500771218497963,0,4
0.6941704478241563,0.1090805980104888,0,4
0.6930439733038636,0.1259532178746596,0,4
0.677773819260394,0.1070404193666963,0,4
0.723317290094869,0.0732946417633125,0,4
0.736246321810248,0.1142486662785752,0,4
0.6956607102142647,0.086942847362745,0,4
0.6836829526847658,0.0919057482972578,0,4
0.7296815133951717,0.0762801602459305,0,4
0.7177469267540731,0.0958394861504218,0,4
0.729230488775478,0.1166006357463658,0,4
0.70201081829748,0.1202443383283393,0,4
0.7401801823523366,0.1070906250852448,0,4
0.7052855518325228,0.1050022460773949,0,4
0.6576334851833755,0.1343617354777878,0,4
0.6157782424951306,0.1124113587554693,0,4
0.5767251633786767,0.1540813845064337,0,4
0.566576177967254,0.1864082256624962,0,4
0.6080701344070173,0.1814163875738065,0,4
0.936117227640864,0.1814163875738065,0,4
0.9618656665806596,0.1394664034900598,0,4
0.9202887259449952,0.1007186689991606,1,4
0.9005597644851413,0.0950108098379661,1,4
0.9206453520607004,0.0949142938751612,1,4
0.9033244445489632,0.1251117867761883,1,4
0.6771268145429102,0.1251117867761883,1,4
0.6307087312683995,0.0961377875842206,1,4
0.5925037169738072,0.1031313973615491,0,4
0.5764355805788263,0.0778527945693702,0,4
0.5652885329119721,0.1233355192621394,0,4
0.5348941187054738,0.1468321932057654,0,4
0.5813968710186099,0.1909537985578216,0,4
0.9343934749909678,0.1909537985578216,0,4
0.902796384607398,0.147651776391826,0,4
0.92708993513423,0.1801315282030345,1,4
0.9523533489193527,0.1344730580685833,1,4
0.9253515422913484,0.1106699866327715,1,4
0.6517090362141733,0.1106699866327715,1,4
0.6403008477061072,0.1544286278140541,1,4
0.9373499442176134,0.1544286278140541,1,4
0.93864917820028,0.1545821216164585,1,4
0.9651353295696216,0.1852813570632443,1,4
0.9287617624370076,0.1989245335860152,1,4
0.8838538427039735,0.236396232149948,1,4
0.928005885782517,0.2151289147186192,1,4
0.9573458424328772,0.1892332761727192,1,4
0.9198897888527698,0.1417854595328552,1,4
0.691784666038519,0.1417854595328552,1,4
0.7099332601449421,0.1787536205269389,1,4
0.9217242394829028,0.1787536205269389,1,4
0.9376706239684172,0.1819074720065568,1,4
0.9213064113065436,0.1896336486116444,1,4
0.923068488019378,0.1942188666332906,1,4
0.9678175214304774,0.2364108419022288,1,4
0.9210355635376656,0.2801319826553007,1,4
0.5364101353380127,0.2801319826553007,1,4
0.5087121964280844,0.2701021204372748,1,4
0.4909072877798422,0.2611828082825229,0,4
0.792449362614999,0.2611828082825229,0,4
0.8147138359666228,0.2847047395054162,0,4
0.7730860265467601,0.3314689681158055,1,4
0.7570895081127529,0.3586392570182941,1,4
0.7611977846712893,0.3813223128095152,1,4
0.7248836855162792,0.3466326724989741,1,4
0.7339859197897753,0.3528135356674653,1,4
0.7569319713240599,0.3662236930077281,1,4
0.7190063850285155,0.3607298767432821,1,4
0.7222843823989621,0.317370682996839,1,4
0.4052950810113745,0.317370682996839,1,4
0.4378651169032103,0.3574176355538441,1,4
0.419030581883959,0.3105412674983227,1,4
0.3957693114343002,0.359829296705335,0,4
0.3974144540530373,0.4034870963098274,0,4
0.4145550751211305,0.4154038217266426,1,4
0.422482844237517,0.4463323655370869,1,4
0.4261712612062542,0.4642316868039819,1,4
0.4315927243392811,0.4803835682372567,1,4
0.3969294062681011,0.4326637505145951,1,4
0.3676851783107878,0.4186930246880905,1,4
0.3665841294192973,0.4456701248814634,1,4
0.3576583070343928,0.4693653486504808,1,4
0.3602095344540151,0.4500122726124508,1,4
0.1185320746786913,0.4500122726124508,1,4
0.1412624303730359,0.4932150135347039,1,4
0.0986482897986025,0.444937886650315,0,4
0.1274798821700754,0.4796757926287328,0,4
0.3084047591871786,0.4796757926287328,0,4
0.2805927224144223,0.4764217529482641,0,4
0.3092939116616315,0.4531192778940922,1,4
0.3295097495260941,0.4225130050879058,1,4
0.376487284178636,0.4040230732659068,1,4
0.371061395131148,0.4288797498199728,1,4
0.3581197243614672,0.4138093041310667,1,4
0.33511891964836,0.4426423568888534,1,4
0.376411003477821,0.3979651674349861,1,4
0.219210945298363,0.3979651674349861,1,4
0.2592368151300338,0.3608975928845684,1,4
0.2936363541326931,0.3531875681421034,0,4
0.2485906629874881,0.3394287873760219,0,4
0.2937637938838423,0.3237900429236391,0,4
0.3120548057632986,0.3556838381954466,0,4
0.5477201041749841,0.3556838381954466,0,4
0.5464803520510699,0.315790427544226,0,4
0.5201547631986737,0.3104650976776652,0,4
0.5345817581585837,0.2618733362292719,0,4
0.578638998939166,0.2898216940022153,0,4
0.7558384761158252,0.2898216940022153,0,4
0.796208125217283,0.2908372006377495,0,4
0.7990087449696708,0.2662283381435971,1,4
0.7546878862295042,0.2474192856043049,1,4
0.7609069141196693,0.2770075502439513,1,4
0.5427834112967399,0.2770075502439513,1,4
0.5042154217392689,0.3149494822919242,1,4
0.6748643485359237,0.3149494822919242,1,4
0.6552507388330389,0.3017151998218614,1,4
0.6685871223471995,0.3272170944177677,1,4
0.6729690519672518,0.3270620382339245,1,4
0.719125684834767,0.2832394039083699,1,4
0.7245657712172127,0.2921858627796651,1,4
0.6859382857053018,0.2939449600408678,1,4
0.6721906751839,0.2539207378655767,1,4
0.6822880851016899,0.2269103591221888,1,4
0.699051040940476,0.2397392453910765,0,4
0.6645885459253539,0.2591902846925354,0,4
0.6592265090880103,0.2143840222134989,0,4
0.6211849650583622,0.1769629579945851,0,4
0.6389946775643578,0.1400145385662845,0,4
0.5955450173395878,0.1818522690271393,0,4
0.5988518731831738,0.1482687938030416,0,4
0.8980820723823867,0.1482687938030416,0,4
0.9353713633495576,0.1527943714012391,0,4
0.9126218747065604,0.1034732419303253,1,4
0.8974169283915449,0.0782175539543962,1,4
0.861166709922524,0.0579197756933062,1,4
0.8705836833683402,0.0300299629276523,1,4
0.8826834433112716,0.0337302759978818,1,4
0.925663105267534,0.0504598936469502,1,4
0.9154298797531412,0.0035668807583708,1,4
0.3917368896967939,0.0035668807583708,1,4
0.424239367267689,0.021556022306137,1,4
0.4382878122473626,0.0336368795442572,0,4
0.7044371682799322,0.0336368795442572,0,4
0.7083538679888379,0.0498117139183511,0,4
0.6758960128452982,0.0736518930557218,0,4
0.6459844928223469,0.1121478392206697,0,4
0.6742777255619542,0.1507209105026227,0,4
0.6729210586987319,0.142923048151997,0,4
0.6585568106007872,0.126246187889362,0,4
0.7009506470770616,0.1284678515036954,0,4
0.7480882698782368,0.0870035406750031,0,4
0.7174585775562071,0.03968281340636,0,4
0.7592695168212625,0.0659198471127044,1,4
0.7440463230252321,0.0757594461057905,1,4
0.7159191931523659,0.1057315142130617,1,4
0.686429331884702,0.1430945894119497,1,4
0.637283889814397,0.1482280564155166,0,4
0.5897988300032496,0.1492735701458032,0,4
0.5519044955559864,0.1441906256843615,0,4
0.5416529858885962,0.10435709234893,0,4
0.4920852186826547,0.0564914099093746,0,4
0.4645146414928486,0.0541272807669085,0,4
0.7861746504221119,0.0541272807669085,0,4
0.8154323218236933,0.0939328792194432,0,4
0.8137936190352082,0.0614340665602208,1,4
0.7807798220917523,0.084448810905245,1,4
0.7972100359830971,0.1111510817222113,1,4
0.8075023938459543,0.0621787547907823,1,4
0.5458658668869445,0.0621787547907823,1,4
0.5575460245534696,0.0774626123088864,1,4
0.5842650141383307,0.1048194701890791,0,4
0.6218700615298727,0.1439368428660544,0,4
0.6646349262272886,0.1199077914900835,0,4
0.6757586941299023,0.0701334695918425,0,4
0.6804302350581092,0.0250522854460794,0,4
0.6619922382257073,0.0747783467618471,0,4
0.6705652068893688,0.0823733815942608,0,4
0.7192474052659958,0.1248608554847125,0,4
0.7584226639068683,0.1123840253593074,0,4
0.7938017447024861,0.1338659490857916,0,4
0.806072935910924,0.0843725991281516,0,4
0.8519507668276399,0.1336101816833042,1,4
0.8240519062429942,0.115844776456956,1,4
0.8220801240144582,0.1561924323251811,1,4
0.8668038774416266,0.1787148930129925,1,4
0.8433227202107547,0.1597126865176778,1,4
0.8275441886537355,0.111847719844815,1,4
0.6476832227377108,0.111847719844815,1,4
0.6441567666370901,0.1309611320284275,1,4
0.6115407617099993,0.1457500251087389,0,4
0.5966389899742037,0.1782339841680679,0,4
0.5594300694642895,0.2067940812228433,0,4
0.5530041633360667,0.1568852805379959,0,4
0.9377007075505206,0.1568852805379959,0,4
0.9425069528222978,0.1640494954362536,0,4
0.9363859048891816,0.1225429730541826,1,4
0.9759887021292684,0.1659351910652803,1,4
0.9558236683060528,0.1642825057012519,1,4
0.9541536262715792,0.1374293430101482,1,4
0.6527934955518592,0.1374293430101482,1,4
0.620712838768761,0.1223834937746314,1,4
0.637714985518528,0.1384172721030101,0,4
0.6742076243488162,0.1206298410037847,0,4
0.6915734648829264,0.1355885219300868,0,4
0.7355392343793843,0.1142874294929557,0,4
0.7661548295562461,0.1335568827415567,0,4
0.8050346564479336,0.1469021729120113,0,4
0.7734590387644196,0.158670512433483,0,4
0.8031612583492111,0.187430323665814,0,4
0.7566757348268809,0.2367216966348253,1,4
0.803815992814928,0.2599506296138651,1,4
0.801359925233111,0.2622562456866788,1,4
0.8152996773959768,0.3113824084919416,1,4
0.788355879897928,0.3332401525091205,1,4
0.8275346680392028,0.2855349370014843,1,4
0.8077702521829634,0.3054181244200795,1,4
0.804824244177779,0.2894538250204269,1,4
0.5066839943794582,0.2894538250204269,1,4
0.4824713159628057,0.2993789001342783,1,4
0.5072745499042147,0.2667266436707888,0,4
0.5275755989634916,0.2742412714789695,0,4
0.5346517176452097,0.269545841461917,0,4
0.7739165580181742,0.269545841461917,0,4
0.7478565954939862,0.2615113386456753,0,4
0.5781770972888354,0.2615113386456753,0,4
0.5435996870645537,0.2298881464879696,0,4
0.5375783965053345,0.2630737799167588,0,4
0.5392350411200456,0.2237847779283708,0,4
0.5727454170246609,0.224681637935663,0,4
0.5845098737831336,0.2635052473988494,0,4
0.5558412520868337,0.2487048181244128,0,4
0.8617239796444822,0.2487048181244128,0,4
0.8412236601712582,0.2346263969119326,0,4
0.794538837157427,0.230666710734639,1,4
0.8207413720463757,0.2776988567073981,1,4
0.8438801537092413,0.2404435112217443,1,4
0.8556917535842307,0.2649881279725659,1,4
0.5682087900161861,0.2649881279725659,1,4
0.5307264871959891,0.2316152158328681,1,4
0.8675221856243285,0.2316152158328681,1,4
0.8758356503661167,0.1909351943864599,1,4
0.8993791308131461,0.1723681609288504,1,4
0.8780160307317089,0.2148309044770603,1,4
0.8679323614060651,0.2507996836821138,1,4
0.8255846664956332,0.2449876220206258,1,4
0.6164619430418918,0.2449876220206258,1,4
0.6319364014385755,0.282165431510045,1,4
0.5967450323824294,0.3006887424840103,1,4
0.6084231289720332,0.2651232497329441,0,4
0.6573984121369136,0.2159200650156802,0,4
0.6348192534358444,0.2498827084814087,0,4
0.5943905091482528,0.2223020184400649,0,4
0.6122149678226424,0.2164959674726554,0,4
0.6456287700357584,0.2603199585442486,0,4
0.6351492903956549,0.2737604145186428,0,4
0.6735406620851848,0.2709281088800733,0,4
0.6642576262027741,0.2557550075000715,0,4
0.6968217670203929,0.2866624795232392,0,4
0.7435471191965811,0.289366471840536,1,4
0.6977819155811052,0.2844369689096203,1,4
0.716685150442658,0.2857904595182292,1,4
0.750693568477971,0.2487571047366438,1,4
0.7895929590219698,0.2441380383803048,1,4
0.760169308917136,0.2602197885600153,1,4
0.7332860006234533,0.2484778635136482,1,4
0.6030451882033284,0.2484778635136482,1,4
0.600498265557992,0.2682829086261388,1,4
0.6450501784685798,0.249954819130019,0,4
0.846995887544182,0.249954819130019,0,4
0.8246192285148392,0.2800834440787528,0,4
0.8209691675099872,0.2515291118734305,1,4
0.8488914549307702,0.255497660848388,1,4
0.8488914787597035,0.2105608851183617,1,4
0.8485425964168067,0.2294113452808838,1,4
0.8034695130386444,0.1883135963864619,1,4
0.8492753293554653,0.2158579940965964,1,4
0.8515733201379561,0.177540416040106,1,4
0.6623177235066418,0.177540416040106,1,4
0.6225012656670112,0.2129872865568563,1,4
0.6469427953901304,0.1917012604981152,0,4
0.5980221265317139,0.1823505701127353,0,4
0.6399326144249906,0.1677761824933803,0,4
0.6752584438595488,0.1251072910810613,0,4
0.6944373244242212,0.1034321424046681,0,4
0.8903231534192929,0.1034321424046681,0,4
0.9246254738446048,0.0586893413258138,0,4
0.9263208143636028,0.0884122444734882,1,4
0.9672585387286702,0.1342656790127375,1,4
0.925573488561413,0.1832852939130891,1,4
0.9514327768096263,0.1502974460541723,1,4
0.6639163603202612,0.1502974460541723,1,4
0.6390000834660329,0.180377408356708,1,4
0.6311927806505666,0.2154191363263091,0,4
0.6345385951174337,0.1757228585670705,0,4
0.6508188477161513,0.1512824864630091,0,4
0.6315739464636063,0.1510077741626393,0,4
0.5852737083733867,0.1324721845469578,0,4
0.9040993610477834,0.1324721845469578,0,4
0.8656756988053739,0.1372848719633036,0,4
0.8485798816669002,0.0977439427177404,1,4
0.8272574147437101,0.1212254399139734,1,4
0.8223458034689991,0.1293892875869695,1,4
0.8216336984660442,0.102172148750981,1,4
0.7815154381108214,0.0973684685941705,1,4
0.7782881737069832,0.0685335735299149,1,4
0.5749368259641028,0.0685335735299149,1,4
0.5591127981107681,0.0631297081866474,1,4
0.6034619319305597,0.0174203063978433,1,4
0.5862987018529776,0.0280615661957875,1,4
0.609658111534693,0.0535758673666029,0,4
0.6381559633134442,0.0595484736767771,0,4
0.6611943600416922,0.0497777088707384,1,4
0.6154036172717027,0.0725207656913752,0,4
0.6028880630846764,0.0296683450401617,0,4
0.6287552430845438,0.0531466690454604,0,4
0.6186310578269241,0.0451683050715217,0,4
0.597397450629029,0.0818160724267973,0,4
0.6024550608241265,0.1049748262547593,0,4
0.6083874819541087,0.1091154899568009,0,4
0.5760239725781557,0.1561296955059742,0,4
0.5714649607132498,0.1304171595688551,0,4
0.5246927915372701,0.1378729528441412,0,4
0.5058077878633268,0.1487014900689565,0,4
0.9233966790509068,0.1487014900689565,0,4
0.910618380813659,0.1214167124574146,0,4
0.9463311982139452,0.0947733673813466,1,4
0.9599227979433572,0.0630257840412055,1,4
0.5256557840293491,0.0630257840412055,1,4
0.4831343524769388,0.081426654657323,1,4
0.4676240832306739,0.0482788962154787,0,4
0.4457519721714645,0.0788260171581623,0,4
0.4101450365995418,0.0931272191447797,0,4
0.4243068658249467,0.0759693980679195,0,4
0.824121873184924,0.0759693980679195,0,4
0.8445231003655688,0.0317283330717816,0,4
0.8613412503867559,0.0738487348780066,1,4
0.9071418607469148,0.0671724184836312,1,4
0.8867597065153652,0.0423214259348175,1,4
0.8375594902717731,0.0573449890366694,1,4
0.8248597978472655,0.105825703450896,1,4
0.814669105364197,0.0841637628098839,1,4
0.8070417516321476,0.1300258986398587,1,4
0.8314724954543568,0.1527472642230966,1,4
0.6892913401831047,0.1527472642230966,1,4
0.732954745282106,0.1337637414278413,1,4
0.7453258374728208,0.1679640582925807,0,4
0.7894854830772589,0.1607895517032445,0,4
0.7454015104620144,0.1760876499463246,0,4
0.902647868616375,0.1760876499463246,0,4
0.8776479293772304,0.2063825515017627,0,4
0.8791759321733349,0.2530894858178756,1,4
0.8941697203144312,0.2838347260721189,1,4
0.8730412050710228,0.2552704659503346,1,4
0.9064923404847656,0.2547056591279701,1,4
0.9498451277842712,0.2800233515347222,1,4
0.5046833708019878,0.2800233515347222,1,4
0.5522333547652563,0.2555400876910488,1,4
0.5943191569146599,0.2492869150255993,0,4
0.6409953599367983,0.2755330082389299,0,4
0.6230657823113516,0.2677559878131754,0,4
0.6681154657524591,0.2460450069804047,0,4
0.6234235211019937,0.2088403441949095,0,4
0.6407392830240722,0.1983218363983461,0,4
0.6638451573020568,0.1965825470398763,0,4
0.916664891176172,0.1965825470398763,0,4
0.915295579514277,0.2433505144610029,0,4
0.941281901533894,0.1984748050872724,1,4
0.9279620318957452,0.1608813823697379,1,4
0.9076886236068928,0.1799951725843578,1,4
0.9204342704798456,0.1553163655749267,1,4
0.9676176760346652,0.1637190955971876,1,4
0.6504236547504738,0.1637190955971876,1,4
0.6205464286963028,0.1479902261020901,1,4
0.9143101583319264,0.1479902261020901,1,4
0.939798333467982,0.101039936132903,1,4
0.9057694396681708,0.1003465279244398,1,4
0.9463293977383296,0.0527662778944137,1,4
0.937119475865102,0.0896669123299451,1,4
0.9088919207516516,0.0424816386291456,1,4
0.5151799409156538,0.0424816386291456,1,4
0.5297462781119638,0.0703122187358315,1,4
0.8155791824058971,0.0703122187358315,1,4
0.783718431672539,0.0628418337529249,1,4
0.7851511694074567,0.103620345876588,1,4
0.7663695855020521,0.0919753441524674,1,4
0.7932303569316921,0.0482209278302664,1,4
0.7731011330847422,0.0552738477715769,1,4
0.7463068667950892,0.0631964972758478,1,4
0.6986994993895659,0.0688145997899648,1,4
0.5698799544085872,0.0688145997899648,1,4
0.5253061498391804,0.0346252515579212,1,4
0.4768175559743843,0.0761540304134796,0,4
0.5056572760233444,0.1110191297419475,0,4
0.4808035173175637,0.1429502618564513,0,4
0.9220230270354124,0.1429502618564513,0,4
0.9264697830621133,0.1725111329701446,0,4
0.9100440903331964,0.1777267694697716,1,4
0.952276909071338,0.1583515279184617,1,4
0.9038128165088346,0.1211581164832599,1,4
0.9505014564058144,0.1484965894571648,1,4
0.6583353170753885,0.1484965894571648,1,4
0.6940602711516011,0.1896892852326656,1,4
0.9210358118465416,0.1896892852326656,1,4
0.9099093849335436,0.1592094440072812,1,4
0.9473188793835732,0.1503439055702257,1,4
0.9919766686060568,0.1887299027207485,1,4
0.9738678034992708,0.1531218759584774,1,4
0.9608945076437388,0.1644103531733659,1,4
0.6720599895083886,0.1644103531733659,1,4
0.6311849922813768,0.2068458166734089,1,4
0.6808607450903157,0.1870773129392947,0,4
0.6968394404084208,0.186185501834242,0,4
0.9436566129686602,0.186185501834242,0,4
0.9757798411276464,0.1711746118578327,0,4
0.9668459552315491,0.1806008148681064,1,4
0.9218485351323528,0.1831076333003616,1,4
0.8731447370339438,0.2174687050320173,1,4
0.9032260155145636,0.1772573905986799,1,4
0.886601029028603,0.1280146273763192,1,4
0.8720994384206623,0.1693564818381076,1,4
0.9038197631645712,0.1805768570020153,1,4
0.9224214559737683,0.1974456490267347,1,4
0.6792517220644644,0.1974456490267347,1,4
0.7023658067619193,0.2297354234735035,1,4
0.6970598982419016,0.209019948359006,0,4
0.6768723508890029,0.1751465709500475,0,4
0.655754784261089,0.1305694428116382,0,4
0.6817363659143884,0.1640539805150083,0,4
0.6666298941588563,0.187977758911251,0,4
0.936160319653349,0.187977758911251,0,4
0.9518433394705536,0.2202609574598768,0,4
0.949935029557456,0.267368417026606,1,4
0.5270742551976023,0.267368417026606,1,4
0.5378758726527249,0.2499411197230134,1,4
0.5672184676335108,0.2832022581741168,0,4
0.5535955733610168,0.2409405868871232,0,4
0.5868304791358461,0.2657412013623351,0,4
0.5902922881264089,0.3087942314830026,0,4
0.5823650978529864,0.2796893536477092,0,4
0.5790665177155299,0.250830242993795,0,4
0.5935818084090603,0.261533226635786,0,4
0.596453573558117,0.3020331122118339,0,4
0.6221315199056925,0.3391969929620599,0,4
0.6543327788685134,0.3402056879658792,1,4
0.6912330916128078,0.3648465028931247,1,4
0.684065462222438,0.3502194036751963,1,4
0.6462443775442616,0.3105670799674249,1,4
0.4396049886406807,0.3105670799674249,1,4
0.4761221364350687,0.3547617634369278,1,4
0.4555971037379441,0.3870261852412146,1,4
0.5013856115852354,0.4264841543540659,1,4
0.1570119314194746,0.4264841543540659,1,4
0.1859446628319307,0.4103176476862376,1,4
0.168820846415737,0.4531363646920457,0,4
0.1749928385630264,0.4797999696233282,0,4
0.1600352111426726,0.4450482145187046,0,4
0.2084480118517573,0.4305216440641468,0,4
0.251643938824768,0.463038009227117,0,4
0.2307321446623627,0.4451418080887848,0,4
0.2323045031726814,0.4734012758571859,0,4
0.257170569236203,0.4642250610895607,1,4
0.2130442433036712,0.4317194264889619,1,4
0.2052441301391098,0.4724315221419566,0,4
0.1656228221251084,0.4983262196121976,0,4
0.1864043120347602,0.524183828997142,0,4
0.1751320959568506,0.5523587036480164,0,4
0.1429269406097907,0.5667109016126662,0,4
0.161293684226317,0.610271006464368,0,4
0.4913266000869357,0.610271006464368,0,4
0.4450375952323114,0.5745455139776583,0,4
0.3977833323799727,0.5653913256036722,1,4
0.4233932747612746,0.5466158654034237,1,4
0.4197510408314734,0.5575426524435634,1,4
0.4560820575806241,0.5752817210792298,1,4
0.4390181672573749,0.5915977962737307,1,4
0.4381477771530071,0.5914458235620879,1,4
0.4666161670460831,0.5582502265098024,1,4
0.1351872426749005,0.5582502265098024,1,4
0.1176135607385222,0.5503989368258996,1,4
0.0800388659091471,0.5144085578721322,0,4
0.0541497048895816,0.5455084922288342,0,4
0.0943431593630152,0.5518061916160899,0,4
0.1393211813880011,0.5558369646318312,0,4
0.3617505362702556,0.5558369646318312,0,4
0.3565093966814999,0.5607618005138808,0,4
0.386239008266653,0.5357819354920986,1,4
0.4210047673662121,0.5072043941461111,1,4
0.3822663911649698,0.5142741830216648,1,4
0.3723880554289683,0.5390680283314927,1,4
0.3513481439855312,0.5177851488742523,1,4
0.3087061729621842,0.5576071589192341,1,4
0.3479258773101782,0.530279647847334,1,4
0.3232086108399843,0.5598872080666911,1,4
0.1124333837794941,0.5598872080666911,1,4
0.0997666198395924,0.5288903548697315,1,4
0.1285139764635296,0.5415201592570331,0,4
0.0938140990615915,0.5603193513230175,0,4
0.066800067044315,0.5165785785850807,0,4
0.027347066088466,0.519003685634872,0,4
0.0669929313799543,0.5538157620191924,0,4
0.3384747249178683,0.5538157620191924,0,4
0.3731810905400414,0.5609336202046921,0,4
0.3648960896553466,0.5750468933798372,1,4
0.3664847208758619,0.5261245231213746,1,4
0.3667165748347515,0.5597077639946259,1,4
0.1419921038328156,0.5597077639946259,1,4
0.1228419795587379,0.5452032952777125,1,4
0.0864649845457099,0.5544015139816831,0,4
0.1123059249738266,0.5177902778851051,0,4
0.1516341857914894,0.5377252298712838,0,4
0.358142090207455,0.5377252298712838,0,4
0.3237606422435624,0.5614675390780859,0,4
0.3567525636710226,0.5871365882877393,1,4
0.372832669879046,0.5510954253920503,1,4
0.3644115181701581,0.5941394533800144,1,4
0.39106624139348,0.5885654732135054,1,4
0.1508589187865007,0.5885654732135054,1,4
0.1846999118359908,0.5617464519150439,1,4
0.2231170158167337,0.55134917999951,0,4
0.2716278347756552,0.5094263767186268,0,4
0.2494563515238936,0.5560031527899871,0,4
0.2546798428967469,0.5344652294960399,1,4
0.2460626648926731,0.5262820139469951,1,4
0.2102496648724939,0.5489158016593897,1,4
0.1942270014270227,0.565464491162967,1,4
0.1729757831034806,0.5727057171640293,0,4
0.1345836270877697,0.5268498940276398,0,4
0.1305097752041435,0.5076272732925406,0,4
0.3479014094967912,0.5076272732925406,0,4
0.3687577921146371,0.5447526619144699,0,4
0.4091652014963553,0.5201955513098274,1,4
0.0866587687589165,0.5201955513098274,1,4
0.0628288577006372,0.4756194519510124,1,4
0.085070288535981,0.458475732615759,0,4
0.0802479009425246,0.4105371460680145,0,4
0.1209994787614749,0.4527583895353594,0,4
0.1583793439077234,0.4128162233766561,0,4
0.1179506112584985,0.3860893604437969,0,4
0.1656682799827382,0.3508495941932868,0,4
0.2080545271523433,0.3501323423704884,0,4
0.5805667403464906,0.3501323423704884,0,4
0.5402151024998885,0.3861771255126191,0,4
0.5206026683769103,0.3767104134914953,1,4
0.5049538009203434,0.3842363147206921,1,4
0.4600469508198834,0.387671907175928,1,4
0.4326028842118608,0.3959601240370133,1,4
0.4292853726784471,0.4215181676895518,1,4
0.1373335598645204,0.4215181676895518,1,4
0.1497854432434412,0.4250006268076765,1,4
0.414062292849309,0.4250006268076765,1,4
0.3805192496945644,0.4613499964329909,1,4
0.3918364425788261,0.4219406149294701,1,4
0.3722861644643206,0.4490273822610759,1,4
0.4197518576155564,0.4592458325565364,1,4
0.4535738003585161,0.4279262238162206,1,4
0.4976498955203873,0.4048037599004457,1,4
0.4904351186700706,0.39093596382192,1,4
0.5000743858486385,0.4152543411572689,1,4
0.1799225048153483,0.4152543411572689,1,4
0.1371622119707722,0.4598810438849466,1,4
0.1149215460290386,0.4247946014531594,0,4
0.0989369181718749,0.4155116644537732,0,4
0.0777305381841313,0.3846735670693065,0,4
0.1125862795515519,0.3842641415328686,0,4
0.1354372944106538,0.3688599113493065,0,4
0.1495123632952964,0.3407634047264362,0,4
0.154411833951905,0.3791976428701962,0,4
0.1324046898178866,0.4260356088191757,0,4
0.383798934662457,0.4260356088191757,0,4
0.4086684072333303,0.4123710411801781,0,4
0.4384589821096223,0.4597969110869515,1,4
0.4849786233181445,0.4110257229943624,1,4
0.4758869995598159,0.459603069043174,1,4
0.5096743934821784,0.46529651599874,1,4
0.5117358043334727,0.4392550261513698,1,4
0.5112709243306642,0.4696930868846932,1,4
0.5468029342192194,0.4493797306287212,1,4
0.1159439252843678,0.4493797306287212,1,4
0.0816158533351227,0.4246925681755448,1,4
0.0946790132812506,0.3802781156167819,0,4
0.1126362511717758,0.3342331571597859,0,4
0.1161106495342772,0.3262349718485931,0,4
0.1392974743616882,0.3687739452552656,0,4
0.5082696970428315,0.3687739452552656,0,4
0.5429904380155797,0.3224090624354861,0,4
0.5868308232801613,0.293045380161679,0,4
0.5489140570239301,0.3273585327298481,1,4
0.5197074932985427,0.3161942227624634,1,4
0.5599978460315943,0.3027567833965799,0,4
0.5975296147008541,0.3237214378188302,0,4
0.6138220851428542,0.3505611566189257,1,4
0.6397883927997832,0.3445573971902061,1,4
0.6339636643816352,0.3259531166855723,1,4
0.657972403188013,0.2935722515120293,1,4
0.6809268376446895,0.3261398450398789,1,4
0.3709275541866082,0.3261398450398789,1,4
0.4061901136627161,0.2992674128148788,1,4
0.3884264547346659,0.2675193923985572,0,4
0.3538870837632865,0.271734619376241,0,4
0.3670061680820631,0.297258197419569,0,4
0.3390595508469355,0.2502933300385291,0,4
0.3132427324723697,0.2224219752401566,0,4
0.3271303907165684,0.1756474009523133,0,4
0.8990058117852873,0.1756474009523133,0,4
0.9436401370634604,0.1420399869026755,0,4
0.9250217096699624,0.1811927212771623,1,4
0.9253052124216776,0.2150283002521528,1,4
0.933254708546118,0.2291216236821652,1,4
0.9631096516601844,0.2670664026079803,1,4
0.9270775441117431,0.2279611519424319,1,4
0.9140957487755034,0.1787413473366385,1,4
0.8651501292470873,0.1908877232707872,1,4
0.8825005580982936,0.1884468655540991,1,4
0.6562958694672396,0.1884468655540991,1,4
0.6397448450789172,0.2020474957392994,1,4
0.8986716317071513,0.2020474957392994,1,4
0.9177688776315162,0.1724141125559745,1,4
0.9509338595446504,0.1892844605326534,1,4
0.6488459803691583,0.1892844605326534,1,4
0.6794285483440932,0.1845538561181333,1,4
0.9290187821748146,0.1845538561181333,1,4
0.8888763491450316,0.2277644277392019,1,4
0.8830592971495623,0.2589155999917645,1,4
0.9314151145976632,0.2289541237874515,1,4
0.9001785828286515,0.2426629644612806,1,4
0.8556313409529595,0.2408107989529451,1,4
0.8422151709346357,0.2486356922492988,1,4
0.8749721216627508,0.243125577837948,1,4
0.5895650523026208,0.243125577837948,1,4
0.6290485527418209,0.2006073171437333,1,4
0.6621803649111103,0.2044787268680556,0,4
0.7069739460687611,0.1630097553427131,0,4
0.9309978641613368,0.1630097553427131,0,4
0.909108693095152,0.1873940992749271,0,4
0.9525541882149552,0.2216303777938261,1,4
0.9432060993601412,0.1719179317611734,1,4
0.6817024800549372,0.1719179317611734,1,4
0.6718857881608294,0.1967393715020781,1,4
0.6619054130630212,0.177535834103784,0,4
0.7023791374510062,0.2049308822705391,0,4
0.7124847243729078,0.1663992792019106,0,4
0.7034129483369871,0.1933302136613803,0,4
0.6909861323503401,0.2278944693697874,0,4
0.6561727835858696,0.207112778769671,0,4
0.685829925927152,0.2355176397202142,0,4
0.6982192963064935,0.2582741065351198,0,4
0.6739317639847355,0.2506161311146662,0,4
0.6952001229463034,0.2317299639568532,0,4
0.7370868052729582,0.2067053384746612,0,4
0.708290081948301,0.185281522063521,0,4
0.7452884480569599,0.1581938481272791,0,4
0.7261516193765633,0.1963156694652346,0,4
0.7139929820752746,0.1551926332109663,0,4
0.732944230328898,0.1062607218307865,0,4
0.7404970798639208,0.1310747136043832,0,4
0.7588849197825474,0.1510536647171232,0,4
0.926183116064946,0.1510536647171232,0,4
0.8969991239727784,0.1590805612843469,0,4
0.8659659546148919,0.2012885159387714,1,4
0.8646839841156962,0.1846039087533542,1,4
0.884227108499679,0.1515784140833856,1,4
0.8416851278115494,0.1044851877322513,1,4
0.8365195472225501,0.0943471499197595,1,4
0.8418019345128935,0.1026921936799956,1,4
0.6470180575266927,0.1026921936799956,1,4
0.6656161078252198,0.1448164554010693,1,4
0.9172921087030222,0.1448164554010693,1,4
0.8845170183194802,0.1003544360152874,1,4
0.8471084583715844,0.0718464247260866,1,4
0.8016753209458702,0.0973459343592874,1,4
0.7855993785508469,0.0493638882602307,1,4
0.8242249650398749,0.0660606874201673,1,4
0.8612130493292467,0.0714735925846366,1,4
0.8696102284435924,0.115929320326383,1,4
0.8401840775339445,0.1393111809059609,1,4
0.8205542001289546,0.1870059294577869,1,4
0.6520739525143977,0.1870059294577869,1,4
0.6593607321346079,0.1868863219039387,1,4
0.706647559703082,0.1972011174573579,0,4
0.7356595381359728,0.1651580916282118,0,4
0.7665813017136502,0.124785367314508,0,4
0.7617417597209462,0.1286149340140804,0,4
0.7683290982267402,0.1215872072244595,0,4
0.9123491044799694,0.1215872072244595,0,4
0.9257736422711824,0.1097670223543423,0,4
0.942035008125348,0.1398024838966361,1,4
0.990083614963683,0.1754724229539912,1,4
0.984269898323166,0.1289999055054718,1,4
0.9710053884507464,0.1189429720823513,1,4
0.933463727915287,0.1575748506773505,1,4
0.9834267960026226,0.1698034808103858,1,4
0.6601196282310813,0.1698034808103858,1,4
0.68385216390298,0.1262450383300432,1,4
0.692348367418741,0.1423036495967027,0,4
0.646947632835462,0.1142998303068322,0,4
0.6632003479179299,0.0646933103437566,0,4
0.6284595226891025,0.0549974803570892,0,4
0.638185557136646,0.0610440132074886,0,4
0.590277645696461,0.0876717084841518,0,4
0.5563840858905728,0.0441376782462884,0,4
0.536291923781082,0.0924483297376012,0,4
0.8438420766939799,0.0924483297376012,0,4
0.8793201881937355,0.1000727799252467,0,4
0.9287369833917236,0.0638674000246098,1,4
0.8958977001094264,0.0784295081324063,1,4
0.8721226489175241,0.0395759348660114,1,4
0.8462117953572812,0.0514140117036499,1,4
0.8218150273242965,0.0547162352038917,1,4
0.8110725125565704,0.0146105643725829,1,4
0.8591807430454823,0.0231422326229589,1,4
0.4634647242466653,0.0231422326229589,1,4
0.4368392083588572,0.0371613454823951,1,4
0.3940128104342378,0.0732459779053878,0,4
0.3686411210121195,0.058524220770543,0,4
0.376990558257905,0.0647574006549161,0,4
0.4259261159486615,0.0728264998408932,0,4
0.4025212537091671,0.0409142412281421,0,4
0.4310620330620988,0.0585468868336314,0,4
0.7898317768847846,0.0585468868336314,0,4
0.8131453041477569,0.0404618602657639,0,4
0.7962125840773168,0.0420920858134412,1,4
0.4737555810698151,0.0420920858134412,1,4
0.4732786243587584,0.0520159588435931,1,4
0.7657482049895789,0.0520159588435931,1,4
0.760106487027926,0.0712324743369443,1,4
0.7892364132293902,0.0384673507331691,1,4
0.7582373805857311,0.084527510353458,1,4
0.773602129440447,0.1161152126394039,1,4
0.7728811150106333,0.0707791587055526,1,4
0.7784210008176465,0.1010063278183283,1,4
0.7676396639246871,0.0930752937466523,1,4
0.8072242108208311,0.0463120282632692,1,4
0.5056058591541215,0.0463120282632692,1,4
0.5156669181856651,0.0942915973402931,1,4
0.4660821578850747,0.0995433837306783,0,4
0.4524830035566894,0.1076005458778824,0,4
0.4618328320571789,0.0831364443049415,0,4
0.4595839145531794,0.1175842006899087,0,4
0.4891766730248925,0.1596639659834932,0,4
0.4408864656107851,0.1544995370657372,0,4
0.9087904730368548,0.1544995370657372,0,4
0.9125877700303908,0.1171885252619761,0,4
0.8640328733985261,0.1549171664352343,1,4
0.9006997847888251,0.1701311782863099,1,4
0.9177200095695962,0.2062101373520231,1,4
0.9185494839094746,0.1932645817994926,1,4
0.943055188889476,0.1945665838701529,1,4
0.9138742532387492,0.2333249067224998,1,4
0.6323112162734802,0.2333249067224998,1,4
0.6575428666813278,0.1928029028372072,1,4
0.6954056983394046,0.2041960657039066,0,4
0.7142950363479977,0.1853735384367377,0,4
0.7010610838213509,0.2201677963103482,0,4
0.7249944395321576,0.1713245434416684,0,4
0.6877913027778841,0.1372858364805327,0,4
0.9101784547010332,0.1372858364805327,0,4
0.8835503574657537,0.1092690474396327,0,4
0.62247168058306,0.1092690474396327,0,4
0.6389182936610895,0.0818276555277447,0,4
0.6027594511836627,0.0502968829930536,0,4
0.6039235934878457,0.0829645310222583,0,4
0.6228915867655946,0.1037902314979057,0,4
0.6623208213738889,0.1119789457837293,0,4
0.865953584593248,0.1119789457837293,0,4
0.8633399820122748,0.0711894305666696,0,4
0.8759271366772436,0.0292372149449033,1,4
0.8800601544129832,0.0308247748128268,1,4
0.8985480140907744,0.043471378010815,1,4
0.9118214170340933,0.04829256506687,1,4
0.4934345990785997,0.04829256506687,1,4
0.4651375212178084,0.086705405712236,1,4
0.5057153140828352,0.0478911654088325,0,4
0.5051266213220447,0.0923486736600983,0,4
0.8413563738186733,0.0923486736600983,0,4
0.8687354256662045,0.0888376401848618,0,4
0.8204540221180263,0.1077368882204965,1,4
0.7724289770856667,0.059653346033845,1,4
0.77970034036683,0.0585736972589857,1,4
0.7516157605715823,0.0692622629311764,1,4
0.7492194764181481,0.0285476695480848,1,4
0.7753655974295439,0.0389705010285438,1,4
0.4839521809883068,0.0389705010285438,1,4
0.4731831536078122,0.0527536452990373,1,4
0.5169669915400997,0.0586764483173609,0,4
0.4685711042675832,0.08698083015041,0,4
0.4616625018199151,0.0625731604829068,0,4
0.4200778587500243,0.0811201322900626,0,4
0.4395713809946504,0.052949519288572,0,4
0.4308108529555656,0.0068536171274636,0,4
0.392985399572468,0.036815621741791,0,4
0.3467135529514132,0.0786996631770876,0,4
0.846487433648832,0.0786996631770876,0,4
0.8119284043829802,0.0967652682424478,0,4
0.7781216737382844,0.1111001505354869,1,4
0.8138815664499939,0.1537367404835386,1,4
0.801322731420012,0.1183962332757349,1,4
0.7932259828090121,0.1437694910468498,1,4
0.8022885970688973,0.139786871266798,1,4
0.6523787047836498,0.139786871266798,1,4
0.6930915407363512,0.1258571319570293,1,4
0.8813542560629251,0.1258571319570293,1,4
0.8587458920679959,0.1530810345292014,1,4
0.6551077466734023,0.1530810345292014,0,4
0.6650746077625476,0.1296052405622896,0,4
0.6756895139316823,0.1077863862878731,0,4
0.6513543116124199,0.0994250481126803,0,4
0.6269262014364294,0.0623555557348404,0,4
0.777478648170207,0.0623555557348404,0,4
0.8212263286648546,0.0893930435712101,0,4
0.8291301421579313,0.0874809846706351,1,4
0.7970146044286126,0.070293827276276,1,4
0.8082224586792529,0.0321828285016249,1,4
0.8288193719895102,0.044699821106124,1,4
0.4913612035101167,0.044699821106124,1,4
0.458981348023281,0.0596622246934994,1,4
0.4370006509275708,0.0499778319860003,0,4
0.4400848175554183,0.0724867788384029,0,4
0.4759141679458422,0.0954261054043153,0,4
0.5203944415277288,0.0579025922498783,0,4
0.7606452463771306,0.0579025922498783,0,4
0.7538318729110522,0.0384912190111159,0,4
0.7499130620414691,0.0703644015501103,1,4
0.7365460256922813,0.1162219200378628,1,4
0.7599682563715972,0.098964428617308,1,4
0.7564191060403488,0.1189634831714019,1,4
0.7088615039853494,0.1469248994281921,0,4
0.6851675655328664,0.1163621689765818,0,4
0.6633680982094823,0.0925513660267512,0,4
0.6886727325976324,0.114096387883636,0,4
0.6499888771693224,0.1305990603288866,0,4
0.600717814343102,0.0996379856628978,0,4
0.5810694937237824,0.0497086519435368,0,4
0.6090920864166445,0.0627563640521805,0,4
0.7914636175888312,0.0627563640521805,0,4
0.8213293059657871,0.0237938344814479,0,4
0.7896638892781296,0.0679168338395955,1,4
0.8019058525407355,0.0764129122957637,1,4
0.8158384458169492,0.0803446053923523,1,4
0.5809743855359076,0.0803446053923523,1,4
0.6245746310193985,0.0350663813702119,1,4
0.6175119488673386,0.0617936321700899,1,4
0.5754103361582809,0.0552701247183245,0,4
0.5472471175785434,0.0624598939111434,0,4
0.5491812498698648,0.1021862651970023,0,4
0.5349111776300874,0.0845477281254806,0,4
0.5513654295790733,0.1178679361054616,0,4
0.891861926163224,0.1178679361054616,0,4
0.9378230676838364,0.0856362624291594,0,4
0.913862841071074,0.0459873893619369,1,4
0.4778307325218785,0.0459873893619369,1,4
0.4677638592398318,0.0762435767333402,1,4
0.486255671732987,0.0977361933024535,0,4
0.5235081024909984,0.0624566790375586,0,4
0.4925815947941141,0.0766765294851888,0,4
0.8054466643311519,0.0766765294851888,0,4
0.8184787187128308,0.0839801586151658,0,4
0.816475751579523,0.1250230754193352,1,4
0.6717565995950814,0.1250230754193352,1,4
0.62202451229681,0.08492632469778,1,4
0.6590258433518392,0.0527455470122626,1,4
0.6557692502904833,0.0938580724204381,0,4
0.631729874235006,0.1082980008325484,0,4
0.6667017639361007,0.1153705304331025,0,4
0.6803176201320753,0.0682691123053831,0,4
0.6435689897460231,0.1043926873624692,0,4
0.595975707603551,0.1309043307702988,0,4
0.6420659477072299,0.1300466874950611,0,4
0.6422951779521202,0.1495169703435235,0,4
0.6358214046137836,0.1050340180911512,0,4
0.8779313364534029,0.1050340180911512,0,4
0.8929556888297426,0.1376549793272306,0,4
0.9287022877005968,0.1482041403511214,1,4
0.8927156479796224,0.1924703804825255,1,4
0.899463772711074,0.1538789829998901,1,4
0.924705685262904,0.1280772024838928,1,4
0.888198834647357,0.1537819335602339,1,4
0.8510713365376262,0.1632092951807217,1,4
0.6692356296265374,0.1632092951807217,1,4
0.6356804527767681,0.1919822285490204,1,4
0.9076747378997412,0.1919822285490204,1,4
0.8921977276678894,0.1582259953510039,1,4
0.8882165565579,0.1712271499176975,1,4
0.8829762811494544,0.2061927511367104,1,4
0.9115284984774822,0.212204069778022,1,4
0.887331675717425,0.2334257614312702,1,4
0.90745001950575,0.210442911921083,1,4
0.9531102106725428,0.16490940957866,1,4
0.6660020927387479,0.16490940957866,1,4
0.7036146176765942,0.1784682974529332,1,4
0.750036162927575,0.197868423186465,0,4
0.7829936885039969,0.1695244166722186,0,4
0.7819390045323069,0.1948794396519062,0,4
0.9141612513135128,0.1948794396519062,0,4
0.9350569500622486,0.1996759039626103,0,4
0.978041193682356,0.1889493235793896,1,4
0.9638991803941612,0.2179175518757699,1,4
0.9207198593324448,0.2404635896781422,1,4
0.955858934464934,0.242912906600498,1,4
0.9420415160691754,0.2459123655897554,1,4
0.9546019141038506,0.2089021093208674,1,4
0.9201442614262122,0.2437076162121074,1,4
0.6078350651634756,0.2437076162121074,1,4
0.6170427474108781,0.2682441107961032,1,4
0.597228562895932,0.2239236370412623,0,4
0.6162265917360094,0.2513220171352791,0,4
0.6147139439493545,0.2879473640273398,0,4
0.7506646106546465,0.2879473640273398,0,4
0.783172095984245,0.2436757695635013,0,4
0.7797030103397897,0.2443799475453022,1,4
0.7578557371451707,0.2031482039006661,1,4
0.7339457996035641,0.2122712633074353,1,4
0.7354158273565798,0.2398223426271991,1,4
0.708710531533711,0.2164680400753736,0,4
0.7370252757879925,0.214338728665364,0,4
0.7746666229193826,0.2344349357337389,0,4
0.8194802219435806,0.260177456167275,1,4
0.7706117520459126,0.2899220395706628,1,4
0.7380645949772987,0.2902343975889094,1,4
0.7839371605199932,0.2955723865546401,1,4
0.759574176586846,0.2999233111801895,1,4
0.4568056163898289,0.2999233111801895,1,4
0.4692778940867931,0.2637049411113086,1,4
0.4557007090604321,0.2143237230878758,0,4
0.4211085708559484,0.2030377654141556,0,4
0.4258687796674741,0.2096766061915588,0,4
0.4228764964967352,0.2502720163538471,0,4
0.3782801541587098,0.2065517264097701,0,4
0.8938654983829786,0.2065517264097701,0,4
0.9227433539846256,0.1581269655117395,0,4
0.8909600086778487,0.1175706879997937,1,4
0.8452756010867981,0.1590532779081667,1,4
0.854943300347931,0.2065135038853972,1,4
0.838726434334019,0.1594146854414915,1,4
0.8332148986134039,0.1322927166108804,1,4
0.8195150865592201,0.1694573322657408,1,4
0.7899389550623193,0.1891348212686454,1,4
0.8341179530915889,0.1619326250387229,1,4
0.806349461717562,0.1596271475270597,1,4
0.7707280443347825,0.1963775599999568,1,4
0.8042938098154224,0.2417214486552136,1,4
0.8219958406095429,0.27235461369666,1,4
0.81133007350563,0.2235281360019416,1,4
0.8470060716244925,0.2502948434504002,1,4
0.8560389007134407,0.2330962563743223,1,4
0.9042243352873168,0.2224896644067914,1,4
0.8961481984915113,0.2668708147374775,1,4
0.8783837496983254,0.2257190159475527,1,4
0.9077136892381158,0.2634627262766363,1,4
0.8677700419749271,0.2352333021953535,1,4
0.6099468418718079,0.2352333021953535,1,4
0.6286116983108867,0.209828965206264,1,4
0.5938898223964861,0.2019491135871986,0,4
0.5536441828122411,0.1608141594316403,0,4
0.5870763597676945,0.1519298838679312,0,4
0.9396221429243168,0.1519298838679312,0,4
0.8982791663334693,0.1541945712110145,0,4
0.663053365630381,0.1541945712110145,0,4
0.6674283628793914,0.1362874452847947,0,4
0.6688447258362163,0.1339004808012131,0,4
0.6304732931168963,0.154088127907795,0,4
0.9273785891047104,0.154088127907795,0,4
0.8994986544213097,0.1142766355514111,0,4
0.8783036214439423,0.1491331940832073,1,4
0.8352824408325955,0.1933156512752472,1,4
0.8078999404228958,0.1602184439352261,1,4
0.8400399038865263,0.1176196772162564,1,4
0.8225977219733708,0.1046822196038757,1,4
0.8045463221617795,0.0948704374660509,1,4
0.8147027350081083,0.1323899908025044,1,4
0.8595904041672613,0.1005129337070111,1,4
0.6290854502537492,0.1005129337070111,1,4
0.6461961720706805,0.0645174450643982,1,4
0.6398999380321755,0.0657427786153191,0,4
0.6476709951247449,0.1122703606782699,0,4
0.6311121972179675,0.161928233248556,0,4
0.5922296675425857,0.1900281538803822,0,4
0.6096159116527204,0.1474225532451239,0,4
0.6338962769000807,0.1734676680857613,0,4
0.6037082170906338,0.2087048417696222,0,4
0.8875800044163588,0.2087048417696222,0,4
0.8906589695617082,0.1712688528024945,0,4
0.8978347249449378,0.1281585416166456,1,4
0.8720822869429407,0.1216492976406606,1,4
0.6538741348322936,0.1216492976406606,1,4
0.6286118089483974,0.1210709870541767,1,4
0.6753130026367609,0.1139481556827022,0,4
0.6488403894785584,0.072664763761213,0,4
0.8236566272033666,0.072664763761213,0,4
0.8374427721061172,0.0966894367401722,0,4
0.8033357541189564,0.0493735465753065,1,4
0.7688781323151116,0.0716883119175099,1,4
0.7590128216035522,0.1111794790009864,1,4
0.7342094848529178,0.1143587759316941,1,4
0.7078716374355055,0.0976914271838535,0,4
0.6689163786334251,0.103195427091643,0,4
0.6618545551786993,0.0695674245881284,0,4
0.6469530807000408,0.1106764504824445,0,4
0.6722221989696417,0.0668838795459471,0,4
0.6880107947943604,0.1025326050364015,0,4
0.730497996101733,0.0868591036898801,0,4
0.7293215554677049,0.0595802403043776,0,4
0.7559719261763106,0.0103505383587509,1,4
0.7113407873549438,0.0588704691410677,1,4
0.7037787680835922,0.0328208916237266,1,4
0.6699449329777761,0.0623624071532042,1,4
0.6793997837075016,0.081752689027041,1,4
0.6459912103073789,0.0908589660110996,1,4
0.6283308753059306,0.0529126930172257,0,4
0.5983827543849677,0.0926186936445544,0,4
0.6273526579361572,0.0441841790111071,0,4
0.5941644078577025,0.0536520149691687,0,4
0.6333980390353273,0.0840477348504027,0,4
0.6370955280033189,0.1271319334437622,0,4
0.613984429380964,0.1714365088532608,0,4
0.611416663553445,0.1527934144588465,0,4
0.6137986975662797,0.1763559917326176,0,4
0.6405537576368311,0.1532121064551961,0,4
0.6853327342952286,0.187403523676704,0,4
0.6379370093136364,0.157765750264784,0,4
0.9103736985440236,0.157765750264784,0,4
0.878860445396793,0.1639757324473741,0,4
0.8714129576567042,0.1970221890035965,1,4
0.6800119381790809,0.1970221890035965,1,4
0.7136660565448293,0.1944323316925388,1,4
0.898791346989032,0.1944323316925388,1,4
0.8843938597799564,0.2102060452912096,1,4
0.8772728344621135,0.2279162634959526,1,4
0.8556879755936778,0.2470290507886619,1,4
0.8743501059581906,0.2579636920643129,1,4
0.8613369683238568,0.2898918922842218,1,4
0.8458489771617445,0.3049403619367727,1,4
0.8066832712820257,0.2621434088608029,1,4
0.814018339642436,0.2440248401920628,1,4
0.6027887841207551,0.2440248401920628,1,4
0.6512363236023239,0.2427901177631878,1,4
0.636182093885506,0.2554697752607106,0,4
0.6448883970581709,0.2617595047072653,0,4
0.6034958018133403,0.3063411174361196,0,4
0.5824935839217366,0.3041360605031334,0,4
0.5948584076611833,0.2574197208196748,0,4
0.5687706437455556,0.2467610616989413,0,4
0.5686334568436447,0.2588348685353145,0,4
0.6091799646464591,0.2283411653938579,0,4
0.6576736110081884,0.2727617227714201,0,4
0.6129285382841785,0.3181521690538115,0,4
0.6141288063307454,0.301509058958771,0,4
0.611534323925464,0.2772053426984923,0,4
0.6575290357186929,0.2781323461183286,1,4
0.6970201731907315,0.2596653696193561,1,4
0.7103371118816553,0.2955551911038719,1,4
0.6798438793847004,0.2827556498120226,1,4
0.6577689210383407,0.3047391930042626,1,4
0.648149587284397,0.3471033031488481,1,4
0.3572952695017309,0.3471033031488481,1,4
0.3338080182159,0.377045575670114,1,4
0.352740732999423,0.3552228347633805,0,4
0.326822072834866,0.3411047852476933,0,4
0.3642346334199098,0.3215208930736409,0,4
0.3751059636247901,0.3448727071077508,0,4
0.3445138453428893,0.326040834343852,0,4
0.3618197712009258,0.318031452904164,0,4
0.3599426636122507,0.3530821039045455,0,4
0.5557343680520492,0.3530821039045455,0,4
0.5914604015147397,0.3316201593389864,0,4
0.5939819740068207,0.2973228777931126,0,4
0.621695780266954,0.3006188830970904,1,4
0.6456146059195573,0.294229774127427,1,4
0.6418683587101999,0.2698107618586591,1,4
0.6083897743195916,0.3123885342012172,1,4
0.5607891415270423,0.2636694329975441,1,4
0.5219445745630964,0.290494853327746,0,4
0.4767815357527425,0.2719944450571912,0,4
0.4346831078483855,0.2601518538722446,0,4
0.444251952837074,0.2950910572807974,0,4
0.412178939188415,0.2766708206999974,0,4
0.4469155052266083,0.2756095003660491,0,4
0.426804182477772,0.2613647003272097,0,4
0.459893827267982,0.27119836025116,0,4
0.4578277767044481,0.2986485504529421,0,4
0.7156587760519495,0.2986485504529421,0,4
0.7025271894693813,0.3296704717835997,0,4
0.6647306961960253,0.3453525539948004,1,4
0.6696677976119438,0.3187165443994967,1,4
0.6392672223173226,0.3260080509500227,1,4
0.398854175773139,0.3260080509500227,1,4
0.4070912074912352,0.2881546633979904,1,4
0.3722362553406411,0.295863207814204,0,4
0.406915805066906,0.3447637681051644,0,4
0.4340507317194569,0.3760880079182026,0,4
0.4021041935264452,0.3714640365975848,0,4
0.4409408317760884,0.4033277327736372,1,4
0.3924249483119255,0.4508584136434206,1,4
0.4082445639485819,0.4737562792262667,1,4
0.4055928257009085,0.465596442121712,1,4
0.4193053962965912,0.4882647966253122,1,4
0.4295129582007638,0.4681258576138037,1,4
0.0948534190491114,0.4681258576138037,1,4
0.0529854271358188,0.4784719554232701,1,4
0.080138101684838,0.5014015481265771,0,4
0.3000759205314481,0.5014015481265771,0,4
0.3181736011777803,0.545734223197263,0,4
0.3523432206226968,0.5411550798485092,1,4
0.3068133883311947,0.5072163399661442,1,4
0.2653351272993345,0.5437661573445238,1,4
0.1156553142545331,0.5437661573445238,1,4
0.1452893426707905,0.5869857422075757,1,4
0.1045495495005469,0.6061095089470421,0,4
0.067645712517091,0.6535644743183242,0,4
0.1126242049652335,0.6960286100600805,0,4
0.1565376183348356,0.6464909463890595,0,4
0.1810184344023349,0.6874830056240634,0,4
0.1340131904650129,0.674418715261125,0,4
0.1350147810768284,0.6272581886151276,0,4
0.5221464037707553,0.6272581886151276,0,4
0.5402108615753833,0.6757992815733986,0,4
0.5635343868817287,0.725044866393812,0,4
0.5864113281306854,0.6900299286920326,1,4
0.631341038229914,0.697353829408308,1,4
0.6322840855710925,0.7079761954406897,1,4
0.5007080829262935,0.7079761954406897,1,4
0.5055778807702053,0.6907123899890439,1,4
0.465832821154655,0.6976994801304361,0,4
0.4928193874652608,0.6543745427241369,0,4
0.4880991270769771,0.6944340662952179,0,4
0.4468802998122587,0.7322409643793597,0,4
0.4437452504037138,0.7791522057310172,0,4
0.4389108712037713,0.7889348998031188,0,4
0.8868156841577312,0.7889348998031188,0,4
0.922172806212638,0.8313699809572153,0,4
0.96067776203423,0.803266466162297,1,4
0.9357238609860132,0.8187879154156414,1,4
0.9092965353746956,0.8297444311061679,1,4
0.9095752575852664,0.8341664585441716,1,4
0.9014871446357804,0.8408324310820431,1,4
0.8775931445934854,0.8813843357338615,1,4
0.8935076039624077,0.8919366676395913,1,4
0.6110709784418118,0.8919366676395913,1,4
0.6571521634575783,0.8993477711213392,1,4
0.6080057278608672,0.9233141693249922,0,4
0.5914000314505676,0.9365648195498412,0,4
0.5641592829105122,0.9705269068418072,0,4
0.5863845562885904,0.9267058906803862,0,4
0.562450870119694,0.890066301867442,0,4
0.5611697795739422,0.9015377498740536,0,4
0.5561878805701683,0.862013164749406,0,4
0.8983232333256609,0.862013164749406,0,4
0.8768105566235823,0.8463513365143789,0,4
0.8526619411076048,0.8329339354587919,1,4
0.8362964881559631,0.7831968372970712,1,4
0.8450572770920433,0.7753592478454084,1,4
0.8845568987169262,0.7690151540979603,1,4
0.8843035921660051,0.7416234699450498,1,4
0.8357555412296229,0.7197265537649145,1,4
0.8316647845475091,0.7099353520124806,1,4
0.5013967064382906,0.7099353520124806,1,4
0.5314845961699366,0.6873889915733215,1,4
0.5375678252570013,0.6487757589262012,1,4
0.5094917625847556,0.6032615889718774,1,4
0.5253873433388321,0.5746996731001707,1,4
0.5192022341080736,0.6142242007174661,1,4
0.514638064564503,0.5772662864678165,1,4
0.5623576235752388,0.5417650343176292,1,4
0.5547059211387048,0.5403271200902534,1,4
0.0963836922175618,0.5403271200902534,1,4
0.1398537203017361,0.4907792972346668,1,4
0.1055042328427239,0.491864725212462,0,4
0.0631978620961122,0.4423771489231598,0,4
0.3792098673993145,0.4423771489231598,0,4
0.3728821050995397,0.4160392678700654,0,4
0.3983276116038728,0.4477015226200202,1,4
0.38585761188716,0.4851552528279731,1,4
0.3880781082643314,0.489837822468846,1,4
0.383916754376871,0.5288627744468261,1,4
0.4282349100283036,0.5010660792828558,1,4
0.4321394389611422,0.4613463615264649,1,4
0.4644822210840132,0.5021446133735644,1,4
0.4470091472255246,0.5128215856919222,1,4
0.0844367750200603,0.5128215856919222,1,4
0.1215021827433225,0.5232373237134331,1,4
0.1008186986580888,0.5386409041703084,0,4
0.105103103699319,0.5707579012877984,0,4
0.1293752141831858,0.5651788509516666,0,4
0.3636744612707068,0.5651788509516666,0,4
0.326613431336482,0.5285716524731893,0,4
0.2928360839818099,0.5275084085543862,1,4
0.0760661364962924,0.5275084085543862,1,4
0.0837822765286597,0.5098861051504444,1,4
0.0495150110482384,0.5142683705159822,0,4
0.09019742046235,0.5313990474620522,0,4
0.0563249530703784,0.5609703984157266,0,4
0.025013453594338,0.6015395682670953,0,4
0.0450831453247352,0.6340259146489761,0,4
0.0453185811961577,0.6119068381164661,0,4
0.4607786014919807,0.6119068381164661,0,4
0.4767123533242113,0.6364759039989176,0,4
0.5229065792431274,0.6494091902889183,1,4
0.5347744503608226,0.6487538755607988,1,4
0.553826838483644,0.6902446350664349,1,4
0.5733686297103358,0.7102678153995846,1,4
0.5658528443169561,0.7175936166585174,0,4
0.5288809389599837,0.6837902820451136,0,4
0.5089598368186325,0.6893721109786206,0,4
0.6832103766644432,0.6893721109786206,0,4
0.6896202596831036,0.6871790622225841,0,4
0.4525083881730104,0.6871790622225841,0,4
0.409003183560729,0.6905482911686224,0,4
0.3821611292095521,0.6893177704471978,0,4
0.6984503034918214,0.6893177704471978,0,4
0.649618004274154,0.6847898727030566,0,4
0.4487227276510316,0.6847898727030566,0,4
0.4063234489985591,0.7337956072887389,0,4
0.4076376258550456,0.7101138394484884,0,4
0.4511523139629398,0.7307434713642147,0,4
0.4967871598549984,0.6964655167537779,0,4
0.4909032078997002,0.6887085705250402,0,4
0.4623411952524305,0.6986631195605426,0,4
0.4833016511189349,0.651403732556825,0,4
0.5288515899421675,0.6849995059930094,0,4
0.5041148629310401,0.6606573991583322,0,4
0.5174383538499513,0.6943673883856036,0,4
0.4963967722324244,0.6730474102131242,0,4
0.4744495422278483,0.6543832392991372,0,4
0.4718829489119369,0.6959400803632483,0,4
0.468481985869038,0.7206389823506476,0,4
0.467892262657538,0.756205027082178,0,4
0.4871960253952203,0.7770414861102509,0,4
0.442698894814638,0.7524341409913067,0,4
0.4774465518506385,0.7593963087903851,0,4
0.4866071252670328,0.7404133744338964,0,4
0.4953483482018662,0.7688192347063899,0,4
0.5392451859985609,0.7505385200418139,0,4
0.5267351627705812,0.7287177616516453,0,4
0.7973191781033753,0.7287177616516453,0,4
0.8060662151302141,0.7222217766428656,0,4
0.8008799290725677,0.7341493535655773,1,4
0.5666589409874835,0.7341493535655773,1,4
0.5515295801218948,0.7034275104894353,1,4
0.5090591671286867,0.7041657150980422,0,4
0.488369477992214,0.7533345967833927,0,4
0.5260757770772194,0.7386300781224114,0,4
0.5228899090788511,0.6921711831059143,0,4
0.5258156581499865,0.6944516027923369,0,4
0.7094032979183208,0.6944516027923369,0,4
0.7295586228460167,0.6677527172273516,0,4
0.6858445040308286,0.6996975585614466,1,4
0.686600479433656,0.7234550799504316,1,4
0.7136757595451734,0.725403097131256,1,4
0.7328266447883385,0.7563827881626748,1,4
0.5823521469268418,0.7563827881626748,1,4
0.6065274940013489,0.7356990602242769,1,4
0.6479958632638365,0.7828715490412491,0,4
0.6676993089572308,0.7984368102839038,0,4
0.6278136274802985,0.7920644660400036,0,4
0.6360629824541414,0.7999487169041235,0,4
0.5977709340658116,0.811714147985571,0,4
0.9150807353112188,0.811714147985571,0,4
0.9248083513560954,0.7753525503448984,0,4
0.9464561964071698,0.7451668175226877,1,4
0.9867754558203214,0.7501671568733141,1,4
0.9570200514587238,0.760269601426302,1,4
0.9342559689965692,0.7369637821627384,1,4
0.9041510839554124,0.7155245623459807,1,4
0.4959648648383961,0.7155245623459807,1,4
0.5357864988896331,0.7087737428249232,1,4
0.548753761345672,0.7315071887336063,0,4
0.537843383764742,0.7333732854459762,0,4
0.5588311116488909,0.7529107508700714,0,4
0.517692506429691,0.7060281680978788,0,4
0.4796794646800857,0.6972130468771326,0,4
0.7344339607160553,0.6972130468771326,0,4
0.7536927244343938,0.6829650587018269,0,4
0.7327420451624839,0.6924660125363309,1,4
0.7545489237869863,0.6602746195631939,1,4
0.736891480775734,0.6711537877112459,1,4
0.7647781400429127,0.6620305857326848,1,4
0.3548471293791319,0.6620305857326848,1,4
0.3451087372616601,0.628516417658225,1,4
0.3303406458965885,0.5836665256569837,1,4
0.321883533298674,0.5648746235434793,1,4
0.3225641646205109,0.5197624197747307,1,4
0.3236868199258453,0.5272103463416669,1,4
0.2830692996494995,0.5040678128848674,1,4
0.3015900271100438,0.4940982369408677,1,4
0.2606926652471003,0.4915323502413931,1,4
0.2827602455613647,0.4957579757511068,1,4
0.0647832524921321,0.4957579757511068,1,4
0.0369583191883811,0.5110255859425489,1,4
0.0766723811156637,0.542256969876517,0,4
0.0487096970810768,0.5918979054126239,0,4
0.4411017957658605,0.5918979054126239,0,4
0.4802401263057325,0.5582750596417786,0,4
0.4469672560427024,0.5173932381500197,1,4
0.4403978058965787,0.5073512224060152,1,4
0.4057069812564947,0.5482476740988202,1,4
0.3612829577511826,0.5668597197230627,1,4
0.337786408265889,0.539541980820727,1,4
0.1021980516616932,0.539541980820727,1,4
0.1294379306720869,0.4933287697483588,1,4
0.1598751223509234,0.4918271350976305,0,4
0.179879945112163,0.4505488624456826,0,4
0.199840879140545,0.455212781966596,0,4
0.3574179623683904,0.455212781966596,0,4
0.3717154852662084,0.4276155529864018,0,4
0.3730161709872163,0.3888009076804281,1,4
0.3695567484661197,0.3978641361974039,1,4
0.3506907404515604,0.4179771710165087,1,4
0.3575701780571744,0.3812799014770884,1,4
0.3741455962047581,0.3867634118576512,1,4
0.3877989352734043,0.4141734905371689,1,4
0.3680698594114019,0.4457764490136648,1,4
0.4054095698898674,0.4822264294839719,1,4
0.3794628404304203,0.5186846303071523,1,4
0.413951863789705,0.5577430812083465,1,4
0.4585802175273645,0.5084358881087458,1,4
0.0685498297434245,0.5084358881087458,1,4
0.0249740803081797,0.5484904137101807,1,4
0.0378012007923447,0.5127305617868222,0,4
0.0456028042673286,0.4689799938952692,0,4
0.3146761976720198,0.4689799938952692,0,4
0.3096781086304744,0.4609125100965691,0,4
0.3309148867452883,0.5001503375008942,1,4
0.3428546164393142,0.5232199900060314,1,4
0.3245099249472866,0.4993413874707493,1,4
0.3020065078235539,0.5353169525615673,1,4
0.2983201656671151,0.5607825538461011,1,4
0.2588030656698868,0.5820462399679327,1,4
0.2149260921472206,0.5596313058935662,1,4
0.2303829663989658,0.5905498443543941,0,4
0.2018435429386601,0.5865915441086154,0,4
0.208395406916251,0.5398873071558342,0,4
0.2392600088892778,0.5694665180884451,0,4
0.2721783151809974,0.5228126685763712,0,4
0.3216903157688656,0.5679037521897072,0,4
0.2831990769414433,0.6054877110287797,0,4
0.282547266537188,0.5931795944229306,0,4
0.2784408869454927,0.6016340898173324,0,4
0.2284978884530704,0.5642245536716777,0,4
0.2498686734109912,0.5229190095253764,0,4
0.2474886459395684,0.5582498938430819,0,4
0.2176026684812866,0.5340008759462826,1,4
0.238685143948841,0.5666356397804455,1,4
0.2571010074336426,0.591475086259384,1,4
0.2243906328569463,0.615493169778262,0,4
0.2157792359770658,0.570026490795275,0,4
0.237533909251483,0.561277189642206,0,4
0.2522081227532071,0.5631347726678233,0,4
0.2941013048308369,0.5237685495183741,0,4
0.2552038700815938,0.5610372350434267,1,4
0.2391971497978296,0.5666401261179204,1,4
0.2888834763214801,0.5333352494034245,1,4
0.3226356832673464,0.5175051637661071,1,4
0.3525704734251228,0.5601978580797867,1,4
0.3055668868716594,0.5673578571413347,1,4
0.2901713244592196,0.5854583543120949,1,4
0.2674669513529118,0.5685816043623839,1,4
0.3002937654598849,0.6008596329463849,1,4
0.2928750425977337,0.5955380109699725,0,4
0.269821797831344,0.6398906822939605,0,4
0.2206329020257336,0.6841305350341932,0,4
0.1756704235903123,0.652226660451918,0,4
0.2029728552500758,0.620570458723281,0,4
0.1699475949045916,0.6096171972124335,0,4
0.1283689722844315,0.6323925391949049,0,4
0.1010321282851486,0.6783070878690589,0,4
0.132354696429127,0.7141687975296821,0,4
0.7304814336486847,0.7141687975296821,0,4
0.7630306050619101,0.7380496894217613,0,4
0.7420073923487437,0.7217707500278007,1,4
0.7295893671261727,0.7533225472182223,1,4
0.7203213294318106,0.7139199481469822,1,4
0.6904304289769646,0.7186289681145873,1,4
0.6526800289213925,0.7115378718748753,1,4
0.6099028609448757,0.7055235880756907,1,4
0.4649453132947956,0.7055235880756907,1,4
0.4606080023496446,0.675866129025499,1,4
0.4254794826364054,0.6669237338069541,0,4
0.6025792008178623,0.6669237338069541,0,4
0.5735149341865872,0.7046631025778508,0,4
0.5697372255979677,0.7010301578460683,0,4
0.5804006000584284,0.6926602216109573,0,4
0.5362799715610601,0.7363587842481449,0,4
0.5523092145213325,0.7727741131713759,0,4
0.582420819921472,0.7361333214929767,0,4
0.572594483844254,0.7024269910332197,0,4
0.5869484016436145,0.7480499161488546,0,4
0.6270219850131531,0.7223894985414743,0,4
0.5933484465354382,0.7113663743934271,0,4
0.6146560917492372,0.7017846608107737,0,4
0.6635932972652352,0.6996639795615571,0,4
0.6435165163548888,0.7006788123037634,1,4
0.6406194283892039,0.6768990618818768,1,4
0.6083621372140053,0.62835612721557,1,4
0.6537522339145871,0.6428293176743156,1,4
0.6748575002779907,0.6905504673069576,1,4
0.6317468294688633,0.7329042566581688,1,4
0.6299669093075045,0.7260329395789429,1,4
0.6473198958158094,0.6896636223946778,1,4
0.690094940742144,0.7230260364951079,1,4
0.7208096333411258,0.7668689904070216,0,4
0.7248883283391917,0.7353516468367399,1,4
0.7215254033280696,0.7221974283536379,1,4
0.736612352462698,0.70120008996676,1,4
0.7450102180398309,0.7114635155831246,1,4
0.7607935455451986,0.7473346129195069,1,4
0.7639815238998064,0.7018070353907965,1,4
0.7286745176078041,0.6985735691247266,1,4
0.7777801321563389,0.6897589355242449,1,4
0.4333972417966247,0.6897589355242449,1,4
0.4406499804983532,0.7364129133097321,1,4
0.4354530621057136,0.7237094673637974,0,4
0.395347411922583,0.7442107489453764,0,4
0.8121485569986929,0.7442107489453764,0,4
0.8306164129274609,0.764800011492197,0,4
0.6161396697582294,0.764800011492197,0,4
0.652056451823398,0.7149759388517752,1,4
0.697929512155655,0.7167731165216741,1,4
0.6636942988905243,0.7497097182255497,1,4
0.6902448700681867,0.7693638024603618,0,4
0.6648283061633391,0.8014668865742195,0,4
0.7087918344596558,0.7764151471072286,0,4
0.6635381769333686,0.7322343683832809,0,4
0.6766445228478452,0.6832642977122584,0,4
0.6569784385150483,0.6582900437475305,0,4
0.6070864430097407,0.6116300129103611,1,4
0.636944204977826,0.5781301968615526,1,4
0.6746777781530371,0.6087235681976745,1,4
0.6974189346204365,0.5742374605141449,1,4
0.7067068446373619,0.5811349865943939,1,4
0.714441827805668,0.5958645264530807,1,4
0.1656576630521452,0.5958645264530807,1,4
0.2009204767292626,0.634200313962684,1,4
0.2052195808036242,0.6037079703298395,0,4
0.2140020337045204,0.5756414242765324,0,4
0.2319007304900595,0.5780799005296642,0,4
0.2173000842217342,0.6099961535568825,0,4
0.477812368727208,0.6099961535568825,0,4
0.4303076779936188,0.6592396680117835,0,4
0.3841321443513079,0.6176984739977441,0,4
0.4027858607036791,0.575565627227197,1,4
0.4192782353723038,0.6224641920959025,1,4
0.4447700222714196,0.6198941539920365,1,4
0.4539781469471468,0.5996134052998598,1,4
0.4599557673219382,0.5580503090597112,1,4
0.4334882053009413,0.5377670224667376,1,4
0.0842494637104407,0.5377670224667376,1,4
0.1073322401827961,0.5633493170163154,1,4
0.1418720514447397,0.552928732570673,0,4
0.1502487507518674,0.563316614736104,0,4
0.1700083787482212,0.5139158733961091,0,4
0.1927728669522808,0.5470945279685624,0,4
0.1601993470455139,0.5029473504050193,0,4
0.1296250423800927,0.4757253639431558,0,4
0.1334560095117362,0.4506098861427135,0,4
0.1079648414704668,0.4947688217815572,0,4
0.3298049512896824,0.4947688217815572,0,4
0.3238735516070838,0.5168607685455232,0,4
0.0980551731206648,0.5168607685455232,0,4
0.0960989834390485,0.4990767320273114,0,4
0.1054919809958796,0.5425665693216503,0,4
0.1429930386945695,0.5790827175327097,0,4
0.1899314180297865,0.6051533551287667,0,4
0.1876784172302735,0.6170210427380498,0,4
0.1513811722867988,0.5709803549248744,0,4
0.1548958804318699,0.5216460139685584,0,4
0.3108960823730675,0.5216460139685584,0,4
0.358921134950203,0.5040929309253597,0,4
0.370373071094933,0.4602915068500895,1,4
0.3580664926884697,0.4708579856647378,1,4
0.0801690671261665,0.4708579856647378,1,4
0.1193540999635338,0.4217397761944402,1,4
0.0750379522023824,0.3935032647755512,0,4
0.0676803496490759,0.4102525024040027,0,4
0.4285130466131674,0.4102525024040027,0,4
0.4021947574849103,0.4041921733422972,0,4
0.3607409825629307,0.4115621114925786,1,4
0.4029395097629356,0.4229694498388266,1,4
0.4372434966408697,0.4243438531188945,1,4
0.4545321787652973,0.3754708816646511,1,4
0.4914495432400934,0.4120589689824737,1,4
0.4759669127674057,0.4030893067248497,1,4
0.4692448727039601,0.3929556322096822,1,4
0.4981262949983587,0.3603813511835912,1,4
0.3167391266666143,0.3603813511835912,1,4
0.2770435124187704,0.3267391412686943,1,4
0.3104866212668116,0.2916048439709277,0,4
0.3344126519830276,0.287096973768925,0,4
0.3656374315787191,0.3152353434868916,0,4
0.3952199255699095,0.2706083256683854,0,4
0.7936877082746027,0.2706083256683854,0,4
0.7539710730201974,0.2843381687707994,0,4
0.7113277081328837,0.244878242223906,0,4
0.6926620403768506,0.2024607377213662,0,4
0.7407207760844213,0.1645454989286139,0,4
0.7360252996839134,0.194143758469288,0,4
0.9167899924271672,0.194143758469288,0,4
0.9111379024882172,0.2411189500322067,0,4
0.8673769553775357,0.2694644510952524,1,4
0.8345564094926702,0.315190316845593,1,4
0.861797468948281,0.2795299653797077,1,4
0.8237169826067671,0.3117315963853745,1,4
0.8095183441039954,0.3124956178367602,1,4
0.8198975747876017,0.2969106065862481,1,4
0.8131927934162456,0.3017310973518755,1,4
0.8572334625712038,0.2922963994364832,1,4
0.5000774496342885,0.2922963994364832,1,4
0.486365180690878,0.245648393076871,1,4
0.8526283088001572,0.245648393076871,1,4
0.8373845146410045,0.2839325524035814,1,4
0.8079735663203569,0.2412510495704563,1,4
0.7636221257280462,0.2224085039658944,1,4
0.7306825156810032,0.2322930384803768,1,4
0.731211149529422,0.1830827725727676,1,4
0.753719462628985,0.1980957713606947,0,4
0.7958920942913916,0.2175412493602397,0,4
0.8262716875666741,0.1839933493509621,0,4
0.8595929487769216,0.2113302795721883,1,4
0.8828142666556136,0.2340990505934768,1,4
0.8558076468553119,0.1841745448468741,1,4
0.8804353159323086,0.1532605948808482,1,4
0.8573887462868032,0.1197872247224993,1,4
0.9039475362311667,0.1168972017645662,1,4
0.6240499803406707,0.1168972017645662,1,4
0.61485738228892,0.0947694044766457,1,4
0.5949054625457658,0.068450907617495,0,4
0.8301469347560935,0.068450907617495,0,4
0.8252820209641772,0.0865313767003684,0,4
0.8149692573258565,0.0587775373889618,1,4
0.8269726278938313,0.0092463532639863,1,4
0.8625747596003434,0.0478789818359503,1,4
0.4826386533263231,0.0478789818359503,1,4
0.5022242241941309,0.0780804914518495,1,4
0.5474787896075926,0.1083135199811408,0,4
0.5627944047713908,0.0622859476779921,0,4
0.5401441673857298,0.1024850280634238,0,4
0.5412011363568852,0.1384803905641622,0,4
0.5571443163239586,0.10295089445622,0,4
0.5624697123445821,0.1193319094652348,0,4
0.5254312006844221,0.1655132718281511,0,4
0.4906058123161699,0.1319556126002841,0,4
0.8860907884613752,0.1319556126002841,0,4
0.9257752576926204,0.1140796360693106,0,4
0.9646996926504364,0.085008682507362,1,4
0.9597676013055704,0.1163474336693592,1,4
0.9350348866760309,0.1529092002948117,1,4
0.9463331919104592,0.1901292544573797,1,4
0.6837075179884408,0.1901292544573797,1,4
0.7009478667475072,0.1451357433898721,1,4
0.6594930052988283,0.1817841750497294,0,4
0.6661069576652177,0.2169434999116764,0,4
0.6586466441675485,0.2552240941429801,0,4
0.8351797248115485,0.2552240941429801,0,4
0.8284689413395734,0.241311585670836,0,4
0.8717691906058714,0.258800651501972,1,4
0.8398324643450263,0.2369236056558321,1,4
0.8144940125143253,0.2443449962590584,1,4
0.8176489876780251,0.194743956070077,1,4
0.7805470614387883,0.2161113354275123,1,4
0.7739830045325252,0.2285973952751036,1,4
0.6278349413096965,0.2285973952751036,1,4
0.62488154249701,0.246515150660161,1,4
0.6614647361571417,0.2162529067517245,0,4
0.8773195263871119,0.2162529067517245,0,4
0.9196365617766732,0.2654956488440667,0,4
0.5692422392392649,0.2654956488440667,0,4
0.600606733765125,0.3098731979200799,1,4
0.6409861484886863,0.3281257314796082,1,4
0.6339798496955484,0.3760520279465021,1,4
0.6254524491268885,0.3344745313082334,1,4
0.6123085361634438,0.3508926910033184,1,4
0.5921797522204642,0.3811408480488243,1,4
0.6004257315830948,0.4042029698912216,1,4
0.6314542221538749,0.4306454446650844,1,4
0.6374024966751793,0.4660804203204576,1,4
0.6695363711143058,0.4537992052973313,1,4
0.093957176622278,0.4537992052973313,1,4
0.1233330824794844,0.4076390543085997,1,4
0.4144043099095605,0.4076390543085997,1,4
0.4204446965009514,0.4319820660198103,1,4
0.373036182791698,0.3921205177029618,1,4
0.3713369681496736,0.4311825009227121,1,4
0.1201230207853717,0.4311825009227121,1,4
0.0719816670739318,0.397126000208631,1,4
0.0752146351654263,0.4385748507255729,0,4
0.1095283545807062,0.3954151957046784,0,4
0.0633421082943106,0.4073501940461331,0,4
0.060056978773742,0.4331864092298909,0,4
0.010290943330064,0.4549430422021284,0,4
0.0324863363185585,0.4551269468985851,0,4
0.3592418088825608,0.4551269468985851,0,4
0.3173795366592254,0.4714301855017984,0,4
0.3303941258969114,0.4499384469403008,1,4
0.3105412318706287,0.4245743383050429,1,4
0.1421821496240585,0.4245743383050429,1,4
0.1272442118520969,0.4728305349672324,1,4
0.0862522864915602,0.4372573412666463,0,4
0.1354945162983972,0.4538317569270184,0,4
0.3482061613563844,0.4538317569270184,0,4
0.366273653041184,0.4918944744460494,0,4
0.3975431281835558,0.4779100202999986,1,4
0.3821726059049242,0.4587931069134174,1,4
0.3708123131434954,0.4174844857368438,1,4
0.3373434562176667,0.4495794690288891,1,4
0.3089500584746777,0.4934257047645699,1,4
0.305877946189611,0.5338424045270542,1,4
0.2662717971892848,0.5697211953888387,1,4
0.2957565412324482,0.5837611374950552,1,4
0.1874077132298384,0.5837611374950552,1,4
0.2245594624107772,0.5367356155705215,1,4
0.2618668098354395,0.5614941336959044,1,4
0.2796882367500233,0.568792997066797,1,4
0.233351424745677,0.6083586427769345,1,4
0.2235400608227588,0.614220383784621,1,4
0.2441668099281926,0.6472780413250747,0,4
0.2031502701249861,0.6661089207597214,0,4
0.2457563352888931,0.6421287835587953,0,4
0.5334309819647339,0.6421287835587953,0,4
0.573953657778954,0.6567136422517083,0,4
0.5392840885106266,0.6128976465032463,1,4
0.5030928350348831,0.6409073025625074,1,4
0.4895736134847052,0.6787053898874795,1,4
0.4475005586199505,0.7229708092541114,1,4
0.4095373212442366,0.6828232432642284,0,4
0.4099555204133581,0.69004084182929,0,4
0.4117006326664618,0.6744311059988418,0,4
0.4027346276657726,0.6997059013468475,0,4
0.3786679386469558,0.6928031296110146,0,4
0.4157149256765356,0.7327600451271391,0,4
0.4126960993710677,0.7718205843493936,0,4
0.8628809726953007,0.7718205843493936,0,4
0.8488691869239195,0.745461745890738,0,4
0.8640292281350372,0.7918861393301232,1,4
0.8176281198578341,0.7464484863185272,1,4
0.8117429773065856,0.7777912037448798,1,4
0.7947797313235775,0.7825246358824971,1,4
0.7505352512325973,0.743676318003146,1,4
0.7859118269928738,0.7609662617928242,1,4
0.7968583023640187,0.7945079374570678,1,4
0.6373992409192337,0.7945079374570678,1,4
0.6221846478894633,0.7940194535305567,1,4
0.899039772199276,0.7940194535305567,1,4
0.8651445627568612,0.8341810344224894,1,4
0.8874312711264538,0.7909518795634422,1,4
0.9014617438908176,0.7704826101782217,1,4
0.915104182565472,0.7623725085122603,1,4
0.630023659111074,0.7623725085122603,1,4
0.6745075069961266,0.7599863728347876,1,4
0.6285917842310184,0.7473114244556446,0,4
0.6342647716852947,0.7462411124994214,0,4
0.6543838517933185,0.7083280091681262,0,4
0.6720053580321907,0.6699711066923625,0,4
0.6710995627228779,0.652363983358948,1,4
0.6671672755867888,0.6663425489780971,1,4
0.639141949807994,0.6494519831977305,1,4
0.6826123811064125,0.6310419189790761,1,4
0.6780888999618786,0.6670241838892328,1,4
0.6632920934382333,0.7033727195780645,1,4
0.7046732863941764,0.7175672997947624,1,4
0.5091669103659617,0.7175672997947624,1,4
0.5259567066057917,0.7619949909754012,1,4
0.5138967137812493,0.7488780657694635,0,4
0.830660293819153,0.7488780657694635,0,4
0.8470915488806094,0.7809055101959508,0,4
0.8157203468395935,0.821833234090283,1,4
0.6560496281627077,0.821833234090283,1,4
0.7013296772418414,0.7900780437664652,1,4
0.6708146568190858,0.7570538985791312,0,4
0.6283622252562308,0.7420699418074058,0,4
0.5790137299675846,0.7320760892901772,0,4
0.6024103265782381,0.7463104955323694,0,4
0.6097962153362415,0.7208701011788685,0,4
0.6434277692669347,0.7339009178544789,0,4
0.6073474452285955,0.7015969172949644,0,4
0.5575929509623515,0.6557647862587273,0,4
0.5083058729085592,0.6303658035233191,1,4
0.5420539039272914,0.5978387270846464,1,4
0.5337331049904452,0.6184883214496221,1,4
0.5020846904783222,0.5756397479603672,1,4
0.5063978712467544,0.5708693572463225,1,4
0.518260851531138,0.5695969388580461,1,4
0.4981686537321351,0.5622425004420167,1,4
0.1466146276512341,0.5622425004420167,1,4
0.1046393329970039,0.5820254785507496,1,4
0.0608149216050882,0.5881089170503356,0,4
0.0258449275036375,0.5869363739827896,0,4
0.0707272797048168,0.5711867961207221,0,4
0.039123570528843,0.5226729776821518,0,4
0.3535164344023068,0.5226729776821518,0,4
0.3231491503430889,0.51776830373527,0,4
0.3564206708439186,0.5488879127440587,1,4
0.3203138685994878,0.5563465256987995,1,4
0.3022659783962705,0.5346113184220939,1,4
0.3117926588560351,0.500789572941788,1,4
0.2636544883148159,0.5417740142569905,1,4
0.2600603537565482,0.5081328241662514,1,4
0.0975284760348214,0.5081328241662514,1,4
0.131951823636875,0.5141458295063285,1,4
0.1280828382823722,0.5076602540464255,0,4
0.1547185682087941,0.481493023965688,0,4
0.3210699155843066,0.481493023965688,0,4
0.3127951575111364,0.4451476950977821,0,4
0.265903759705911,0.4439638410116154,1,4
0.2785881927224492,0.4053512148828665,1,4
0.2981385497223294,0.4089790158790516,1,4
0.3400986801561387,0.3659718349016041,0,4
0.3327335900054695,0.3670711508758564,0,4
0.3507965027234858,0.3729048292921166,0,4
0.3657200993220031,0.3973552616094386,0,4
0.3198432964236402,0.4156349616981981,0,4
0.3007765120997965,0.4626444315557916,1,4
0.3468234942989437,0.48802970742674,1,4
0.3875843918341079,0.528446771560246,1,4
0.3545804789089266,0.5736053913220773,1,4
0.3487623419235124,0.530371901762195,1,4
0.3680144635978589,0.5567409971303986,1,4
0.3937865665871074,0.541893110043598,1,4
0.3514836230748986,0.545399678429025,1,4
0.0851028513335729,0.545399678429025,1,4
0.1074837834398799,0.5294223572957577,1,4
0.1273771301805055,0.5342929011034725,0,4
0.0868961085741152,0.5667858269247541,0,4
0.3699603499424147,0.5667858269247541,0,4
0.37551314099799,0.6017431624449411,0,4
0.3910917681648155,0.5718367484107548,1,4
0.4373801175919444,0.6109949179573377,1,4
0.3967108678253406,0.613009700368863,1,4
0.3579424333002962,0.6381643662671193,1,4
0.3369850103746674,0.6164377868814434,1,4
0.2887317880804013,0.6263283401672644,0,4
0.256716354503432,0.6356017256889317,0,4
0.2161651208674365,0.6000166989855363,0,4
0.1976060333318155,0.6409967016598898,0,4
0.1689545627171851,0.688946897344238,0,4
0.212230158468829,0.7138235271267013,0,4
0.2354268456016215,0.7075488381182956,0,4
0.2654867781144744,0.6628625711196936,0,4
0.6096124882122942,0.6628625711196936,0,4
0.6535897305748226,0.6420546101865323,0,4
0.6451153459609086,0.6242703363992507,1,4
0.6357098400563181,0.6024934246365852,1,4
0.6740677613805863,0.5660906092794716,1,4
0.6471327490980562,0.5204995994595564,1,4
0.5986143970881889,0.5379406197103015,1,4
0.1073525597857748,0.5379406197103015,1,4
0.0866094940819027,0.5568876385098961,1,4
0.0988692159233278,0.5816606392265925,0,4
0.1422524758335697,0.5702521898804483,0,4
0.1864052582354109,0.5469708409000885,0,4
0.1690889736781625,0.5063620528286341,0,4
0.1430036124189914,0.5268352948948279,0,4
0.1650688571813013,0.5193782052004674,0,4
0.1933264149676361,0.5153400027072356,0,4
0.3123173893941261,0.5153400027072356,0,4
0.3237065153007895,0.5297913993510297,0,4
0.2940664221878861,0.574357672379378,1,4
0.3152055707469329,0.5978734233048436,1,4
0.2926939463247839,0.5638416696161238,1,4
0.3023086163292197,0.5654221713178178,1,4
0.2645059915059601,0.5959101150207029,1,4
0.2526550245073289,0.6401135124736975,0,4
0.2345240052730599,0.5957355254148711,0,4
0.21504226082002,0.5952236967317385,0,4
0.4164527660050292,0.5952236967317385,0,4
0.420594135122313,0.6136702850431369,0,4
0.4630317619654683,0.6493218062360065,1,4
0.470996158473244,0.6242561794393279,1,4
0.4615959901766058,0.6085745790695147,1,4
0.4399247612829915,0.6097385312889664,1,4
0.4690666284121926,0.5952484592486471,1,4
0.4294980364002339,0.5726217382969325,1,4
0.418897912480714,0.5271351128310864,1,4
0.4473530053287115,0.5230253001799426,1,4
0.0893238467037379,0.5230253001799426,1,4
0.1375380662669279,0.5459408711223801,1,4
0.1648468821168616,0.5665349792660741,0,4
0.1601040859639746,0.5800238160168804,0,4
0.1730552172511862,0.5836672547563324,0,4
0.126372734274075,0.627839641673428,0,4
0.5413107378772423,0.627839641673428,0,4
0.5615802545537604,0.6397045884297387,0,4
0.5547238871323096,0.6466206905770849,1,4
0.5065991271829932,0.6651741098860605,1,4
0.5446904882080168,0.706398863884498,1,4
0.5167114569769526,0.7069581030224198,1,4
0.503251017121623,0.7134459731686537,0,4
0.5175500326440392,0.7468629570810186,0,4
0.5258779522872862,0.759344527614003,0,4
0.559887330264188,0.7231162317189863,0,4
0.8017186296927284,0.7231162317189863,0,4
0.8112207736317035,0.7039996872403066,0,4
0.4985298673848655,0.7039996872403066,0,4
0.4655703671506028,0.7379682140820752,0,4
0.4978679050478068,0.7274894372860563,0,4
0.5301192484648781,0.7593576256223488,0,4
0.4860562636625953,0.7992025886820149,0,4
0.46261510017785,0.7944231396236578,0,4
0.4578069317812474,0.8104762582397056,0,4
0.4305330922967285,0.7747996911151106,0,4
0.4549206849800609,0.7306526874833439,0,4
0.4803579520386987,0.7406440425109205,0,4
0.8223590133314769,0.7406440425109205,0,4
0.7955290435349259,0.7005223635264899,0,4
0.8310197014226857,0.7203099434369019,1,4
0.8618472969869543,0.7231777300424279,1,4
0.8742273521541288,0.7246002589497205,1,4
0.9093298460161996,0.7522158435205847,1,4
0.6085319426091146,0.7522158435205847,1,4
0.6427946920097262,0.7735038175944944,1,4
0.8634988255438193,0.7735038175944944,1,4
0.8516929948526093,0.8200113826304435,1,4
0.8878134475734247,0.8109472055988974,1,4
0.9219171097813856,0.7627148691261493,1,4
0.942636953159374,0.8092639415731437,1,4
0.99198396707232,0.8459515891910538,1,4
0.950850973653692,0.8135748546902947,1,4
0.9483852213232566,0.8008158741467715,1,4
0.6625546086740863,0.8008158741467715,1,4
0.6578533952744967,0.8137517288449891,1,4
0.6512236115130107,0.7754660169781206,0,4
0.6166816200156513,0.7818293478010138,0,4
0.6288685271412177,0.8041350240856736,0,4
0.6625292176382964,0.8463606015016207,0,4
0.6640875698947059,0.8315691281221824,0,4
0.6658817412216429,0.8000623753002883,0,4
0.7000810415588945,0.8143778175951801,0,4
0.7277821216124034,0.8291877550025053,0,4
0.9153388833370518,0.8291877550025053,0,4
0.9278598894005372,0.7866764123430683,0,4
0.9257976052422136,0.7543838252764912,1,4
0.8840357549769143,0.7139833334185572,1,4
0.8611857732133712,0.7605091805853188,1,4
0.8498659075478491,0.7147667065017992,1,4
0.8181071948373733,0.6913727674489272,1,4
0.8440669734018105,0.6632574941910739,1,4
0.8775067617257406,0.6741050034929932,1,4
0.379453589179467,0.6741050034929932,1,4
0.3483702830637046,0.6559635897940649,1,4
0.3031610270489294,0.6468526413749764,0,4
0.2640699320226582,0.6608307519243874,0,4
0.2856903740177598,0.6653329723436052,0,4
0.3016913242300357,0.6688224671674757,0,4
0.3311769131182697,0.7038225482685491,0,4
0.7516056490282229,0.7038225482685491,0,4
0.7819138524794441,0.6668051774498907,0,4
0.7485238337563924,0.7106365266786763,1,4
0.5199664624380013,0.7106365266786763,1,4
0.5065935133738868,0.7412051500930015,1,4
0.5396754996224008,0.7005131041799314,0,4
0.5565341035071628,0.7346348567784745,0,4
0.5929723718806449,0.7478206167480922,0,4
0.5753070652295492,0.7003534970577644,0,4
0.6244110085426883,0.6818589178554896,0,4
0.6248436370639076,0.6711327649095834,0,4
0.644542564249168,0.6585317587129862,1,4
0.6093729490508089,0.6434322776952692,1,4
0.645471362391038,0.6761832066996765,1,4
0.6352676024946553,0.7202501471564331,1,4
0.5861355360848031,0.7395706387008668,1,4
0.5546529844088935,0.7734034564910046,0,4
0.5834863480218273,0.8109677071911356,0,4
0.5953512133536253,0.7948490293218555,0,4
0.5731998331989032,0.7853043059399288,0,4
0.5363929977217028,0.8262537209361529,0,4
0.5796678460509554,0.8061490225754213,0,4
0.5853943101610238,0.8522195140074603,0,4
0.5900040622299515,0.8789411697452095,0,4
0.9151709541122116,0.8789411697452095,0,4
0.8905396843229066,0.8473062806023525,0,4
0.8713776251360642,0.8337797996486671,1,4
0.8827675969344466,0.8097624120167513,1,4
0.9229225382464296,0.8292085035254328,1,4
0.968927430824716,0.8328926836014366,1,4
0.6610913399532239,0.8328926836014366,1,4
0.6380467685663213,0.8485977678479094,1,4
0.6041992654851074,0.8544760624750121,0,4
0.5828615700351157,0.8755669920457502,0,4
0.592828095125416,0.8991556279413315,0,4
0.6110352136387734,0.92475832668453,0,4
0.818692773242871,0.92475832668453,0,4
0.8682423080835681,0.9228801950353208,0,4
0.8305311559229386,0.9690549000011536,1,4
0.8320454859591152,0.9294601045476344,1,4
0.8331286488727121,0.9325835741190028,1,4
0.7920774233113329,0.9058742582165727,1,4
0.7990434682055219,0.9312193746443714,1,4
0.7977147236419387,0.9744970881670548,1,4
0.7636435387402918,0.9717656728786712,1,4
0.44839915090651,0.9717656728786712,1,4
0.4132909900130114,0.9297719450834556,1,4
0.4214383547276937,0.9693187530473693,0,4
0.456370308433958,0.9608649791911912,0,4
0.5054417574646263,0.944884790308974,0,4
0.537365091201751,0.9773915300803502,0,4
0.5164153580635602,0.9306267062878284,0,4
0.5123978211448118,0.9029355294881692,0,4
0.4663238027749534,0.8592004323424399,0,4
0.9242572320493716,0.8592004323424399,0,4
0.9086545855752632,0.8975117565429604,0,4
0.8973722176408458,0.904036185594886,1,4
0.6286884217495143,0.904036185594886,1,4
0.6223729620139502,0.9315607765291772,1,4
0.5783801781875866,0.9070435714557646,0,4
0.5825214065697562,0.8741728316858658,0,4
0.5600747905092724,0.8313260979452962,0,4
0.9204173312141412,0.8313260979452962,0,4
0.960799388004673,0.8278921015846769,0,4
0.9596860839413462,0.8633757013843233,1,4
0.9371088776461828,0.8577003091326968,1,4
0.929008827747382,0.9032363431390136,1,4
0.9356478594563974,0.8916282296314287,1,4
0.6417571801787624,0.8916282296314287,1,4
0.6013090913608696,0.9252597553532306,1,4
0.5661122974065506,0.9307886446181768,0,4
0.612169644203025,0.969029789278293,0,4
0.6011252236955229,0.9439715844670762,0,4
0.5658616681470705,0.9838392466073378,0,4
0.5380649499714532,0.9778856542158232,0,4
0.5349797901141443,0.9480234434228876,0,4
0.5148568354287624,0.9506231304129168,0,4
0.5388496279503793,0.9283378224743026,0,4
0.5848260109002401,0.8992186085971283,0,4
0.6341924889145717,0.925803305713912,0,4
0.658082309240769,0.941874740801751,0,4
0.6290695706451461,0.9066268997288024,0,4
0.6418688196920201,0.9276096831283944,0,4
0.6231303461297657,0.9151268417200922,0,4
0.6545174774488292,0.9245978908821704,0,4
0.6086102647099332,0.8756202598876069,0,4
0.6388582043970576,0.8760733085448603,0,4
0.6167785279989372,0.8709120594723099,0,4
0.6373906885334222,0.8371888016514925,0,4
0.5915926873759336,0.8037869885064051,0,4
0.9060102641230448,0.8037869885064051,0,4
0.8622464864789388,0.848883537593396,0,4
0.8570111200286816,0.8904837348713787,1,4
0.8120824745834113,0.9003366005234684,1,4
0.8463326495908681,0.8791879608880475,1,4
0.8711660440924747,0.8855142128268774,1,4
0.8865250906811879,0.8435504843879563,1,4
0.8871416387845777,0.8243268710750645,1,4
0.6891116254016711,0.8243268710750645,1,4
0.7080299603710675,0.8077771961987652,1,4
0.6768486052077299,0.7784712116363939,0,4
0.6992854139538852,0.7997716480923786,0,4
0.8911569206897388,0.7997716480923786,0,4
0.8492713270480182,0.7748341655681723,0,4
0.6465292308457801,0.7748341655681723,0,4
0.6336884752707194,0.7931240569170345,0,4
0.6091964797416696,0.8194503091999299,0,4
0.6021761060844749,0.7911805570812779,0,4
0.6366649127423432,0.7977515365798059,0,4
0.6719318901108297,0.7506118085599485,0,4
0.6320079260741762,0.7587079068706263,0,4
0.6596012973597496,0.7617426999784938,0,4
0.685908413943637,0.7363404558181709,0,4
0.6452874745219519,0.7406333884021411,0,4
0.6822630814665377,0.7615834661585242,0,4
0.6825020425971731,0.7877029172899235,0,4
0.6647789314996339,0.82813890539535,0,4
0.6372099836940975,0.7901479119778217,0,4
0.6607007990148195,0.8063899780605435,0,4
0.662756710130477,0.8306307124530415,0,4
0.6749858754744517,0.8758399253173383,0,4
0.7240833661411741,0.8994513227382906,0,4
0.6913236833118576,0.9390696485886192,0,4
0.7394991984050712,0.925369584036375,0,4
0.7591706389710537,0.9455915824452062,1,4
0.8010011199719634,0.9413999930106371,1,4
0.8145349412287688,0.9675326525225824,1,4
0.853060172784108,0.9209251194492888,1,4
0.8773900452941096,0.9696816590398528,1,4
0.9204932156410686,0.9484780580152684,1,4
0.8834292971341687,0.9606905310231244,1,4
0.8461028870629477,0.9143879482283898,1,4
0.6025040250883775,0.9143879482283898,1,4
0.629026156272351,0.9282542723742968,1,4
0.6690463268609479,0.9397273555648876,1,4
0.6258453582532972,0.9120924282511376,0,4
0.5801128120998112,0.9496952871489472,0,4
0.5539572724534458,0.993885966907186,0,4
0.5529744826171368,0.981279336848506,1,4
0.5550820363226002,0.9672210384937568,0,4
0.5883183381520979,0.958660000122858,0,4
0.5459854035824149,0.929066233045014,0,4
0.532336400513006,0.915651860987221,0,4
0.5306786186103639,0.91356423190046,0,4
0.5365837700341278,0.9398061561338008,0,4
0.5212278701963179,0.9314015116648864,0,4
0.5699852505129336,0.9374260647357184,0,4
0.7784670722034109,0.9374260647357184,0,4
0.7856874792045506,0.9644654010583142,0,4
0.7965900734509938,0.9410379060313554,1,4
0.8346129978215854,0.9038919561524162,1,4
0.6329087462387464,0.9038919561524162,1,4
0.5987545191696271,0.9150189488362196,1,4
0.5491438445731157,0.8817688905544844,0,4
0.5349201299415898,0.9185377163922288,0,4
0.5034586202713792,0.8807213687962685,0,4
0.5031640225535307,0.8792978660579225,0,4
0.5347030521419135,0.9231600613758786,0,4
0.5024018717036152,0.9628159794610932,0,4
0.7227910094743984,0.9628159794610932,0,4
0.7440473216102946,0.9218467328320342,0,4
0.7762759256195533,0.921184253308734,1,4
0.7878779674769312,0.9198245760663928,1,4
0.7422753447461372,0.916045175161922,1,4
0.7688507523796618,0.9485992301127416,1,4
0.7383048030264943,0.9514970660883468,1,4
0.507688020996406,0.9514970660883468,1,4
0.4661227579075055,0.9057488388555616,1,4
0.8512554019526729,0.9057488388555616,1,4
0.8135481963421769,0.912989543102377,1,4
0.7882833105845407,0.9282219262300688,1,4
0.7537965925002983,0.9136146011893445,1,4
0.7766809319106825,0.9249108847606916,1,4
0.7395365225156949,0.9308393992272592,1,4
0.7747463391019779,0.8827654741150892,1,4
0.7298800255970845,0.9098100260769342,1,4
0.7725265888784448,0.8898532694767693,1,4
0.6180075652500525,0.8898532694767693,1,4
0.6393652503315141,0.9275320873654836,1,4
0.6370340684922684,0.9761363471175738,1,4
0.6263932074501997,0.9399288548275668,0,4
0.6628908111115583,0.9580132909223524,0,4
0.7034699490206008,0.924640501476508,1,4
0.6649265460244639,0.9670648847019132,1,4
0.6585003485184187,0.9275306582602934,1,4
0.6962819199975373,0.9213826174709304,1,4
0.6833329161590282,0.8860031501707674,0,4
0.6725053928673606,0.8543874055876507,0,4
0.6946778659981141,0.8103079874865118,0,4
0.8996322603243815,0.8103079874865118,0,4
0.8624831217238654,0.8126750731959543,0,4
0.8277167168215841,0.8255981215754304,1,4
0.7898475579295189,0.8601911800514549,1,4
0.828450301242655,0.8917029107604838,1,4
0.8629688272215683,0.908261089026993,1,4
0.8144109346044811,0.9037980077824704,1,4
0.8298555480123231,0.8810569198701819,1,4
0.8261576745855201,0.8808694569611081,1,4
0.875010208654417,0.8945762388484381,1,4
0.8978666025597839,0.9218981801467055,1,4
0.5764944960772364,0.9218981801467055,1,4
0.5505146506403678,0.8797188530521729,1,4
0.5595456941735304,0.9281464621195828,0,4
0.5660928135673859,0.9043382651230812,0,4
0.8773206268813749,0.9043382651230812,0,4
0.9088769985694278,0.8940444290058979,0,4
0.9497517951537828,0.8950527016759449,1,4
0.98876299995421,0.9067932724181648,1,4
0.6263357046312378,0.9067932724181648,1,4
0.6563393719232795,0.954105584847271,1,4
0.6231511925847739,0.9124835263169592,1,4
0.5837929886430848,0.9186747060660584,0,4
0.5555390202168683,0.9135601731953862,0,4
0.5951737252886359,0.9228082036147364,0,4
0.638154601371136,0.9536081705200844,0,4
0.675471077893529,0.9189561207152956,0,4
0.6305707126000761,0.911048189467144,0,4
0.6726355795185907,0.8771095194413483,0,4
0.7198962722895492,0.8586256789421653,0,4
0.7647965025874598,0.903288747995645,0,4
0.7472162740785857,0.9179824840560972,0,4
0.7492855155967537,0.966821559307353,1,4
0.795040599227382,0.9553477140944496,1,4
0.7989725311017306,0.941591141392358,1,4
0.8428437554746627,0.9704721620120764,1,4
0.7993487890363647,0.9494487511520048,1,4
0.8371967766933921,0.9485147689175412,1,4
0.8044686504586467,0.9741832909280526,1,4
0.8024839114823853,0.9513980789346056,1,4
0.5212871383116131,0.9513980789346056,1,4
0.5442424847158223,0.9092099263662496,1,4
0.5837005148702751,0.902021054417398,0,4
0.8823444960202619,0.902021054417398,0,4
0.9090538891170756,0.8955484959429076,0,4
0.8914433959767285,0.9455044754793048,1,4
0.5383471394579958,0.9455044754793048,1,4
0.5697723283696953,0.9649326353085868,1,4
0.5315209500586473,0.9206922199864226,0,4
0.492249731824538,0.9673965935904664,0,4
0.4457414191740209,0.9268237999387896,0,4
0.4887132585037218,0.9639078228321284,0,4
0.4423946048937635,0.931098973419816,0,4
0.4246250531199166,0.9359576842868568,0,4
0.4281386364574873,0.9169479604156012,0,4
0.8422248217296188,0.9169479604156012,0,4
0.7940934257916529,0.9169206547925834,0,4
0.8104222724335662,0.8715215290882445,1,4
0.8000155909079237,0.8774071955218011,1,4
0.7906287032017202,0.8717547674364876,1,4
0.808041310876963,0.9150944965621772,1,4
0.5955864068704779,0.9150944965621772,1,4
0.5876586192927679,0.8893835731991062,1,4
0.563175276433596,0.8737793614636389,0,4
0.5435490870859041,0.84759714539325,0,4
0.4967019316435913,0.8059759452090102,0,4
0.4766878107204554,0.7912765836887371,0,4
0.9028224819518406,0.7912765836887371,0,4
0.9086705222824474,0.7851995831615092,0,4
0.8886048572863272,0.8324662601147337,1,4
0.9112719713081586,0.8304080551776473,1,4
0.9388187766420156,0.8550324649176642,1,4
0.9446375940021836,0.8986734611442634,1,4
0.979590406634836,0.901052408223059,1,4
0.9720224537103104,0.9271948411783008,1,4
0.578658023811108,0.9271948411783008,1,4
0.6260310046070441,0.8790047368236851,1,4
0.6508623260528394,0.8311156504585395,0,4
0.6142560101346626,0.8582486177970753,0,4
0.9142760817474944,0.8582486177970753,0,4
0.8979021114076868,0.8948058737205892,0,4
0.8634390497296528,0.8485019590933494,1,4
0.9088101159771153,0.8341739501761692,1,4
0.9362588015997676,0.8063521731198926,1,4
0.9138080320482654,0.7892986359068115,1,4
0.8644973409218923,0.7734843639790657,1,4
0.6266049473200035,0.7734843639790657,1,4
0.6489186776513894,0.8038216948449105,1,4
0.6640151922714905,0.83246822012643,0,4
0.6339705331352443,0.8650919542778308,0,4
0.5998543895825175,0.8618495362876902,0,4
0.5775226206770897,0.8682961939010664,0,4
0.9164278562592406,0.8682961939010664,0,4
0.9017675318561515,0.8187185845812561,0,4
0.6746462534462985,0.8187185845812561,0,4
0.6361129674882828,0.7838010547444552,0,4
0.6557700636966296,0.8153845051506488,0,4
0.6094709902715689,0.829286504429332,0,4
0.5687562214352075,0.84398660089502,0,4
0.5710460791144478,0.8850841291072241,0,4
0.5748474670017655,0.924020825938808,0,4
0.531738144528051,0.9713429722186938,0,4
0.7211236920719847,0.9713429722186938,0,4
0.7121456351438746,0.949664197619219,0,4
0.7277534022560137,0.9791306736207336,1,4
0.7694047790527365,0.9652399190035962,1,4
0.7410695433220847,0.924504569155022,1,4
0.7560632579805044,0.8811884831383311,1,4
0.7760578723372199,0.9311294024231036,1,4
0.7439236264463795,0.8997322396562086,1,4
0.7691963408833266,0.8745065802101669,1,4
0.7511487391813351,0.8466268355654197,0,4
0.799603305619143,0.813237799314108,1,4
0.7628753166806497,0.7776906068564372,1,4
0.7746450278153881,0.7512088099283123,1,4
0.7663846669750162,0.7136478424345686,1,4
0.7467568796934969,0.6989900791515801,1,4
0.736465989150927,0.7162660860119452,1,4
0.710535167722732,0.7387424311832489,1,4
0.7404038971514738,0.7841125086674973,1,4
0.765723630974247,0.8312415832318161,1,4
0.7323964341720394,0.8631241615329494,0,4
0.7676153179599835,0.8163006847952247,0,4
0.7890158025806442,0.8150109841994109,0,4
0.7602904511253479,0.8636930017177751,0,4
0.7248265145653889,0.8754300842388762,0,4
0.7644386742166109,0.8750123674812107,0,4
0.7207336675876221,0.8661513571464303,0,4
0.7455910732457448,0.9051323881784584,0,4
0.7368097453212904,0.8739406620326945,0,4
0.7571897751868147,0.87712200642205,0,4
0.7130955155099761,0.8483907154677508,0,4
0.7090729689322675,0.8389559313305346,0,4
0.7317837169461734,0.8718398976894954,0,4
0.7047425834238817,0.8458122168353068,0,4
0.7140702067672517,0.8798677210493592,0,4
0.71656680164434,0.9174646135613485,0,4
0.7148045601838825,0.8862104166970023,0,4
0.7157772971346936,0.9170917520166612,0,4
0.7558151425490427,0.949987260001768,1,4
0.7076865582007342,0.9278559435261844,1,4
0.6616567333192179,0.926235702568777,1,4
0.6817984546851994,0.9231353933539548,1,4
0.6434139070167102,0.935303134936185,0,4
0.5993867895867006,0.905142780896946,0,4
0.5650878427792968,0.8927339050496436,0,4
0.5629124430478915,0.8458333348100743,0,4
0.5374924661398222,0.8850690302969306,0,4
0.5600631388336785,0.8750216557041958,0,4
0.5110812362534503,0.922713411343088,0,4
0.4699830038316789,0.9454021421597092,0,4
0.7888078213925674,0.9454021421597092,0,4
0.8190579440151007,0.9856432543391976,0,4
0.7893854606604315,0.9612443540868268,1,4
0.7675487980450864,0.946009334897209,1,4
0.8152029174521122,0.9526317488775906,1,4
0.4928888774333806,0.9526317488775906,1,4
0.483931008682764,0.9387231109180788,1,4
0.475914899062097,0.9289775268655098,0,4
0.4999851474745875,0.9299002020592826,0,4
0.8065371804279177,0.9299002020592826,0,4
0.7580664014876256,0.8916370860664499,0,4
0.7775967636324757,0.8466995236322983,0,4
0.7849796369982746,0.8547998251548957,0,4
0.8053662833692593,0.8942973696379858,1,4
0.7680539498541039,0.8723114788520695,0,4
0.8022521247499595,0.884721514921067,0,4
0.8240951495676638,0.893066624674344,1,4
0.7908772253060694,0.8510672937905197,1,4
0.7669981682709315,0.866264679818635,0,4
0.7849410086843601,0.8705387931090457,1,4
0.8220622415168344,0.8748215608262615,1,4
0.8625978236233869,0.855479994089704,1,4
0.8807995433887021,0.8163981380031655,1,4
0.8594353453251529,0.7672729030588585,1,4
0.8161627900601581,0.7296036779886856,1,4
0.8457971788444313,0.7789769701071032,1,4
0.8923645278884729,0.7294052141891708,1,4
0.9214155321190348,0.6983114156293587,1,4
0.9555483145901852,0.6653388954957443,1,4
0.3724346621864154,0.6653388954957443,1,4
0.3828903068663457,0.6329500289275782,1,4
0.5240295301130138,0.6329500289275782,1,4
0.4758171705325894,0.63237890379378,1,4
0.4936014006849188,0.6293426562536444,1,4
0.4786245092222136,0.6272659753445059,1,4
0.494333619967811,0.6653706883952683,1,4
0.5110033261047084,0.677779812075569,1,4
0.5374773515224726,0.7043575553258176,0,4
0.5604629797996409,0.7170207405150624,0,4
0.5707939522327439,0.7335792480153589,0,4
0.5661681007448379,0.7705165906972097,0,4
0.579839759105417,0.7270064691572602,0,4
0.621143438770784,0.7135267649150019,0,4
0.6650215623763029,0.7535690080232698,0,4
0.6428325938582852,0.7955486821209071,0,4
0.922550392929854,0.7955486821209071,0,4
0.914654974467858,0.7531725275188369,0,4
0.8764815276571194,0.7760112089970909,1,4
0.8864662831305347,0.7516484597974485,1,4
0.8746084865650162,0.7018529218622018,1,4
0.9023722051358282,0.6703977198747723,1,4
0.8948022868979659,0.6355980462596856,1,4
0.878705823989322,0.6422619758769152,1,4
0.3049521724591671,0.6422619758769152,1,4
0.3063036142520162,0.6575854098033547,1,4
0.3205452542201272,0.6319617550288426,0,4
0.2763292023015468,0.620609586999032,0,4
0.2877400583437872,0.6683117953141889,0,4
0.3167067734112592,0.6306882024042281,0,4
0.5332390873700467,0.6306882024042281,0,4
0.5385222992805377,0.674983530867985,0,4
0.5298162772185133,0.7132712965393787,0,4
0.5306710318945365,0.6772758281525892,1,4
0.5713276199209967,0.6435094368410431,1,4
0.572220796673891,0.6664987605078213,1,4
0.603946563119625,0.6565473455470056,1,4
0.5664152456409003,0.6657165871171588,1,4
0.5665662649623399,0.6159335267620285,1,4
0.5404662049236183,0.630890890078222,1,4
0.5227375278357995,0.6563565627963543,1,4
0.5261425719851354,0.6840200470611152,1,4
0.5071176510803543,0.7232818541620974,1,4
0.5120964238109947,0.6856638476403034,0,4
0.4700718272266369,0.6773497602993442,0,4
0.487357486926141,0.715241444513664,0,4
0.4667064177131176,0.6797454156234511,0,4
0.4271497727160786,0.6423424881373707,0,4
0.4213698378174033,0.6516507281654471,0,4
0.3917023698591176,0.6174750295459186,0,4
0.4387463037812344,0.5946801311498634,0,4
0.4530171245768901,0.5991210204755929,1,4
0.476669656515484,0.6049307150380643,1,4
0.4934885540151713,0.5803749657942644,1,4
0.5136181865488606,0.5309108436963635,1,4
0.5405222831452569,0.503996055544265,1,4
0.5573881170099844,0.5139174750333845,1,4
0.582632522921641,0.4875143697773775,1,4
0.0848371447535943,0.4875143697773775,1,4
0.1149247711191658,0.5170411034767707,1,4
0.1348921209854326,0.5641779157279208,0,4
0.1777858366569775,0.531395513810506,0,4
0.2030191451171987,0.5759097866506871,0,4
0.3918016256748151,0.5759097866506871,0,4
0.3679575827679665,0.6093754425012683,0,4
0.3989648875629045,0.594623626886416,1,4
0.3853651116177138,0.6220546183026119,1,4
0.4105806748569407,0.6397526826829941,1,4
0.3859428639901719,0.5923882098350228,1,4
0.3457647659221371,0.5656001269888691,1,4
0.3950055249156084,0.5326663312645248,1,4
0.4379396938340623,0.534927577611547,1,4
0.4491005597878976,0.493338061518238,1,4
0.4771400902078951,0.4529123185852746,1,4
0.0932430966287396,0.4529123185852746,1,4
0.0519149040059231,0.4951791703149711,1,4
0.0254878229791344,0.5356751518901421,0,4
0.0351335369205673,0.5479602918425097,0,4
0.0475692052387589,0.5444994838204746,0,4
0.0820235734683745,0.5471353776862526,0,4
0.0350559981964945,0.5155334881353885,0,4
0.0374466291772226,0.5504232038048473,0,4
0.0455906508885065,0.5758059470906305,0,4
0.3943417882758611,0.5758059470906305,0,4
0.3594206655831331,0.6223786460589235,0,4
0.3938395361432388,0.660109561866588,0,4
0.3925463088689648,0.7044270429344047,0,4
0.3437088700419235,0.6738653088257741,0,4
0.3215901526056957,0.669521649925918,0,4
0.3111731424383103,0.6585857992365794,0,4
0.3316417383001686,0.6332807883921313,0,4
0.5124027395186732,0.6332807883921313,0,4
0.5488797990415135,0.6719318840992975,0,4
0.5544562227082495,0.6672720920278172,1,4
0.5281280045216984,0.638726986983151,1,4
0.553010457886428,0.6042809721686675,1,4
0.200948737645025,0.6042809721686675,1,4
0.2103572188669986,0.5939291196341591,1,4
0.1765210876101104,0.5771295088229168,0,4
0.1880473093837284,0.549358976047291,0,4
0.1872105966441074,0.5248090206951684,0,4
0.1418013119040895,0.5297267108003483,0,4
0.1647825819158995,0.5189783642214432,0,4
0.1966007626285298,0.5272081934417522,0,4
0.2193112563332767,0.5426236407089537,0,4
0.2098207285645706,0.5443977422948941,0,4
0.3625586107517577,0.5443977422948941,0,4
0.3606321805375,0.5621391024544647,0,4
0.3233140077702252,0.5792858928452568,1,4
0.3576010507528012,0.5374565363281942,1,4
0.3315050151376864,0.5260513602907384,1,4
0.3519676290752089,0.5578073135199679,1,4
0.1179711365177134,0.5578073135199679,1,4
0.1336800763722022,0.5993919021779723,1,4
0.1548788591910657,0.6268319945110781,0,4
0.1511847523521225,0.643520656506798,0,4
0.1050139487438169,0.6931919943604478,0,4
0.7196609543515932,0.6931919943604478,0,4
0.746720897822721,0.6553234400354306,0,4
0.755815588884559,0.6133722886770101,1,4
0.7465034566591632,0.662852401308822,1,4
0.72932253372955,0.6332298313556068,1,4
0.7771442482293422,0.6043375687511389,1,4
0.7533019583775558,0.6064747447262421,1,4
0.7491498796189442,0.5764553077930671,1,4
0.7938518982125493,0.5683240936764372,1,4
0.7566194367962014,0.6115704165164485,1,4
0.2403494889539489,0.6115704165164485,1,4
0.2802928082630094,0.6550806601423257,1,4
0.281292330420842,0.6721542345211117,0,4
0.2928826609658257,0.6757463599886006,0,4
0.3297369434307953,0.690293148862174,0,4
0.3519108949293351,0.709687067498736,0,4
0.3806414595638725,0.6794928180936988,0,4
0.6846911970523485,0.6794928180936988,0,4
0.6841206032247569,0.6977635146428035,0,4
0.6456073088357716,0.7474924829692529,0,4
0.6815116187921904,0.7324733907975872,1,4
0.6649197947005099,0.7399202188315729,1,4
0.6554682062180714,0.7411532405453002,0,4
0.6080600792536516,0.7134913190005453,0,4
0.6211872127724755,0.680485627804987,0,4
0.6093913670662134,0.6364855116075887,0,4
0.6447122650841884,0.6555490220605786,1,4
0.6658043681968402,0.6800296384980844,1,4
0.387735374821385,0.6800296384980844,1,4
0.4271353966569885,0.7003609578417562,1,4
0.7284993650339516,0.7003609578417562,1,4
0.7625795382250712,0.6925776961839736,1,4
0.7389790588979142,0.6734825052771607,1,4
0.3968505229493773,0.6734825052771607,1,4
0.3645664128341437,0.673907253625185,1,4
0.3544565284558564,0.7211260944834138,0,4
0.353373656887805,0.758556223618339,0,4
0.3485449105930881,0.7785471693943775,0,4
0.3820890826432305,0.7962358939113298,0,4
0.3936852146448906,0.8098779362942384,0,4
0.3553541294058374,0.7991067189095615,0,4
0.3631909447989843,0.7687415590446076,0,4
0.3480451142069977,0.7735452847536242,0,4
0.9001567970820449,0.7735452847536242,0,4
0.8638768079804272,0.8087812094158566,0,4
0.9035178631124712,0.7901946674449315,1,4
0.8609493424893371,0.8227952643917508,1,4
0.8266149892538164,0.7774111342648093,1,4
0.6483001630599322,0.7774111342648093,1,4
0.6177946147884624,0.8197390486233685,1,4
0.6090671604048126,0.7951095011532145,0,4
0.6253050627468246,0.7737975443285259,0,4
0.5973382773486646,0.7243885035898228,0,4
0.6441054228505377,0.7453285411602212,0,4
0.6697123501247074,0.772651803433261,0,4
0.7022551897301317,0.7462422487053972,0,4
0.7113499314867008,0.7582665398554074,0,4
0.8485030223351133,0.7582665398554074,0,4
0.8603729611551341,0.7433570019824846,0,4
0.8673610402609623,0.725950135328899,1,4
0.5584100214406532,0.725950135328899,1,4
0.5167976695081568,0.6830642849141967,1,4
0.488602806324559,0.7244801853675745,0,4
0.4920891846707545,0.7686973448143627,0,4
0.5276478121957047,0.7339746969383573,0,4
0.5117819733265798,0.7451080021364092,0,4
0.8312741924982492,0.7451080021364092,0,4
0.8074352420991563,0.7579554584362763,0,4
0.7875480720520366,0.7317687693805416,1,4
0.745816436408609,0.7016896068816232,1,4
0.7281461253935754,0.7009315598793191,1,4
0.7704761323296517,0.7079914008215465,1,4
0.4843796594838407,0.7079914008215465,1,4
0.4588281146049502,0.7263510270708231,1,4
0.4325376958161995,0.6927720020915871,0,4
0.412757158676344,0.6863930499090527,0,4
0.4466681756106357,0.6872964738121953,0,4
0.4960879728953877,0.683664235002445,0,4
0.6596643993163025,0.683664235002445,0,4
0.6991315926866546,0.7286816315439214,0,4
0.7293744516371968,0.7162428481642805,1,4
0.4858559985402439,0.7162428481642805,1,4
0.455451516099313,0.7022989170586429,1,4
0.7193141169280819,0.7022989170586429,1,4
0.7520020740988548,0.6734505592406899,1,4
0.7116869694908775,0.6947614403831539,1,4
0.7163552114184826,0.7098187020837226,1,4
0.7274127382461941,0.7185738045859809,1,4
0.7204169711193423,0.7299322060061764,1,4
0.74684733213822,0.7754959109904094,1,4
0.701858456562673,0.8190263408849079,1,4
0.670352706741523,0.8357501692593094,0,4
0.6539154400105052,0.8688378914873269,0,4
0.6734532418204383,0.8810567137784215,0,4
0.6797262665157748,0.8977148875694263,0,4
0.6726431453302117,0.8987504902067408,0,4
0.6951619461629827,0.9282041486387148,0,4
0.7272255593641473,0.9091895595351102,0,4
0.6949191519272522,0.8696771828793387,0,4
0.7430493440142443,0.8530965748275526,0,4
0.7878080078663487,0.8284556650665177,0,4
0.8305155729667474,0.7831779547050993,0,4
0.8510435598571393,0.7336048826359617,0,4
0.8979902481089549,0.7783527602976046,1,4
0.867968589371237,0.7837949254812346,1,4
0.8713991979341421,0.8028295141226285,1,4
0.8946095613908678,0.7927425811203391,1,4
0.9272117031322904,0.8219612076197796,1,4
0.9227356327987292,0.8166897579995549,1,4
0.9521536254635068,0.8620408643642181,1,4
0.6710924169350709,0.8620408643642181,1,4
0.6932258673065603,0.8348196493979209,1,4
0.6544522599783572,0.8186425452313567,0,4
0.6838246330091645,0.8009768334332285,0,4
0.7159138165296536,0.7600008326912688,0,4
0.7047058288720695,0.719792666887113,0,4
0.6742131426196386,0.7222240486153095,0,4
0.6251028974873648,0.692582139527468,1,4
0.6078878151896303,0.6967195128479872,1,4
0.5831680063729827,0.7137738297731545,1,4
0.6151032605436106,0.7597839670737736,1,4
0.5908242620063251,0.7246410275990417,0,4
0.6221327073576863,0.7041556845284859,0,4
0.6303995371631582,0.714127913815489,0,4
0.6003740433353038,0.6734584388576796,1,4
0.583782931844975,0.6240187628174725,1,4
0.6278942765805793,0.671725926589979,1,4
0.6662083708870655,0.6416053754978459,1,4
0.6319680861737806,0.6007196087605583,1,4
0.2151335749075782,0.6007196087605583,1,4
0.2155547113864451,0.6295619336584246,1,4
0.2119499076038637,0.6055314753300254,0,4
0.2540501465541039,0.580705241772219,0,4
0.2216861391148309,0.6305458710270777,0,4
0.2216259567578396,0.628306498496308,0,4
0.2116479656559382,0.6074859007286252,0,4
0.4851461873241754,0.6074859007286252,0,4
0.4460906263068451,0.6180888267877163,0,4
0.2336847449224176,0.6180888267877163,0,4
0.2776784938456825,0.6486574324268175,0,4
0.2872713901440053,0.6592712511639988,0,4
0.259243899097688,0.6095949333976652,0,4
0.2958808330648213,0.6320935852051726,0,4
0.2766730009995995,0.6125678415130394,0,4
0.2846715702896363,0.6336657839889875,0,4
0.2369365025416989,0.5871755351802092,0,4
0.2298502442092684,0.5548919504228131,0,4
0.3683141712459969,0.5548919504228131,0,4
0.3628980351120727,0.5997673969973716,0,4
0.3379428416254357,0.633326469734074,0,4
0.3482449232316941,0.639846747425112,0,4
0.3171107372770276,0.5921649973228857,1,4
0.340073179290206,0.5646728459530771,1,4
0.3765084722051842,0.5818473675858393,1,4
0.4168578199809848,0.5851627219820604,1,4
0.4393551096562585,0.6350403107368361,1,4
0.4602896211980348,0.6494095775220092,1,4
0.3178969875038885,0.6494095775220092,1,4
0.31460887356259,0.6651028567169396,1,4
0.3342688675069818,0.7034124887309519,0,4
0.7093025222423532,0.7034124887309519,0,4
0.7574417218675037,0.6641882469370134,0,4
0.7615328165282649,0.6758930933875359,1,4
0.7175284410269291,0.6306168863945547,1,4
0.6705181520672051,0.6492407722891347,1,4
0.3084130357725369,0.6492407722891347,1,4
0.3196600028532811,0.6165840208360746,1,4
0.3316323960740464,0.590803584808679,1,4
0.3424564101960387,0.5646965800683621,1,4
0.3826431149693816,0.516291925917614,1,4
0.3972604836586343,0.5470592290807137,1,4
0.3643138724024063,0.5942317588039252,1,4
0.3808632145418246,0.5448684764382455,1,4
0.3378714254659025,0.5044256457776451,1,4
0.0655567907660211,0.5044256457776451,1,4
0.068720025263519,0.5117557421201366,1,4
0.3274118185815131,0.5117557421201366,1,4
0.3254722031133666,0.4940079964246789,1,4
0.2814744901650181,0.4574731197482931,1,4
0.2910099711527635,0.4227422569294939,1,4
0.2951448270286361,0.4327391543344256,1,4
0.3328355536447663,0.4479424790563912,1,4
0.0864436182083334,0.4479424790563912,1,4
0.0622196366225632,0.474244378230748,1,4
0.0262929076224303,0.4981091854277093,0,4
0.0340071792102768,0.489107163886369,0,4
0.0429429251063372,0.4611395707285395,0,4
0.0863590087396517,0.4986454578986538,0,4
0.1068364722851642,0.5293260940006939,0,4
0.1230838337818863,0.4795281383774683,0,4
0.1354960994058159,0.5264966184678311,0,4
0.3207139275457832,0.5264966184678311,0,4
0.2865936737358421,0.526505077452003,0,4
0.2676768684153284,0.4927541151588436,1,4
0.2643333280982211,0.5042953320647807,1,4
0.2849920369805238,0.5305068564077098,1,4
0.333374490723321,0.4834020109324962,1,4
0.3602757549310031,0.5301338236627509,1,4
0.3644436898861488,0.501299120287243,1,4
0.0970826105088297,0.501299120287243,1,4
0.1436124179588453,0.5359756814561082,1,4
0.1908722729825312,0.5125273406438547,0,4
0.2282367544537553,0.4941680215193231,0,4
0.1903410492106902,0.4997813544291895,0,4
0.1975826232265057,0.5490108548564764,0,4
0.1714460644192252,0.5125719195018719,0,4
0.1668773988741491,0.5477475329086937,0,4
0.1402607683029032,0.555963940274415,0,4
0.1588323213485148,0.5434196443407764,0,4
0.1259584459995312,0.5708372935186827,0,4
0.1045116185457896,0.5476497758474608,0,4
0.114536570021623,0.5025633365699939,0,4
0.31948906270794,0.5025633365699939,0,4
0.3393137650928265,0.534545667896968,0,4
0.3245967877044121,0.53423462574355,1,4
0.3105831247694098,0.4991330588546111,1,4
0.348900092389438,0.4638150674596679,1,4
0.3305518823411205,0.4958309917705184,1,4
0.3668342212471355,0.4680537806590965,1,4
0.0944444564092843,0.4680537806590965,1,4
0.0712946896694269,0.4860936328973347,1,4
0.0318834246704705,0.4488631143570198,0,4
0.3369681755887487,0.4488631143570198,0,4
0.3483199307890853,0.4090975823150074,0,4
0.3824596696684665,0.4045620852235252,1,4
0.4089662133477122,0.4347683109255751,1,4
0.4342040200152178,0.4085121923156825,1,4
0.4689414398112909,0.4099259653846083,1,4
0.4471011855769621,0.4189444450853958,1,4
0.4916315541767554,0.3836886532112708,1,4
0.4578779407067765,0.3541470352453058,1,4
0.410721778482201,0.3962227723803643,1,4
0.2104729254228849,0.3962227723803643,1,4
0.2518116535203447,0.4148698874129362,1,4
0.2852786084236239,0.4442430422516599,1,4
0.2475981497351976,0.4713444698601136,1,4
0.199961956432549,0.4283418905845203,0,4
0.1555000886851438,0.4662020562066544,0,4
0.1645230782614431,0.4198183180450804,0,4
0.1967772157025182,0.3877153275311805,0,4
0.2398770661538544,0.4365016158130088,0,4
0.191550059248606,0.452720914317961,0,4
0.208576556387887,0.4935003723204701,0,4
0.2531338854121223,0.4655918009305275,0,4
0.2561519278792539,0.468261802836621,1,4
0.294203777157053,0.4574951069722729,1,4
0.2994034041772281,0.4589924268133813,1,4
0.3326248848920323,0.487595142515012,1,4
0.2884127296916436,0.4495379463522015,1,4
0.300522263578565,0.4788261166872884,1,4
0.0945417175944887,0.4788261166872884,1,4
0.104569170003166,0.483767263216449,1,4
0.1152905566505847,0.4700844867884419,0,4
0.0821544531341637,0.5080538079368588,0,4
0.093347301262143,0.4776570806930923,0,4
0.1133129831527221,0.4396587691075765,0,4
0.1204855472351178,0.42703549689132,0,4
0.1097083809042596,0.4403321477624339,0,4
0.3559999996959341,0.4403321477624339,0,4
0.3488454621928349,0.4267449480674639,0,4
0.3845388982627691,0.3974971601855033,1,4
0.4342032169393338,0.3579714153743074,1,4
0.3945360725333365,0.3350209836800709,1,4
0.4058627707318368,0.3283607434249047,1,4
0.4124549658334828,0.3501872100342152,0,4
0.3808773897961512,0.4000700210312836,0,4
0.4255913811677305,0.4313769522923479,0,4
0.4285347532899081,0.4077357606553159,1,4
0.4156581348864912,0.37053710190583,1,4
0.3742355063265686,0.3454701999406218,1,4
0.3639611471305203,0.3651098405442516,1,4
0.39970291556625,0.3567100737360718,0,4
0.4442707815736252,0.3878509986264969,0,4
0.4079086693052816,0.3902599932844794,0,4
0.3843705653778547,0.357413405613134,0,4
0.4252093651784798,0.3296070123479083,0,4
0.382318752532594,0.2914813754436745,0,4
0.3839666303539888,0.3363138639643788,0,4
0.3494916706185539,0.3336023522749923,0,4
0.6313016245529549,0.3336023522749923,0,4
0.5961202816477431,0.3241322840498332,0,4
0.6263970710585274,0.309481564693311,1,4
0.6121128826551403,0.3045529219523075,1,4
0.6353419599017459,0.3396232755917822,1,4
0.3779899897564585,0.3396232755917822,1,4
0.4169120879827521,0.3687928774374178,1,4
0.4291045316836962,0.3849070089061208,1,4
0.4150099844437857,0.3374914847987931,1,4
0.4499891646370321,0.3589142100340332,1,4
0.4127767165095397,0.3884553140756736,1,4
0.3929724933166661,0.3626983414172939,1,4
0.3788270720391866,0.3725616172422575,0,4
0.3946527097371598,0.3570226717532035,0,4
0.3634130482086059,0.3222042711587736,0,4
0.6550027933881769,0.3222042711587736,0,4
0.6872213208772516,0.3076927182810992,0,4
0.7316021874830244,0.3334529495366026,1,4
0.3957371239317837,0.3334529495366026,1,4
0.4179778014417302,0.3317411552109864,1,4
0.3731476372077446,0.3287720756571085,0,4
0.3640566879229757,0.2912730354999876,0,4
0.4101243127531764,0.2771965004867791,0,4
0.4572529634929104,0.317883395632872,0,4
0.6926109986025873,0.317883395632872,0,4
0.7214997743769495,0.2855283706947434,0,4
0.7662629601639854,0.2939996177886879,1,4
0.7216474136366675,0.2956854535762126,1,4
0.7317726769675451,0.2558407230940505,1,4
0.7268158328453183,0.213178695242217,1,4
0.7767410803984425,0.1738986202274375,1,4
0.7784647854332474,0.1787089508474532,0,4
0.7375111112270111,0.1638308727776282,0,4
0.7649901120000732,0.1884598139651511,0,4
0.8033348051998813,0.2136168856037075,0,4
0.7901292526579293,0.1949716156253498,0,4
0.8145956115205292,0.2323861562484767,1,4
0.8622937352995076,0.2809598849078698,1,4
0.9057693222267604,0.3244635099102335,1,4
0.8620796584184284,0.2980123843894682,1,4
0.8706204654976404,0.3242358187553831,1,4
0.8844449283478766,0.3135749378389293,1,4
0.8479310143796982,0.2775707099216312,1,4
0.8571698861033286,0.3214484663280458,1,4
0.4069815608018584,0.3214484663280458,1,4
0.4412423238567646,0.3550101969545461,1,4
0.4359414373849863,0.3271442518626991,1,4
0.3860528477222362,0.3020405848602727,0,4
0.3362585242247802,0.3345738716031227,0,4
0.3026181176129255,0.3218644450883117,0,4
0.2986000890442407,0.3249009479147591,0,4
0.3294034747047041,0.3281035784265271,0,4
0.3742402322115433,0.2781460694362558,0,4
0.3785701312612383,0.2464338026703614,0,4
0.3988671553568899,0.2675226743355905,0,4
0.4086222671087386,0.2449155092109508,0,4
0.8280785809631417,0.2449155092109508,0,4
0.86989464741391,0.2355370775205937,0,4
0.8956333219486623,0.2343405966633648,1,4
0.867759586446545,0.2668232161208,1,4
0.9153595937763874,0.2306008604119546,1,4
0.9348799709647072,0.2756039053947494,1,4
0.971956247133021,0.2273568425110461,1,4
0.9500383112443964,0.1974977639407402,1,4
0.9152971540645556,0.2096656857410768,1,4
0.6263722777761835,0.2096656857410768,1,4
0.6748931308477706,0.2169037688001178,1,4
0.6797737284093591,0.1817792533999246,0,4
0.7285368233083701,0.1584852134401026,0,4
0.7196241466060435,0.1142215682057601,0,4
0.7278278160586723,0.1269147731149424,0,4
0.727745472125346,0.1373032148191592,0,4
0.7642769206750488,0.1839159836671777,0,4
0.7428770563876963,0.2321095370956462,0,4
0.7622624112316712,0.248959178032504,0,4
0.7780587231415069,0.2700529294794661,0,4
0.7361366131035674,0.3070337063799763,1,4
0.7517879516174218,0.3093577436776804,1,4
0.7501245752670106,0.3314277843360106,1,4
0.7608545888644807,0.2989456608916673,1,4
0.7701749368228896,0.259646881347634,1,4
0.7941999906479007,0.2378211150016264,1,4
0.813362076549458,0.1946136389384248,1,4
0.812285991521189,0.2311952407314626,1,4
0.6138906057193497,0.2311952407314626,1,4
0.6228774741410255,0.2251141001800952,1,4
0.598830488877383,0.2603709391205216,0,4
0.5492148384705463,0.2381380979053689,0,4
0.5628667074714074,0.1949851551450401,0,4
0.597809160963726,0.1588401298148894,0,4
0.5711505845848585,0.164979807624911,0,4
0.5364167515721725,0.1927285003424356,0,4
0.9196478362028908,0.1927285003424356,0,4
0.9421231216753052,0.2127377584394049,0,4
0.9573219806563475,0.232069560404304,1,4
0.930916714386816,0.193144612866562,1,4
0.8968627830349589,0.1607340646142277,1,4
0.9438759257878656,0.1402442902062345,1,4
0.9842076953762904,0.1768985001755347,1,4
0.9445148054870376,0.1656991294141215,1,4
0.951517845689738,0.1918197791422241,1,4
0.9119867273095188,0.1546188185002898,1,4
0.6485661437070909,0.1546188185002898,1,4
0.6635509264108205,0.1285290367201253,1,4
0.6674244893599279,0.1449487135470096,0,4
0.6443071247456822,0.1769118845198782,0,4
0.6463982476044206,0.1627232920288998,0,4
0.6830833827076198,0.1910536134048451,0,4
0.906001309572571,0.1910536134048451,0,4
0.863282120975148,0.2379365459510797,0,4
0.8826828232948658,0.256009479535949,1,4
0.9285412079605716,0.2472255358702956,1,4
0.9172981960014144,0.264346190021045,1,4
0.9617416338132506,0.23006977791106,1,4
0.9175176383330172,0.248300208593028,1,4
0.8683586171372581,0.2440553418880502,1,4
0.5896637449329666,0.2440553418880502,1,4
0.6122143564444118,0.2309414236707084,1,4
0.6532528857920884,0.2599617829035959,0,4
0.625071704483729,0.2793784321053109,0,4
0.6136079543133635,0.2606490338643417,0,4
0.570080299145316,0.3010217598597743,0,4
0.5308052023624165,0.3249866355357274,0,4
0.5251991796506175,0.3416806121780749,0,4
0.5643801439502809,0.3683766126194608,1,4
0.5927057123701337,0.3390105563573571,1,4
0.6029216635481658,0.3151083830191755,1,4
0.6410020325989663,0.3127613106241878,1,4
0.6652600284816028,0.2845967935521586,1,4
0.5087040124970974,0.2845967935521586,1,4
0.5121364109978754,0.2351265794517947,1,4
0.5253046581966345,0.2095335725177122,0,4
0.4961056940264967,0.1988141999118098,0,4
0.5005041105062448,0.1990523274422516,0,4
0.909745642348824,0.1990523274422516,0,4
0.8770757992911308,0.1543520944397192,0,4
0.8602393837993748,0.1442386894552521,1,4
0.6885690592899735,0.1442386894552521,1,4
0.7037584877107037,0.139007647834048,1,4
0.7417962288267962,0.166937377713789,0,4
0.7492470804859028,0.1510837476602001,0,4
0.7706872525944726,0.1319270480760447,0,4
0.7366650691765588,0.1645167521147106,0,4
0.7696696799753385,0.1807895520365985,0,4
0.9467219359577208,0.1807895520365985,0,4
0.9125861438031764,0.1646362485019981,0,4
0.8830876985733899,0.1471471713023679,1,4
0.9201903879824698,0.1435442549870462,1,4
0.8884185938472832,0.1535727599046241,1,4
0.8450639879563824,0.103605990502161,1,4
0.8432821001073615,0.0674207766340137,1,4
0.8799534055059224,0.092267856149942,1,4
0.5798100168513814,0.092267856149942,1,4
0.5676810255463075,0.0651743941159625,1,4
0.585328352345611,0.1116811507847526,0,4
0.8689336311655442,0.1116811507847526,0,4
0.8321799977933051,0.0803881409996064,0,4
0.8617125140037388,0.110018902588423,1,4
0.8357256428781379,0.1519145130777894,1,4
0.6666026831440635,0.1519145130777894,1,4
0.6386650057835768,0.1731288560297569,1,4
0.6426099284667732,0.2152879656200997,0,4
0.6320122208732881,0.2343352584510127,0,4
0.6626945070037743,0.2212256517227396,0,4
0.7052321843009517,0.1977192188689897,0,4
0.7308280445314405,0.2049482990840586,0,4
0.6830837666969656,0.2016203738635267,0,4
0.8963038000391987,0.2016203738635267,0,4
0.9170983322347996,0.2414619226792974,0,4
0.5941817982355938,0.2414619226792974,0,4
0.5684721271395979,0.2107233141036039,0,4
0.5848795475339703,0.1760073485461109,0,4
0.5991676736857602,0.1372506030619537,0,4
0.6128087112940197,0.1198741611118621,0,4
0.6221008522209256,0.1330778999794735,0,4
0.6139782672065671,0.1433681350433874,0,4
0.9173927518514088,0.1433681350433874,0,4
0.929637870902451,0.1490703152175689,0,4
0.9655366244815858,0.1417272243920696,1,4
0.9345058537462596,0.1735425112977724,1,4
0.6988288450125673,0.1735425112977724,1,4
0.7018973087264367,0.1433359444548878,1,4
0.7267929888481243,0.103201272467945,0,4
0.7013169856317262,0.1190246876433216,0,4
0.7345665583347616,0.0777861960718252,0,4
0.7207667682912017,0.0305713809591386,0,4
0.7649032453067341,0.0546728279501744,1,4
0.7710756988364482,0.0431109805290919,1,4
0.7517428257593487,0.0690633923959885,1,4
0.728597411928338,0.1079174960600866,1,4
0.7691403523798555,0.1267523720331993,1,4
0.7874588351344555,0.1191206641020763,1,4
0.8262706423949377,0.1261081415344451,1,4
0.8272207936761438,0.1078423078041825,1,4
0.8014717063710022,0.1477892124077467,1,4
0.8466951494244651,0.1493934643396052,1,4
0.8371143210710205,0.108788591960535,1,4
0.8543134844990095,0.0714825561886263,1,4
0.8761867597209102,0.0517468574270439,1,4
0.5401348807787208,0.0517468574270439,1,4
0.582193590982326,0.0746218446355916,1,4
0.5671100638491536,0.1021156565604452,0,4
0.5654701341042772,0.0726507938058434,0,4
0.5635091900777629,0.0725529191577009,0,4
0.5180160757303236,0.0688194035523805,0,4
0.5100619877137625,0.0234685568354464,0,4
0.4818556302396328,0.0646453177647097,0,4
0.4841239287704103,0.0307246090679012,0,4
0.466864521962275,0.0747389149711062,0,4
0.8436173208226468,0.0747389149711062,0,4
0.8377707088341892,0.0382380774737292,0,4
0.8273188709012604,0.0463320302850439,1,4
0.7894835402764069,0.0758928758631549,1,4
0.8045474548484101,0.1051249972991024,1,4
0.8352309442357732,0.1267974479095777,1,4
0.8396222310966768,0.1676287089902144,1,4
0.8587619067811382,0.2157657593151742,1,4
0.8606454479489782,0.1972631164613784,1,4
0.8256427685963009,0.226432304863557,1,4
0.6282540031650149,0.226432304863557,1,4
0.6728157528100254,0.2569521726384142,1,4
0.6796938937129134,0.2857812520217945,1,4
0.681608628268448,0.2701126453043496,1,4
0.7261537039600173,0.2381201578111693,0,4
0.7401675976237325,0.2032753000948865,0,4
0.7545468307105181,0.1824257328848457,0,4
0.9324913844168384,0.1824257328848457,0,4
0.9189621515867226,0.2005515847097344,0,4
0.6397520221664446,0.2005515847097344,0,4
0.6635700723942931,0.1663610021121037,0,4
0.7069115180972416,0.1350380182603965,0,4
0.7319815202962562,0.0921337609347357,0,4
0.779701604470502,0.1171161024377823,0,4
0.7879111130374247,0.1145735043131284,1,4
0.770881042799618,0.0772437665879448,1,4
0.5530605341006595,0.0772437665879448,1,4
0.560077720567792,0.0791042087860442,1,4
0.5167396336031647,0.1016651985601098,0,4
0.5144467977659898,0.1429121039191799,0,4
0.5620060635679843,0.1732170738542213,0,4
0.5303226278949871,0.1620658182467246,0,4
0.4898428016316181,0.1640614202540671,0,4
0.9038070989004112,0.1640614202540671,0,4
0.8627496213287165,0.1954735575989695,0,4
0.8413093418042866,0.2381925720353015,1,4
0.8078263988413538,0.2048992684108728,1,4
0.798314954147842,0.2226439301955703,1,4
0.7875616726314977,0.2182322286084131,1,4
0.6356608462008596,0.2182322286084131,1,4
0.6442392995522119,0.2563470489677664,1,4
0.6624685496660756,0.2402124587842545,0,4
0.703329739536802,0.2040944452608861,0,4
0.9163074686678736,0.2040944452608861,0,4
0.932585487120343,0.2016411819212204,0,4
0.921394478582974,0.24185546840614,1,4
0.9252715837895108,0.2160833231927124,1,4
0.9064261269997538,0.2178998212169463,1,4
0.91570926092757,0.221264282455585,1,4
0.9211743848745256,0.2669805153814311,1,4
0.939369566159268,0.3044854180050901,1,4
0.9884284194895462,0.3231569923993541,1,4
0.9860612353080412,0.3145060114909402,1,4
0.4313398684222037,0.3145060114909402,1,4
0.4300345572171215,0.3002341757136695,1,4
0.392870749287824,0.2884406859606638,0,4
0.4016619554768446,0.2399484241704097,0,4
0.4481275638642463,0.2368154269307973,0,4
0.4194986820461716,0.278570834161132,0,4
0.3914657724236979,0.2382838540153868,0,4
0.3534419773889526,0.2741886327494356,0,4
0.7844048014524848,0.2741886327494356,0,4
0.799259731420333,0.2663890266606655,0,4
0.789044569392322,0.3100313009366381,1,4
0.754910127947754,0.3290034031826117,1,4
0.7116817914661544,0.3112287778130891,1,4
0.686673831630266,0.3330288593566277,1,4
0.6442811922702039,0.3126898310689306,1,4
0.6747889872674708,0.3218838279718232,1,4
0.7129067883083073,0.2839934546449091,1,4
0.7537519276758298,0.2813103601600142,1,4
0.5065186662059641,0.2813103601600142,1,4
0.5097748112508157,0.2983714659601654,1,4
0.5401535978053243,0.2612659151134934,0,4
0.5566735380052943,0.3066560565064034,0,4
0.5961565302235421,0.2905460500439829,0,4
0.6008496129643978,0.3000784904815864,0,4
0.6361911742787543,0.2685842154473478,0,4
0.6017182679965055,0.2529411416770353,0,4
0.6016110242715882,0.2378629858217221,0,4
0.6011473849815052,0.2468796611047711,0,4
0.5719686833738057,0.2092726916031376,0,4
0.5548794984071631,0.1769406001664979,0,4
0.5764167788651535,0.1527359269266874,0,4
0.5592121951587349,0.1378775387881711,0,4
0.5741670352636927,0.1574552880241995,0,4
0.5384231723859335,0.1568124786602055,0,4
0.9076680712276726,0.1568124786602055,0,4
0.8756422326002801,0.1603889890342939,0,4
0.8978304894496032,0.1356491311858157,1,4
0.892630528474283,0.1187784830403765,1,4
0.8510793905799686,0.0951007946803935,1,4
0.8378803975528124,0.0684245657490506,1,4
0.8230885450775484,0.0851671925556525,1,4
0.57725819808221,0.0851671925556525,1,4
0.5785334480444965,0.0668405025746416,1,4
0.5896218611062637,0.1142109182298087,0,4
0.6152913835545688,0.0959546597384081,0,4
0.6434087271593034,0.0980501280733125,0,4
0.6375503671567788,0.1348872474215412,0,4
0.6674883508812364,0.1356540125405435,0,4
0.6642802127607786,0.1369921740667113,0,4
0.6822249111227691,0.0970798478724013,0,4
0.8485785766499699,0.0970798478724013,0,4
0.888599147309631,0.1048794612853801,0,4
0.6401685831284125,0.1048794612853801,0,4
0.5909391647873308,0.1262964555178634,0,4
0.5547889046303841,0.1378316824505139,0,4
0.5872983400670649,0.0959286729312529,0,4
0.5507891529847168,0.0565366772989295,0,4
0.5737563251816638,0.0367717417536312,0,4
0.5629359515361083,0.086028324639313,0,4
0.8672473336557296,0.086028324639313,0,4
0.8898845712747705,0.0622578673397812,0,4
0.9008958150122968,0.0562999275361174,1,4
0.9037048501482152,0.0373649380046866,1,4
0.9365037034244782,0.0432477277504276,1,4
0.5064533943697497,0.0432477277504276,1,4
0.4775017228170569,0.0532266979323943,1,4
0.525478069693911,0.0774179349872107,0,4
0.566570772535043,0.0817376257322979,0,4
0.8275131203329208,0.0817376257322979,0,4
0.8588712053231691,0.0556283552930697,0,4
0.8474100372119742,0.0309241813621232,1,4
0.8703705477360384,0.0635720252563356,1,4
0.8487893694395453,0.0623802206152197,1,4
0.8353501725368443,0.0866386719933668,1,4
0.8632727831914724,0.0722089140249192,1,4
0.8798393727092855,0.0619820781024792,1,4
0.854878612676504,0.0206137512745623,1,4
0.4490904223754963,0.0206137512745623,1,4
0.4768438736584234,0.0438070108596566,1,4
0.507713118608558,0.0502886795400195,0,4
0.5373037296368822,0.027519041632449,0,4
0.5561777601549175,0.0636957807982226,0,4
0.5420224676672736,0.0879987626522143,0,4
0.5526713063393959,0.1262334773513107,0,4
0.5394963562316191,0.097019161990214,0,4
0.5130779035663627,0.0886519265846312,0,4
0.8655384933257134,0.0886519265846312,0,4
0.9111001805560132,0.0840159186824771,0,4
0.8890961860032384,0.1222592989860853,1,4
0.84927404421331,0.1536844930200814,1,4
0.8889340405439242,0.1738953305643724,1,4
0.9176957407480012,0.1621853156352219,1,4
0.8989951529291027,0.210203713867174,1,4
0.9132549774648028,0.2061804035772685,1,4
0.9586502906344154,0.2005163233356947,1,4
0.6805721202814959,0.2005163233356947,1,4
0.6897862035320813,0.2390196274767433,1,4
0.6713561721376656,0.2261866605446826,0,4
0.7205330521118837,0.2288234532094072,0,4
0.7633192593033179,0.2674892882015643,0,4
0.8104967180686455,0.2742014061641276,0,4
0.8421651811464005,0.2787220540552794,1,4
0.8880867754539494,0.3254287935312103,1,4
0.8975510843611879,0.2768226121805401,1,4
0.8831244711118733,0.2335102801281823,1,4
0.8486666309851341,0.2291254865744489,1,4
0.8800016847731426,0.1927120763926985,1,4
0.8321428395604605,0.209987691559601,1,4
0.6460414863584845,0.209987691559601,1,4
0.6503824638748146,0.2082234103901412,1,4
0.6808858184263562,0.1708016608212304,0,4
0.6657337411962317,0.1880621646626245,0,4
0.9233315171194,0.1880621646626245,0,4
0.9210494053985668,0.1909333178929688,0,4
0.8903451864463046,0.1440580819787411,1,4
0.9109484860210968,0.1902799878173392,1,4
0.9346900905825084,0.2134804891151347,1,4
0.9147594933190538,0.2340185646696211,1,4
0.594665374563005,0.2340185646696211,1,4
0.5814176594794418,0.2766208935532125,1,4
0.5594956208843048,0.2276896412070511,0,4
0.5577293252450605,0.2661176924726612,0,4
0.5706569740992281,0.2538520649369595,0,4
0.5655210271849375,0.3013330535368549,0,4
0.5555768352707159,0.2848125282875267,0,4
0.5708946077955351,0.3267134916478617,0,4
0.5636548452236264,0.3040723706662374,0,4
0.5909730246051546,0.2775517604457123,0,4
0.5907045590581455,0.2542950630454214,0,4
0.6398571937557739,0.2221360435318091,0,4
0.6553848120292816,0.1966744794056813,0,4
0.6523236975331084,0.1945459832265486,0,4
0.6668537120422664,0.1903649704368705,0,4
0.6396425199681882,0.2039737022236385,0,4
0.6257323999120578,0.1842980931753046,0,4
0.6669215010439868,0.189774058924481,0,4
0.9272315513067728,0.189774058924481,0,4
0.9027201557661008,0.1716981720320257,0,4
0.9285905279453532,0.1598197520805068,1,4
0.8876592963291073,0.1418645497688441,1,4
0.8694421703206782,0.1846090628477694,1,4
0.6893828417748743,0.1846090628477694,1,4
0.7149207707980828,0.16305929690418,1,4
0.6705879527330573,0.113411642921514,0,4
0.6795760184027787,0.0914597935859181,0,4
0.6832931361220616,0.08796627211896,0,4
0.8428221100282135,0.08796627211896,0,4
0.8010549854691486,0.0663177980857737,0,4
0.7925099260368007,0.04315925271149,1,4
0.7745161097949114,0.0473031420020972,1,4
0.4891563463101031,0.0473031420020972,1,4
0.4837479377364939,0.075295257404689,1,4
0.4664646969541114,0.0804350779077123,0,4
0.4563767366484815,0.0586570282900429,0,4
0.4423171328398632,0.1071929927784725,0,4
0.418953787987247,0.0674026685467,0,4
0.8093893109996648,0.0674026685467,0,4
0.8109119126338703,0.0721384921374384,0,4
0.8369474763566309,0.0582942227322681,1,4
0.883272901348417,0.0327315287715621,1,4
0.8479288392967798,0.0791577826343841,1,4
0.5894792126305709,0.0791577826343841,1,4
0.5909163886122963,0.0309352762162509,1,4
0.5934458623822911,0.0344154603050904,1,4
0.6414607644283544,0.0372835993016013,1,4
0.6353764497480135,0.0667445257799407,0,4
0.6777152013578169,0.0545435835637618,1,4
0.6701108000110234,0.0917881908613353,0,4
0.6422997805234283,0.0933183002054789,0,4
0.6217773584408175,0.0844586342325275,0,4
0.6628787991682985,0.0683807541997917,0,4
0.6685337964812252,0.0756636647474586,0,4
0.6479615705432097,0.0967443017726719,0,4
0.6627252249491703,0.0614792045489912,0,4
0.640847295196104,0.0190211894766956,0,4
0.6426572643750601,0.0677291599739897,0,4
0.6870307855712302,0.0398057528912441,0,4
0.6720288244284516,0.0854436620128764,0,4
0.6743293777157567,0.0787952594793827,0,4
0.6703016041154088,0.0807265235681519,0,4
0.6965420207401837,0.0655817393206985,0,4
0.7329613811471111,0.0628766843865317,0,4
0.7007571969513664,0.1106018337809043,0,4
0.6610351999518101,0.126066767528068,0,4
0.6120799732421894,0.1226191188947344,0,4
0.5763780321586728,0.1617012835899827,0,4
0.62330039840962,0.1824647612677493,0,4
0.6501381702265757,0.2237745828815208,0,4
0.6922590656350679,0.194976430608857,0,4
0.6847235600625086,0.1627458128733241,0,4
0.672667427720314,0.2018733086489683,0,4
0.6499610988066852,0.1679255005057304,0,4
0.9461545970496512,0.1679255005057304,0,4
0.9224438626411312,0.1659985482417404,0,4
0.6727192221120297,0.1659985482417404,0,4
0.683107948840021,0.1939687269143777,0,4
0.6691416382999111,0.1785392387729751,0,4
0.7190720099143232,0.1638690002637088,0,4
0.6842234670153077,0.1726273305866453,0,4
0.6765965182038854,0.1676684520903803,0,4
0.9464295522890508,0.1676684520903803,0,4
0.9046001595609786,0.1953026488394895,0,4
0.8814006586193118,0.2106028283081039,1,4
0.8595279534818391,0.2170001946291183,1,4
0.9049305577317172,0.1993585219327615,1,4
0.9523582400290472,0.2108907386695486,1,4
0.9199180568330864,0.2108132039434317,1,4
0.6299240408446061,0.2108132039434317,1,4
0.627238858312325,0.2578194734241376,1,4
0.6675416170336396,0.2647964995437725,0,4
0.7911419878763777,0.2647964995437725,0,4
0.7761565983109663,0.2213205241450397,0,4
0.7726889191954736,0.1777887350922271,0,4
0.7867616911617765,0.1445715385718191,0,4
0.7722303283317469,0.1856760575818622,0,4
0.9088380202553298,0.1856760575818622,0,4
0.9322949043096188,0.2264956548279484,0,4
0.8859693320931505,0.2274204157037032,1,4
0.8969268840332473,0.2503498661082108,1,4
0.8939575582856195,0.2780396152014817,1,4
0.8598349605576151,0.2774073600527625,1,4
0.5195523426444497,0.2774073600527625,1,4
0.4764211820790393,0.2342813750391775,1,4
0.4892171473383043,0.2307713225046991,0,4
0.895431074371031,0.2307713225046991,0,4
0.8756680768351688,0.228954171930454,0,4
0.8584260737460532,0.1805020555666426,1,4
0.8693513090911432,0.2084084265411108,1,4
0.6458130429347325,0.2084084265411108,1,4
0.6602171171779757,0.2310159695132704,1,4
0.7033326912607208,0.2694564550766391,1,4
0.7370608073711149,0.264619951481048,1,4
0.7784177659536201,0.2819626512261158,1,4
0.7390270585307019,0.3094796692674553,1,4
0.7673819019476732,0.3226828484204493,1,4
0.7588482863752785,0.3152135032063236,1,4
0.7605082059252055,0.3284612533547415,1,4
0.7783105531017057,0.336302125361542,1,4
0.7500239930577273,0.3153825552003294,1,4
0.43969018979401,0.3153825552003294,1,4
0.4420004655453387,0.3280601118138709,1,4
0.6258162014863088,0.3280601118138709,1,4
0.6338383596481729,0.3714329011208011,1,4
0.6178739300527702,0.3777552667171525,1,4
0.6554670925233328,0.3488283076794396,1,4
0.3438124694704983,0.3488283076794396,1,4
0.340376586617319,0.3505023650657339,1,4
0.3169802261296768,0.3659628683343722,0,4
0.3347882119872808,0.3876022273451428,0,4
0.3261550526362564,0.342003019032614,0,4
0.3022410850664317,0.3274193886644452,0,4
0.3394814536340578,0.2949249218801792,0,4
0.7214910914630223,0.2949249218801792,0,4
0.7087333543320841,0.324413412645912,0,4
0.4214259863626609,0.324413412645912,0,4
0.4138509715625859,0.288194573169628,0,4
0.4114775680648702,0.3317117692642179,0,4
0.4173739093556769,0.3224963921914803,0,4
0.4352494344323387,0.34571655453433,0,4
0.448033593758595,0.3853524957092019,0,4
0.4154929675247222,0.3845238167251767,0,4
0.3836695012282264,0.3899020463517661,1,4
0.4295494684119509,0.3947860525992259,1,4
0.4066218086700502,0.3675073634626421,1,4
0.362541262806194,0.3198490858869369,1,4
0.3380738623228033,0.3133360741446122,1,4
0.3155828003431361,0.3513412058597507,0,4
0.313799263902502,0.3643193264503409,0,4
0.3579746941140127,0.3372928387340297,0,4
0.3370898409036632,0.3018504053391159,0,4
0.3567160340297463,0.2842779795175002,0,4
0.3415980431675774,0.2828581744799772,0,4
0.7386486567634448,0.2828581744799772,0,4
0.7409330156276466,0.2390782237104723,0,4
0.7023087819369602,0.2470128424955754,0,4
0.6599724052122086,0.2114843945955108,0,4
0.6999874508744599,0.2355937883565824,0,4
0.8811531330892712,0.2355937883565824,0,4
0.911145042772066,0.1897466886367689,0,4
0.8615303256924429,0.174865707849531,1,4
0.8749393672377868,0.2205558485861347,1,4
0.8532939054066319,0.2348575367946686,1,4
0.8275044750508386,0.2521498691281977,1,4
0.8698818398157321,0.2811490879990706,1,4
0.8887405765886137,0.2840500789523826,1,4
0.531355504690807,0.2840500789523826,1,4
0.4892442229544929,0.2496284053317233,1,4
0.4984260884527758,0.2747203213484906,0,4
0.4769230136831584,0.267111935351724,0,4
0.4359671655810044,0.2287783574399117,0,4
0.4284465897532372,0.2252387568715912,0,4
0.4569192268546346,0.1784901084382445,0,4
0.4805075941517113,0.167788239803757,0,4
0.9235645612381688,0.167788239803757,0,4
0.9453522174884073,0.1576817436259019,0,4
0.9205911606820484,0.1944813138607501,1,4
0.8954743907973342,0.1751788795897879,1,4
0.8913783118735285,0.1368981603507296,1,4
0.9242386332533076,0.1521617437956186,1,4
0.9094502272795856,0.2008776397034242,1,4
0.9366004186891476,0.1953415467650766,1,4
0.952583556737644,0.2085473414137105,1,4
0.6449063898890374,0.2085473414137105,1,4
0.5954391898575173,0.1849922071074408,1,4
0.6074279022664558,0.1720540584285294,0,4
0.6004867964438536,0.1443481616098512,0,4
0.5889089228004954,0.1703648181593038,0,4
0.6281529306609712,0.154303871691164,0,4
0.9214983515396852,0.154303871691164,0,4
0.8826833451312213,0.1705436088818549,0,4
0.8922515765644485,0.2001751424345124,1,4
0.87193573051986,0.2484591976436045,1,4
0.9218838745450164,0.2122769444590493,1,4
0.8910012279718896,0.204502484245136,1,4
0.9098973060342712,0.2287601021877143,1,4
0.62058288498368,0.2287601021877143,1,4
0.6597423383790898,0.1830749120035941,1,4
0.6304939309805152,0.2028498279097901,0,4
0.6027048571155136,0.1766040557833068,0,4
0.6324843593965899,0.1617197380645239,0,4
0.670889255341107,0.2033549265805826,0,4
0.6275353483362952,0.2451020161244325,0,4
0.5838498011168192,0.2208471646607384,0,4
0.541367511867919,0.2258777744480199,0,4
0.8889824338235206,0.2258777744480199,0,4
0.8681634333661885,0.2567245231731739,0,4
0.8248689529693329,0.3003849639818281,1,4
0.8437208515804769,0.3393461052788266,1,4
0.7989082515439936,0.3727310157397356,1,4
0.2602747149136006,0.3727310157397356,1,4
0.2774644294649577,0.3400902700609122,1,4
0.2914883422272335,0.3106101370851929,0,4
0.3409655580425437,0.2664617923978535,0,4
0.2945132222664973,0.2250690488772793,0,4
0.2900071310828374,0.189060523170003,0,4
0.3020726438565279,0.1927668568026681,0,4
0.9021311966009256,0.1927668568026681,0,4
0.8845256458487474,0.2398533500852672,0,4
0.9082412820602536,0.2425189562475169,1,4
0.580708209605769,0.2425189562475169,1,4
0.630224734099099,0.2584300861131199,1,4
0.5813446157356479,0.2592983849874751,0,4
0.591798812595765,0.2238816720259472,0,4
0.6375545332084817,0.2135976593061302,0,4
0.6223267601210571,0.1644371062444484,0,4
0.5830189329572762,0.1995335774268826,0,4
0.899002612232078,0.1995335774268826,0,4
0.9021132682895012,0.1872653368342983,0,4
0.6515907694040077,0.1872653368342983,0,4
0.6929320130691087,0.1578215205612665,0,4
0.6725204294339833,0.1322933569589011,0,4
0.718534909445439,0.1427722244607151,0,4
0.7159490201859773,0.187020919242119,0,4
0.6901689386561521,0.2080941384037799,0,4
0.732146327210916,0.1890476161928956,0,4
0.7732652239163693,0.1953167605059388,0,4
0.7317370106677805,0.1590561724547387,0,4
0.6997849992671774,0.1486832514361049,0,4
0.9198162867143036,0.1486832514361049,0,4
0.888940184814667,0.1620664389330531,0,4
0.9151239163200658,0.1744555878242476,1,4
0.8706288017576421,0.1517252999278361,1,4
0.8631330215338289,0.173290818074366,1,4
0.865671159258303,0.2173396770233258,1,4
0.9020076421231992,0.2127747590777944,1,4
0.913876863199148,0.2396435423636935,1,4
0.8740143637373906,0.2174273123808978,1,4
0.8333269573786617,0.1988370555764766,1,4
0.6688091013386332,0.1988370555764766,1,4
0.6759828028875775,0.248179238776677,1,4
0.7080763308420387,0.2040571195950029,0,4
0.7348263331462637,0.2061853398321061,0,4
0.7123490092734425,0.238896265672181,0,4
0.7220814893314521,0.279493268882076,0,4
0.7584214088489116,0.3141776677965521,0,4
0.7956611147113736,0.3166343367251912,1,4
0.8180612684698753,0.2760757379358896,1,4
0.8022659215117998,0.3159554429480312,1,4
0.7995310272034566,0.3422581184654039,1,4
0.8001063184314143,0.3640118696441108,1,4
0.8361755711614327,0.4114456122579457,1,4
0.1868584842829053,0.4114456122579457,1,4
0.2236716040549664,0.4474532750788047,1,4
0.3759430246321991,0.4474532750788047,1,4
0.3283947488602706,0.4061907922178142,1,4
0.3289059955073104,0.3822462733402486,0,4
0.2850693065271393,0.4046467548122507,0,4
0.2463060415084371,0.4402016475006103,0,4
0.2815532585352105,0.4138972742383108,0,4
0.3186023380598713,0.4417222870870896,0,4
0.3149717019230422,0.475952516322389,0,4
0.3011807149926981,0.46573415385985,1,4
0.2620441970754009,0.4906244333890394,1,4
0.2522785845708247,0.4603122026291547,1,4
0.2622788002433213,0.4692642266439605,1,4
0.097209693746891,0.4692642266439605,1,4
0.1174931935006049,0.4313071681468664,1,4
0.1067785423717119,0.4615320791435127,0,4
0.0791450183002401,0.4943253573187589,0,4
0.0649298760611183,0.5182996955193038,0,4
0.0801945901037811,0.4825874592753467,0,4
0.0660541919921909,0.4928349691207297,0,4
0.0553967433649213,0.541317408523851,0,4
0.0756740450187357,0.55370695497791,0,4
0.3398302144309658,0.55370695497791,0,4
0.3873882598769499,0.5822440475511037,0,4
0.3481530261125197,0.6072135666039172,1,4
0.305465802550187,0.5914454370748031,1,4
0.2704347022366726,0.5620970338859528,1,4
0.2642455242212722,0.5741262641796825,1,4
0.2882352864021344,0.5792160516613395,1,4
0.2530370690623233,0.6188808089296716,1,4
0.2978539766532455,0.6210093925836313,0,4
0.2871889168925492,0.6086379283470188,0,4
0.3037500585740325,0.591942696948048,0,4
0.2694063158790032,0.5575422776679049,0,4
0.236804466739362,0.5169757570415263,0,4
0.2651435462025744,0.542882834489981,1,4
0.3041346870494703,0.500923063856509,1,4
0.2940833317002168,0.4540779954805182,1,4
0.2866934674576869,0.4339521313150232,1,4
0.2863287528102998,0.3905916176654758,1,4
0.2385854997676901,0.3775895795396475,1,4
0.2783987155930837,0.3894351619755296,0,4
0.2409168887660047,0.3916715618738583,0,4
0.2305041739042393,0.3696121266217444,0,4
0.2401505214583602,0.3783425482630648,0,4
0.2083829518547671,0.3531342177782343,0,4
0.2142597246679032,0.3270395421264939,0,4
0.2493277200467315,0.3065099910909979,0,4
0.294224504413335,0.3120858696659386,0,4
0.6776078739361685,0.3120858696659386,0,4
0.6591356178611177,0.2649131272230701,0,4
0.6832165522867228,0.2639710483450362,0,4
0.6481077409973123,0.2149608287243257,0,4
0.6896156934181819,0.1876654276192734,0,4
0.7263320003352153,0.2194094181903386,0,4
0.6818505549889456,0.2063078281904345,0,4
0.6809292732512647,0.2368261072251908,0,4
0.6634766875737067,0.2649147103759744,0,4
0.6537365941773872,0.2326016478915321,0,4
0.6710394612346893,0.2406054115477119,0,4
0.6390574374322263,0.2282467188515012,0,4
0.6261065227881615,0.2765277992412164,0,4
0.7542692792348246,0.2765277992412164,0,4
0.71419572151839,0.2655130218983392,0,4
0.7279928639386021,0.2783123594665518,1,4
0.702347942157526,0.2406692478981721,1,4
0.7448313340924878,0.2525519901567217,1,4
0.7357726558976517,0.2856734253892921,1,4
0.7489731500258787,0.3196950937854226,1,4
0.7507721090740687,0.3366908761173726,1,4
0.7811958691713552,0.3264690015781887,1,4
0.7794886490996172,0.302567893476845,1,4
0.8220716027809343,0.3148113865985561,1,4
0.8162673334977842,0.2667117298419164,1,4
0.844585433723058,0.3083287365272859,1,4
0.4278637699696692,0.3083287365272859,1,4
0.3878665659013209,0.2961422728073439,1,4
0.3453953226454344,0.2749480502330161,0,4
0.3556558230594631,0.2394609205773648,0,4
0.3598692666778523,0.2185645410088985,0,4
0.3227139345143237,0.1832155108985815,0,4
0.9023038125215146,0.1832155108985815,0,4
0.9261865696608692,0.1599420996260624,0,4
0.9675232617174102,0.156881429798337,1,4
0.6790957915880453,0.156881429798337,1,4
0.6897374207034378,0.1543440682855222,1,4
0.6674091050960095,0.179573781668709,0,4
0.6578076419412767,0.1846004541242536,0,4
0.6809830946573279,0.1917620616178368,0,4
0.6558052159455281,0.1602914612049691,0,4
0.6817642351598047,0.1497083766502202,0,4
0.6729262097716157,0.1773587648553951,0,4
0.6292559006585597,0.2128098549415454,0,4
0.909996521627562,0.2128098549415454,0,4
0.9051924268397388,0.2025583484720729,0,4
0.8896862985958112,0.1563645421764757,1,4
0.9196622971038876,0.1481496908359961,1,4
0.9283460737100334,0.1970944086206031,1,4
0.8895295018804462,0.2425213382860206,1,4
0.9355431456290764,0.193087797898455,1,4
0.9820781559799402,0.2191631271319038,1,4
0.953794398662921,0.2161222006432484,1,4
0.651162207971205,0.2161222006432484,1,4
0.6631035109529477,0.2477254814188008,1,4
0.6626018280971437,0.2364175397725176,0,4
0.6537788322631981,0.2850079312627523,0,4
0.6538830935042649,0.281205767471908,0,4
0.6149682991269345,0.2824823727804136,0,4
0.6352285109989019,0.2363644941758443,0,4
0.648395629817754,0.2735235856770708,0,4
0.6898231021974848,0.2391748919242182,0,4
0.707351646208314,0.2497207793695614,0,4
0.7477633341669727,0.2697822080544825,0,4
0.7944892357908132,0.2772510635036321,0,4
0.8141969947778722,0.3045194198495491,1,4
0.7921952300242325,0.2639573272946046,1,4
0.7951982514586016,0.2330650771258897,1,4
0.8175562584888196,0.1978273303567886,1,4
0.8332587013353363,0.2464746565468535,1,4
0.8174279538971877,0.2173104832327129,1,4
0.83509360655897,0.1933452496910445,1,4
0.6735225818140123,0.1933452496910445,1,4
0.671840657295171,0.2159302503454933,1,4
0.6902230685445705,0.1915642814827635,0,4
0.7264152077356301,0.1645984479460432,0,4
0.7230678819160503,0.1342298185099819,0,4
0.9080070535303574,0.1342298185099819,0,4
0.894742895556191,0.1272637945370449,0,4
0.8554336898581597,0.1712671330731792,1,4
0.8797929478026218,0.1538927173517873,1,4
0.9217713405714514,0.1281035270161025,1,4
0.9186982998606577,0.1547955204484027,1,4
0.945403257046515,0.147195176156131,1,4
0.9139424601794146,0.1065533273868493,1,4
0.6098198306356534,0.1065533273868493,1,4
0.6562850501328428,0.0694801903357955,1,4
0.6292554981288377,0.0388724428758477,1,4
0.6639993802454297,0.0460160513616401,1,4
0.6303155590573387,0.0492989373369248,0,4
0.5971723996784551,0.0553998030249579,0,4
0.6393312758459393,0.0388134047419189,1,4
0.59282996544553,0.0633590589596986,0,4
0.6030437127414982,0.0150972337140839,0,4
0.6427520804384097,0.0309939174186262,1,4
0.5984909888939042,0.0803638742412047,1,4
0.5906131479621659,0.0788951308571905,0,4
0.5438640268885102,0.0749323389774677,0,4
0.5806931292648426,0.0843042334397511,0,4
0.5904015678689619,0.0643617824442419,0,4
0.6143255830419045,0.0451589877776197,0,4
0.6174983338542029,0.0939853103428367,0,4
0.8597513587632475,0.0939853103428367,0,4
0.8599634322424684,0.0580913582087844,0,4
0.8837483964335631,0.044896165350256,1,4
0.8601211796895867,0.0748970900137416,1,4
0.8197185409353165,0.1023937165678028,1,4
0.6416455363425251,0.1023937165678028,1,4
0.6631188805141385,0.0564037346258992,1,4
0.7048436283219485,0.0870093234243583,1,4
0.6752670156429976,0.0384485279402676,1,4
0.6447128454061642,0.080815830804919,0,4
0.6269079234466818,0.1193065694476408,0,4
0.6578456176910127,0.0866574307136064,0,4
0.8544835261394943,0.0866574307136064,0,4
0.8967171953598317,0.0951232616182584,0,4
0.9395709263551106,0.1376269268410705,1,4
0.9102557125112792,0.1322486044683591,1,4
0.8873947411256137,0.1638229341115079,1,4
0.8971436840038078,0.1293131599687201,1,4
0.6549207212570506,0.1293131599687201,1,4
0.6697491586867383,0.1777676927885218,1,4
0.6830514512402792,0.2128399410122102,0,4
0.9106556309445624,0.2128399410122102,0,4
0.91920472181559,0.2577435562152939,0,4
0.89075905673449,0.2901000722692127,1,4
0.8651982404073656,0.2773207090773457,1,4
0.8868231849551642,0.2743815770378989,1,4
0.8544525520176126,0.310693122781259,1,4
0.8226785177773251,0.3161778005493269,1,4
0.3993386451682494,0.3161778005493269,1,4
0.355290091371902,0.266456036298519,1,4
0.3841351476447963,0.2884369615110731,0,4
0.3633758781993247,0.2486661704690175,0,4
0.8432974594867746,0.2486661704690175,0,4
0.887238503408577,0.2461907987984808,0,4
0.9188905795708578,0.2120555789323827,1,4
0.9089646511210796,0.1867118600516821,1,4
0.9028552778069436,0.1582920618709308,1,4
0.9094187839254072,0.1479529611918905,1,4
0.6508034805474724,0.1479529611918905,1,4
0.6274273692352472,0.1917652228800825,1,4
0.5918052381725469,0.2112872752682911,0,4
0.6416898824574027,0.2577733894415613,0,4
0.6608844499718078,0.2901722321510216,0,4
0.6663355818565462,0.2948665328832536,0,4
0.7091875498701226,0.3038980520290191,1,4
0.678452720558272,0.3153896758372267,1,4
0.6528976797033387,0.3265405510911036,1,4
0.6453935205631877,0.371114651121936,1,4
0.6176841453943746,0.4002014059428044,1,4
0.6184858078891452,0.3726466523366452,1,4
0.6641455882413517,0.3615070963211229,1,4
0.6465681011153792,0.3402992610706972,1,4
0.3347424329173789,0.3402992610706972,1,4
0.3429662379116733,0.3566874524707369,1,4
0.3596368048255653,0.3308882950609488,0,4
0.3853967717704136,0.3264651078264654,0,4
0.4189955625529769,0.3643470347260877,0,4
0.4653853370129244,0.3564910473151647,0,4
0.4722182255980435,0.3765507612751747,1,4
0.5075085750004538,0.3851498674233683,1,4
0.5130387724836275,0.4327318351320716,1,4
0.4673773922260297,0.4710653620658615,1,4
0.4271142025916783,0.4317613851225261,1,4
0.4089622633466063,0.4223389929829119,1,4
0.1665924131685074,0.4223389929829119,1,4
0.1414782651024745,0.4377879156020294,1,4
0.1079634854074379,0.4799558858385046,0,4
0.3221261389310373,0.4799558858385046,0,4
0.3281743791783445,0.4809248794252135,0,4
0.2803187720450401,0.4970185959519431,1,4
0.3045933812545158,0.4786192255487584,1,4
0.2942302257323073,0.4355970957104948,1,4
0.2454612256215502,0.4438151961447413,1,4
0.272084303590932,0.4181018068111804,1,4
0.2698557051788496,0.4447267639740935,1,4
0.2699778634227498,0.4937125183060175,1,4
0.2217395352551507,0.4596771877490796,1,4
0.1964520654671717,0.4285364118470853,1,4
0.1951161746290389,0.4074335607035941,1,4
0.1879402360046175,0.3999553224358536,0,4
0.1710126085170083,0.418984236089419,0,4
0.1766908416614148,0.4110929562051683,0,4
0.1713500753635839,0.4001725003417329,0,4
0.203150225435492,0.4325891604671538,0,4
0.405037748831678,0.4325891604671538,0,4
0.4065032465325489,0.4568406234423529,0,4
0.4563264808242886,0.4275979729965942,1,4
0.4927191330087842,0.4058488237617134,1,4
0.4445090905744542,0.4372951150921076,1,4
0.4392914823121322,0.462748371688272,1,4
0.4619472417233196,0.4500449453607655,1,4
0.4936929130832611,0.4350294572856897,1,4
0.5062838203780805,0.3940036300886497,1,4
0.1880368435484931,0.3940036300886497,1,4
0.2212700298166464,0.4073838553608521,1,4
0.1977571535213278,0.4336576455830441,0,4
0.1509259577412764,0.4133341104127479,0,4
0.1306357017557323,0.4563106551987634,0,4
0.3661247749208832,0.4563106551987634,0,4
0.3673892267989246,0.4697006913899773,0,4
0.3739871852543034,0.4706736060211846,1,4
0.349055023580824,0.4399400534643883,1,4
0.3126324267936814,0.4480216116072618,1,4
0.2940685767153792,0.4354328726920366,1,4
0.3358720281990883,0.4549146976993503,1,4
0.098400320125518,0.4549146976993503,1,4
0.1124507359299402,0.4065200555465358,1,4
0.0631438494504523,0.4048572924869048,0,4
0.0263937170248448,0.4109978228579161,0,4
0.4148993446315029,0.4109978228579161,0,4
0.3696992633617891,0.416150199684234,0,4
0.4111951314658814,0.4519452705645162,1,4
0.4412975607834718,0.4252177927847878,1,4
0.3924067637405323,0.3766974098766563,1,4
0.3901579302441734,0.3611971050397046,1,4
0.400155821188038,0.3629728386611623,1,4
0.4135682731577034,0.3841017909298517,1,4
0.4270092636435282,0.3438932117562667,0,4
0.3860828739249998,0.3341550834459239,0,4
0.3960175295724953,0.3593208077065151,0,4
0.3739571593840601,0.3847361610475923,0,4
0.3395770020431185,0.4062180479678479,0,4
0.3887755322745986,0.433911648272588,1,4
0.3527267867921877,0.3962953444758939,1,4
0.3855649120935513,0.3946761066559288,1,4
0.3603773656723757,0.4391708501483273,1,4
0.3796069017655593,0.4423796038621658,1,4
0.3352658784621913,0.4183830986538475,1,4
0.3768211244637188,0.4288789123865517,1,4
0.3310012357652727,0.3800433487704929,1,4
0.3200739049618153,0.3687522355543291,1,4
0.2788701969606423,0.3789213796962324,0,4
0.3119865670992093,0.4021021100866154,0,4
0.2644470475170496,0.449112262064601,0,4
0.2739269665430891,0.4498169738544619,0,4
0.2734502609856099,0.4011774394498937,0,4
0.3231373630234675,0.3856942955717785,0,4
0.3482359522513726,0.3373562656853858,0,4
0.3832081662799467,0.3422479639776167,0,4
0.4039560164200175,0.3186759926001443,0,4
0.3821673775205261,0.3013315730433875,0,4
0.3647224446316853,0.2646194081128851,0,4
0.3439148513445493,0.236541111163368,0,4
0.3334629441067668,0.2757549562074498,0,4
0.3109837692885313,0.3170366644612912,0,4
0.6910399872529014,0.3170366644612912,0,4
0.6686901782713968,0.3618039762344917,0,4
0.7121333061974227,0.3661875338232501,1,4
0.6957279793247122,0.4081971955140938,1,4
0.1906653082282225,0.4081971955140938,1,4
0.1584765037667067,0.416745216720326,1,4
0.1461937841042646,0.4246628056398791,0,4
0.138427414265768,0.460488472594268,0,4
0.1861486452004708,0.4798542094435492,0,4
0.1598526294774842,0.5147001741641873,0,4
0.3371853803846019,0.5147001741641873,0,4
0.3136632024282273,0.5637182302074064,0,4
0.2838765330463744,0.6026729105658702,0,4
0.2414738835286082,0.5540507354095413,1,4
0.2112755635690133,0.5393814918523926,1,4
0.2124960035219893,0.4913171321427826,1,4
0.2341179599350363,0.5173349394152538,1,4
0.2391050499782172,0.4822978540481347,1,4
0.2286289452813103,0.4348688287552985,1,4
0.2610780458017219,0.4664462253678382,1,4
0.2597200371984519,0.4323840680826155,1,4
0.2473806829816491,0.3922203089183226,1,4
0.2506248316752788,0.4356114695072361,0,4
0.2784728468971756,0.4384266857865611,1,4
0.3021684248899137,0.4442019951909065,1,4
0.295871165992996,0.4491172128800917,1,4
0.2554292030949833,0.4147059771208887,1,4
0.2116515402265452,0.3841042449185737,1,4
0.1975147607208793,0.3922385014127151,0,4
0.2381603047400843,0.4349288044645105,0,4
0.2697111847617479,0.4766020735712517,0,4
0.2939249215406319,0.446873508800315,0,4
0.2454725375565945,0.4051515538182665,0,4
0.2731344403542273,0.4006759778658111,0,4
0.2528214293143427,0.4104455095791083,0,4
0.2049941918045229,0.3685276260627088,0,4
0.2197138442296417,0.3267782152455938,0,4
0.227212607332012,0.3499203180565036,0,4
0.1822598513687813,0.3377529448334681,0,4
0.6127297014454899,0.3377529448334681,0,4
0.5673837918498016,0.3644540782467619,0,4
0.5420121815319804,0.337720976224977,1,4
0.5729616211842459,0.320286906493029,1,4
0.6169327186414432,0.319097334950967,1,4
0.643514245509926,0.3679941494676098,1,4
0.2761498898792274,0.3679941494676098,1,4
0.2968590782380816,0.3700860672980906,1,4
0.3228192271141213,0.3266348769090368,0,4
0.3167120202485981,0.3367126856368007,0,4
0.6105768500186897,0.3367126856368007,0,4
0.6204588940265147,0.3710792709020956,0,4
0.6639583322401259,0.4144529067956382,1,4
0.6412259794070776,0.4393063122019996,1,4
0.6128831318340847,0.4218421647284992,1,4
0.5862202076239363,0.3750077679454098,1,4
0.5748130892246094,0.3459255316028361,1,4
0.5485102084861708,0.3308903339307052,1,4
0.3818178780261871,0.3308903339307052,1,4
0.4153316894187568,0.2960328300925461,1,4
0.4155225045018183,0.2960380256369599,0,4
0.4620548667272235,0.2720758856190618,0,4
0.4685788680122936,0.2564650828816297,0,4
0.4941289021314508,0.2211496571642356,0,4
0.9059151190181204,0.2211496571642356,0,4
0.8765996491532453,0.2032021897302824,0,4
0.8921863530400911,0.2106412438881989,1,4
0.9022720045749012,0.1919910637374698,1,4
0.9105939657419744,0.1606112083187816,1,4
0.9318991198180928,0.1214097776826306,1,4
0.6430024074209234,0.1214097776826306,1,4
0.6472923619169101,0.0976042859646094,1,4
0.6083584208416513,0.143244976713033,0,4
0.6045168930144469,0.1639254515773031,0,4
0.5955987791932084,0.1248962594738522,0,4
0.6423573147972107,0.1502400929905147,0,4
0.6275385982640433,0.1617185626241133,0,4
0.592152062155546,0.1880510148372914,0,4
0.9313904748869904,0.1880510148372914,0,4
0.8834888987190671,0.1997705409637852,0,4
0.8653801155426475,0.2156065560822029,1,4
0.9059792501564748,0.1848624242281099,1,4
0.9531970411122306,0.1783596184223933,1,4
0.6545485968813554,0.1783596184223933,1,4
0.6445596137093103,0.1325155871829218,1,4
0.693337091359565,0.1357524406989774,0,4
0.6834360644898427,0.121354089621682,0,4
0.711548830115357,0.0877952531216697,0,4
0.6736348552352672,0.1310882390592157,0,4
0.7227801695409333,0.1061949016875988,0,4
0.727892740571853,0.15494222568657,0,4
0.696594467859133,0.1529619228968234,0,4
0.9469554476344156,0.1529619228968234,0,4
0.9327895525547923,0.1314682832039324,0,4
0.9502103984943056,0.1141155549282478,1,4
0.923565954111341,0.0747695448921796,1,4
0.970189767407542,0.0743016849135874,1,4
0.9361470473834624,0.0735172165818781,1,4
0.976344478374836,0.0263420849472807,1,4
0.9265987152133088,0.0754691016326944,1,4
0.9148851505600124,0.0343041736430442,1,4
0.963623226126374,0.0758560796722798,1,4
0.5832022849078088,0.0758560796722798,1,4
0.5954670811529237,0.099532384663371,1,4
0.591688815766441,0.1293237945494197,0,4
0.9170168686217968,0.1293237945494197,0,4
0.872271967529601,0.1430756077767004,0,4
0.902790692423706,0.1122391246544472,1,4
0.8713763497872945,0.1293754549158345,1,4
0.8439811900458382,0.1484663895313268,1,4
0.6538292044435143,0.1484663895313268,1,4
0.7026061479609982,0.1246881415687227,1,4
0.7024963365563097,0.1632392319876059,0,4
0.7408753333810736,0.1893516929565313,0,4
0.7569085567813809,0.2207039200027053,0,4
0.7886010699696143,0.2213562776956616,0,4
0.7750545105017929,0.2421247354263194,0,4
0.7642813666690393,0.2524481906983412,1,4
0.7923831076356624,0.2931875327187539,1,4
0.7892183960261842,0.2564180009279165,1,4
0.7983445204640502,0.2989560801551361,1,4
0.4568539112402079,0.2989560801551361,1,4
0.4150827640514797,0.2986283218878053,1,4
0.3927563794019671,0.2670144481881569,0,4
0.7963557727171761,0.2670144481881569,0,4
0.7715364501929033,0.2796437181186708,0,4
0.7798659304892805,0.2993944720533739,1,4
0.7995393652105616,0.3434501158348939,1,4
0.7890970203997006,0.3634457653339038,1,4
0.8288770376650418,0.3241066921548834,1,4
0.8414914431180198,0.2995291633100815,1,4
0.8044643210045861,0.3123665686173613,1,4
0.785563285056842,0.2927685393878493,1,4
0.8087466239799467,0.324094589617144,1,4
0.4215016494601541,0.324094589617144,1,4
0.4043839100148112,0.2798662291036204,1,4
0.3744205790527208,0.276911960220997,0,4
0.3745660267474402,0.2731086108500645,0,4
0.364190977912476,0.2983542353735955,0,4
0.366818159108542,0.270116842576284,0,4
0.3296298697633505,0.2816303107335801,0,4
0.2938220745323419,0.3024771440368431,0,4
0.3082007560190801,0.3257739468502592,0,4
0.334816881170676,0.3664858632536361,0,4
0.5324742103805395,0.3664858632536361,0,4
0.5099267368820277,0.4114272550131964,0,4
0.5424699897086713,0.3725080570176285,1,4
0.5315618557153335,0.399853336118201,1,4
0.5080155338203546,0.4109287005642995,1,4
0.5154468134381649,0.4065406604266888,1,4
0.5084072786096344,0.364240677659031,1,4
0.511294596484093,0.3873047304714597,1,4
0.2473556974186967,0.3873047304714597,1,4
0.2339273345958411,0.4202399155508242,1,4
0.2278710920014609,0.4173892538460373,0,4
0.2588862300248307,0.4454559513624576,0,4
0.2445897070152432,0.450539590584901,0,4
0.2230788163841005,0.485549867269774,1,4
0.1760256389416112,0.5148325344034812,1,4
0.1298978160837551,0.4781722206061195,1,4
0.1339570070550665,0.5169556950279676,0,4
0.1194836897773703,0.5363004500116768,0,4
0.0878384434490004,0.549283879817853,0,4
0.0758059492077398,0.5727264029924317,0,4
0.0333422156069415,0.5699764566469384,0,4
0.0368596438619249,0.5981456902851686,0,4
0.4443455689172418,0.5981456902851686,0,4
0.4746932472033317,0.5882927196705107,0,4
0.4692544813320982,0.5866754287421608,1,4
0.4880418709378351,0.6294803433011544,1,4
0.4881612767908096,0.5864222933770329,1,4
0.5022998966494309,0.5635017247668966,1,4
0.5173659243520988,0.5723534183342476,1,4
0.530043009279834,0.5776596519967582,1,4
0.4821012321443559,0.5349483251226435,1,4
0.490999154046928,0.5170011439631572,1,4
0.0920684913233147,0.5170011439631572,1,4
0.1168587708989159,0.5139277111980584,1,4
0.1147766712153305,0.4749906083393677,0,4
0.1485213782335919,0.452044805361753,0,4
0.3697834607442261,0.452044805361753,0,4
0.3967549600828911,0.4108614160546016,0,4
0.3468914376686621,0.4504982639004684,1,4
0.3274886574554995,0.4747127139435777,1,4
0.3298438506529081,0.42507841916798,1,4
0.1684696921223578,0.42507841916798,1,4
0.1920518352338895,0.4668379082531487,1,4
0.3163736461669418,0.4668379082531487,1,4
0.3097523832221833,0.4625230685707177,1,4
0.2988115970203816,0.5078436785721607,1,4
0.2647626303096624,0.5216141321998721,1,4
0.0816519552960432,0.5216141321998721,1,4
0.0387119939765837,0.4848727746961188,1,4
0.0526954458983011,0.4443371728395175,0,4
0.0267695966500548,0.4282639934210176,0,4
0.0345305439336949,0.3818592984610531,0,4
0.0648841301242957,0.3724124151685398,0,4
0.0389843890420284,0.3351922081136887,0,4
0.0464252597990896,0.3742299939431929,0,4
0.0951783265480979,0.4165531211855144,0,4
0.4161494188150161,0.4165531211855144,0,4
