0,1,target,task
0.8188400049828148,0.3964248869748665,0,1
0.8540921059435029,0.3584487362643157,0,1
0.853629280944525,0.3961224151203795,0,1
0.9014073580222932,0.4160977263275288,0,1
0.8967642699967011,0.4576836553032009,0,1
0.3135290453932124,0.4576836553032009,0,1
0.3149310869141994,0.4770805760099549,0,1
0.355849392612913,0.4545018500987175,1,1
0.3788509760944932,0.417113278583734,1,1
0.3463221013482228,0.3930368650101192,1,1
0.3456182690656001,0.4276308431620069,1,1
0.3714325195109548,0.4723950153437814,1,1
0.3536887123111271,0.5108257200449275,1,1
0.3563873251685349,0.4932594684581161,1,1
0.3964476249676008,0.4769110374857787,1,1
0.5801128158600533,0.4769110374857787,1,1
0.5321319704963072,0.4879714399410098,1,1
0.4832257712509054,0.4989786958901736,0,1
0.4767599630619465,0.510770889333927,0,1
0.5233924522731236,0.5438083907783564,0,1
0.5141666415198185,0.5099227710303629,0,1
0.4683511514021893,0.4680862842546621,0,1
0.4707970758177469,0.4447837044831034,0,1
0.472851488249188,0.4418740819677693,0,1
0.437898992465812,0.4145934839522988,0,1
0.4765068848947702,0.3769906188952205,0,1
0.5016662794730027,0.3392697792727659,0,1
0.5097156499498997,0.2994060989617799,0,1
0.5222220077917334,0.2527725606336776,0,1
0.142611744209239,0.2527725606336776,0,1
0.1549583840264659,0.2762949793468929,0,1
0.1409322698771326,0.25614528630728,1,1
0.1431989065332584,0.2112127053269265,1,1
0.1637376143170682,0.239791308589953,1,1
0.1427679689670937,0.2835408462027798,1,1
0.1526206842271283,0.2572106324729538,1,1
0.1715313166175186,0.2927447813620804,1,1
0.4381524227664017,0.2927447813620804,1,1
0.3977494554765881,0.2445017484573924,1,1
0.3634636809831919,0.2210813899185486,0,1
0.3257861067014036,0.2130081448269475,0,1
0.2823850832198309,0.2125293637570164,0,1
0.2581500303376342,0.2464948434350391,0,1
0.2930530932293034,0.254143822508254,0,1
0.1225641518518902,0.254143822508254,0,1
0.098276073249023,0.2570443101788606,0,1
0.1157899047194223,0.2424504026003847,1,1
0.1121122985733538,0.2373342182535131,1,1
0.11195119035593,0.2092799587743146,1,1
0.1571152766873133,0.2406393861021603,1,1
0.3391108128326103,0.2406393861021603,1,1
0.2984834469625868,0.2455733515954071,1,1
0.3420985240200266,0.2823508781274597,0,1
0.3867277821665085,0.3084921560506677,0,1
0.3796158214190033,0.2638073445324858,0,1
0.3767970815052641,0.238273703946019,0,1
0.4216527072359795,0.2399349630703223,0,1
0.4633439202037853,0.2402392918017533,0,1
0.488966240810313,0.206792042014434,0,1
0.4564905225940742,0.1954840352151773,0,1
0.05565868956169,0.1954840352151773,0,1
0.0438296165494309,0.1699423380441283,0,1
0.0518589633802221,0.1414723487617687,1,1
0.2526937076914389,0.1414723487617687,1,1
0.292959748608353,0.1629653325789741,1,1
0.2685715145846286,0.1313817068494249,0,1
0.2562739540345801,0.1352340967160496,0,1
0.3014233490619832,0.1835011813381087,0,1
0.3490188745020705,0.2228836104831872,0,1
0.3556097210239786,0.207893900214985,0,1
0.073858440642707,0.207893900214985,0,1
0.0627705879052729,0.1819705207805603,0,1
0.0615124467628022,0.1709620724137073,1,1
0.0705916250721719,0.1297125774047066,1,1
0.0642279790203544,0.1380813220838673,1,1
0.0307604743596626,0.155906600393223,1,1
0.0756975640941455,0.2021764093944199,1,1
0.0548516784792048,0.1656917338307038,1,1
0.0648864454768123,0.1285792474858181,1,1
0.2714044123245409,0.1285792474858181,1,1
0.2657719555162965,0.0954262242808713,1,1
0.2820681181100261,0.1345256230717386,0,1
0.2521822136905047,0.0956989600861609,0,1
0.290668710299973,0.1425095230904262,0,1
0.2797316097151248,0.1748448401512979,0,1
0.2612397394195785,0.2133766167777137,0,1
0.284482421382969,0.2257511303541814,0,1
0.3090888626985192,0.2719763659717512,0,1
0.1677623226767312,0.2719763659717512,0,1
0.2165074025782071,0.2413092906232542,0,1
0.2457776363675565,0.2032380160022286,0,1
0.2139161743771848,0.187015836218859,0,1
0.2030469645742427,0.2066677763862109,1,1
0.1572266887347083,0.2076207163983647,1,1
0.1567874546726575,0.1652326459808085,1,1
0.1512223919285202,0.1241680369489592,1,1
0.1589465822385366,0.1203017004663433,1,1
0.1276808968228673,0.1161089099360535,0,1
0.1206507224757648,0.1090445426901978,0,1
0.0988605891695319,0.0864307609837915,0,1
-0.0204689315543726,0.0864307609837915,0,1
-0.0196248602271727,0.1081637958028377,0,1
0.0130060386848945,0.0907300708393348,1,1
0.0183064320675491,0.0640787959854882,1,1
0.0297212139814574,0.1050102122724494,1,1
0.2162674850226603,0.1050102122724494,1,1
0.2205303803552797,0.0775142770164143,1,1
0.197589551377107,0.077413674740964,0,1
0.2102573479873552,0.1187937947416919,0,1
0.1664924672119635,0.1665865812892272,0,1
0.1243388438462897,0.1329511855931633,0,1
0.0899604998064471,0.1621552577889827,0,1
0.0399926563899907,0.1195295998877361,1,1
0.0686503256263579,0.0990781286010393,1,1
0.0307995623468035,0.1097399934037895,1,1
0.0366789271726421,0.1017487703031711,1,1
0.0786751369664789,0.0796257044307873,1,1
0.0348899231686162,0.0533851157143238,1,1
0.0628445046956225,0.0480717715084653,1,1
0.0866767602895228,0.0587631482450112,1,1
0.081177879888702,0.0404903546657673,0,1
0.0636207788510867,0.0721757462424005,0,1
0.0472163462391933,0.0277584219363279,0,1
0.0960678920169625,0.0641591793881116,0,1
0.0914549537833001,0.0206123635138148,0,1
0.0426616581762925,0.0597359603136407,0,1
0.082302125309774,0.0339210577131929,0,1
0.0574910549289822,0.0653004791548471,0,1
0.0850672631266284,0.1125828304432988,1,1
0.0702953758621481,0.1087219323580071,1,1
0.0380778476110942,0.0698502327092218,1,1
0.0425417391657549,0.0969137921033648,1,1
0.0758830538710513,0.0843049666902583,1,1
0.0804666804611411,0.0345054847336686,1,1
0.0677179905989145,0.0540968538606533,1,1
0.1080304339092772,0.0076633198701664,0,1
0.1277514945039067,0.0201827607636848,0,1
0.1215235506688451,0.0682940024684099,0,1
0.1400263961796708,0.1052303644301405,0,1
0.1509558499576329,0.0889998191488039,0,1
0.1820890882017907,0.1342274779755277,0,1
0.2303866240264882,0.1224015737150975,0,1
0.0116320085307141,0.1224015737150975,0,1
0.0506532305428469,0.1213962136669474,0,1
0.0976087208688264,0.1109604285116496,1,1
0.1120939103869515,0.1463144763477604,1,1
0.1167925581401238,0.1084969987438218,1,1
0.126287050306918,0.1506190299103741,1,1
0.1607429078455088,0.1869584919634352,1,1
0.1519707051545897,0.158812863302889,1,1
0.1798728669189844,0.1557842133509651,1,1
0.223400554257757,0.124574384715885,1,1
0.2196865421782653,0.1377764203286719,0,1
0.189040365767304,0.161272407007204,0,1
0.1717971556264444,0.1117144066621246,0,1
0.1280661716221107,0.1503972523898285,0,1
0.0869210799104208,0.1162486977181301,0,1
0.0730790195268985,0.1414008878960531,1,1
0.0537006572055386,0.1452595187640849,1,1
0.0391104107325941,0.1918184011385991,1,1
0.0462343160937041,0.2404966925747211,1,1
0.0560824099320797,0.2540527385956155,1,1
0.0264099199733917,0.2144940584885875,1,1
0.0609244651660108,0.2619849198934819,1,1
0.0946286034374805,0.3104956034105253,1,1
0.4291461169065166,0.3104956034105253,1,1
0.3933734701493565,0.3248224157351468,1,1
0.3867307135087223,0.2793133196731873,0,1
0.1702085864788655,0.2793133196731873,0,1
0.1557027612770078,0.2811645709603176,0,1
0.1179102673711801,0.2874656393905779,1,1
0.1644526851250023,0.2447737409477482,1,1
0.1502044174613766,0.286263200167686,1,1
0.1138288751476348,0.3192213310975661,1,1
0.1496389132304937,0.2828736750749011,1,1
0.4012179546893012,0.2828736750749011,1,1
0.443296186967348,0.2981713513543299,1,1
0.4330917680246492,0.252918291227608,0,1
0.414092894006059,0.2897453318474856,0,1
0.1471873048534876,0.2897453318474856,0,1
0.107605035699566,0.2449642746487113,0,1
0.0604127423470036,0.26964574703378,1,1
0.0533289805616995,0.2622659123205737,1,1
0.0447864542646985,0.2406894817605033,1,1
0.3835490352587603,0.2406894817605033,1,1
0.3786957153896663,0.2278874389342351,1,1
0.3777769171700316,0.1862622061372552,0,1
0.3964575170506151,0.1478450421470258,0,1
0.0431202185010685,0.1478450421470258,0,1
0.0828019595863155,0.1635953631593525,0,1
0.131439491310168,0.1955241641823253,1,1
0.0972962625148545,0.1621597878304005,1,1
0.0787671240955578,0.163690287701357,1,1
0.0979047883741395,0.1576233432841958,1,1
0.1450786952489642,0.1614062846638307,1,1
0.1137713461927718,0.1191361573168888,1,1
0.2615158385675371,0.1191361573168888,1,1
0.2446832379282731,0.1538622204722194,1,1
0.2645482210993054,0.1950754376483454,0,1
0.2502377884031102,0.1917912362005041,0,1
0.2845330073837578,0.2157640659913116,0,1
0.2935002604594695,0.1786404620753323,0,1
0.289411149285643,0.2230007597087228,0,1
0.2486784401745025,0.23892009940957,0,1
0.2124290298444976,0.2504066021093851,0,1
0.2160051140941527,0.2761374225977405,0,1
0.2573033233339082,0.2648105093690966,1,1
0.2127697996443498,0.3000187810932928,1,1
0.166593305993879,0.2563965351745093,1,1
0.1677000637759484,0.2407561151973379,1,1
0.1575530310367847,0.2487729271991737,1,1
0.2041630820679536,0.2122797504928424,1,1
0.2299749348960388,0.1880693901425422,1,1
0.2060509335656855,0.2077094837031192,1,1
0.1773514525679796,0.1585220420923718,1,1
0.1482904767366857,0.2060256368001094,1,1
0.1144336606983442,0.2209024808423476,1,1
0.1367363005577148,0.2156260944008328,1,1
0.1429939128108954,0.2492180566263762,1,1
0.0958903923516006,0.2930548492557059,1,1
0.0696509704072633,0.2806218279689194,1,1
0.0962669906465048,0.2590244555860984,1,1
0.0610576177873247,0.2656925003634794,1,1
0.0537145099569309,0.2341393157808052,1,1
0.0722232384675688,0.2124448080138483,1,1
0.3236283607618972,0.2124448080138483,1,1
0.3570901956830069,0.1954767382038926,1,1
0.377157484513739,0.1871139846377119,0,1
0.3855002354606959,0.1549031262383947,0,1
0.3849466210058951,0.1052530457415995,0,1
0.3436112211436042,0.1157422118082049,0,1
0.3230699869774917,0.1106932546580923,0,1
0.3559925194033625,0.0712979050346584,0,1
-0.075547232310882,0.0712979050346584,0,1
-0.0528048192504787,0.0344276120298582,0,1
-0.0497423713161244,0.0579455880509116,1,1
-0.0243938720181407,0.0617712329812813,1,1
0.0028685498719072,0.0262844591485079,1,1
0.0260047330072163,0.037919556933427,1,1
0.0537131975811997,0.082648049915347,1,1
0.0977643090246029,0.0587162947907267,1,1
0.0484353676105359,0.0438926029680941,1,1
0.0605699444859517,0.0580674800386979,0,1
0.1013488736227626,0.0458403022609292,0,1
0.0899943181014081,0.0578467966615048,0,1
0.0966221390843861,0.0480081632687879,0,1
0.1416384972891338,0.065223496146103,0,1
0.1309725646874421,0.1049802218437299,0,1
0.1105439508589309,0.1181217813479528,0,1
0.1462073017445326,0.0915455173589418,0,1
0.1053528903876537,0.1328843135971099,0,1
0.0931149786178243,0.1723514868373362,1,1
0.061029410897395,0.1947810475578321,1,1
0.0443475464946296,0.1959959188289104,1,1
0.0898692269272859,0.1934565443254027,1,1
0.1078549152281032,0.2160098719969977,1,1
0.1106141315266989,0.22312258802029,1,1
0.1051632783813808,0.1740497724654129,1,1
0.1088368919953297,0.2128542133224727,1,1
0.1359946249219982,0.2451372620078415,1,1
0.3649257651068962,0.2451372620078415,1,1
0.3752562516385349,0.2118200932108417,1,1
0.3254568382253205,0.1825849283313382,0,1
0.3676866254750811,0.1615746716002249,0,1
0.0349008102789307,0.1615746716002249,0,1
0.0807671560508036,0.1202867353627722,0,1
0.0414239700998871,0.0844726637499163,1,1
0.2217768054680255,0.0844726637499163,1,1
0.188626602257422,0.0565961592859519,1,1
0.1630874049925521,0.0532707525639282,0,1
0.1568829822061171,0.0313825744092562,0,1
0.1970451340696,0.0683807505837933,0,1
0.2008432477671389,0.0730273851072809,0,1
0.2219115697179532,0.0476437669771608,0,1
0.23239935488467,0.0479720980240181,0,1
0.2249182125495863,0.0948380199721748,0,1
0.233094428624142,0.1228350113904768,0,1
0.0098542451512528,0.1228350113904768,0,1
0.0521289889924577,0.1641116823901932,0,1
0.2760309415123156,0.1641116823901932,0,1
0.3064097291049942,0.1941978639311503,0,1
0.2987617592207636,0.1574801225837645,0,1
0.3306329159186666,0.122695821347682,0,1
0.0083848191682219,0.122695821347682,0,1
0.0120035858666036,0.073400210077538,0,1
0.0590248963292918,0.0545561214212062,0,1
0.1077831949354145,0.0484925599189726,0,1
0.0857744643166111,0.0680040084987814,0,1
0.100584766351771,0.0839712788529208,0,1
0.060158573229957,0.0391143852613074,0,1
-0.0780216024616617,0.0391143852613074,0,1
-0.0731980907579402,0.0543080108129575,0,1
-0.0301596470025025,0.077021684054728,1,1
0.0134474075773043,0.029591455942082,1,1
0.0477819694789728,0.0695190819640958,1,1
0.0952265342550328,0.098896037539606,1,1
0.0668375186293846,0.1410537210798899,1,1
0.0457253539793973,0.1805130006280265,1,1
0.3062279846936835,0.1805130006280265,1,1
0.2649248221524173,0.1774138848094357,1,1
0.2766023427441929,0.2224558211268331,0,1
0.276697664002981,0.2015807797292388,0,1
0.2907354889378439,0.1779455967915997,0,1
0.0492443598990462,0.1779455967915997,0,1
0.0503056474661711,0.1747849659301905,0,1
0.0712972403645527,0.1968756920505553,1,1
0.0256932068398187,0.1639700728957085,1,1
0.0632406087840249,0.1337726938189157,1,1
0.2402531010498761,0.1337726938189157,1,1
0.2238451484884119,0.0882558435559242,1,1
0.2045936650874635,0.0539317484475134,0,1
0.194146380072571,0.0826969776727418,0,1
0.1547381005802051,0.0465687948028473,0,1
0.1578028260108667,0.0855544543146182,0,1
0.2055703474659688,0.1129258701535132,0,1
0.1710924603506378,0.087870201408229,0,1
0.2143756845540257,0.0939550141181147,0,1
0.2275173908542514,0.1328755363049286,0,1
0.0245719447491033,0.1328755363049286,0,1
0.0594166355159995,0.1478788576701362,0,1
0.2751698207279868,0.1478788576701362,0,1
0.2759614957420095,0.187034566731802,0,1
0.2943435740100208,0.1941374764641227,0,1
0.2547975596366269,0.1953932357681398,0,1
0.2280114888985099,0.1460356998524602,0,1
0.2681432294375722,0.1447960295242485,0,1
0.031782270625426,0.1447960295242485,0,1
0.0624239539920236,0.1843831120937669,0,1
0.0706383375420428,0.1531576272182628,1,1
0.0406256263089719,0.1266781609149713,1,1
0.0613232063896206,0.1487756615125605,1,1
0.0521608295381777,0.1708502404257841,1,1
0.0675183817708735,0.1263339009917229,1,1
0.2651775095638287,0.1263339009917229,1,1
0.2835179468181115,0.1563856148888767,1,1
0.2433412964364842,0.1065220870188499,0,1
0.2551706280706066,0.0678366151410328,0,1
0.2627838999046747,0.0516531558345508,0,1
0.2427211187844733,0.0922882193908013,0,1
0.2130749760901833,0.0934877936119224,0,1
-0.0198392017101615,0.0934877936119224,0,1
0.0248462282840385,0.1245373073621395,0,1
0.0268781610877147,0.0848625023024794,1,1
0.2090418868108357,0.0848625023024794,1,1
0.1792541791246777,0.1168265281767718,1,1
-0.0313357912121402,0.1168265281767718,1,1
-0.0146056790514783,0.0797579868321482,1,1
0.028875054446647,0.0728856154399084,1,1
0.0785499995697521,0.0443733608674602,1,1
0.0353369554925159,0.0685747477058444,1,1
0.0513857581582988,0.0417911915133891,1,1
0.0827580388420355,0.0620490848195411,0,1
0.055168033570235,0.0160834117064028,0,1
0.0378000968705273,0.0650516757040337,0,1
0.087303297181034,0.1061259756874896,0,1
0.1343621698846179,0.0693376833352371,0,1
0.0933987698125655,0.1193029784449254,1,1
0.0613883563130922,0.0736932824855769,1,1
0.0530416343607521,0.0451428868127346,1,1
0.048471676853112,0.0914808570324593,1,1
0.08636301553026,0.058922812667184,1,1
0.1029086993949658,0.0430580261002442,0,1
0.1044238082965024,0.0625962821374632,0,1
0.0962834534824031,0.0538248064469992,0,1
0.1104631942683959,0.0728329683319684,0,1
0.1407711812913875,0.1024322661131835,0,1
0.1888304534866741,0.0832100224818534,0,1
0.1722867670152859,0.0734448082945673,0,1
0.1685201575817092,0.0246006937846227,0,1
0.1313192133336533,0.0281649507440911,0,1
-0.1025322185298995,0.0281649507440911,0,1
-0.0745120405588576,0.067694788070455,0,1
-0.0258643149550094,0.0940231928862603,1,1
0.0190163181240532,0.0918733197520083,1,1
0.0359915671829588,0.0497117586268505,1,1
0.0751107404527123,0.097666405345964,1,1
0.2167029324833937,0.097666405345964,1,1
0.2512533857961319,0.0773699232228538,1,1
0.2825152976717257,0.0548162590436401,0,1
0.2533408876713782,0.0063455346653065,0,1
0.2617407714256333,0.0251977644854762,0,1
0.254503834494833,0.0564555459463152,0,1
-0.0649404180848787,0.0564555459463152,0,1
-0.0263980234954484,0.0423443381453083,0,1
0.0049246005209318,0.046290138875749,1,1
0.0498843115266087,0.0738686164345643,1,1
0.0555867526435896,0.0703627128621877,1,1
0.0900664033882173,0.0491061359017261,1,1
0.0607256638757876,0.0716433906859638,1,1
0.0342148087614785,0.0849814280616214,1,1
0.0800223374454445,0.0794734917336573,1,1
0.070431748398141,0.0746100818056421,1,1
0.0646228269926602,0.1122069172094207,1,1
0.0947064078927206,0.0793057271932313,1,1
0.1297696434086472,0.0708589730533048,0,1
0.1333971115224155,0.1033204744442146,0,1
0.1016691821945357,0.0733859305643634,0,1
0.0859611866834568,0.1085544076451849,0,1
0.0713726611870192,0.1225981330492382,0,1
0.0515145246407242,0.1463415583065455,1,1
0.0952221217623529,0.1696994967742079,1,1
0.1245452255379998,0.1609240365231052,1,1
0.1237234323919722,0.1220200194086821,1,1
0.0826085979597845,0.1036984972235067,1,1
0.0446859443766546,0.0563518132197905,1,1
0.0776136101558335,0.0637470647098582,1,1
0.1256986229148647,0.0689585085537544,0,1
0.1723959993530601,0.0675331236650441,0,1
0.1710584896460322,0.1129587388402918,0,1
0.214672495730538,0.1544107837879071,0,1
0.2595912587399822,0.1465023227937374,0,1
0.3089106904906665,0.1063010886519889,0,1
-0.0253309035898026,0.1063010886519889,0,1
0.0175931813736981,0.0860456590789482,0,1
0.0472605700331498,0.0758212382417937,1,1
0.0931347621768843,0.0648706205997518,1,1
0.1304637320093183,0.0295878458755342,1,1
0.1541941038356603,0.0416563916985353,0,1
0.1698626489253573,0.0906051320865892,0,1
0.194205315329383,0.1332335128930313,0,1
0.1758874131048417,0.1350005042215899,0,1
0.2238628919342585,0.1356233058230047,0,1
0.2615106809462696,0.0948283740035924,0,1
0.21470074949779,0.1217933886181283,0,1
0.1719016438346423,0.1241254877507384,0,1
0.0145418595841584,0.1241254877507384,0,1
0.0460129863985819,0.1085131489223573,0,1
0.0495942373036327,0.1250369728554078,1,1
0.0910036781082902,0.1586320358461365,1,1
0.1222447112704028,0.1897514971419394,1,1
0.1619345110971128,0.1492462789311062,1,1
0.1787599837368237,0.1628900046282836,1,1
0.1474780692288481,0.1482922882874222,1,1
0.1027866040052911,0.1116299830507792,1,1
0.1515817125770368,0.0630874413666316,0,1
0.1628152283746799,0.0569714669289505,0,1
0.1859288512524949,0.0748031781710271,0,1
0.2329119449457019,0.0670366423406493,0,1
0.2248658873116233,0.0484491571211966,0,1
0.2165353792654503,0.0805647641512748,0,1
-0.0593787373759629,0.0805647641512748,0,1
-0.0474076275953592,0.1121940691944115,0,1
0.2317885739853786,0.1121940691944115,0,1
0.1911796476295183,0.1220574224880776,0,1
0.224138777879445,0.1038752798305054,0,1
0.2462141781110329,0.1259316543656568,0,1
0.240538437916822,0.1127068393133586,0,1
0.2564527916518209,0.1314741202430772,0,1
0.257350398842494,0.1543783535534728,0,1
0.0288867186091918,0.1543783535534728,0,1
0.0769649127529918,0.1451175100625497,0,1
0.0962274006417147,0.1723920071247082,1,1
0.0728348872766744,0.202366695587752,1,1
0.1077478960562235,0.2176514343825687,1,1
0.1222499982001991,0.2563188837065072,1,1
0.1608889798638804,0.2229027494156358,1,1
0.1218935795761871,0.1840224110312784,1,1
0.1402346598614527,0.1544516793145819,1,1
0.1077579977667471,0.1597742254193762,1,1
0.3025764046858092,0.1597742254193762,1,1
0.3066254350419599,0.1272372246542798,1,1
0.2630231851430029,0.1408418940752215,0,1
0.2734312251436692,0.1206945666971612,0,1
0.2769127856092554,0.1472098727384504,0,1
0.031034074764074,0.1472098727384504,0,1
0.0477582535062637,0.1394787543443836,0,1
0.0755545237139277,0.1310095207901058,1,1
0.0562903569231722,0.1304088074507908,1,1
0.2489320857301744,0.1304088074507908,1,1
0.2957972249231826,0.1515044994509126,1,1
0.017261996621256,0.1515044994509126,1,1
0.0381231330144952,0.1279244358478432,1,1
0.0552493163883705,0.1392228849838264,1,1
0.0629976034778928,0.1089840934927028,1,1
0.1008254799416124,0.1169583279641328,1,1
0.0554181791608778,0.0870956094794317,1,1
0.2160101300857627,0.0870956094794317,1,1
0.1985016922608641,0.1197635118440424,1,1
0.2379394466962833,0.1308332972286781,0,1
0.0054780765363541,0.1308332972286781,0,1
0.0116741356677864,0.1188473916718317,0,1
0.039661078887587,0.1540262162983901,1,1
0.0468897468508454,0.1893286414827864,1,1
0.2992707541079867,0.1893286414827864,1,1
0.301409536702665,0.1838428213698817,1,1
0.2793360667292825,0.1984931620202382,0,1
0.0938985146862706,0.1984931620202382,0,1
0.0711436707091647,0.1966291249142806,0,1
0.0727958644724692,0.2090722616276215,1,1
0.0251549378442977,0.2491454229289256,1,1
0.0532166012548857,0.2757827301731841,1,1
0.0804717009890453,0.2522413106727536,1,1
0.0929984366068077,0.2531965428728269,1,1
0.0577887992753279,0.2135752035609104,1,1
0.0415631811667086,0.1690280517606555,1,1
0.0428029387075075,0.1867713311821901,1,1
0.3278990076494787,0.1867713311821901,1,1
0.3633196929120336,0.1992916254315809,1,1
0.359365261705298,0.1556663423275103,0,1
0.403173624877925,0.1253922754724082,0,1
-0.0058403550701558,0.1253922754724082,0,1
0.0411770474149154,0.0968651304917473,0,1
0.0705707876190882,0.138860592406381,1,1
0.0782106036549205,0.1818844867309565,1,1
0.1214202612272689,0.1547734014404876,1,1
0.1112199510580973,0.1828809745936948,1,1
0.1307418393219611,0.1391419733640025,1,1
0.1458027149590611,0.1351620470476365,1,1
0.1901358378994979,0.1579432885223751,1,1
0.1985223781688365,0.1897467556762608,0,1
0.155083112120521,0.2335087396071963,0,1
0.1065142421898796,0.2674389170437212,0,1
0.0636927341840572,0.2737315324840383,1,1
0.0298682412385788,0.3059303186603219,1,1
0.0341018000994296,0.2732037480670973,1,1
0.0601630072864056,0.2581735121489232,1,1
0.0837102237063539,0.2218572121293703,1,1
0.0886557856390866,0.2129447592172849,1,1
0.0466562450774062,0.2551699406887618,1,1
0.3666405413432416,0.2551699406887618,1,1
0.3585782412898172,0.2590126798681395,1,1
0.3933351493848742,0.2237303712730718,0,1
0.3974830043905932,0.1873823989163368,0,1
0.4045990900668674,0.1954156047009112,0,1
0.3890648945496062,0.1785892238151563,0,1
0.3425052779548057,0.2234662717363733,0,1
0.338506653593206,0.2632812901651749,0,1
0.356096778877745,0.2184336787421159,0,1
0.3290770643823829,0.2574672858691405,0,1
0.1077636435266639,0.2574672858691405,0,1
0.1228266806219427,0.2771331989296076,0,1
0.1196088633591571,0.2928160802918932,1,1
0.1320264038265161,0.3289268298987973,1,1
0.0823007568369756,0.3311495773853092,1,1
0.0367386071366385,0.3809090212536933,1,1
0.0788494952361502,0.370476147591888,1,1
0.0725439595667731,0.3677745124718035,1,1
0.0232079680828096,0.3300010498804155,1,1
0.4551079735633498,0.3300010498804155,1,1
0.4601805936865599,0.2834769060939698,1,1
0.4295738977272012,0.2591740699628714,0,1
0.4209653015260686,0.2182978376928584,0,1
0.4676121679012117,0.1954077835914743,0,1
0.0688443446791144,0.1954077835914743,0,1
0.0472225362555889,0.1932159007695662,0,1
0.0791488836674195,0.1435113524889009,1,1
0.1137379224418617,0.1015312457301442,1,1
0.1271984486552689,0.0684066750857368,1,1
0.0866854049106478,0.0483400484904383,0,1
0.0383111816297135,0.0612423391393835,0,1
0.080886060246791,0.06421603933123,0,1
0.0643784461838424,0.0283274912133253,0,1
0.0353660998011664,0.0682447338678761,0,1
0.0680924648433728,0.0837347742923889,1,1
0.105421447787036,0.121315955189392,1,1
0.137525880910774,0.1626757819577399,1,1
0.1470840018536704,0.2114782764456253,1,1
0.3491260975709472,0.2114782764456253,1,1
0.3395696786407766,0.2148408684087125,1,1
0.3314994370209757,0.1988498811962011,0,1
0.3304131519911706,0.1725474261310852,0,1
0.3794543173622698,0.2099678362472144,0,1
0.3453725213060464,0.2042074743706295,0,1
0.3057176166128471,0.1935139797887355,0,1
0.0571600427112538,0.1935139797887355,0,1
0.0585406437319619,0.2082376786676725,0,1
0.0611234310879765,0.161667441607842,1,1
0.0874588940350577,0.1137758218700442,1,1
0.1169614181196052,0.0672720846390692,1,1
0.1120884005852313,0.0780746796776321,1,1
0.0737502063270154,0.0908072581970409,1,1
0.0551975778022239,0.0803193341177934,1,1
0.102184405165423,0.0383645036650623,0,1
0.0703982836516562,0.0421697819994213,0,1
0.0452752712074032,0.0517394231656545,1,1
0.0670135171853922,0.0705201663558746,1,1
0.0584604662983641,0.0346708088362642,0,1
0.0111428314547075,0.0475727730152115,1,1
0.0417708362307055,0.0662401784546294,1,1
0.0868384371740065,0.0772531514742311,1,1
0.0807770481714031,0.0787539531384477,0,1
0.1120841673050112,0.1081315142856773,0,1
0.1149519358634533,0.1555928693762303,0,1
0.1078194238567226,0.2017108158742555,0,1
0.0675314967575484,0.1851699861843553,1,1
0.0851241409344868,0.1493112111945704,1,1
0.0508561395677128,0.1497341836521176,1,1
0.0731406626328827,0.1496339781082356,1,1
0.0697513654113905,0.1903979814913438,1,1
0.0497340901982953,0.197838507619237,1,1
0.0605340845105876,0.2298182021351944,1,1
0.0480580485851097,0.2121580164180441,1,1
0.3237550183475398,0.2121580164180441,1,1
0.3025511090228301,0.1938969798018423,1,1
0.2835440000700224,0.216150158847822,0,1
0.2530352619653626,0.2495221124224409,0,1
0.2311615169689256,0.2269263354475414,0,1
0.1877158634921547,0.2243286488109341,0,1
0.2322020973494666,0.2064269068493906,0,1
0.204411090055037,0.2408129986610498,0,1
0.2404451805988355,0.2721890111847969,1,1
0.2024834412234973,0.2629723851405888,1,1
0.2028890815167178,0.2585822907365058,1,1
0.2510232209381942,0.2729367604054046,1,1
0.2128187304612701,0.3113933443429816,1,1
0.1816124326804585,0.2818861142220799,1,1
0.416039228455314,0.2818861142220799,1,1
0.4360836377308756,0.2988360952134451,1,1
0.1559631228766524,0.2988360952134451,1,1
0.1425085280225187,0.2795349496375708,1,1
0.4026459423067614,0.2795349496375708,0,1
0.3825065366702441,0.326044989684829,0,1
0.411473739865527,0.3477881691987535,0,1
0.4228633433147747,0.3446892502225235,0,1
0.4248892083913281,0.3827669614046139,0,1
0.4703402806755761,0.4069990582559111,0,1
0.4614011951107086,0.4330315511427126,0,1
0.4496605886165168,0.4070605703033672,0,1
0.4088871529462021,0.3595373974158505,0,1
0.2069424700580195,0.3595373974158505,0,1
0.1613174919872165,0.3205258649104738,0,1
0.1212876261029233,0.3500319812007788,1,1
0.1137837493950524,0.3914056442613919,1,1
0.1574256494718254,0.4332039265489237,1,1
0.1148151856306742,0.4715335353190288,1,1
0.1137931417939041,0.4233873307404183,1,1
0.5426072162649627,0.4233873307404183,1,1
0.5409086708805285,0.3791875063893991,1,1
0.4940751465267052,0.3442088722646612,0,1
0.5260560804330916,0.3224069112481933,0,1
0.205403622697524,0.3224069112481933,0,1
0.2187288561647201,0.2965475078201349,0,1
0.2300734191210107,0.2826934531202004,1,1
0.2541305006086938,0.2938230582255493,1,1
0.242268811633866,0.2499599007235162,1,1
0.2858843264379571,0.25111669774521,1,1
0.2372143121399311,0.2193010324528913,1,1
0.2026972461070988,0.1983662276148383,0,1
0.1754953438275107,0.1505913340680259,0,1
0.1974419154799416,0.1371923785487379,0,1
0.2080213696967469,0.0988810248472381,0,1
0.2189835309171767,0.0657888328351479,0,1
0.2020566208247317,0.0445488357932103,0,1
-0.1054298220712332,0.0445488357932103,0,1
-0.0637094599251169,0.054637582689472,0,1
0.157300667496597,0.054637582689472,0,1
0.1474985041970393,0.023795174955606,0,1
0.180863364467587,0.0721047297344354,0,1
0.2249168062498248,0.0595445548451359,0,1
0.2067276337357209,0.0661431042493956,0,1
-0.0527152634583995,0.0661431042493956,0,1
-0.0413328747874779,0.1003472123641792,0,1
-0.0168309340910754,0.0918498255772501,1,1
0.0206899790855378,0.0891559898311777,1,1
0.2202423756791366,0.0891559898311777,1,1
0.2104264040866552,0.0915228585526767,1,1
0.241048685272598,0.0663566195793125,0,1
0.2048780722781423,0.1043454200316182,0,1
0.1617117911149002,0.1151010631067907,0,1
0.1750364824145067,0.106219635854362,0,1
0.1757315568395049,0.0694912279017552,0,1
0.1782421976515342,0.0522306905385897,0,1
0.1445538072041886,0.0839502013785315,0,1
-0.0423457833139406,0.0839502013785315,0,1
-0.0289019111101503,0.0802032406627892,0,1
0.0131319828266963,0.0514897221830241,1,1
0.0270321394977636,0.0988111026873699,1,1
0.0684107456434646,0.1484226075305812,1,1
0.2832586852971213,0.1484226075305812,1,1
0.3116578146207609,0.1070425225114971,1,1
0.2909381657272396,0.0786125430029104,0,1
0.3073606565641085,0.1136166967094277,0,1
0.2734905570688662,0.0886792924193572,0,1
0.2669543768923067,0.0730054516660727,0,1
0.3017631361278118,0.0292472564806601,0,1
-0.0804486884575832,0.0292472564806601,0,1
-0.0515090869664432,0.0713164237934797,0,1
-0.0081204360129293,0.1000454734986178,1,1
0.0083195342801649,0.096894817869214,1,1
0.0304106637858101,0.1214727060473138,1,1
0.0495509134624224,0.1157117268738241,1,1
0.0533958458730864,0.0808853098294329,1,1
0.0503319486767248,0.1035663384340478,1,1
0.0274394775182651,0.1080789918418447,1,1
0.2498981341598667,0.1080789918418447,1,1
0.2107998568968214,0.0728454312987546,1,1
0.1906963873131524,0.0934669036732393,0,1
0.1691139159888823,0.0600144603194932,0,1
0.1697286534726308,0.0447689369529446,0,1
-0.0696772601273304,0.0447689369529446,0,1
-0.0469451142442364,0.0719849836063959,0,1
0.0010957649920916,0.0654677892159307,1,1
0.0067587014173823,0.0883763891872761,1,1
0.0086580829419798,0.0932650378899085,1,1
0.0150943289272941,0.1167054481980829,1,1
0.0262529836326737,0.1045146388119229,1,1
0.2238455024205602,0.1045146388119229,1,1
0.2527732880971347,0.1251979501485512,1,1
0.2577187137725107,0.0801977502481691,0,1
0.2691278527402377,0.0996121531882454,0,1
0.2400980503637405,0.1405565589710226,0,1
0.2080729835483454,0.1018497877666468,0,1
0.1907853599492394,0.131623642900528,0,1
0.1659404532283344,0.1070493848067936,0,1
0.1827012648023183,0.1044873931305974,0,1
-0.0186260683227832,0.1044873931305974,0,1
0.0063131145618902,0.08485155669537,0,1
0.0274387784846047,0.0735876512730728,1,1
0.0477849512665541,0.0479075760876039,1,1
0.1740467789418744,0.0479075760876039,1,1
0.2061940642297686,0.0532211594229901,1,1
0.178495542623819,0.096431306054379,0,1
0.1580206819945489,0.0505847980744129,0,1
0.1176743293020366,0.0419562763627597,0,1
0.1302004241287373,0.0793864649762625,0,1
-0.0486257696671548,0.0793864649762625,0,1
-0.0362355241432433,0.0574328643334622,0,1
-0.0209882108532874,0.0788906854453208,1,1
0.0242649224957651,0.0370858693540714,1,1
0.1606089010161267,0.0370858693540714,1,1
0.2022372692503155,0.0531172476066026,1,1
0.1740293834394861,0.0068539783900702,0,1
0.1772673728505119,0.0284265413285761,0,1
0.2084301986908177,0.0517772040647014,0,1
0.2366435587604193,0.0089637541598395,0,1
0.2622121817681226,0.0378493326269806,0,1
-0.0637864644166274,0.0378493326269806,0,1
-0.0308995419691694,0.049817519583374,0,1
-0.0057015734672634,0.0887854108055288,1,1
-0.0054811704573425,0.0657599081476198,1,1
0.0036957782712622,0.0849406797951238,1,1
0.007068778715887,0.0640502617832224,1,1
0.186797674783938,0.0640502617832224,1,1
0.2011053264984184,0.065390319407502,1,1
0.2409921463549454,0.0983313919667461,0,1
-0.0327354189985617,0.0983313919667461,0,1
0.0038118265539745,0.1393003340951354,0,1
0.2758345614161239,0.1393003340951354,0,1
0.2598584219396284,0.1252454983452841,0,1
0.2889058111706337,0.1321213248021893,0,1
0.2646243876520409,0.1160165891632138,0,1
0.3065240836546737,0.0841086808601864,0,1
-0.051324661078489,0.0841086808601864,0,1
-0.0177156704113056,0.106666661772515,0,1
0.0294812089941246,0.0752451471634278,1,1
0.0443856478181672,0.0671760663752169,1,1
0.0761505435929896,0.0411383037677598,1,1
0.0792139074276215,0.0791441267218981,1,1
0.037612982804133,0.0646707615878157,1,1
0.0409664000718177,0.0913759455430229,1,1
0.0568409879326284,0.0909931476013075,1,1
0.0154014240795213,0.0448049232959539,1,1
0.020164530109858,0.0698080065551225,1,1
0.2172827500436356,0.0698080065551225,1,1
0.2359393124324022,0.0979153721955673,1,1
-0.0277756084261204,0.0979153721955673,1,1
-0.0051035532883558,0.081009065819649,1,1
-0.0036908179643816,0.0926239426165222,1,1
-0.0023663470839456,0.0511224336576915,1,1
0.0278740855671451,0.0657125627628422,1,1
0.1661429027149359,0.0657125627628422,1,1
0.1275522477411331,0.0557096037596602,1,1
0.1524734496420761,0.043697684680105,0,1
0.1711428482607537,0.0635068149496849,0,1
0.1276397230191303,0.0581246548553519,0,1
-0.0759390957043377,0.0581246548553519,0,1
-0.0498787341619883,0.0676861753913475,0,1
-0.033071802214044,0.0759384311371609,1,1
-0.021235699882977,0.0559847988301503,1,1
-0.0200596638524369,0.0229151289331105,1,1
0.0097143597870421,0.0623976413127399,1,1
0.2044167893229588,0.0623976413127399,1,1
0.1888155907742223,0.1112323644389949,1,1
0.2233760229824826,0.0662908569223446,0,1
0.1991237920263333,0.0630114359355802,0,1
-0.038917551574524,0.0630114359355802,0,1
-0.0207127204419885,0.0819129110535912,0,1
0.011729150042019,0.0757187524513324,1,1
0.1765367406732012,0.0757187524513324,1,1
0.1625150588453801,0.0427291468805648,1,1
0.1593908841885516,0.0562045781545529,0,1
0.1579657849892153,0.0838391491760627,0,1
0.1954134355899902,0.0990441402791246,0,1
0.2146637091440321,0.052289004990942,0,1
0.1954685641077107,0.040979192637916,0,1
0.2250911055500195,0.0635532017562914,0,1
0.1947654806855908,0.0929212091438586,0,1
0.210890675325813,0.0831962955749162,0,1
-0.0233064026508967,0.0831962955749162,0,1
0.0201895149901677,0.0480066795238581,0,1
0.0360380481484659,0.05721349811741,1,1
0.0408380096261687,0.099314313418939,1,1
0.0594696398489017,0.1354157767388542,1,1
0.2407077527404563,0.1354157767388542,1,1
0.2013339399035556,0.1592704365337585,1,1
0.2236901855434267,0.1587293288665542,0,1
0.2554224396022501,0.1793323516331244,0,1
0.2245684814689376,0.1320297729390374,0,1
0.0262653684096686,0.1320297729390374,0,1
0.0369166246111206,0.1486386413492033,0,1
0.0440659198137472,0.161887490767493,1,1
0.2698647086690326,0.161887490767493,1,1
0.3033416141486894,0.204720337428691,1,1
0.3382919069020054,0.166098058296707,0,1
0.2890393990509349,0.1322237822735465,0,1
0.0211686232634367,0.1322237822735465,0,1
0.0446349234962814,0.1242980915434891,0,1
0.0889682314705299,0.1025242836008837,1,1
0.2186344846813419,0.1025242836008837,1,1
0.2644220082816951,0.0882395131366263,1,1
0.2206118621739015,0.0445154980452895,0,1
0.1776661647164545,0.0717831744267682,0,1
0.2011476307541029,0.060443229491707,0,1
0.154397412280597,0.0445797641046509,0,1
0.1221614019218639,0.087129414623449,0,1
-0.0394539791153025,0.087129414623449,0,1
-0.0274505206782956,0.0488759965500126,0,1
-0.0204964737818159,0.0654891364740836,1,1
0.17619931316923,0.0654891364740836,1,1
0.2234180420772116,0.0985009627635327,1,1
0.1778647339911931,0.0612894832129902,0,1
-0.0456715532128803,0.0612894832129902,0,1
-0.0249858535963006,0.0340094187729018,0,1
-0.0029740907931456,0.0628265386668301,1,1
0.0081610235953701,0.01984059960834,1,1
0.0168007277291087,0.0617074280583267,1,1
0.0550491913203485,0.0790599258220154,1,1
0.1016095250328086,0.0933869825011599,1,1
0.1099460297114815,0.1090346251043261,1,1
0.1084889501929809,0.1304955939969918,1,1
0.0889117738536779,0.120008840482597,1,1
0.0408886055975931,0.1644704944654908,1,1
0.0679539674880324,0.1353795895090035,1,1
0.0233621535882536,0.157736369417051,1,1
0.0628887603788101,0.1159142062850713,1,1
0.0802330826223027,0.1370418680041388,1,1
0.2687539919862568,0.1370418680041388,1,1
0.2425431948835896,0.1813751547740588,1,1
0.2315800881258576,0.1764659478282982,0,1
0.2038175392220869,0.1559288865811182,0,1
0.1700423632100106,0.1419742177205191,0,1
0.126320771213793,0.1872576314663452,0,1
0.1637265752142632,0.1910536652961974,0,1
0.1244855974783093,0.1552296703528885,1,1
0.1317326115272425,0.1581522803686156,1,1
0.1568598797286565,0.1746548264036283,1,1
0.1394614265290263,0.1938066258200503,1,1
0.1756418803298195,0.2352528178461694,1,1
0.1471061334576355,0.2745463655712046,1,1
0.1624469579781589,0.2930164235807871,1,1
0.4263875595925107,0.2930164235807871,1,1
0.4237358411913745,0.3124390382304088,1,1
0.4231983769793567,0.3256748034271969,0,1
0.4467539883757236,0.2804339905493794,0,1
0.4233000610378745,0.2927939437184843,0,1
0.4264728064467968,0.3324182716416283,0,1
0.4741895894925891,0.3573045019935902,0,1
0.4442050690137149,0.3390560503792106,0,1
0.4190067450129026,0.3485580363853036,0,1
0.2238816174583622,0.3485580363853036,0,1
0.2305517743342413,0.3667157848753356,0,1
0.4953819250272414,0.3667157848753356,0,1
0.450932718030603,0.3778761961066126,0,1
0.4308078863715922,0.3736391950514734,0,1
0.4123139786224993,0.391434864841377,0,1
0.3883348697165386,0.3607023858219894,0,1
0.3726555237218725,0.3220525877991205,0,1
0.3550621820829245,0.3055756256757077,0,1
0.3633881895856831,0.31152295360054,0,1
0.3567596040617882,0.2791194068842703,0,1
0.3636662170996341,0.2500133997266721,0,1
0.1457634070307356,0.2500133997266721,0,1
0.1724806611118162,0.2388487530972136,0,1
0.163558604414175,0.285995608727131,1,1
0.1830690375597681,0.2696088944222956,1,1
0.1956616604396864,0.2226003178445824,1,1
0.1495976403658286,0.2435278603496272,1,1
0.355303249636884,0.2435278603496272,1,1
0.3700014520127515,0.2139447849197493,1,1
0.3790752838968493,0.1807199529441105,0,1
0.3319971275525882,0.1367369728631209,0,1
-0.0136302819874589,0.1367369728631209,0,1
0.0104710105762509,0.1546180575013813,0,1
0.0351017779835883,0.1579219696306839,1,1
0.0647733035632138,0.1572183811469302,1,1
0.1111414205488615,0.1654521095337401,1,1
0.2927542452733198,0.1654521095337401,1,1
0.2991292513035286,0.1356543010308773,1,1
0.3386032542529672,0.106813004910954,0,1
0.2986628479874361,0.1256564299132241,0,1
0.2540112996855731,0.1353252218382462,0,1
0.2080881046946209,0.169137665334832,0,1
0.1774038496822938,0.1881068033364739,0,1
0.1320287247522465,0.1690336979449812,0,1
0.1586476856189142,0.2108271913890397,1,1
0.192109473920505,0.1969966638718086,1,1
0.1878424068252286,0.1484633004311852,1,1
0.2277783018119084,0.1926637864193082,1,1
0.2064047046380973,0.1713132663338951,0,1
0.1574553346481536,0.1297237287877164,0,1
0.1833915614156522,0.1544045225816529,0,1
0.1387366347870049,0.1561189129192387,0,1
0.1037590712493528,0.1082625846288423,0,1
0.1218323143795347,0.1341614019289281,1,1
0.1499427562452404,0.0920963439046991,1,1
0.1085929620955881,0.1213936739318217,1,1
0.1506686323329864,0.1099558685565883,1,1
0.1912336269741919,0.11819437253184,0,1
0.1994484772978054,0.090974275887066,0,1
0.2286621778367946,0.1163382055441712,0,1
0.2254525484905784,0.0687266548082813,0,1
0.2526461179897733,0.0802263854412533,0,1
0.2547730658905303,0.092832656591368,0,1
0.2721665721776972,0.0985554410549969,0,1
0.2248960122500163,0.1298558746888881,0,1
0.231866371873528,0.1665406167160557,0,1
0.0509519713719104,0.1665406167160557,0,1
0.0059295599033254,0.1785801963085805,0,1
0.0521779204744494,0.201923770497018,1,1
0.0136551070550953,0.2439054779636923,1,1
0.0557601524705261,0.2267213753060467,1,1
0.0110605662097739,0.2404403525158622,1,1
0.0538225138986291,0.2099811431014033,1,1
0.0853570085707459,0.1967407996090681,1,1
0.0505525306721836,0.1500340992480398,1,1
0.092936547199456,0.1722094809824102,1,1
0.2910337570622341,0.1722094809824102,1,1
0.3005875892935417,0.1498913851968113,1,1
0.3022159793098217,0.1998390844442087,0,1
0.059091571824782,0.1998390844442087,0,1
0.091867998090022,0.194010195287907,0,1
0.0998124703901913,0.2091726833926997,1,1
0.1378016182950831,0.2220323543451356,1,1
0.3616923303669939,0.2220323543451356,1,1
0.3196969104054724,0.1745284799701709,1,1
0.3413618887183954,0.141325659091951,0,1
0.3810759483705378,0.1484927856189977,0,1
0.3842317327808463,0.1876212511162938,0,1
0.3456135547249984,0.1839205371448379,0,1
0.3630862334386349,0.2159763786154707,0,1
0.3450303757175068,0.2518598490204597,0,1
0.3041644326733805,0.2594343246001589,0,1
0.3240178187327219,0.2722523788721761,0,1
0.1432123151599775,0.2722523788721761,0,1
0.1594724074635629,0.3087286498433336,0,1
0.4280718271093351,0.3087286498433336,0,1
0.4055813215422373,0.3007967968405626,0,1
0.4344697500469511,0.3472637788266929,0,1
0.4365729234127471,0.3274988332728377,0,1
0.2056355345173987,0.3274988332728377,0,1
0.2343517450452997,0.3135995640441103,0,1
0.2743804534060913,0.3256690421708186,1,1
0.2576220453675951,0.2960442357348251,1,1
0.251883651991656,0.3288702113592059,1,1
0.2376498193651342,0.2863471311024247,1,1
0.2383196313411506,0.3188471503484744,1,1
0.2541026361042882,0.3133095031805803,1,1
0.4167984896443419,0.3133095031805803,1,1
0.4002256142005193,0.2742393931884544,1,1
0.3622140287100079,0.2801402347658648,0,1
0.4055124832450189,0.2486925308544339,0,1
0.4143809237308941,0.2490561709297524,0,1
0.45090538477594,0.2358383802077951,0,1
0.4912730280803415,0.2758193193800923,0,1
0.4864263294023966,0.3241391597936103,0,1
0.5268755719732957,0.3334020838018882,0,1
0.1919618041145803,0.3334020838018882,0,1
0.1715410000715071,0.2971534352664489,0,1
0.4230254996569439,0.2971534352664489,0,1
0.4513502078407294,0.3358407189975668,0,1
0.4108352058787931,0.3353713245979816,0,1
0.4121419705437537,0.3046112420060224,0,1
0.4091956747977413,0.2892053413379504,0,1
0.4424354348309605,0.2607355189595985,0,1
0.4149442323545696,0.2976682457778354,0,1
0.429149381393577,0.2829735387689426,0,1
0.4538103353788192,0.3044860155672802,0,1
0.1697662156754376,0.3044860155672802,0,1
0.1713327970559303,0.2635311324735634,0,1
0.2090350023595269,0.28663163538078,1,1
0.2331466113850343,0.317657693794395,1,1
0.2158733986511734,0.3571339977807266,1,1
0.1987898307848903,0.376667331987177,1,1
0.1928090041239623,0.4126435009828197,1,1
0.169435454165234,0.4240831223850158,1,1
0.5563961607806429,0.4240831223850158,1,1
0.5465908733537994,0.381644036375447,1,1
0.5351402395505522,0.3747701827453715,0,1
0.4997682495340326,0.3516101748439276,0,1
0.4500634951748851,0.3957355214252652,0,1
0.4872593620437966,0.3523985053610253,0,1
0.525344234640841,0.324564537558603,0,1
0.5210352570552745,0.3110462718094108,0,1
0.5186983443510754,0.3069054617483005,0,1
0.1914172730963521,0.3069054617483005,0,1
0.2228250894564815,0.3557986418335188,0,1
0.217165207976467,0.3943812384552561,1,1
0.2527978234119492,0.3520313872182544,1,1
0.2626502848018311,0.3970143280970438,1,1
0.2988641813019633,0.4421952295930551,1,1
0.0903305671881299,0.9357422127023556,1,2
0.0815987094116953,0.9297638316130872,1,2
0.1237421454415907,0.8908543264182964,1,2
0.0769608235022652,0.8937840432862634,1,2
0.0755233386980174,0.8449337069357957,1,2
0.0662830329884736,0.7993320812830685,1,2
0.0435456597248142,0.8180368985964581,1,2
0.0523022937497212,0.8654411127461205,1,2
0.0199633499815612,0.8601373146167014,1,2
0.9307025579713292,0.8601373146167014,1,2
0.9263673084670404,0.8687612109438277,1,2
0.9657065154976178,0.8908723742971089,0,2
0.6354432504812386,0.8908723742971089,0,2
0.6064316133234467,0.8701666702926395,0,2
0.6137772081176063,0.8370950013954005,1,2
0.6404662940842383,0.8716981166534061,1,2
0.908513460292428,0.8716981166534061,1,2
0.8851479525662567,0.8678310498721654,1,2
0.9225644829692228,0.8436381794581944,0,2
0.9322746274099176,0.8508442273053288,0,2
0.9346258259716712,0.8321073117876958,0,2
0.8917295891286606,0.8204503520917666,0,2
0.9031183701550184,0.7895756466578437,0,2
0.936559993838844,0.7631762585330963,0,2
0.9780970741395856,0.7575523151520736,0,2
0.6174846627651321,0.7575523151520736,0,2
0.6111822087358585,0.7360757674491312,0,2
0.5696815491901085,0.6924284674740718,1,2
0.6796238738748877,0.6924284674740718,1,2
0.727113111145145,0.6690972856068653,1,2
0.6921189819938306,0.6990053440104803,0,2
0.6527833560367786,0.736885305679394,0,2
0.6090185825707158,0.7114926101100919,0,2
0.6092934018192048,0.757642252003384,1,2
0.5918178799344276,0.7862721185242322,1,2
0.5980375077529791,0.7518882278712669,1,2
0.6418568223726763,0.7732538297646797,1,2
0.6584233417374072,0.8120440687275773,1,2
0.930728386131454,0.8120440687275773,1,2
0.9490897849543006,0.7983917135676144,1,2
0.9450299846702946,0.787550866743162,0,2
0.9910338396475908,0.797112036253116,0,2
0.6728871377728355,0.797112036253116,0,2
0.7142794563383087,0.8459263916034901,0,2
0.709369120096759,0.8663084059102484,1,2
0.675554920662801,0.8291344984195615,1,2
0.7092560550922044,0.820754278100452,1,2
0.7112200369166828,0.8634615585541479,1,2
0.7264081534046313,0.8752058028087848,1,2
0.7507572123326303,0.853035524354876,1,2
0.9371218788109196,0.853035524354876,1,2
0.944489159010534,0.9000970996365819,1,2
0.993035141318706,0.9488811252108325,0,2
0.9546956142693338,0.9075047603306832,0,2
0.9499398734449545,0.9198303309065072,0,2
0.9874932399618922,0.8897466105891858,0,2
0.945321423561135,0.8736777431219901,0,2
0.9725762960423175,0.8791997267658405,0,2
0.9407948782069048,0.8521996104058582,0,2
0.9450910369535792,0.8041145922405701,0,2
0.6866353562563792,0.8041145922405701,0,2
0.6896916845456792,0.8256859944274623,0,2
0.9281106787506288,0.8256859944274623,0,2
0.9609537129962156,0.7988564043354041,0,2
0.920808574384062,0.8138920784053996,0,2
0.9068997590832268,0.7950118123947331,0,2
0.8928475230518116,0.7820921331990126,0,2
0.933949486176096,0.8271807715765565,0,2
0.8903525439580368,0.8177645368910251,0,2
0.6480448887043073,0.8177645368910251,0,2
0.6444640028024256,0.8125575675114852,0,2
0.6478678845087138,0.8520520199899719,1,2
0.6642237760742643,0.8302087442622255,1,2
0.6870245546586697,0.8376113129235617,1,2
0.7097078073903712,0.8655543115792359,1,2
0.8867223106168027,0.8655543115792359,1,2
0.9293949002039258,0.8471723683583201,1,2
0.9190925027100968,0.8161288310753116,0,2
0.9609428106446648,0.837630535174101,0,2
0.922249039612386,0.8254884353111793,0,2
0.9311474102544124,0.8676138517667866,0,2
0.9757543114338816,0.9111611661051476,0,2
0.9756306601159044,0.8731316975934378,0,2
0.632091389267801,0.8731316975934378,0,2
0.5851290644784457,0.9160339206754998,0,2
0.5993000757678341,0.8933381043384365,1,2
0.5596264193700381,0.9039472975744524,1,2
0.5734533095720302,0.8804072876198527,1,2
0.5883021315831065,0.8862715435021864,1,2
0.5647153113884233,0.9119851823199856,1,2
0.5950856967339376,0.8933492834202008,1,2
0.8843534072702949,0.8933492834202008,1,2
0.8364982209850089,0.8905940039949003,1,2
0.8348218804095497,0.914763366070536,0,2
0.6019700471016138,0.914763366070536,0,2
0.6255006710357098,0.9419864180789868,0,2
0.6463271331560082,0.9642823322239782,0,2
0.6565460052331239,0.9393594868913788,1,2
0.6993860089579061,0.900559913930189,1,2
0.7331956688410347,0.8527271455700142,1,2
0.7780430910217578,0.881708422555746,1,2
0.7931641968778991,0.8593579388460961,1,2
0.7909272172211552,0.8622777077145998,0,2
0.7483295939790434,0.8417451240637762,0,2
0.7301055247006764,0.8158296234296486,0,2
0.7770048878385132,0.845762312276882,1,2
0.8075395842029098,0.8726310227636624,1,2
0.8512365392541863,0.8375782098119289,1,2
0.8428069494487062,0.853060766268503,0,2
0.8530715926242227,0.860588936368249,0,2
0.8672604788830173,0.8141620458285957,0,2
0.8195292328376056,0.8098347762173305,0,2
0.8440026782918936,0.8084729419845897,0,2
0.6428177390090868,0.8084729419845897,0,2
0.6487587565603539,0.7891601062495,0,2
0.5998582878605125,0.7831734517333997,1,2
0.622735732836886,0.7908651735625315,1,2
0.592889159980593,0.7573588078061405,1,2
0.5483295062729316,0.7625191720930897,1,2
0.8548412687384697,0.7625191720930897,1,2
0.8561990766127575,0.7494517317266552,1,2
0.8983838481296432,0.7029479093627748,0,2
0.9262499305194845,0.6628294420347057,0,2
0.9008895954663032,0.6815718732430398,0,2
0.4119294693114104,0.6815718732430398,0,2
0.403315270050215,0.7146810498539204,0,2
0.4107994398384998,0.7029019763967048,1,2
0.4407243304157519,0.6716826876047968,1,2
0.4444429250149281,0.7137430380226856,1,2
0.4720138304575497,0.7088757580741692,1,2
0.5160743809339956,0.6674124949497928,1,2
0.5097635636740275,0.69747919539442,1,2
0.5126845255074471,0.6905456580165367,1,2
0.5537790160652355,0.6956648933909144,1,2
0.5809097672208002,0.7392955906001688,1,2
0.5744969606424201,0.7660385831779711,1,2
0.5425541277562463,0.7436789915014651,1,2
0.5229877179628156,0.7270296926735484,1,2
0.8081505572943084,0.7270296926735484,1,2
0.8580269916067834,0.7330392744781524,1,2
0.8136375732982026,0.6974452254891645,0,2
0.470142151034617,0.6974452254891645,0,2
0.4576025356471463,0.7165003163547089,0,2
0.4292518686919547,0.7362053030350627,1,2
0.4120035323844171,0.7590677153130575,1,2
0.3700118921643377,0.7916725856912762,1,2
0.8891858594332508,0.7916725856912762,1,2
0.8970457350863168,0.8126984849698242,1,2
0.6773095210615935,0.8126984849698242,1,2
0.6855705231256516,0.7865831280808879,1,2
0.6365619979166933,0.7726450201206732,1,2
0.6835103405819964,0.7990146623437976,1,2
0.7297395548957939,0.7614923288904685,1,2
0.7025203213619519,0.7865576093394779,1,2
0.6834886996595351,0.797901258389676,1,2
0.9261268553525456,0.797901258389676,1,2
0.9185385739288852,0.8462925989848786,1,2
0.8731221492827138,0.861107491229048,0,2
0.9086484542133438,0.8549531013695812,0,2
0.8589242913734296,0.8307255991732632,0,2
0.8990377168385486,0.8295963595796896,0,2
0.67309079635386,0.8295963595796896,0,2
0.6287786407708583,0.8402617317707244,0,2
0.589872614341727,0.8137495731394978,1,2
0.6006707986586204,0.8424042861956763,1,2
0.620890597428358,0.8339028730181237,1,2
0.9053486489278528,0.8339028730181237,1,2
0.9342585291775612,0.8694917156723154,1,2
0.9221101631492964,0.8641429525330158,0,2
0.9416689867657874,0.8543765107589439,0,2
0.9303253265741264,0.9015902012506272,0,2
0.9437516266674534,0.9499516560778792,0,2
0.95617411773187,0.9628314763274708,0,2
0.4705526255482813,0.9628314763274708,0,2
0.5050377413746305,0.941092430692366,0,2
0.4740550023695795,0.9191772694445158,1,2
0.4912333321078239,0.901705266459146,1,2
0.4961410532370512,0.9429616026583456,1,2
0.524862879269901,0.9687287839181746,1,2
0.4938598612131277,0.9288035625927304,1,2
0.4706102780211713,0.960053325799722,1,2
0.4346238353045228,0.9349378875691302,1,2
0.7936349042382081,0.9349378875691302,1,2
0.796433083783194,0.9691065567829944,1,2
0.7617323121783628,0.9684312111071868,0,2
0.7581400226852981,0.962361107620644,0,2
0.7481848388024773,0.9209573039490496,0,2
0.751807896504892,0.9455918676275238,0,2
0.7995597354351287,0.9748791306363008,0,2
0.8427001660193729,0.9367818510224956,0,2
0.5581735304962396,0.9367818510224956,0,2
0.5091031589335355,0.9383845647581018,0,2
0.473030190984739,0.9076086781544156,1,2
0.8325317879595483,0.9076086781544156,1,2
0.7929750268873127,0.8873243039042967,1,2
0.7687869195022741,0.8992663306187252,0,2
0.8067064150949361,0.868226593683185,0,2
0.6782602782434486,0.868226593683185,0,2
0.6835769667767796,0.8985718170467902,0,2
0.6717343580173836,0.9092914318890752,1,2
0.7110309822281884,0.9092030388894043,1,2
0.7461885274021416,0.9203457594664872,1,2
0.728382995726701,0.8773673857618257,1,2
0.7114965123330834,0.8291203887765288,1,2
0.6647965656524772,0.8015046583374071,1,2
0.6678486286675407,0.794198791293734,1,2
0.6643237259870279,0.8304452759057647,1,2
0.7021038981565976,0.8710190525787079,1,2
0.7323097858580615,0.92055616101686,1,2
0.7063962975913216,0.9302521609098506,1,2
0.6850677064741579,0.8848009643343286,1,2
0.667087415271434,0.9048065110852924,1,2
0.6774572798802695,0.9413553203971602,0,2
0.6888554875920064,0.9722713885075271,0,2
0.6740692083244731,0.947003194911928,0,2
0.6600375620795526,0.904470538573329,0,2
0.6890123681790132,0.8894432219399722,0,2
0.6661981120929029,0.8594668885089907,1,2
0.6774561747209153,0.8806484202610427,1,2
0.6448286606948705,0.8842062259941983,1,2
0.6918761096219501,0.8541689329730671,1,2
0.6441352040745509,0.8277633645268119,1,2
0.6606368305839446,0.8042449881208314,1,2
0.6567014573067208,0.8535219272963859,1,2
0.9012750675438016,0.8535219272963859,1,2
0.927646124061279,0.8276242508244106,1,2
0.8801837829112846,0.8037639316623515,0,2
0.8463981160136165,0.8408649212105126,0,2
0.664560806792656,0.8408649212105126,0,2
0.6892067729291891,0.8606402488554834,0,2
0.93355979932642,0.8606402488554834,0,2
0.9004773108345074,0.8245835184121567,0,2
0.8506530757594352,0.7939693023303034,0,2
0.8923150476726414,0.7717428588979364,0,2
0.6067520149530939,0.7717428588979364,0,2
0.5748923601268818,0.7618779683969662,0,2
0.5765686131247199,0.7363862556694831,1,2
0.6077752657899524,0.7718644054036312,1,2
0.6260449210266718,0.7625159847074726,1,2
0.6578215542720931,0.7975154990037598,1,2
0.6486521402246195,0.8108465943362281,1,2
0.6952542099577573,0.7925092665224924,1,2
0.6940657820780975,0.759754635866213,1,2
0.8648364243183602,0.759754635866213,1,2
0.8184500631396665,0.7341644441005111,1,2
0.5745507285950465,0.7341644441005111,1,2
0.6142817066249582,0.7284099819781116,1,2
0.785720424730863,0.7284099819781116,0,2
0.8248225457938888,0.682743888393931,0,2
0.4098087618180674,0.682743888393931,1,2
0.4188103449552078,0.7126790751528123,1,2
0.4668688623183845,0.6721405237253149,1,2
0.6357584896248221,0.6721405237253149,1,2
0.6421039817584566,0.7025843501713508,1,2
0.6147093118445692,0.6844600867058037,0,2
0.6518587297260284,0.6477400854889871,0,2
0.6549751419748544,0.6725337892724668,0,2
0.372670026940469,0.6725337892724668,0,2
0.3735319920234065,0.7141233577045883,0,2
0.4187675230337362,0.6742809233347611,1,2
0.429796095459212,0.643631968514234,1,2
0.456874126408651,0.6017865520616684,1,2
0.4589730060972898,0.5905252860976921,1,2
0.4477074390194308,0.6127182948396042,0,2
0.4470454104030595,0.6489795178802924,0,2
0.4747125837106961,0.6692967455879824,0,2
0.4587067228457811,0.6288228832371199,0,2
0.4465039856329336,0.6605990558805056,1,2
0.4422409390634633,0.6206778496099192,1,2
0.4880000048677719,0.6162991813009401,0,2
0.5374218051138046,0.6623500601935504,0,2
0.5369988058180681,0.6581406520030822,0,2
0.5857153400533663,0.6677749841605072,0,2
0.5412094669547243,0.6292180407100116,0,2
0.5229985884919056,0.6584100434002138,0,2
0.4813259003789266,0.6666529127287595,0,2
0.4873645311322634,0.668523436901894,0,2
0.5149213535996406,0.6354245835457283,0,2
0.4843787352428915,0.6004131613074032,0,2
0.4367656648720929,0.57296080532119,0,2
0.3992632237835513,0.5356624637525347,0,2
0.3641533509274351,0.517404235870101,0,2
0.4102937061002706,0.5377083564287972,0,2
0.3686443685816065,0.5562429503645806,0,2
0.3771916781029998,0.5069628389713103,0,2
0.3487296523810316,0.555306999965561,0,2
0.3923959708284357,0.5678830260894357,0,2
0.1207465801681463,0.5678830260894357,0,2
0.0950218360418113,0.568581002179219,0,2
0.0717413377606577,0.5483882002066386,1,2
0.3359987344139249,0.5483882002066386,1,2
0.3306831417775073,0.4996217444725695,1,2
0.3095413430943562,0.4899614023723303,0,2
0.3003579824583984,0.4450922501647099,0,2
0.3189807631807867,0.4821523032380125,0,2
0.337615624579927,0.5261966171394373,0,2
0.2915040331226881,0.4990876886706925,0,2
0.3130120380025007,0.5441103537634232,0,2
0.344956513634528,0.5443205557633124,0,2
0.1195233137859034,0.5443205557633124,0,2
0.1580791046376515,0.5918272873805882,0,2
0.1602243885874772,0.6308840706716083,1,2
0.1675154851982236,0.6674123808807375,1,2
0.1952189927605367,0.7133943969792537,1,2
0.2149109441071628,0.7053276992101062,1,2
0.2101315270828544,0.6609298297849562,1,2
0.1758122390514166,0.6640671510056823,1,2
0.6385524138853964,0.6640671510056823,1,2
0.5889413416728937,0.688190067522634,1,2
0.6151798016234589,0.6416374545364297,0,2
0.624703069741858,0.5931101335105978,0,2
0.654344750238282,0.5788389785771569,0,2
0.7014582261249297,0.6251655225945535,0,2
0.2360109129936703,0.6251655225945535,0,2
0.2514331046790901,0.6294020309857793,0,2
0.2062419820728723,0.6740338931527204,1,2
0.201674793188932,0.6679587742599662,1,2
0.1773635073733796,0.7066350214198729,1,2
0.7246623867963486,0.7066350214198729,1,2
0.7739732867051626,0.6666144932260409,1,2
0.799892318682642,0.6197013863315209,0,2
0.7671761564090103,0.6583828721577051,0,2
0.7357206791920538,0.6743831062267447,0,2
0.3909557804954749,0.6743831062267447,0,2
0.3980735382714409,0.719805494985468,0,2
0.4065141374514088,0.6772991038393925,1,2
0.4515538995613689,0.7194391229167392,1,2
0.450532646150445,0.6938249348989048,1,2
0.4632266186016897,0.6518472205964213,1,2
0.4508341856565017,0.6234120713929028,1,2
0.4109107818914077,0.6521818072872758,1,2
0.365783218671451,0.629894591053423,1,2
0.3449873893412914,0.6034858177236013,0,2
0.301667097839001,0.5616502146405766,0,2
0.3041177789588799,0.5503739716509379,0,2
0.3301651191280535,0.5382360819617342,0,2
0.3129374946157782,0.5077231296655225,0,2
0.3091719472714849,0.4726132066105648,0,2
0.3023197604865453,0.4659643912804485,0,2
0.3465644197906106,0.4859343350059621,0,2
0.0722055928768808,0.4859343350059621,0,2
0.0607954113408109,0.5055865591117842,0,2
0.0551764832794825,0.5162630466357361,1,2
0.0150470207207995,0.5128855078149017,1,2
0.0181367651753781,0.5107817159670639,1,2
0.0670939498048278,0.5050499883151922,1,2
0.0503867404311928,0.4874159179913856,1,2
0.014292092544441,0.4692167763531426,1,2
0.0379104434313552,0.4251640451536686,1,2
0.4195123241996716,0.4251640451536686,1,2
0.3777453699892383,0.4229726199009553,1,2
0.3646160064678164,0.4243597059806854,0,2
0.408224088505937,0.4358131167554966,0,2
0.4189166510622162,0.4420003223463254,0,2
0.4535018674773552,0.4908968324181977,0,2
0.4464698522625679,0.5031928872176512,0,2
0.4878743906919799,0.5334082703777753,0,2
0.5223046051028918,0.5588553731110811,0,2
0.5556481932756923,0.5206499387677396,0,2
0.082719638368461,0.5206499387677396,0,2
0.1147632994619857,0.4882296303345336,0,2
0.3269245317326564,0.4882296303345336,0,2
0.3600222514577259,0.4404396759078222,0,2
0.3518837751736908,0.4898486203618487,0,2
0.3353902683512514,0.4815312793850409,0,2
0.3096191099942976,0.4947900054983946,0,2
0.3186080632826987,0.5251898646546017,0,2
0.3248491233278456,0.5493167923806348,0,2
0.1101849193886841,0.5493167923806348,0,2
0.0660483512874815,0.5238619840059032,0,2
0.0210822991334794,0.5561124541993377,1,2
0.0615964243277106,0.5897389187746939,1,2
0.0843026737097902,0.5564293806711292,1,2
0.0895428824882963,0.5110734465372608,1,2
0.3471496123317825,0.5110734465372608,1,2
0.3739826907320524,0.4919517732120823,1,2
0.3729415153341275,0.5114837106543274,0,2
0.339018422126742,0.52447036895575,0,2
0.3488434135210314,0.5425397324964402,0,2
0.3422061278394975,0.5082600233954967,0,2
0.3343460621518154,0.5473399599912776,0,2
0.3232406851184816,0.5545959229641811,0,2
0.3128571258990049,0.5897762990451818,0,2
0.1684996312218809,0.5897762990451818,0,2
0.1810231104115638,0.6174323055726247,0,2
0.1422950377898558,0.6462048998546003,1,2
0.5449267598322858,0.6462048998546003,1,2
0.5467550334753245,0.658499728629748,1,2
0.5174151520699118,0.6707102107550105,0,2
0.4743057414517269,0.6824600222912365,0,2
0.5201300895333906,0.6779224942071274,0,2
0.5627657234631713,0.6333537404236507,0,2
0.5897527317848082,0.6315665531897761,0,2
0.5614136891981222,0.6791578690021635,0,2
0.5464822685949978,0.6512939650794151,0,2
0.4976173905921659,0.6509562370445012,0,2
0.5277092253943833,0.6974911824968526,0,2
0.4824846123473024,0.6951594986942852,0,2
0.4609420241949866,0.7168956130447587,1,2
0.4621092384807918,0.6828103948911315,1,2
0.421667113062546,0.6554288838819777,1,2
0.4154222457056033,0.6543224571683168,1,2
0.3969034660679799,0.6690507198833633,1,2
0.6106964288150545,0.6690507198833633,1,2
0.6411004781742453,0.7045238778580358,1,2
0.6899526090251568,0.7299745223421562,0,2
0.7318901162445374,0.7622088071982192,0,2
0.7400260110814154,0.7579232590394855,0,2
0.7114665071854311,0.7533677962681978,0,2
0.7322212251818088,0.7935448447879215,1,2
0.6839198122841029,0.7517295418524003,1,2
0.6627714937004863,0.7289341434782186,1,2
0.6822514011220935,0.7338053785957482,1,2
0.6356713711045379,0.7770608743098835,1,2
0.6333921673547792,0.758577736207558,1,2
0.6523394270900881,0.7613460614248114,1,2
0.6329964775949296,0.7431992661429245,1,2
0.5936775530609312,0.7105096113603104,1,2
0.609935267140898,0.6869860137235453,1,2
0.5694539479387601,0.7167978015196075,1,2
0.5265005277095743,0.7075210501589269,1,2
0.511808973066632,0.6790292546368787,1,2
0.5146031957677385,0.6898807311418623,1,2
0.5601346358164523,0.706383918327938,1,2
0.5128527244063352,0.6926984540881957,1,2
0.4962205282654886,0.6683487859431289,1,2
0.6199455347490039,0.6683487859431289,1,2
0.573580933197153,0.7150256642675453,1,2
0.5390948475179379,0.6803547628814697,1,2
0.5575594339282391,0.6537013561349222,0,2
0.5766060476864465,0.6819626571300637,0,2
0.5485901562725848,0.7153651275696911,0,2
0.5063132854624776,0.7478740377036557,0,2
0.4831547202094389,0.7693675662996999,1,2
0.5114929375938789,0.8024159968176502,1,2
0.5123561902415432,0.7896070218041527,1,2
0.8773660047607407,0.7896070218041527,1,2
0.8498099809102135,0.7594913696626132,1,2
0.6243451912679786,0.7594913696626132,1,2
0.6582187405166617,0.7309702791675091,1,2
0.6507758963419302,0.7349014283748109,1,2
0.6784645602930813,0.7671416997511338,1,2
0.7203202597536854,0.733103376338798,1,2
0.7503035838521832,0.7336885630193337,1,2
0.7720281373670793,0.7536629829097211,0,2
0.7404657667429205,0.7229700613524562,0,2
0.7022355247887697,0.7020413547275605,0,2
0.6894165364215763,0.7047125587154208,0,2
0.4914955244488091,0.7047125587154208,0,2
0.5219009435837147,0.6778487423548076,0,2
0.5170810378482048,0.6437193849533672,0,2
0.5198337502198109,0.6264857632753202,0,2
0.5059684067929063,0.6437260801059617,0,2
0.5038402240330881,0.6441069786756416,0,2
0.4689037577217773,0.6260467500799619,0,2
0.2725680240867619,0.6260467500799619,0,2
0.2498706810390578,0.6422916443213831,0,2
0.2009726291268493,0.622471823331856,1,2
0.2389317781710495,0.6181176480800274,1,2
0.2265391252832717,0.6034354013809762,1,2
0.2312192482612049,0.5542265159338763,1,2
0.1955217624506914,0.5781543866092269,1,2
0.2250227874477857,0.6216954382713168,1,2
0.2523050940663984,0.6604585438613461,1,2
0.2289085354581679,0.6986693895620817,1,2
0.6982851259545511,0.6986693895620817,1,2
0.6578074993023478,0.6687283818348586,1,2
0.7036543795926782,0.6572555267613914,0,2
0.6814933581300563,0.6997353014093856,0,2
0.6336469861284779,0.6663120616536878,0,2
0.61758928862866,0.7079340215738621,0,2
0.5867734470196024,0.7268350807111278,0,2
0.6335627768317954,0.7076008330673662,0,2
0.6791354980080413,0.6764456821636144,0,2
0.7117685398716385,0.6312665616950262,0,2
0.6991968156287206,0.636865269167409,0,2
0.6628219174349047,0.6595748923202542,0,2
0.6343879784758036,0.6825714531212833,0,2
0.6261108638700598,0.6612931068874498,0,2
0.6077730287789355,0.6328637214534475,0,2
0.5969693938325986,0.5948484503450552,0,2
0.5761906664041394,0.6057240535441651,0,2
0.2200137020563324,0.6057240535441651,0,2
0.2228602459513545,0.6252792344607184,0,2
0.1795282835108713,0.6003784012653045,1,2
0.2079330128698865,0.6183002095823521,1,2
0.2215455371739766,0.5774105145973245,1,2
0.2660921194527339,0.6223968261093804,1,2
0.3030177185966638,0.5882287833230151,1,2
0.2562426786078483,0.608829544215607,1,2
0.2255898299172723,0.6304179596070284,1,2
0.2599429980515872,0.6527773726238881,1,2
0.2370344766921832,0.6757030037467839,1,2
0.2593348827648832,0.6537180840007986,1,2
0.3071062394388396,0.6509546971657354,1,2
0.3006721034533018,0.6546077846009041,1,2
0.3117235297942133,0.60598579080224,1,2
0.4440105120808482,0.60598579080224,1,2
0.3980554965837331,0.6218095250820032,1,2
0.263850809657306,0.6218095250820032,1,2
0.2748817404522609,0.5833585406691839,1,2
0.2988119739862821,0.5502927005008434,0,2
0.3382817388126482,0.521545006240869,0,2
0.3321504951280546,0.4911113676123096,0,2
0.2910567624093106,0.4496547667881271,0,2
0.3135964093730421,0.443321858519983,0,2
0.2819699771741143,0.4527150543630539,0,2
0.2851517994340791,0.4830505497193531,0,2
0.2904137723566065,0.4469602866826684,0,2
0.316248738631969,0.4179570521725652,0,2
0.1578141627912783,0.4179570521725652,0,2
0.1267133510997442,0.4363338371802744,0,2
0.1548155171310352,0.4098473430671223,1,2
0.106928056392998,0.3705462571824506,1,2
0.1458143723747955,0.340646438967634,1,2
0.1485550651633681,0.379564416273158,1,2
0.1053189113344531,0.3337390508783165,1,2
0.0969125237512673,0.3408482502715874,1,2
0.6086207809053283,0.3408482502715874,1,2
0.5683264014977232,0.3308633014771505,1,2
0.5680087942166221,0.2907808878535778,1,2
0.6113443442819232,0.2686417215269935,1,2
0.6501618444701532,0.2681799506100329,1,2
0.6281241300886299,0.2345453571174899,1,2
0.6502961120866657,0.2550785355342831,1,2
0.6474043992804676,0.299795444144258,1,2
0.6064104633847609,0.2943520402475108,1,2
0.6378000889514853,0.2638245065250639,1,2
0.6197204341138312,0.2363631420905231,1,2
0.6234391767752414,0.2443005139722084,1,2
0.5907713844167246,0.2712278592347933,1,2
0.6285411053471776,0.311039606039329,1,2
0.6219339941801663,0.3223753618007067,1,2
0.5976110519286125,0.3685894083687664,0,2
0.6149522202712618,0.3664837329360428,0,2
0.6248873675226657,0.3922407601677714,0,2
0.5838312119047578,0.4220597304715948,0,2
0.53584361211555,0.4443202713861872,0,2
0.5397757237157546,0.4923885611086617,0,2
0.0642295086019352,0.4923885611086617,0,2
0.0863708811865691,0.5211062915752998,0,2
0.0999803508214469,0.5058960144468742,1,2
0.0912952730435164,0.5048511522102723,1,2
0.0775150492774507,0.4599111731719384,1,2
0.3589683328571579,0.4599111731719384,1,2
0.3176372739509817,0.4739129699069769,1,2
0.3240108962968748,0.4441854079229852,0,2
0.3151744929721854,0.4493832328880554,0,2
0.3326867836884506,0.4447799868919346,0,2
0.1287067738649631,0.4447799868919346,0,2
0.0823491617870199,0.4384056197723152,0,2
0.124207301664017,0.4558033934056032,1,2
0.1225549651027906,0.426371373619225,1,2
0.1252455723591434,0.4731874870941119,1,2
0.1301094136308208,0.4806592654817121,1,2
0.1355788904715039,0.4752814843676933,1,2
0.1745657503313243,0.4775877531359302,1,2
0.208447350624614,0.4850499966163503,1,2
0.2400191004523693,0.4535169785998163,1,2
0.2807369518368027,0.4629910618476392,0,2
0.2805941116570876,0.5102800427036482,0,2
0.2453187983237648,0.5051798646947413,0,2
0.2363245968215203,0.4947815647871768,0,2
0.2768216434628001,0.4595444343882508,0,2
0.3246779734002693,0.5005539130297723,0,2
0.3555778054820642,0.5087454173957994,0,2
0.3354564186479559,0.4868201882106431,0,2
0.0659038103687578,0.4868201882106431,0,2
0.1037769052367538,0.506838229713519,0,2
0.1265022745250189,0.4651143263529109,1,2
0.1614730687433324,0.514168367737399,1,2
0.1341448236413838,0.5236270651794227,1,2
0.35361788021738,0.5236270651794227,1,2
0.3456310548061817,0.4786778553272887,1,2
0.0861321347677708,0.4786778553272887,1,2
0.1052139198286739,0.4540081322987691,1,2
0.127613729044561,0.4377982219431757,1,2
0.0951115695005052,0.447058921575369,1,2
0.0568730860238368,0.4022736547298661,1,2
0.4526521708794224,0.4022736547298661,1,2
0.4037010903706975,0.4482436107369589,1,2
0.4429038960578222,0.4766850124182772,0,2
0.4497994808373814,0.4366349061336388,0,2
0.4926812862501177,0.3941033437418025,0,2
0.5331026917462558,0.356822963676301,0,2
0.5727816149237376,0.327068780882284,0,2
0.3945053219212589,0.327068780882284,0,2
0.4351954033954417,0.2864602929146673,0,2
0.4468999211766471,0.2533537373416014,1,2
0.4898804516740893,0.2141458617319122,1,2
0.5172901580215145,0.212534061011008,1,2
0.475922788640382,0.2335377317489673,1,2
0.4978571720985635,0.2816147460524751,1,2
0.4512062163849054,0.2987295955428273,1,2
0.4067572481072194,0.3199606693876095,1,2
0.686014200782974,0.3199606693876095,1,2
0.7330844583620318,0.3433731836122924,1,2
0.7404091356914483,0.2948282159238448,0,2
0.7023474308312321,0.2550707513922839,0,2
0.7415252592624193,0.2371917322241866,0,2
0.724734200920208,0.1900006702267153,0,2
0.7110327331361005,0.2362028618241567,0,2
0.7022389017190883,0.2558362802736555,0,2
0.7312065301274051,0.2770238550227358,0,2
0.7417715817400568,0.300026816225136,0,2
0.7427668010314183,0.2718652381963337,0,2
0.7454584341554283,0.2486337893072684,0,2
0.7207606929223556,0.2196738997129017,0,2
0.721073727344731,0.2534899325242871,0,2
0.7146106399893025,0.2079668681132651,0,2
0.7063304758398173,0.2568257621230343,0,2
0.6788961316304207,0.2102470855817828,1,2
0.6540883418384236,0.2246179144103053,1,2
0.6077386842382517,0.185781254716757,1,2
0.6564848092019736,0.1880176229226843,1,2
0.6793239022561508,0.1961818293909322,1,2
0.7028967556780743,0.2011612104399703,1,2
0.7175400727636007,0.2489020365586594,1,2
0.7558641729370944,0.2017572875451239,1,2
0.7123733008459302,0.1967531556889861,1,2
0.6689472963136487,0.2121224052170927,1,2
0.6932138441733984,0.2007826037102185,1,2
0.6729314452371176,0.2153722246188626,1,2
0.6309885180585147,0.2283767003743534,1,2
0.6140215150051349,0.2234268320362763,1,2
0.6109109286668271,0.2445001185330775,1,2
0.834375405396674,0.2445001185330775,1,2
0.8839627820345275,0.2019744317853387,1,2
0.8941158784219366,0.193253878644667,0,2
0.8711003804582993,0.1775612210608411,0,2
0.901053045744896,0.1850227852194317,0,2
0.8798198791772464,0.205672317027468,0,2
0.9267295201104176,0.2435310975973163,0,2
0.9705476434566052,0.2643347117597221,0,2
0.5625520010504432,0.2643347117597221,0,2
0.5506657488169423,0.2426370494245784,0,2
0.5411096165009559,0.1966563246411611,1,2
0.5135689458348912,0.1981184503920456,1,2
0.9106128674673496,0.1981184503920456,1,2
0.9254511935055464,0.1522354401005522,1,2
0.9331491858894924,0.1830062287791401,0,2
0.9069833283079708,0.2052156093644883,0,2
0.8964963276581519,0.1587002046875554,0,2
0.878475579074472,0.128317416877181,0,2
0.9208899807248012,0.1211202474567773,0,2
0.8747496174378377,0.1100593779639886,0,2
0.8832305605330883,0.1420798284541359,0,2
0.6910016103393017,0.1420798284541359,0,2
0.6621770458335676,0.1758773115365884,0,2
0.7061373360536932,0.2216025793079201,1,2
0.6874596105532097,0.1732463628501964,1,2
0.7129635519418038,0.1532810814781136,1,2
0.7251670804938218,0.1740516840195144,1,2
0.7496886746974719,0.2162920451295804,1,2
0.796561440290392,0.2023722111470554,1,2
0.7546830475799468,0.2176501157050647,1,2
0.7645469717991236,0.2103200187210095,1,2
0.7789774284000988,0.2110950556635749,1,2
0.7776689519861288,0.2573323618220564,0,2
0.7663938192063499,0.2665508947958696,0,2
0.7753436885660131,0.2947146899772911,0,2
0.7903808825948205,0.2647978947527075,0,2
0.8302389214529067,0.281765039408791,0,2
0.8684919608594385,0.2538952263191743,0,2
0.8731235355251314,0.2539331800062286,0,2
0.8695380011273475,0.2770468846992248,0,2
0.9060580592739148,0.2425018119560817,0,2
0.5876772850936997,0.2425018119560817,0,2
0.5578294375434829,0.2592189688007486,0,2
0.578636956645454,0.3021532777061846,1,2
0.6161494519558091,0.2762951649267173,1,2
0.7776035325543699,0.2762951649267173,1,2
0.7951282664901191,0.2928112748447587,1,2
0.4890845799146022,0.2928112748447587,1,2
0.4994981506741724,0.2475046817839278,1,2
0.5476225458928375,0.2558614565112809,1,2
0.5208444391362017,0.2061174656928733,1,2
0.5198227143422077,0.2471814869079859,1,2
0.5357200763288149,0.2303542518503514,1,2
0.8656800142542384,0.2303542518503514,1,2
0.8721744000522634,0.2053558554057616,1,2
0.842530584030941,0.2207447338809637,0,2
0.8085559074312237,0.261249160063852,0,2
0.8475015943338496,0.2908867256943118,0,2
0.8534949432345821,0.2949000952506746,0,2
0.8339964347843448,0.2865200112238858,0,2
0.5004798885602246,0.2865200112238858,0,2
0.4924042331561938,0.2912794397705435,0,2
0.5219213400784835,0.264097860128718,1,2
0.5560565041970464,0.2876463593235677,1,2
0.5103756586047172,0.3246938054537391,1,2
0.4965873636489704,0.3129555223912201,1,2
0.4531514873134102,0.3140860316909046,1,2
0.4855582803990332,0.3318863449974336,1,2
0.6295743227498585,0.3318863449974336,1,2
0.6085381469854602,0.3236891546994441,1,2
0.6446860639619343,0.34598284045617,0,2
0.6270276575750562,0.3195895378705942,0,2
0.6277215088405305,0.3020945329774954,0,2
0.6338315591440419,0.329209527983739,0,2
0.6080968390869701,0.2902964606456019,0,2
0.6130024737627294,0.3056749287854025,0,2
0.6483697126157595,0.2970624823084077,0,2
0.6447443793834181,0.3062651476341098,0,2
0.6784549722223554,0.2602437959689502,0,2
0.631288350105876,0.2692082230989461,0,2
0.6426395541887391,0.2245530017999876,1,2
0.6839969640884176,0.2648271477836317,1,2
0.6362794948376518,0.2923873800325118,1,2
0.6745427678444402,0.2852353075748916,0,2
0.6450624152185351,0.3150478685715973,0,2
0.6413183143690812,0.3161080232784113,0,2
0.6635714171856038,0.3243494231405771,0,2
0.6244811631926483,0.3381370902205233,0,2
0.6055591916939979,0.2926202694578916,0,2
0.6526718942231595,0.3031327400418454,0,2
0.6344419968011481,0.3213479499850162,0,2
0.615841040531895,0.3606730480957131,0,2
0.6152206098982651,0.3682745546509532,0,2
0.6633622485364087,0.3577214194746188,0,2
0.6212107077202617,0.3316752594887883,0,2
0.6196795858440456,0.3341636320928114,0,2
0.6421407890719192,0.2843540722722529,0,2
0.6727219907196729,0.2786466664786098,0,2
0.521797353648621,0.2786466664786098,0,2
0.5263620835428692,0.277046644127395,0,2
0.548945342139611,0.2359005747684244,1,2
0.5362614967659346,0.2731908149541696,1,2
0.7847804582638701,0.2731908149541696,1,2
0.7671273464642987,0.282439656675331,1,2
0.5115037463299456,0.282439656675331,1,2
0.5372968168823332,0.317277755848855,1,2
0.4880903841668815,0.2778651189143837,1,2
0.5245007461152644,0.2397513203163495,1,2
0.4954403261899257,0.2030494560498759,1,2
0.5112442415599999,0.2272444707339482,1,2
0.4845301906722515,0.2546827087185558,1,2
0.5193669559937263,0.2304289350740598,1,2
0.5350437039031547,0.1959136500913542,1,2
0.5386238432757556,0.2054385998126172,1,2
0.8878896038188805,0.2054385998126172,1,2
0.934113507149374,0.2083020709344985,1,2
0.961147839512512,0.2512464882451743,0,2
0.924577437868523,0.2659599508112255,0,2
0.9270704602322276,0.2489609093423635,0,2
0.5681069741199526,0.2489609093423635,0,2
0.5630557718935089,0.2781584074434354,0,2
0.5158283503396898,0.2787084632952192,1,2
0.4792116442299483,0.2684671218885937,1,2
0.4940989434641314,0.2290311126339947,1,2
0.480923328707723,0.2382635793930765,1,2
0.4589117622254506,0.2239064205177542,1,2
0.4835337363247008,0.2568455905273561,1,2
0.8167056894689589,0.2568455905273561,1,2
0.7850848563008114,0.2106602920560381,1,2
0.7603063275619306,0.1932087646254111,1,2
0.7396934388750497,0.1698018614715254,1,2
0.7439134621279175,0.1914115830760677,1,2
0.7830806645494404,0.14177849499307,1,2
0.810882025895872,0.1309890245956523,1,2
0.8507427210262608,0.1532990655335691,1,2
0.846924756178825,0.1500716664668849,0,2
0.8254249499916514,0.1352860509378371,0,2
0.8696374338852867,0.1763614864755638,0,2
0.836596872698335,0.1319332176450358,0,2
0.8234559393457581,0.1328356062624849,0,2
0.8504254050841952,0.1076433558010463,0,2
0.6415964828593056,0.1076433558010463,0,2
0.672827508042305,0.0931692737580305,0,2
0.7000610802925552,0.0845447142490618,1,2
0.663183467525766,0.0809299064411382,1,2
0.6204124660186559,0.0444983403171462,1,2
0.5972636890348992,0.0618523274607651,1,2
0.5808460269100981,0.0635054743156543,1,2
0.6264403114253496,0.0184252594128409,1,2
0.5825978783756189,0.0428526820115247,1,2
0.6182174815125859,0.0579184995354902,1,2
0.5857739628338299,0.0343763653425933,1,2
0.6023377083840131,0.0742172981529248,1,2
0.620328538022816,0.1085381487639162,1,2
0.6280430170751706,0.0803974320192849,1,2
0.6073153576355642,0.0672631156480592,1,2
0.6506852578036013,0.1072951971219421,1,2
0.6051050581236982,0.1306967050192852,1,2
0.5954709953979475,0.1398449038660852,1,2
0.9196913594985844,0.1398449038660852,1,2
0.8886257532506525,0.18879563746106,1,2
0.8701834719777675,0.1399686302128494,0,2
0.874817132082188,0.1382446656447862,0,2
0.8861272638376066,0.1295138039229651,0,2
0.8450271325622114,0.1486075924297064,0,2
0.8414369052985863,0.1183791617572432,0,2
0.881431221425975,0.0790168910888588,0,2
0.8393636010041708,0.0646775437622797,0,2
0.5453245978320983,0.0646775437622797,0,2
0.5694201764672835,0.1106352153391943,0,2
0.8813119176879664,0.1106352153391943,0,2
0.8526338778099206,0.1465411144839185,0,2
0.8234029291005727,0.1078790479873179,0,2
0.7990740956172853,0.1238465885480559,0,2
0.8427704090106923,0.1217029430660618,0,2
0.8732589050870225,0.1438087930113214,0,2
0.8955907551815028,0.1258934586648933,0,2
0.909601512408796,0.138056344914516,0,2
0.8730695605749397,0.1180654433436774,0,2
0.6382451137372493,0.1180654433436774,0,2
0.6554850609774043,0.1120731358597714,0,2
0.6672216274372305,0.086261276849909,1,2
0.6880665385239794,0.0529878701514409,1,2
0.7217058719165197,0.0595686998076637,1,2
0.6786496058993228,0.0377295021015154,0,2
0.7181955179273007,0.0464820075396084,0,2
0.689488446701812,0.0703810588380009,0,2
0.7376398277576005,0.0388098476809893,0,2
0.7432901189002192,0.0499889190386119,0,2
0.5146975578412364,0.0499889190386119,0,2
0.4825021056522256,0.0918105289830409,0,2
0.8595507804601623,0.0918105289830409,0,2
0.8301278028653993,0.1152722077433781,0,2
0.8544003033315911,0.1195748112816149,0,2
0.901922904986503,0.1545496326931403,0,2
0.6744604677495228,0.1545496326931403,0,2
0.6950979918980708,0.1741624652156165,0,2
0.6486631974668526,0.222022383383051,1,2
0.8809040221518701,0.222022383383051,1,2
0.8745093699292928,0.1722474785941364,1,2
0.8742559717564315,0.1965682189887191,0,2
0.8577121241447979,0.2047443580258576,0,2
0.8929915973531956,0.1651065673961689,0,2
0.9076096353420752,0.1763581503966156,0,2
0.8904051218363779,0.1548829834380564,0,2
0.8441671927652507,0.1604065499613101,0,2
0.817634940326589,0.1375162617728092,0,2
0.8024236256147839,0.1564386221608411,0,2
0.680293402301518,0.1564386221608411,0,2
0.6643269367853728,0.1565976847780281,0,2
0.6976038055172484,0.1769603547531346,1,2
0.7190834007720641,0.1571802005069829,1,2
0.7164279200686218,0.1555279457410865,1,2
0.7292945475951848,0.116099125034904,1,2
0.7653239510135275,0.0849355258063161,1,2
0.7946256391563961,0.1256047983672709,1,2
0.8362434172922726,0.148454484878327,0,2
0.8710476346189385,0.1413878461229291,0,2
0.8550944179314574,0.1411482919889179,0,2
0.8121006857971579,0.1587321280942162,0,2
0.8552061110117184,0.139700198777439,0,2
0.864931533652603,0.1268746509284317,0,2
0.8429474890779746,0.159459213158267,0,2
0.6891888608060792,0.159459213158267,0,2
0.6785515849947771,0.1383619223629065,0,2
0.6325736161558103,0.1828096646239481,1,2
0.5858959950557077,0.231595052792452,1,2
0.5375788474415438,0.2319828490182757,1,2
0.5665733325123694,0.2167003587946243,1,2
0.5582176525091516,0.1881433253841974,1,2
0.598092633163581,0.211143418851168,1,2
0.5983255644521142,0.1630449463298918,1,2
0.5544776427945004,0.1328167585876977,1,2
0.912537582205645,0.1328167585876977,1,2
0.9058746333673516,0.1678226406852437,1,2
0.9268034282856226,0.1941610876405716,0,2
0.9407564141311556,0.1728893229490643,0,2
0.8979463253756516,0.1460846352743464,0,2
0.942192168844693,0.1584444581998057,0,2
0.9744030916915454,0.150400998245424,0,2
0.6565092261343904,0.150400998245424,0,2
0.6541962135369611,0.1626370675598468,0,2
0.6318985608745888,0.1160668913843443,1,2
0.6565705312770774,0.105923334180072,1,2
0.6718879942335031,0.1149138972019784,1,2
0.6270125422485984,0.1395649153308309,1,2
0.6689543856330126,0.1340494656512591,1,2
0.9031777904831274,0.1340494656512591,1,2
0.9004068666741833,0.0939587650024053,1,2
0.9081056902559124,0.1240216329078713,0,2
0.8993289640618175,0.1114027700495302,0,2
0.924022800162444,0.140025610304645,0,2
0.933065167834946,0.1160323811458038,0,2
0.9242934974075,0.1550393967172447,0,2
0.9380704650931724,0.1748780534780905,0,2
0.9404328041169178,0.1668899107862173,0,2
0.6804632503772952,0.1668899107862173,0,2
0.6714895558633077,0.1428435040291934,0,2
0.6643577791384326,0.1104444573101872,1,2
0.7082185432491536,0.1542230254864129,1,2
0.941740886988968,0.1542230254864129,1,2
0.928001358153668,0.2009045127741018,1,2
0.935269059782539,0.1525526085976289,0,2
0.9293561657065,0.148921613128954,0,2
0.9587288800395636,0.1693135961016781,0,2
0.957115126640355,0.1779146269117238,0,2
0.9530359417715976,0.1651595186419317,0,2
0.9162172651572928,0.1515226251669444,0,2
0.8860577844151376,0.126819366386907,0,2
0.8605238687208268,0.0875693333989534,0,2
0.6078631731382097,0.0875693333989534,0,2
0.636928890527907,0.0774050289389401,0,2
0.8485202180383091,0.0774050289389401,0,2
0.8035893283229447,0.0449803831835107,0,2
0.4843192461299326,0.0449803831835107,1,2
0.4658315860927296,0.0734234760765781,1,2
0.5048652486045324,0.1033138196846836,1,2
0.5408503997609478,0.0797140187667889,1,2
0.5571305138909393,0.0539032979254386,1,2
0.5191420268212646,0.0499680349718503,1,2
0.4763627533343086,0.0789355325915358,1,2
0.5094720193089474,0.075702438020407,1,2
0.4633508055019392,0.0960812160935193,1,2
0.8459494206375077,0.0960812160935193,1,2
0.8943669017050542,0.0587625951653459,1,2
0.8745075616903156,0.0287592584729948,0,2
0.4493849199869349,0.0287592584729948,0,2
0.4379194211567321,0.0449240479663714,0,2
0.4268229920795515,0.0643108897183819,1,2
0.771966145055622,0.0643108897183819,1,2
0.7560713290034116,0.0284007710598546,1,2
0.7645355716069805,0.0591149920622027,0,2
0.7686518426490965,0.09630788590132,0,2
0.7809856703484285,0.0907574830179744,0,2
0.5776841124156976,0.0907574830179744,0,2
0.5967494936152256,0.068443770119676,0,2
0.6420320165264509,0.0193261060553615,0,2
0.6723565477563103,0.0243998596490126,0,2
0.6464108265628977,0.0562205497595388,1,2
0.6550891941429374,0.0411517825957504,0,2
0.6618839420354345,0.0608229514729782,0,2
0.6726480189136326,0.1070370303347738,1,2
0.7049093355246311,0.0847965094917827,1,2
0.7243974764170868,0.1296850561038466,1,2
0.7332862796234267,0.0994027047881373,1,2
0.7782241374783277,0.0792559199638705,1,2
0.8059205679936159,0.1185606012627606,1,2
0.7675478451654998,0.0910883017145292,0,2
0.8145079211334387,0.0516417639696817,0,2
0.8462442042860812,0.053358276447439,0,2
0.8247790217099282,0.082363631800743,0,2
0.7804619729120685,0.0508692689123593,0,2
0.7682253531039976,0.1001981191133415,0,2
0.6188757368698936,0.1001981191133415,0,2
0.6111388475180577,0.0657695685381415,0,2
0.5940296316063951,0.0362870188111425,1,2
0.589310026913196,0.057133847063765,1,2
0.5591089007952499,0.0701363699248112,1,2
0.5633095705325131,0.0926940500045507,1,2
0.5825809372066915,0.0676045338140099,1,2
0.5344791669588796,0.0515918016215916,1,2
0.4949728827313994,0.0932329547758527,1,2
0.8319822069839342,0.0932329547758527,1,2
0.8328675968459516,0.057767806250453,1,2
0.8295973540085846,0.0165382548038811,0,2
0.7944782382774844,0.0252180987680445,0,2
0.8284074185836108,0.0604493509293733,0,2
0.7933549821253535,0.050397604911334,0,2
0.751852845773621,0.0814850160501242,0,2
0.7653666244376419,0.0919790001534728,0,2
0.7921557850610652,0.106653028394345,0,2
0.6195760306902621,0.106653028394345,0,2
0.6575248797163534,0.1190684342765277,0,2
0.6853655582853924,0.1212206238653065,1,2
0.7109424076136176,0.1009024739059432,1,2
0.7060757021507043,0.0694448528704738,1,2
0.6740450104308762,0.1047968095740184,1,2
0.6925023698367081,0.0644370886395975,1,2
0.728172673586935,0.0359872041579163,0,2
0.7240866153489721,0.077149278307265,0,2
0.760066947006834,0.1206936249114919,0,2
0.7700729530475391,0.1169890380826773,0,2
0.763658678620374,0.1471254134880425,0,2
0.8004901354294134,0.1520937028219514,0,2
0.8215767574551103,0.185113346324073,0,2
0.8543339673993333,0.141378828976035,0,2
0.8897306274619268,0.173762392170381,0,2
0.9207753617140544,0.1377885644447139,0,2
0.9371103326136287,0.1555850138198522,0,2
0.8931264921550298,0.1971987182677924,0,2
0.8792696381040119,0.2177152298031238,0,2
0.873182146695847,0.1695767525231795,0,2
0.6864030463522429,0.1695767525231795,0,2
0.7352108782895443,0.1782669613138656,0,2
0.762486322979393,0.175345005747633,1,2
0.7295935239412716,0.1351548976328018,1,2
0.7015119409910371,0.1192850894052703,1,2
0.6834586428522721,0.1129094471147427,1,2
0.638243758718101,0.0959328198281387,1,2
0.6611829830783229,0.0472720285581394,1,2
0.6743456009131692,0.091746363198867,1,2
0.6812469947935155,0.0516906669320456,1,2
0.7293422963908713,0.0960249913005499,1,2
0.7498425240803056,0.0662845428394048,0,2
0.7335691083695035,0.0970401894595689,1,2
0.7007975886706567,0.1224356420564542,1,2
0.7187427725692024,0.0788119926991127,1,2
0.7394783306979371,0.0752747948045226,0,2
0.7056502408997836,0.1009193274724638,1,2
0.6810028371730696,0.0761886416786809,1,2
0.6776786437542249,0.0957006263735351,1,2
0.673319942678359,0.0543125780139586,1,2
0.6665083319964112,0.0982001107941095,1,2
0.704323619627433,0.1415456049715983,1,2
0.6833752122742204,0.6024672723532094,1,3
0.6484454017206708,0.6207089514223818,1,3
0.458705018060899,0.6207089514223818,1,3
0.4164545786809915,0.6415258471966481,1,3
0.738498727346593,0.6415258471966481,1,3
0.7104922037999161,0.6377894391073722,1,3
0.7528346088956274,0.6830638692602712,1,3
0.7243324968686156,0.7200640497488671,1,3
0.6808911672541265,0.7584751904656144,1,3
0.6373804175168536,0.7793722010348518,1,3
0.6377431710682887,0.7465557645633726,0,3
0.6381477554240812,0.715447451182075,0,3
0.6833751106426467,0.6681501460187859,0,3
0.7278550475789789,0.698656266708789,0,3
0.7012279690610772,0.7277013137159415,1,3
0.6922265780601279,0.7623874479864932,1,3
0.6445257535340643,0.7529334022547769,1,3
0.6187072822918034,0.7243224346409681,1,3
0.6322795526515408,0.7389399172338936,0,3
0.653243273089203,0.6942414054031412,0,3
0.6037108114078993,0.6565158015822871,0,3
0.6502838952870356,0.6499697285583912,0,3
0.6498207972121711,0.661609287736008,1,3
0.6710085508959566,0.6206620573649331,1,3
0.6220306130003601,0.5746587282252736,1,3
0.6534985000005941,0.5284591260763806,1,3
0.6191773747313934,0.5589358476378111,1,3
0.6606480689028735,0.5567479000295027,1,3
0.633645538951733,0.5348273200699564,1,3
0.3849653991671002,0.5348273200699564,1,3
0.4262610915507179,0.5459820376146296,1,3
0.4067878514553558,0.592726228272487,0,3
0.3928317314511992,0.5621606521189461,0,3
0.6716038567865386,0.5621606521189461,0,3
0.6835768317301455,0.5480694217038091,0,3
0.7016974100455936,0.5177517461345527,1,3
0.7170074922358805,0.536281135206756,1,3
0.3772593762350011,0.536281135206756,1,3
0.3493999162139872,0.5709340299456389,1,3
0.3536490626023805,0.5222159562040201,0,3
0.341299569587231,0.5486536807573863,0,3
0.3703955898871699,0.5699898355775785,0,3
0.3313036065764,0.5783320014065251,0,3
0.6814682962648659,0.5783320014065251,0,3
0.7275459230042735,0.5735555338016932,0,3
0.7521237817618197,0.5972512474449828,1,3
0.7408552214840467,0.550010678071582,1,3
0.419418958611011,0.550010678071582,1,3
0.3989634805439337,0.5828596702325164,1,3
0.4025004080154089,0.5965331014025762,0,3
0.6978791089955418,0.5965331014025762,0,3
0.7446304820598819,0.5935569081444956,0,3
0.7337532771744183,0.5639701723383016,1,3
0.3975448890190733,0.5639701723383016,1,3
0.4337739358636388,0.598489635074265,1,3
0.4254996994756161,0.5726025535215893,0,3
0.463886485051267,0.5606414056081518,0,3
0.6350198875981381,0.5606414056081518,0,3
0.6215247421400528,0.5559678885227043,0,3
0.620842844330033,0.528785207386201,1,3
0.6164062378456798,0.5020959863317179,1,3
0.35908201707163,0.5020959863317179,1,3
0.3108678365001694,0.5035947703027704,1,3
0.3021582677468592,0.5013086346811736,0,3
0.2711444819232407,0.5433965263137945,0,3
0.2350701252532445,0.5799883726522114,0,3
0.6822657095237847,0.5799883726522114,0,3
0.7108995216433758,0.6047814038102068,0,3
0.4519608564499682,0.6047814038102068,0,3
0.4837055167966214,0.6539000040336718,0,3
0.487903359008359,0.6893760960454823,0,3
0.5180047509791236,0.6641661334711948,0,3
0.4813591736143125,0.7135255718452124,0,3
0.4660436858320367,0.7283678154126215,0,3
0.4843928610567106,0.6788583790394186,0,3
0.7463221787684984,0.6788583790394186,0,3
0.7053400744529992,0.7190080515601821,0,3
0.7237795580562666,0.6852716780129161,1,3
0.7099987109467047,0.641663296871525,1,3
0.7033125241700238,0.6210087543477752,1,3
0.4327507053528369,0.6210087543477752,1,3
0.4623568758274567,0.6180395989786381,1,3
0.5073677491738107,0.6067345129483043,0,3
0.4976378371289408,0.5706969974352586,0,3
0.5011346812591668,0.5269475129777503,0,3
0.5391928450031259,0.5521991659765579,0,3
0.5073700093416061,0.5522452974444638,0,3
0.5043246267503788,0.5136692909569774,0,3
0.5156736781272893,0.5383873394205432,1,3
0.5515605492785279,0.5418907539053774,1,3
0.596335447051997,0.5130441472688888,1,3
0.6297838682890813,0.4678817871803228,1,3
0.6318599286306329,0.4899858840186893,1,3
0.6793767514164392,0.500917620182828,1,3
0.3451986267011191,0.500917620182828,1,3
0.3002612294095159,0.5328319409856669,1,3
0.2682200598801215,0.528127019563512,0,3
0.6170960461876759,0.528127019563512,0,3
0.6282258158839664,0.526240825956691,0,3
0.6133857317884561,0.5246179675116356,1,3
0.6511902165461664,0.4950322434067923,1,3
0.6062259540987838,0.5137115783851005,1,3
0.3714021508486479,0.5137115783851005,1,3
0.4182312754607797,0.4879873662836917,1,3
0.4377237704526384,0.5251519878197615,0,3
0.4303004792050244,0.4803044341431758,0,3
0.4128785042341333,0.4460778165060784,0,3
0.5763365577701313,0.4460778165060784,0,3
0.5560449895238202,0.4448955052552057,0,3
0.5616514944755318,0.4625482015715981,1,3
0.5677344775268993,0.4318414309265913,1,3
0.2930217465839887,0.4318414309265913,1,3
0.248745825515309,0.464365176091175,1,3
0.5503964446480069,0.464365176091175,1,3
0.5938100211389513,0.508500920928753,1,3
0.5895795881235756,0.4727422548284549,1,3
0.5584678090445748,0.447070766895531,1,3
0.5771428139917272,0.4042386138425882,1,3
0.5895323316629258,0.4367801139953343,1,3
0.5706348082215398,0.433957069202775,1,3
0.2915286040418089,0.433957069202775,1,3
0.2729198889213883,0.410114870791648,1,3
0.2710587672046003,0.409434401595364,0,3
0.2516581039402144,0.4126738773744681,0,3
0.2377889460534321,0.3938756252970907,0,3
0.241445334648801,0.3904640019170758,0,3
0.2659294675474834,0.3779742709193428,0,3
0.2274399577175853,0.4263916535305584,0,3
0.1927218488564693,0.3999662367274331,0,3
0.2280152642029678,0.3906309882869321,0,3
0.5092063731503216,0.3906309882869321,0,3
0.5040693808115634,0.3737863065867876,0,3
0.5199900487720607,0.4139864296501343,1,3
0.5052551809458845,0.4461622924146455,1,3
0.4770483949795256,0.4764986836317595,1,3
0.3291203843464148,0.4764986836317595,1,3
0.2863526835575454,0.4827013434589308,1,3
0.5856106409415773,0.4827013434589308,1,3
0.5639935912166655,0.4747376033288837,1,3
0.3293329553227351,0.4747376033288837,0,3
0.3363169230223,0.5194790146736281,0,3
0.324474559808953,0.4726853546985854,0,3
0.3045221915809569,0.4478009931909078,0,3
0.2841048815998854,0.4507773038336687,0,3
0.2520583884022473,0.4796051728679897,0,3
0.2792501254547265,0.4412306773952408,0,3
0.5462623880156937,0.4412306773952408,0,3
0.5694223610990837,0.4226268874889147,0,3
0.6096212900415309,0.4123307379175375,1,3
0.5655922961972302,0.4130772773819906,1,3
0.5254311389628046,0.409578474839551,1,3
0.4979627920367448,0.3622337266929736,1,3
0.4786488759360234,0.3409449538637472,1,3
0.2157422689640231,0.3409449538637472,1,3
0.2565402065366786,0.3710892436241788,1,3
0.250573771152932,0.4202954337502451,0,3
0.2165363426499411,0.4667191251157136,0,3
0.2619616519707368,0.4243109409090552,0,3
0.5138849757276749,0.4243109409090552,0,3
0.5247694277377335,0.3755131150256538,0,3
0.5064860218196722,0.3964474172820637,1,3
0.5127637623184589,0.3884703112365478,1,3
0.4655356444699791,0.4223903746744897,1,3
0.4608937165860118,0.4234359538278798,1,3
0.4251866241058779,0.4704705887380404,1,3
0.4664825796166951,0.4531690065133255,1,3
0.4894585161141225,0.4074428872579586,1,3
0.4976360101429836,0.387744974703335,1,3
0.474390596230699,0.40397863014411,1,3
0.524349117707633,0.3692512560692533,1,3
0.4769303212200003,0.3203837072434644,1,3
0.5186363723915983,0.287582989076258,1,3
0.535552397942555,0.2956311584084742,1,3
0.1708074601002661,0.2956311584084742,1,3
0.152725549432947,0.3353182884087281,1,3
0.1101334596349688,0.3365945652294354,0,3
0.1542567360442883,0.3621702992212756,0,3
0.1339943449679237,0.3742422292667574,0,3
0.1795134372185603,0.3868588186461759,0,3
0.5076074989415263,0.3868588186461759,0,3
0.5046619622076693,0.3733769416568181,0,3
0.5459494205285714,0.367213890755899,1,3
0.547678273078195,0.4072481277577274,1,3
0.5710887469543828,0.4473670882556897,1,3
0.5525615874998969,0.4878818534165032,1,3
0.5595907207994966,0.4639363328009148,1,3
0.538956609240475,0.465922034561908,1,3
0.5090831645304772,0.4390196950219061,1,3
0.2756264320633667,0.4390196950219061,1,3
0.2668535761469341,0.4274322001342581,1,3
0.5545255446331132,0.4274322001342581,1,3
0.6033101470201477,0.4742051806251877,1,3
0.5591555177083535,0.5025475475862002,1,3
0.334150102519839,0.5025475475862002,1,3
0.3028480278100052,0.5276858131563986,1,3
0.2835088484519051,0.5623113071490622,0,3
0.2876492089681231,0.6107436630040517,0,3
0.2891669516594967,0.6401581792856792,0,3
0.2862108036894057,0.6880021538427465,0,3
0.2572994971657825,0.6632172776537418,0,3
0.2748950906888511,0.678296379744844,0,3
0.755841106491144,0.678296379744844,0,3
0.8012671655673355,0.652454649683048,0,3
0.476942631861538,0.652454649683048,0,3
0.4469507289691062,0.6738422095293893,0,3
0.4950516341376158,0.6977729711448247,0,3
0.5211141802312741,0.7332657334453649,0,3
0.8096608376415744,0.7332657334453649,0,3
0.7822504269685391,0.7708830591081568,0,3
0.8196733468238808,0.787753961996176,1,3
0.835176222655789,0.7501757701746844,1,3
0.7952614341419222,0.7302301868878875,1,3
0.5493795322967374,0.7302301868878875,1,3
0.5932966404292835,0.6811739116513206,1,3
0.7762189929422602,0.6811739116513206,1,3
0.77656342620001,0.7300819848501485,1,3
0.7947673158451816,0.7611864564400002,1,3
0.561217196800478,0.7611864564400002,1,3
0.5952237431449687,0.8005944121098438,1,3
0.5753289031318363,0.8114899986530512,0,3
0.5710350159514757,0.819354489642775,0,3
0.5360914040914556,0.847078159365753,0,3
0.8929954707195026,0.847078159365753,0,3
0.9104150872400946,0.8244576429773721,0,3
0.6162880381388268,0.8244576429773721,0,3
0.5974064782913469,0.8030618105220675,0,3
0.6056227932133706,0.8280308939472776,0,3
0.8735098520458583,0.8280308939472776,0,3
0.8259621745074803,0.8496529818956647,0,3
0.8567381559494495,0.831519764745273,1,3
0.9029573856615792,0.8004991577140523,1,3
0.8893578012438006,0.8302993389734519,1,3
0.9004082553790792,0.8369668170570925,1,3
0.8941512763496761,0.8839733521428377,1,3
0.8671360014722272,0.8815368375763122,1,3
0.8430988717148449,0.922825276450266,1,3
0.6516878308236056,0.922825276450266,1,3
0.6477978220077698,0.9677236643551628,1,3
0.6761578878460641,0.9620844459922836,0,3
0.6416269312673245,0.92834251656233,0,3
0.6727744093319113,0.9111058099414742,0,3
0.6485975294206154,0.8709982822457263,0,3
0.6138314780566488,0.914683554654601,0,3
0.9196577101078458,0.914683554654601,0,3
0.8765156216488963,0.9560848798498393,0,3
0.89987737416863,0.9419185454334476,1,3
0.8544660724382243,0.9534230608435388,1,3
0.8306053922624663,0.9103312567152074,1,3
0.8314890131716625,0.8752795137575087,1,3
0.838417542012711,0.8270288930349575,1,3
0.8738611311246767,0.8514660516157612,1,3
0.8323995198767701,0.8069452601173064,1,3
0.7875416044498834,0.8089482562172962,1,3
0.5811618757216799,0.8089482562172962,1,3
0.5593470001177934,0.8310495602704864,1,3
0.5184148399661442,0.7856637640376767,0,3
0.5041219810197497,0.8083507671200111,0,3
0.5202415702811833,0.8216877210358453,0,3
0.5678281397953315,0.8477564974976691,0,3
0.5689060004504922,0.8116265300172736,0,3
0.5282732270158786,0.8018287664402239,0,3
0.5733861077934149,0.8001177956513288,0,3
0.5967578311348402,0.8273952451675874,0,3
0.8780916607922474,0.8273952451675874,0,3
0.8605762277473086,0.8084753462580591,0,3
0.8217252842367734,0.8430988857192133,1,3
0.8699314625212893,0.8766477713267038,1,3
0.8964517730134579,0.8683443632521578,1,3
0.8994474081647926,0.915883374743815,1,3
0.6882694604499756,0.915883374743815,1,3
0.7070304760186308,0.9134767039289546,1,3
0.6989921413616483,0.8813026014930415,0,3
0.7283419227144602,0.8886013408017672,0,3
0.7190742703849378,0.8706547174452622,0,3
0.7497795885069704,0.8903994566598884,0,3
0.8845906574737905,0.8903994566598884,0,3
0.8802722355272392,0.9203261745705416,0,3
0.850364114286465,0.9666254690479222,1,3
0.8899991425219094,0.9213633278853808,1,3
0.8573963614997483,0.8892300601820563,1,3
0.8671899336825476,0.8677662705718628,1,3
0.8177616239644412,0.8708175237698568,1,3
0.8535502665274713,0.9095293810063714,1,3
0.8582130684828353,0.9010864373458448,1,3
0.6711652392510016,0.9010864373458448,1,3
0.6453904119924252,0.913757070400088,1,3
0.9039355672743736,0.913757070400088,1,3
0.9348886684270712,0.9028479674745316,1,3
0.913552758499904,0.900086493503803,1,3
0.6767930198780192,0.900086493503803,1,3
0.6511409615278847,0.8597682907528175,1,3
0.6692873288132763,0.8772154009590931,0,3
0.9005631697629701,0.8772154009590931,0,3
0.8750557004293454,0.8491218018070122,0,3
0.9127891702280466,0.8184284283705189,1,3
0.6090216697387605,0.8184284283705189,1,3
0.6427861277493998,0.8252391307355119,1,3
0.6611306155797183,0.7763878584070191,0,3
0.6276206765493114,0.7715265147170499,0,3
0.6609892369007506,0.8022221979593205,0,3
0.6456199930200618,0.779231519927047,0,3
0.6277618091612602,0.7630554568707808,0,3
0.6012081605923426,0.7814705364875907,0,3
0.6177742155061045,0.8279350440942436,0,3
0.8372955139112667,0.8279350440942436,0,3
0.8014976896803512,0.7803416506760711,0,3
0.8355405527519583,0.7390941082551373,1,3
0.7957248343546811,0.6926606953440638,1,3
0.8450355538326146,0.7070238204895217,1,3
0.8463155019318062,0.7525069690780087,1,3
0.8797396389604635,0.7505466313462175,1,3
0.5568486329565385,0.7505466313462175,1,3
0.5658719012808888,0.7622103640969701,1,3
0.5579995560521479,0.7845916267993833,0,3
0.5462089376586464,0.770284366661785,0,3
0.586912143394009,0.7851083082776311,0,3
0.6102565557373286,0.8240399720511058,0,3
0.5658112228465333,0.8350189560764664,0,3
0.5431222033873063,0.8588609976598335,0,3
0.5189520117534286,0.8357645096264815,0,3
0.8654363043723948,0.8357645096264815,0,3
0.900957224575866,0.8527586471111969,0,3
0.6285494769304399,0.8527586471111969,0,3
0.6463673225570139,0.8398350862957099,0,3
0.6572725135959749,0.8457566330118027,0,3
0.868618281522299,0.8457566330118027,0,3
0.8371033872872791,0.8491709607671475,0,3
0.8539900336383814,0.8767510737542147,1,3
0.8210966604453991,0.906642503363958,1,3
0.7978780023685768,0.8828174779722179,1,3
0.7662166936466693,0.9207126461190408,1,3
0.7946082443247564,0.9153012219938422,1,3
0.7624393394432966,0.8776529981704334,1,3
0.8089765238821784,0.8566298622296957,1,3
0.7825288432900148,0.8227620673361048,1,3
0.7333682494019889,0.810296581911017,1,3
0.7530849837995502,0.8462304799986639,1,3
0.7551078923108764,0.8589174151850141,1,3
0.719683153772909,0.8601410109829779,1,3
0.733510456513219,0.8854749158160596,0,3
0.7073751167550343,0.888611861323239,0,3
0.7313512348011828,0.8894103667073093,0,3
0.7510449457017955,0.872679511958326,0,3
0.7337491065691812,0.9026187924383586,0,3
0.9070093242294152,0.9026187924383586,0,3
0.8839620523477943,0.899979710700169,0,3
0.9165306069350266,0.9255938870962728,1,3
0.904265477277252,0.9343791603228347,1,3
0.6928704588661908,0.9343791603228347,1,3
0.7346740256584535,0.9838706098813926,1,3
0.7660983295907947,0.9837231262083934,0,3
0.9627313771801188,0.9837231262083934,0,3
0.9200984310638636,0.9419973946924688,0,3
0.9367096549571468,0.977703236612338,1,3
0.9141209444364988,0.9532084704251712,1,3
0.8858789350840393,0.9214364465830904,1,3
0.873879214778708,0.936307530916098,1,3
0.83171612899168,0.896099824818854,1,3
0.6800396314413752,0.896099824818854,1,3
0.7060203822762937,0.9436362160314404,1,3
0.7310864127173651,0.9619599622886918,0,3
0.7367015695898489,0.9240323255993512,0,3
0.7581120107614089,0.884761296042747,0,3
0.7206631297006172,0.914627988571492,0,3
0.748921488922311,0.9558342094335154,0,3
0.7046285939848468,0.9089033958952932,0,3
0.6579748113228429,0.921324066040534,0,3
0.900828130620858,0.921324066040534,0,3
0.8872216307712868,0.946129204487584,0,3
0.8741271091771721,0.946977850603032,1,3
0.9204730836920844,0.9305496532414802,1,3
0.887674513710029,0.931419291889276,1,3
0.9249585354551948,0.8907340730087464,1,3
0.8856109359227664,0.8474815174461272,1,3
0.8782864491160375,0.8314168478835988,1,3
0.8309735889217646,0.7964600250437716,1,3
0.8632450014678955,0.8407398015864888,1,3
0.6194182470207091,0.8407398015864888,1,3
0.6407828638949191,0.7949790458979926,1,3
0.642564151069143,0.74564347458267,0,3
0.6484341612200112,0.7470489708243744,0,3
0.8213521160756678,0.7470489708243744,0,3
0.7943601845584181,0.7128511297744304,0,3
0.7569515539178334,0.7143542491632939,1,3
0.7463252815794374,0.7518820699715772,1,3
0.7718427093142127,0.7423790268412773,1,3
0.8090274611923524,0.7904419836874494,1,3
0.7790226674295883,0.794316748092338,1,3
0.7649138230172483,0.8304569229727715,1,3
0.7957728795398709,0.8375121134923805,1,3
0.7991484459845054,0.8522495402391478,1,3
0.6118215909401682,0.8522495402391478,1,3
0.567733084762991,0.8173987210691638,1,3
0.5739356077096829,0.8616005286530672,0,3
0.572905327363821,0.9093985949445972,0,3
0.927099264310402,0.9093985949445972,0,3
0.8779762853497709,0.8875717744937437,0,3
0.8708194012852275,0.8908036630157025,1,3
0.8465231661605308,0.87055178720408,1,3
0.62800263866821,0.87055178720408,1,3
0.665279090219563,0.8619735871327143,1,3
0.6532330619205633,0.9111919501730498,0,3
0.689840022756019,0.9058319013822336,0,3
0.7251845922699993,0.9028765381012026,0,3
0.7295839570287952,0.8879839049972267,0,3
0.7395314169887969,0.9151022301576708,0,3
0.7679128810056202,0.964209263928066,0,3
0.7781899853118176,0.9591466914560568,0,3
0.9416086993752408,0.9591466914560568,0,3
0.944492542197118,0.9230492396906554,0,3
0.6869604969469185,0.9230492396906554,0,3
0.7005026231018033,0.9418908334377212,0,3
0.9493652918603416,0.9418908334377212,1,3
0.992615676409132,0.9353458426434914,1,3
0.9850562797595652,0.931394913392136,1,3
0.973349929859777,0.9273144645178196,1,3
0.6799390510575809,0.9273144645178196,1,3
0.6897055179707051,0.9069394916401478,1,3
0.6756410590814736,0.8692667822404275,0,3
0.8986456295030889,0.8692667822404275,0,3
0.9270743550615188,0.9074831798025292,0,3
0.9286648835075646,0.9442790936401236,1,3
0.911858028193165,0.9282315377998508,1,3
0.6811132693840435,0.9282315377998508,1,3
0.6667442461392432,0.931208308740198,1,3
0.6652388835351033,0.9748033278214172,0,3
0.6465819168021746,0.93704176176658,0,3
0.6091630967338479,0.9511126752309008,0,3
0.6305662313752014,0.9459444930376844,0,3
0.6245931259522063,0.9193118269366144,0,3
0.6721895740719421,0.8853888897388186,0,3
0.7094435471834402,0.9351102483086406,0,3
0.6967766273891922,0.9541031999598087,0,3
0.939297510557255,0.9541031999598087,0,3
0.9077098756815186,0.9168910291856692,0,3
0.8947045563205647,0.8702129559411005,1,3
0.9265354522879358,0.9146701914240404,1,3
0.9164150915908056,0.9120988540978354,1,3
0.9572992753565484,0.8993734217363449,1,3
0.9161002766690888,0.9331051754937412,1,3
0.9398535480232104,0.9753976346409792,1,3
0.946714719915994,0.9343564965203316,1,3
0.9162017697903508,0.940808152088276,1,3
0.6957873823314563,0.940808152088276,1,3
0.6677092455305583,0.8994202639413561,1,3
0.6207397626998618,0.8720148241974298,0,3
0.8813957496814087,0.8720148241974298,0,3
0.866840542569672,0.8675046130199993,0,3
0.915696927473192,0.8811185041917949,1,3
0.954588541642262,0.8598097700695247,1,3
0.9087793724670375,0.8314211965560655,1,3
0.8641467850705465,0.8434223305595935,1,3
0.609445056221707,0.8434223305595935,1,3
0.5829774085370164,0.8208168120663064,1,3
0.5701754608652346,0.788662694074696,0,3
0.580698258443678,0.808535675027584,0,3
0.582303285881237,0.7747871090910484,0,3
0.5625556757475186,0.8166773524595722,0,3
0.5898938327802796,0.7729093818935642,0,3
0.5724456921339993,0.7871592338233226,0,3
0.544698328773601,0.7825996235275953,0,3
0.8394490244690449,0.7825996235275953,0,3
0.7981660831910603,0.8299392426818484,0,3
0.7507435994197168,0.7871068423724936,1,3
0.7265343593090545,0.801208357812311,1,3
0.6055128968847213,0.801208357812311,1,3
0.569494724385322,0.7894319212110824,1,3
0.5920872865046455,0.8348696055194421,0,3
0.5480178995326503,0.8048330379718635,0,3
0.5488040790265107,0.7932275263925971,0,3
0.5098007818415955,0.7690537264323717,0,3
0.5586502674769724,0.7386102264548348,0,3
0.8008033807092645,0.7386102264548348,0,3
0.756302812559101,0.7513977466959203,0,3
0.7093555752557369,0.7961016616805734,0,3
0.7567147585555376,0.788018892384362,1,3
0.7354899265928285,0.8291646338692082,1,3
0.7062304542090352,0.7948683164989597,0,3
0.7112766810507094,0.7846108947628394,0,3
0.6712154225637312,0.7750503645718242,0,3
0.6493361513832485,0.7611424253251953,0,3
0.6105547154639022,0.7981623355818761,0,3
0.5979836811337252,0.8096767354960976,0,3
0.5689214394592006,0.7992181550710777,0,3
0.8264691256633364,0.7992181550710777,0,3
0.7911191859405243,0.8354157922320654,0,3
0.8245239765254846,0.8476022606070579,1,3
0.8725165630610898,0.8137239910213176,1,3
0.885366754776761,0.8543570644448557,1,3
0.8930313991115617,0.8382813814417974,1,3
0.8598610775416975,0.8806651855452926,1,3
0.8508454635354702,0.8763926808852207,1,3
0.8480416221156857,0.8731032725262224,1,3
0.6470562757872109,0.8731032725262224,1,3
0.6513178987763035,0.8577852420931136,1,3
0.6327241467240452,0.8997323967667339,0,3
0.6130382954782878,0.9326876375191664,0,3
0.6028053939024235,0.945016216954301,0,3
0.5631117738601082,0.9067078089327034,0,3
0.5639108434453447,0.9454255664051826,0,3
0.9569637495272452,0.9454255664051826,0,3
0.9228956950791862,0.9229937899621564,0,3
0.9053008066548256,0.8733370084828803,1,3
0.9343033008136606,0.8312855693084696,1,3
0.8853025137338743,0.8110417389620094,1,3
0.8471875873230443,0.8431377907683784,1,3
0.6383509292760554,0.8431377907683784,1,3
0.6299331513582624,0.8646577459773067,1,3
0.6667177946109324,0.8887132131485543,0,3
0.6410557101681164,0.8839802110222476,0,3
0.5948742631128944,0.9023410285553576,0,3
0.9082168900350542,0.9023410285553576,0,3
0.898777341769821,0.9428256420576592,0,3
0.9305300609234214,0.905116491358443,1,3
0.8912304095777648,0.935370511139358,1,3
0.9209406710389136,0.9625032789189856,1,3
0.9114650703004734,0.9245031772137196,1,3
0.9387981774180754,0.9085049003191428,1,3
0.965491582667837,0.9325587117901292,1,3
0.6961434503582047,0.9325587117901292,1,3
0.7336728982432729,0.9528797310749968,1,3
0.7783447557599359,0.9061516145472231,0,3
0.8071041532239921,0.858476542581198,0,3
0.7715776866136446,0.8461702449991029,0,3
0.7636753144914422,0.7965472870237765,1,3
0.7446040146415231,0.7676128518773374,1,3
0.7220273169773578,0.7904136598301751,1,3
0.5650355811966262,0.7904136598301751,1,3
0.5486050555910208,0.8389390303780153,1,3
0.5228959985568687,0.7937526710926867,0,3
0.5535359614000125,0.7679578887293692,0,3
0.5768099526719217,0.7733982320963081,0,3
0.5733003735345491,0.7670187062595354,0,3
0.6168277037292152,0.7761920141315767,0,3
0.6656248434632037,0.7696254085301111,0,3
0.6892688408270622,0.7833750203144415,0,3
0.683685848558519,0.7481376586395769,0,3
0.71832938725545,0.7296870655792772,0,3
0.6791852757800869,0.7465755710092166,1,3
0.6876739408045611,0.697733658696322,1,3
0.6847729170806014,0.6846833353944555,1,3
0.6535701868853083,0.7234495111323496,1,3
0.6508778104611256,0.7108808720900457,1,3
0.6623930889543614,0.7469659712905069,0,3
0.6738543652435685,0.7740406933571302,0,3
0.7223961017431351,0.8089104315044886,0,3
0.7554716761603788,0.7892392874659564,0,3
0.7135943499102475,0.8112708457040717,0,3
0.7427548552696717,0.8418743185297234,0,3
0.7703259435116097,0.8532202243685505,0,3
0.7265972872194593,0.8241299013535754,0,3
0.7561084146927501,0.8422388775317102,0,3
0.7317432898127981,0.7978249055727266,1,3
0.6898021137529582,0.8380495618388935,1,3
0.6963956399359404,0.7922791558087029,0,3
0.7362035490526725,0.8291418985530894,0,3
0.6883094021760671,0.878540218708958,0,3
0.6828381005896017,0.911651381254602,0,3
0.6862890310335652,0.882681139512617,0,3
0.6369185818459738,0.8706145833841932,0,3
0.6108625383872128,0.8365665339508197,0,3
0.6001858062263883,0.8826556643469204,0,3
0.5826031639681177,0.8663741445531461,0,3
0.8724575722830739,0.8663741445531461,0,3
0.847479248342977,0.9132857554674588,0,3
0.8759647024260825,0.864652505154436,1,3
0.8573036114060465,0.8781459802270318,1,3
0.8221498569335758,0.8975955669671463,1,3
0.6786739101899186,0.8975955669671463,1,3
0.718998494074604,0.8592823240172532,1,3
0.7620171114417242,0.8413708455733631,1,3
0.7817963037711352,0.8052261274779591,1,3
0.8153630414940667,0.7672392428792979,1,3
0.7967293831949073,0.7492097622311918,1,3
0.791067634338862,0.7435738707654037,1,3
0.7826425850861655,0.7865612850075085,1,3
0.7670783115817943,0.7736486197834678,1,3
0.7874853943120806,0.7660209674810763,1,3
0.5738237138561388,0.7660209674810763,1,3
0.5831747995750449,0.7756832998559058,1,3
0.6145582533757014,0.7894655668383278,0,3
0.5891109458636422,0.7766186629088625,0,3
0.8129258239636741,0.7766186629088625,0,3
0.7676739987113981,0.7448563320780102,0,3
0.7834622009188612,0.7407678437406515,1,3
0.7767354977306585,0.7222655090946165,1,3
0.7570283210644018,0.6971417577892474,1,3
0.7263634623432123,0.6978348427769417,1,3
0.7636651046368071,0.6905205925157332,1,3
0.4978669290706178,0.6905205925157332,1,3
0.4889434744075323,0.7215835936573654,1,3
0.5382291258146459,0.7103564366032142,0,3
0.7541589245712979,0.7103564366032142,0,3
0.7746226440477761,0.6721370931298633,0,3
0.7972370073471755,0.6490667807022842,1,3
0.7907254055405719,0.6505182375182206,1,3
0.5053255875399278,0.6505182375182206,1,3
0.4937320658243266,0.604762872417235,1,3
0.4437733046872605,0.6473273975234272,0,3
0.4832245673648099,0.6956313436620345,0,3
0.4873793208954185,0.7186670993166759,0,3
0.4837138487139632,0.7635882304503561,0,3
0.4457085860887516,0.7626566271082624,0,3
0.4068472001349487,0.7128310721573211,0,3
0.3586072618019271,0.6984284805816608,0,3
0.7693171627370633,0.6984284805816608,0,3
0.7201758391863815,0.7386648368273823,0,3
0.7485477576531763,0.7843134610262692,1,3
0.769162513024717,0.8266011767743491,1,3
0.7481811732109468,0.8490526085840294,1,3
0.7946457562536109,0.8640096025708088,1,3
0.7870312988342386,0.8533258866812327,1,3
0.7371846203140769,0.8698392660290107,1,3
0.7825246546956333,0.904075520652458,0,3
0.8056133833595377,0.922962039025969,1,3
0.8363119776963169,0.8854900638405423,1,3
0.8085731973242708,0.8695617354766638,1,3
0.765975262672768,0.8571017273667156,1,3
0.729221351720859,0.8434453058606532,1,3
0.6832299138026092,0.8352767320349687,1,3
0.6375720788593069,0.8038988420423264,0,3
0.5999797241538248,0.8248717593181979,0,3
0.6257433335447544,0.856397077304432,0,3
0.6747056844688404,0.855343772049727,0,3
0.6615135765464379,0.8228820004443769,0,3
0.6893138865124039,0.854524266594798,0,3
0.7255241984667206,0.8284500695614283,0,3
0.7244008944156631,0.8169945833431792,0,3
0.8540315226240432,0.8169945833431792,0,3
0.896816735432866,0.7772380004111239,0,3
0.8942248751642095,0.7748918484328751,1,3
0.866683045667622,0.7254453444722083,1,3
0.8463520690930196,0.7172788757939513,1,3
0.8457559689350408,0.6831204040051301,1,3
0.5095327905254226,0.6831204040051301,1,3
0.4641054353832706,0.7288027423043192,1,3
0.4309172783319388,0.7048953340227918,0,3
0.3879015144249129,0.6876465135788614,0,3
0.422135932014283,0.6487744171030557,0,3
0.4014889649922678,0.615186289868991,0,3
0.3764620748852268,0.6236489184806718,0,3
0.4234112711499637,0.6085318151095989,0,3
0.4145013707954535,0.5685293432070638,0,3
0.6652954815193876,0.5685293432070638,0,3
0.6285562601794232,0.6057870732096546,0,3
0.6564390816397931,0.5619125641937903,1,3
0.6770458550877037,0.5860244063587042,1,3
0.6343455921763125,0.5979012310217606,1,3
0.6253782504575118,0.6159032771174247,1,3
0.6730028392989311,0.5944476792766455,1,3
0.639655607370056,0.6139092880087703,1,3
0.4313178917121334,0.6139092880087703,1,3
0.3840231454874228,0.6269900949566404,1,3
0.7218634898795635,0.6269900949566404,1,3
0.7553116794998995,0.6397786670191828,1,3
0.7238511245037912,0.6201107038763448,1,3
0.7623318096471591,0.6449333358776211,1,3
0.7973898782383279,0.6045463077974687,1,3
0.7735446903974582,0.5590436106589509,1,3
0.7287176161929907,0.5937877858513148,1,3
0.7769124072735129,0.5979236261159484,1,3
0.4469223128985287,0.5979236261159484,1,3
0.4463835272905066,0.6465687606058855,1,3
0.4059591843421611,0.6020051779667398,0,3
0.3560355970949596,0.6485149189540695,0,3
0.363377425633211,0.6503928892991269,0,3
0.3926113000552723,0.6868258613617444,0,3
0.4065378189696878,0.7030158736792557,0,3
0.7664380582904362,0.7030158736792557,0,3
0.7575162002571112,0.6829371448191927,0,3
0.7100453322264562,0.7053474795828614,1,3
0.7343954466154087,0.6646387900330828,1,3
0.7831360757743268,0.7117764198171421,1,3
0.7707258791918232,0.6680603031470739,1,3
0.78586930867934,0.6655885378445089,1,3
0.8002680852988279,0.6969110942500182,1,3
0.8425290429215936,0.7183273898150997,1,3
0.8326127318025468,0.7021910730286429,1,3
0.5101996802090331,0.7021910730286429,1,3
0.4739117639887698,0.654923339387732,1,3
0.4412782675035141,0.6881383690899596,0,3
0.4563034852800328,0.6602370683875003,0,3
0.4780979987259631,0.6182148862936687,0,3
0.4541648615309629,0.6635046618857559,0,3
0.4550457135655328,0.661540280729052,0,3
0.7413819078202094,0.661540280729052,0,3
0.7458032460759757,0.6497859728065644,0,3
0.7917640330705493,0.626125585184614,1,3
0.4718322247772378,0.626125585184614,1,3
0.4841963032367329,0.6301076606925152,1,3
0.435348940818949,0.6348479681315671,0,3
0.40662866529379,0.655679034819117,0,3
0.3571980242620174,0.6211214230125095,0,3
0.3683902977415047,0.6156843813232644,0,3
0.6974429316217259,0.6156843813232644,0,3
0.6691645036286957,0.6375318816901436,0,3
0.6670092221948184,0.6873686976828985,1,3
0.6870549704765261,0.6714212222215965,1,3
0.6835646969375057,0.6634310793341255,1,3
0.6919607385873303,0.7031212903543979,1,3
0.5247700909113152,0.7031212903543979,1,3
0.5708995003821931,0.6914056714245103,1,3
0.5257812011659729,0.7067987534921432,0,3
0.5183057506542753,0.7298423459485686,0,3
0.5580756104995194,0.6999129879576675,0,3
0.6045619786638639,0.7156029246229161,0,3
0.7831467779269438,0.7156029246229161,0,3
0.8233273521512885,0.6938691578376542,0,3
0.853551951394378,0.6814375766966045,1,3
0.83286245538553,0.6783652846937034,1,3
0.50491073072869,0.6783652846937034,1,3
0.5432747262410149,0.6476246757475774,1,3
0.5665666430062056,0.6807875244057768,0,3
0.5228160414953439,0.712888433602387,0,3
0.7618751725132071,0.712888433602387,0,3
0.7335005618110589,0.6883244204888631,0,3
0.7452863609699945,0.6405088829974984,1,3
0.7839189784031597,0.6221584183054344,1,3
0.7539184564637381,0.6210721473900742,1,3
0.4576112276693014,0.6210721473900742,1,3
0.4753958480224607,0.6164451259765067,1,3
0.4770007886741761,0.5983984635371923,0,3
0.6727526437308127,0.5983984635371923,0,3
0.6919534716839998,0.6195912561267368,0,3
0.4333856957525215,0.6195912561267368,0,3
0.4449211222240702,0.6494124041780559,0,3
0.4525452374166644,0.63288735158496,0,3
0.4497207363022706,0.5916328339806654,0,3
0.6858906659882397,0.5916328339806654,0,3
0.645520220257742,0.5662243217457016,0,3
0.6214372495750734,0.5342134709461877,1,3
0.3651160936693551,0.5342134709461877,1,3
0.402115047777454,0.5489540641497883,1,3
0.6417246687237044,0.5489540641497883,1,3
0.6412579817076127,0.588408488496411,1,3
0.6820187012673382,0.6064469336926641,1,3
0.6912105791921338,0.5970798103011663,1,3
0.6783405696671111,0.632542374234521,1,3
0.4625908491941023,0.632542374234521,1,3
0.46017310072523,0.6740797298018278,1,3
0.7455936188517046,0.6740797298018278,1,3
0.7191286046084906,0.6964564613230784,1,3
0.7535400787738076,0.7076748941819672,1,3
0.7085165092806688,0.6899981310014541,1,3
0.7534536591548684,0.6433096435265124,1,3
0.780375851017597,0.684896368719837,1,3
0.5103096489498539,0.684896368719837,1,3
0.4852439028067071,0.679804721349014,1,3
0.4958948903281526,0.6614421350549139,0,3
0.516059064132456,0.695173179775509,0,3
0.5018795099841171,0.6509940825654809,0,3
0.4888866762401224,0.6033974164032222,0,3
0.4965557508432939,0.5830830047944253,0,3
0.52217498881568,0.589661377666217,0,3
0.561247092820476,0.6385848766873737,0,3
0.5196924129841164,0.6139515931637662,0,3
0.7048700821827122,0.6139515931637662,0,3
0.6736551493691559,0.6547713503261633,0,3
0.7063688288245235,0.6781195126917218,1,3
0.7463703363090919,0.6881314349212195,1,3
0.6992878225145581,0.6558973514855294,1,3
0.6512580785683519,0.6832666481429784,1,3
0.7008096140097129,0.6634682969923946,1,3
0.4701998230016998,0.6634682969923946,1,3
0.491553218132675,0.6920497328795367,1,3
0.4977071656945523,0.7038234670755115,0,3
0.5167676199108839,0.7282445767968966,0,3
0.4778283361529676,0.7413099897955553,0,3
0.5074586780857893,0.7119562966632484,0,3
0.5500877694601475,0.6756324015531607,0,3
0.5549729200178328,0.6655726069696069,0,3
0.5442406482135419,0.6390932644785738,0,3
0.707791408798259,0.6390932644785738,0,3
0.7318938301091766,0.6305812955704474,0,3
0.7502710801238415,0.5914672438668527,1,3
0.7400821590546945,0.6178853820718492,1,3
0.713618615339486,0.6455262086527502,1,3
0.7433338634135069,0.6116125378700463,1,3
0.7586981767227858,0.5788939212552322,1,3
0.7492418726617026,0.6150647024039558,1,3
0.4749928561952665,0.6150647024039558,1,3
0.5014440570962734,0.6452170109976256,1,3
0.5139601926066726,0.6838016481075126,0,3
0.5171104782186041,0.6661650878550769,0,3
0.5541263852381408,0.664975806529577,0,3
0.5587711200385433,0.6269630022758713,0,3
0.5603917732149132,0.6621981502020066,0,3
0.5354174512619025,0.6385021935240497,0,3
0.7190665543834989,0.6385021935240497,0,3
0.7468800554519909,0.6050610687189386,0,3
0.7917678039441529,0.5839831658549262,1,3
0.8414171965042939,0.6308250282187086,1,3
0.8336222963323027,0.586347062301798,1,3
0.8089000158309905,0.6190131683887208,1,3
0.8030748423471633,0.5785543742936889,1,3
0.7550750650378769,0.5307489094890232,1,3
0.784725486385451,0.5042088812598335,1,3
0.7616696581586648,0.4768393200552995,1,3
0.3219270013618864,0.4768393200552995,1,3
0.3308549272956397,0.4938426851652767,1,3
0.308152281828613,0.4628245378658405,0,3
0.5701444376142158,0.4628245378658405,0,3
0.6021738525292959,0.4615235735469719,0,3
0.6396790861878661,0.4642030140174747,1,3
0.6039843160234426,0.5034755570075293,1,3
0.6212154385583714,0.5391989391430488,1,3
0.6024745077455723,0.4934968891552418,1,3
0.5842347448420441,0.4888964982908874,1,3
0.6066154978582482,0.4534509125043245,1,3
0.6066192723160873,0.5013099958272177,1,3
0.611249882273104,0.5111530521915594,1,3
0.3595043779117988,0.5111530521915594,1,3
0.3472434759242898,0.5596093294676561,1,3
0.3211002336447018,0.5329010980436342,0,3
0.3654831629768551,0.573696204069143,0,3
0.3877021169923845,0.5618055662405902,0,3
0.3932543487223957,0.5905014406915035,0,3
0.3705978046110784,0.5784871942077316,0,3
0.4131486357417736,0.5588519915779705,0,3
0.6338002839600747,0.5588519915779705,0,3
0.6715629835975598,0.5809932391485607,0,3
0.654408710836633,0.5413917384333484,1,3
0.6819073581981973,0.5475480945768465,1,3
0.6635796140499133,0.5099669485811577,1,3
0.6328378834457041,0.4977831452104675,1,3
0.6515823003735572,0.4641566712791479,1,3
0.6514739922586155,0.4620217874222498,1,3
0.3091012990081497,0.4620217874222498,1,3
0.3278263324053667,0.4556093960585469,1,3
0.3439557880551736,0.4134202015363605,0,3
0.5356264751402467,0.4134202015363605,0,3
0.5747065358067198,0.3925796649939322,0,3
0.5852673203598331,0.4307420988695682,1,3
0.538234036150214,0.4458396548892553,1,3
0.5674179286278198,0.4537701158721158,1,3
0.5405564380716144,0.437027955825312,1,3
0.5622919520901638,0.4172303550068929,1,3
0.527450735568986,0.4623554002633931,1,3
0.5408701930743418,0.5109547914932011,1,3
0.5552736158997139,0.5018221420993274,1,3
0.3576560636620227,0.5018221420993274,1,3
0.3554341933497124,0.4525931359618336,1,3
0.3981552411284553,0.4960946887294342,0,3
0.6198700210600863,0.4960946887294342,0,3
0.5761883651847323,0.5372299142089171,0,3
0.5973265914146864,0.4902361490726509,1,3
0.6470559072673778,0.5206905124133743,1,3
0.6155817844198885,0.4885192356828057,1,3
0.6395129226429961,0.4517818016247649,1,3
0.641503304592356,0.4244745988939457,1,3
0.6607175528758952,0.4507475037697404,1,3
0.3269386846446811,0.4507475037697404,1,3
0.3222348144869958,0.4190692408154314,1,3
0.2989025348716394,0.4244497448783765,0,3
0.5521586126487007,0.4244497448783765,0,3
0.5759824324320503,0.4299322432035654,0,3
0.5381943689632105,0.3944358066242693,1,3
0.5871083270577439,0.3529245830543869,1,3
0.2197938547097464,0.3529245830543869,1,3
0.2065682083824085,0.3239058873516868,1,3
0.1657528252114136,0.2837969870339845,0,3
0.1315497879596811,0.2911862244622578,0,3
0.1479510600672147,0.2449516493103313,0,3
0.1889233047874578,0.2476651028511696,0,3
0.1422876749021038,0.2879835782788572,0,3
0.1493372992052987,0.2838497742538623,0,3
0.3890340246580313,0.2838497742538623,0,3
0.4259578793675404,0.255082009205249,0,3
0.4314960700631147,0.2132758012580636,1,3
0.0661761656114582,0.2132758012580636,1,3
0.0784575190565511,0.2431246881547802,1,3
0.0419379146414929,0.2478713919061948,0,3
0.0499780131184884,0.2471834731319869,0,3
0.3802510679343471,0.2471834731319869,0,3
0.381990716623876,0.2315301419830986,0,3
0.1043587236558162,0.2315301419830986,0,3
0.0955388502642976,0.2214944334472602,0,3
0.069052158251789,0.2398947837665977,0,3
0.0557465958319982,0.2724182453555607,0,3
0.035883999365304,0.3020318099016307,0,3
0.082011042304331,0.2938940127955888,0,3
0.1152048311287756,0.3248549656802295,0,3
0.1209593507883599,0.3198003829370723,0,3
0.1058648111678742,0.3134405845404487,0,3
0.4298194275694973,0.3134405845404487,0,3
0.4430130915902538,0.3317929306438842,0,3
0.3977748173026552,0.3293317567326165,1,3
0.3756076201229986,0.3430810941226125,1,3
0.2216721682767414,0.3430810941226125,1,3
0.2244903172842495,0.3485362522148448,1,3
0.2452334730708611,0.3149288625546529,0,3
0.4442717511051939,0.3149288625546529,0,3
0.4424072393032178,0.3040789943866392,0,3
0.4255224764868587,0.3167821715725841,1,3
0.4711845611658026,0.2791077542116112,1,3
0.4587573182776424,0.287746866293815,1,3
0.1779039955745419,0.287746866293815,1,3
0.2104033894521324,0.3323893481701447,1,3
0.1965582301080272,0.2918521886480812,0,3
0.2214137190975298,0.3415857648146148,0,3
0.2521705511309696,0.3273252431732628,0,3
0.2233189823084732,0.3548136502217661,0,3
0.1908840701519892,0.3886512211055332,0,3
0.1430802058025053,0.4086352770181962,0,3
0.1634936022456117,0.4349083736725029,0,3
0.1573549884776194,0.4556459827754154,0,3
0.5641563202798127,0.4556459827754154,0,3
0.5761633623148222,0.5054695506917384,0,3
0.6187452882945337,0.5469375295641677,1,3
0.5705651978246116,0.5620005204862883,1,3
0.6047123908368711,0.6048354234912222,1,3
0.5894980864432966,0.5574846688143081,1,3
0.6198984890514176,0.5818746015987807,1,3
0.6233983320007169,0.5558432746686712,1,3
0.5888500207294393,0.5679015417219668,1,3
0.5505284492875114,0.5962884931649544,1,3
0.5751876973797908,0.5465249257609485,1,3
0.5491010545856786,0.5755604776228546,1,3
0.5469067872537587,0.575676004092747,1,3
0.5022347281409855,0.6070018276665853,1,3
0.5382156486658358,0.6557646353879379,1,3
0.5235571860886493,0.6943718164058806,0,3
0.5557682659044914,0.7019787062709416,0,3
0.5643886254995844,0.7161668949554935,0,3
0.6099012145765571,0.7259610652172327,0,3
0.6488417158037144,0.737035371682486,0,3
0.669527716878561,0.722706079289165,0,3
0.6734429396503703,0.7090162815123255,0,3
0.7034435809587145,0.7100335194297969,1,3
0.6560225899882781,0.6832821476626568,1,3
0.6854790664197646,0.7047553821221313,1,3
0.6884848839149654,0.689311792641272,1,3
0.6483092951781539,0.6571823613660412,1,3
0.6054809538716207,0.6245600318717558,1,3
0.628707746182209,0.6128579592572383,1,3
0.6204966033600442,0.612116299102502,1,3
0.433032206150632,0.612116299102502,1,3
0.4346030976424929,0.6426605795833434,1,3
0.7218804206536623,0.6426605795833434,1,3
0.7276494672460654,0.599377552496341,1,3
0.6807408247273207,0.5832825932724488,1,3
0.7190915650382632,0.5435177125568619,1,3
0.7496321710396731,0.4970572547849507,1,3
0.7444573440646808,0.4723586038378015,1,3
0.7446279530568004,0.4807271753651299,1,3
0.7388992715962839,0.4447737312722929,1,3
0.3191185380889108,0.4447737312722929,1,3
0.2692455358964524,0.4854571271351658,1,3
0.2359284747381746,0.5317139641239842,0,3
0.6472641100903833,0.5317139641239842,0,3
0.695127418000867,0.5747926899339245,0,3
0.7438144230723681,0.5709433225765836,1,3
0.7183081813016392,0.6107731547187769,1,3
0.7525701380360865,0.6236297857113198,1,3
0.7908439636054433,0.6653958535190992,1,3
0.7510581866810784,0.7131838349917105,1,3
0.7028844744794907,0.7619005003866773,1,3
0.7100614290612413,0.800298087344769,1,3
0.7319970589721772,0.7720213998995702,1,3
0.6887422394808352,0.7372247427692267,1,3
0.6624440651384776,0.7201490792854752,1,3
0.662902391846949,0.6780172264937571,1,3
0.6511074301661164,0.6835182256416328,1,3
0.6927199727336808,0.6656269441169402,1,3
0.7078467980715278,0.7090980930350637,1,3
0.7288530799238969,0.6885047831475782,1,3
0.7156802460483682,0.7010518767994347,1,3
0.672998126185235,0.7039782698727226,1,3
0.5166166247325481,0.7039782698727226,1,3
0.5245710319506127,0.694631144654913,1,3
0.7723085534671612,0.694631144654913,1,3
0.8208592108389738,0.7112268585549658,1,3
0.5150469924634191,0.7112268585549658,0,3
0.5061935719627502,0.671576985536541,0,3
0.4841008514726246,0.65854930143923,0,3
0.4408582579742691,0.6442192377978304,0,3
0.3969079700296328,0.6365821124457376,0,3
0.3840189849675542,0.6316104529514822,0,3
0.4259897385806662,0.6127504018138451,0,3
0.6769325621944078,0.6127504018138451,0,3
0.6716716896545879,0.5869771433737914,0,3
0.7154332069444004,0.596697136733812,1,3
0.7558580619961234,0.6038118680738837,1,3
0.7117892611331279,0.6416419827179961,1,3
0.6948216453973589,0.6259216005291377,1,3
0.7436285670046451,0.6552091373410556,1,3
0.7222302239465904,0.607585992948351,1,3
0.4404560775953663,0.607585992948351,1,3
0.3969793751100353,0.5921602746624988,1,3
0.4434193008137645,0.5474542064198296,0,3
0.6238057799973449,0.5474542064198296,0,3
0.6280199597409325,0.5302387221884094,0,3
0.3897205383529977,0.5302387221884094,0,3
0.344111231168549,0.4897669580176206,0,3
0.3192000411143241,0.4571374033506988,0,3
0.3310084675506838,0.4092212093295285,0,3
0.3653343842541939,0.4447803077807163,0,3
0.3679585815974542,0.4049005996746157,0,3
0.5050559760166694,0.4049005996746157,0,3
0.4676200822250788,0.3932946373871928,0,3
0.0881126488704289,0.0688588231130782,0,4
0.1189523870441582,0.1005840817806251,0,4
0.1531072550875514,0.1269514136175728,0,4
0.1988697031764651,0.0889201738088491,0,4
0.2028817666726479,0.1223933659270846,0,4
0.1772214479473197,0.1605540368350256,0,4
0.2136640051989201,0.1249025223589362,0,4
0.2590335757952597,0.0990794066821545,0,4
0.2835725069991851,0.0817460725200998,0,4
0.2444371407989767,0.0824990357396293,0,4
0.8109272754050605,0.0824990357396293,0,4
0.8530789718196061,0.0437978819884171,0,4
0.810364475734544,0.0439939149769701,1,4
0.791335845504034,0.0711172984397759,1,4
0.8248200401088008,0.0658329299948269,1,4
0.8532303509456459,0.1000690376439224,1,4
0.847568218731764,0.0957633395615379,1,4
0.8711220692968918,0.140604085168057,1,4
0.8496627391919794,0.1537783058738836,1,4
0.8465169363010199,0.1979689809499937,1,4
0.6847284981291373,0.1979689809499937,1,4
0.7001605750024507,0.1985287016858993,1,4
0.7480993408631451,0.1485937373905095,0,4
0.918011812048548,0.1485937373905095,0,4
0.893561221098016,0.1939973376747343,0,4
0.9434238700621732,0.1988739432255095,1,4
0.963303769153824,0.1773446139808791,1,4
0.9576591178498232,0.2225222544417998,1,4
0.9142622762427474,0.2148589162325044,1,4
0.9184142694216824,0.2159734496806047,1,4
0.6662465667213385,0.2159734496806047,1,4
0.7100020705202785,0.1710324904388956,1,4
0.6925149284257066,0.2095486850201049,0,4
0.7340890675078943,0.2516717252855046,0,4
0.7392389793162997,0.24218985887667,0,4
0.708097144596379,0.233983887530055,0,4
0.7111190298310919,0.234434738117082,0,4
0.70719542554819,0.2320027966916841,0,4
0.7525872713490305,0.2182677529501449,0,4
0.7585171707320499,0.168928306445005,0,4
0.7388859697256327,0.1733367581408807,0,4
0.7386569986341842,0.2168040775753868,0,4
0.7164571488882718,0.2509729908496566,0,4
0.7655674354013112,0.2495893809084885,0,4
0.7497613452452938,0.2251368895640596,0,4
0.7473928701433499,0.2177446906299484,0,4
0.7047732704883738,0.2212075986635629,0,4
0.6746032034763211,0.2046683575832179,0,4
0.6429004747879015,0.1809628030441641,0,4
0.6285379651557718,0.2020774111454241,0,4
0.6460823993314037,0.1883041456320106,0,4
0.6347875129509638,0.1979328533824007,0,4
0.672141952589831,0.1891278514737451,0,4
0.6701030182445475,0.2381038520062325,0,4
0.8573421418687174,0.2381038520062325,0,4
0.8111730030591641,0.2334877573981859,0,4
0.8096776572868575,0.2255633620384106,1,4
0.7891612759971028,0.1911353140582349,1,4
0.7518431065963017,0.1559303515908556,1,4
0.7819021215390182,0.1368538123116381,0,4
0.7622227002961919,0.1684831081069887,0,4
0.7332527486473198,0.1915411342180334,0,4
0.7109128779658777,0.1714447234082339,0,4
0.91505669644476,0.1714447234082339,0,4
0.9379225658085266,0.1607824441241052,0,4
0.8927208521337944,0.1373986497872419,1,4
0.8828534163862677,0.1746184236251381,1,4
0.6833053119809387,0.1746184236251381,1,4
0.6377762172610619,0.1928310152963886,1,4
0.6782855506790596,0.2189307151955114,0,4
0.6537117475025404,0.1869355584399534,0,4
0.658054083245992,0.2140046920277258,0,4
0.697383463158134,0.2406586777834222,0,4
0.8561586462067193,0.2406586777834222,0,4
0.8596046296825228,0.2543629614503644,0,4
0.8692534879531293,0.2469893825164187,1,4
0.9129912938316748,0.2218244929239901,1,4
0.6188421730786662,0.2218244929239901,1,4
0.6421008325457904,0.2480477446906243,1,4
0.6125244182005948,0.2786280155174183,0,4
0.5890810628461505,0.3093140560786264,0,4
0.5899199751512003,0.2945096978775579,0,4
0.54860748005269,0.2811275383009916,0,4
0.5197097759362771,0.2388458330949972,0,4
0.5498834768390738,0.2814436293516708,0,4
0.5879130788605228,0.3017919542558768,0,4
0.6163094946630812,0.3212735910184269,0,4
0.61695627154009,0.368780048223328,1,4
0.6049051065658418,0.3371846937483854,1,4
0.5551835995595403,0.3688359712313439,1,4
0.5328288615467398,0.4127334971455655,1,4
0.4842833779936116,0.4538041779252455,1,4
0.4368636415511065,0.4670600535630689,1,4
0.0911487297696113,0.4670600535630689,1,4
0.0740911193278009,0.4858956810759754,1,4
0.0292430425704291,0.5114606902716015,0,4
0.3097194321611533,0.5114606902716015,0,4
0.302558168748077,0.4811122315006892,0,4
0.3087116417890856,0.4831598811247048,1,4
0.3312411772657517,0.5188099606963941,1,4
0.3092217146102548,0.5278428841865656,1,4
0.2738001706326576,0.5767630599243274,1,4
0.2274397663338753,0.5290990880301736,1,4
0.2751633074751421,0.4797758859616785,1,4
0.2887468418904167,0.4765110778041212,1,4
0.2633569448206526,0.4544083498135235,1,4
0.2740640165524167,0.4418289059326031,1,4
0.2745778302176004,0.4288701992176487,1,4
0.3043519184723985,0.402848116265697,1,4
0.3032759585574703,0.3680519412314025,1,4
0.261008374122329,0.3617215697133067,0,4
0.2163360665959799,0.3791489374123893,0,4
0.2202254193577419,0.3559175350218785,0,4
0.2439229810971911,0.3586993524387123,0,4
0.2346947882643663,0.3656344928983686,0,4
0.5426574254984112,0.3656344928983686,0,4
0.5708783451424638,0.3191120734463319,0,4
0.5867355082353669,0.2959734870858829,0,4
0.5611168014779754,0.2500000619566935,0,4
0.5250099779092153,0.2272181832550522,0,4
0.5487006712044737,0.2136368960272087,0,4
0.5283084984721055,0.1827893432721522,0,4
0.4811853410957375,0.2078679889318502,0,4
0.4687972309832724,0.1628127640848515,0,4
0.4592442656949605,0.1193189127895173,0,4
0.4100199780226418,0.164706353062414,0,4
0.4270702225000742,0.1318050164222625,0,4
0.8879413099183584,0.1318050164222625,0,4
0.9196313122861566,0.1140225802923645,0,4
0.9576946784771022,0.0949531179072552,1,4
0.9154575279473384,0.0933389871945119,1,4
0.6109805899844798,0.0933389871945119,1,4
0.56896946559074,0.1218825517811543,1,4
0.5733351471951094,0.167349637129459,0,4
0.6044330638485217,0.1240606127051078,0,4
0.5944447225559775,0.1639207830808945,0,4
0.6250692127440428,0.1501256625441022,0,4
0.941216056352188,0.1501256625441022,0,4
0.8918672156477501,0.1062439435235403,0,4
0.9080746234242412,0.0865419598230825,1,4
0.8922247773004995,0.0877909878651117,1,4
0.9386860302732722,0.0411242980026035,1,4
0.9626071241674756,0.0694906212437662,1,4
0.9284330420171968,0.0551105594756227,1,4
0.9382310027799352,0.0238097511801349,1,4
0.9122435160719656,0.0704169971859884,1,4
0.9402344902041708,0.1023330384758069,1,4
0.6368885311430187,0.1023330384758069,1,4
0.6783879848300538,0.0578431904181151,1,4
0.7222695697660297,0.0601664436277201,1,4
0.5150015881589937,0.0601664436277201,1,4
0.5150035930122766,0.0909093490427369,0,4
0.5192124795763646,0.0911982909217056,0,4
0.5007456768365187,0.0484660700946877,0,4
0.5067808536833086,0.0744188363756396,0,4
0.4885722726747762,0.081263049195969,0,4
0.4595504803153338,0.0831056888573208,0,4
0.4517831374020211,0.0390339181980782,0,4
0.4714867890720405,0.0536158891662113,0,4
0.4788051828198054,0.0625227479153888,0,4
0.7705723526989445,0.0625227479153888,0,4
0.7222920122235715,0.0363480224922589,0,4
0.7010618248462134,0.0634856963170617,1,4
0.6732506319347502,0.1026096321902444,1,4
0.6447620887614635,0.0601290394282082,1,4
0.650918433339917,0.0955173701314483,0,4
0.6814600653223597,0.0787222389584816,0,4
0.6973195549225679,0.0765043853655113,0,4
0.7315378789845473,0.0609411717947678,0,4
0.7499171070308199,0.0300839559683305,0,4
0.7617297323500343,0.0562907548262752,1,4
0.740179363900642,0.0893465852051291,1,4
0.7462828981396847,0.0752373206446139,1,4
0.7200675908160327,0.0695867971793962,1,4
0.5370992046067482,0.0695867971793962,1,4
0.5804603519483816,0.047322742108317,1,4
0.5625160480888101,0.093955490079106,0,4
0.5513793408250595,0.1147476799004828,0,4
0.5090882022701291,0.0832711825124457,0,4
0.4926810684960532,0.0710545804447993,0,4
0.4539296115006753,0.1131124182154484,0,4
0.4932672609243151,0.1022173028770317,0,4
0.505161553001056,0.0763603811484597,0,4
0.8279304686017739,0.0763603811484597,0,4
0.8576678346956469,0.0533349191803501,0,4
0.8698305476282073,0.0897429547128216,1,4
0.846945460997433,0.1006983811471168,1,4
0.8227413682660795,0.1110129497063443,1,4
0.8029346477313458,0.1020402120269548,1,4
0.7594625585664986,0.1350158673822269,1,4
0.8069412484548862,0.1303859301478739,1,4
0.8192292507522897,0.1425448550890219,1,4
0.7736937851214662,0.1263137934683489,1,4
0.8236568530795163,0.1445065236551613,1,4
0.8456151230072247,0.1561013982942606,1,4
0.801172113294357,0.1190392835777337,1,4
0.7783576879058978,0.1137537654441358,1,4
0.7714296903268957,0.1312403469579861,1,4
0.7517807285945768,0.1394349914389449,1,4
0.7515117769018592,0.1342487650092865,0,4
0.7871417438840426,0.1097031000990815,0,4
0.7864299634895843,0.0616283730729555,0,4
0.7829018179425908,0.0122750394529498,1,4
0.8251805302416847,0.0160850776206518,1,4
0.8298869358428694,0.0249989865513954,1,4
0.8318070487127665,0.0272992373128217,1,4
0.8621975125875234,0.0310520680465545,1,4
0.4754126111725211,0.0310520680465545,1,4
0.4408347866216174,0.0800674856559349,1,4
0.4566017200713241,0.1256833862900662,0,4
0.490461298985726,0.1309954586252413,0,4
0.5020560619231875,0.1157803501011117,0,4
0.8797587092054613,0.1157803501011117,0,4
0.8975628832059414,0.1512483299978819,0,4
0.6496957314959612,0.1512483299978819,0,4
0.6596069879660664,0.1416715116075748,0,4
0.6532261267812745,0.1540303861532955,0,4
0.6407824960597959,0.172143105038338,0,4
0.6674816730070233,0.1301803387342533,0,4
0.6827269015934699,0.1078217834826579,0,4
0.7255414808732045,0.1299288170771207,0,4
0.8996488642754673,0.1299288170771207,0,4
0.9278858280749878,0.095033051140022,0,4
0.6049438916114946,0.095033051140022,0,4
0.6002390995892591,0.1021484028500365,0,4
0.8577130496422294,0.1021484028500365,1,4
0.8187072783388057,0.130657366373077,1,4
0.6592946445580348,0.130657366373077,0,4
0.6911271653254508,0.1352152315589246,0,4
0.6606367920696543,0.1424300284274477,0,4
0.7059128454107588,0.1178409384375877,0,4
0.6623951378982965,0.1336930776704946,0,4
0.6974291130280845,0.174506371126853,0,4
0.9260989083923872,0.174506371126853,0,4
0.886257479674477,0.1247874528894854,0,4
0.8398388118952697,0.0983623284547894,1,4
0.7923680555299512,0.1392161961241202,1,4
0.6820523343017182,0.1392161961241202,1,4
0.6757833845875955,0.1685097086530909,1,4
0.6991963167181864,0.2137128354670973,0,4
0.6664906948936385,0.2542453276649143,0,4
0.6523990714935366,0.2223400420435448,0,4
0.6568805139782522,0.2445149819854506,0,4
0.861291558139053,0.2445149819854506,0,4
0.8636079359544823,0.2089359879437626,0,4
0.6589698022117934,0.2089359879437626,0,4
0.6443301369995273,0.2428007402707795,0,4
0.616656089459672,0.2834537362727544,0,4
0.5909374112337571,0.292473273439844,0,4
0.639706755999161,0.2801296540349525,0,4
0.615163011612721,0.3099910785172132,0,4
0.6310522933237079,0.3132186212710313,0,4
0.6647749843656157,0.307557567474311,1,4
0.6689321949286277,0.2746542582242598,1,4
0.6234751548359067,0.2379970758697857,1,4
0.6511919680299538,0.2570322465320565,1,4
0.6249472508850611,0.3019259160221312,1,4
0.6715839386632758,0.2962247379058149,1,4
0.6797553998567823,0.2697938439755252,1,4
0.7137324354870187,0.3041505691238428,1,4
0.7585486400863137,0.3439959143747674,1,4
0.8012784777794408,0.3362105802628194,1,4
0.8465351129804736,0.3115266032324941,1,4
0.8400951021463969,0.2843166863037423,1,4
0.4951489858170369,0.2843166863037423,1,4
0.5253934234620861,0.2660547830235774,1,4
0.799414090819529,0.2660547830235774,1,4
0.7833121184052767,0.3139408193600096,1,4
0.7352048844534684,0.3390523527113443,1,4
0.7231973956332587,0.3697567143107805,1,4
0.7193298836456676,0.3851642572627168,1,4
0.6764350357055192,0.4172781768632103,1,4
0.6816643881405001,0.4257430132064472,1,4
0.7204778377116973,0.4573458636298975,1,4
0.755731426546782,0.4078696149926931,1,4
0.7643202174734748,0.4082500037925078,1,4
0.1613427134700938,0.4082500037925078,1,4
0.1784931240360391,0.3909413228702124,1,4
0.1451928042787684,0.4358946660704151,0,4
0.1358988340699618,0.4467072219337312,0,4
0.1115978586094395,0.4446461967836609,0,4
0.0892271435075597,0.4877967320172554,0,4
0.1278647560290042,0.4462585357633422,0,4
0.381832159011841,0.4462585357633422,0,4
0.3828891077001399,0.4459196793510461,0,4
0.3599835438386801,0.483820316165155,1,4
0.3518506527527781,0.5002110393662934,1,4
0.3376418450744505,0.5096153229621745,1,4
0.3348694422878254,0.4827851826165776,1,4
0.3838602440020355,0.5019630240716519,1,4
0.3924108384310571,0.456222029491213,1,4
0.3723434242282495,0.4885834973439744,1,4
0.3704708131113673,0.5109549689671569,1,4
0.0589683379755896,0.5109549689671569,1,4
0.0504565839759895,0.4700539311522135,1,4
0.0811723887647802,0.4919790605164142,0,4
0.0886004999146226,0.5126922039986689,0,4
0.0572355098808476,0.4796876967118573,0,4
0.0751913098146742,0.4720238948978115,0,4
0.08601781943666,0.4260963254449291,0,4
0.1104056581170788,0.413219837143831,0,4
0.4405484563790023,0.413219837143831,0,4
0.4786192240459546,0.388215571467931,0,4
0.5108322666791052,0.3476684050123549,1,4
0.5441151396506088,0.3075507720391616,1,4
0.5452276706706269,0.3126378187958442,1,4
0.5024595290061415,0.3524563116132887,1,4
0.5141611254963224,0.3201020994634853,0,4
0.5290312305597654,0.2934013703391407,0,4
0.4925429569460806,0.2648634941785214,0,4
0.509196820093897,0.3061867270911278,0,4
0.4598794901129546,0.3142669683072276,0,4
0.4118591201598229,0.337205449871618,0,4
0.4229605529336599,0.3355845245128261,0,4
0.4016511776784572,0.3155999633030755,0,4
0.6782454776525034,0.3155999633030755,0,4
0.7137304864168055,0.3152529913407865,0,4
0.7539318344538908,0.269218915267346,1,4
0.7185556115611331,0.3048766243576394,1,4
0.7385632721600977,0.254991866608259,1,4
0.7766921922543626,0.2081540401934525,1,4
0.798814037131424,0.1854641279769324,1,4
0.769112355344187,0.1493076027531709,1,4
0.7688227821580292,0.1829965733875195,0,4
0.8048061719483728,0.1719295917752941,0,4
0.8028429877192738,0.1318859995300844,1,4
0.8496466460282744,0.0834512818781354,1,4
0.8235469477015053,0.0910774344997747,1,4
0.7824834248386134,0.0862050183192081,1,4
0.7764726662876333,0.1077315254006274,1,4
0.7475251952026115,0.1236771644925647,1,4
0.7488038931945518,0.133611460310795,1,4
0.7561866017490538,0.1014477438140961,1,4
0.7823140674401508,0.1410984209543076,0,4
0.776158249992165,0.0961193817563665,0,4
0.8074143335887474,0.0874432900123072,1,4
0.8421574443192612,0.0591788020874495,1,4
0.8796664005988298,0.0878285108585853,1,4
0.907588299353842,0.1275600775278739,1,4
0.9351461013228984,0.1468013034003167,1,4
0.939744659735509,0.1537963914319327,1,4
0.936420932009171,0.1201685671965273,1,4
0.9330519849066112,0.1692494563125117,1,4
0.8976990313603487,0.1538448553964072,1,4
0.6832468389471961,0.1538448553964072,1,4
0.7159966613467542,0.1119715172245773,1,4
0.6934584726487362,0.0726777345817631,1,4
0.7034152985362178,0.0370099530772356,1,4
0.6908109470655394,0.081193210598648,0,4
0.7104460550559581,0.0679045250757857,1,4
0.7138475456074505,0.0484195046292254,1,4
0.7025863942361197,0.0780560264153093,1,4
0.7030116071562934,0.0966759185539301,1,4
0.7217146342634423,0.0660592856230167,1,4
0.7716489368446914,0.059138367105324,1,4
0.7643075275543149,0.0455706394340912,1,4
0.7636824331029233,0.051624292838408,1,4
0.8036522998922772,0.0510567757151361,1,4
0.7793488777900688,0.0902314104852859,1,4
0.8128849207088761,0.0610676044476588,1,4
0.7820236878883027,0.0620994473369616,1,4
0.7433098627511913,0.0148975588761689,1,4
0.4353009045952242,0.0148975588761689,1,4
0.4846221409633054,0.0405997456139096,1,4
0.4886674069812883,0.0500204077822919,0,4
0.4691157017455085,0.0623420643580376,0,4
0.4716866511632253,0.0306146535911104,0,4
0.5071827596051993,0.0536472293813404,0,4
0.7642084288134829,0.0536472293813404,0,4
0.8086330224874224,0.041084026672463,0,4
0.4822033258910989,0.041084026672463,0,4
0.4366707175545916,0.0748666253472268,0,4
0.4199414231035867,0.0630555128054853,0,4
0.4551134648650098,0.0185796107063077,0,4
0.4584806568448331,0.024129052913543,0,4
0.4193788917711885,0.0653718323854938,0,4
0.4123063723626067,0.0775843101590684,0,4
0.418216532013077,0.0503178319745679,0,4
0.4353800552885543,0.0773068402182587,0,4
0.8367272803578305,0.0773068402182587,0,4
0.877509517540585,0.0622833069216637,0,4
0.8792224501188217,0.080270107296315,1,4
0.8931417279220931,0.0645132586279132,1,4
0.5447925584403529,0.0645132586279132,1,4
0.5597492072518903,0.0496116502768067,1,4
0.6093474559545926,0.0496379442905364,0,4
0.6136056361443477,0.097093644668964,0,4
0.6084209009130304,0.0866402360523938,0,4
0.6007652595546414,0.1242226303583434,0,4
0.6200937519650146,0.1506165195025864,0,4
0.591467106612348,0.142662246804558,0,4
0.9129900068321511,0.142662246804558,0,4
0.8705868842421027,0.1122701771186429,0,4
0.914609987745351,0.0698459524812084,1,4
0.8893004412112904,0.0612851643477189,1,4
0.8772390167887086,0.0836227373516985,1,4
0.5641347400380224,0.0836227373516985,1,4
0.6031724585214373,0.0874559150602606,1,4
0.619748810091655,0.0765644585089687,0,4
0.813566193518034,0.0765644585089687,0,4
0.8413828851307353,0.1081639744170137,0,4
0.8824346929767067,0.1477921755488392,1,4
0.8492118305431696,0.1404583079210915,1,4
0.855274518862841,0.1821891217162905,1,4
0.6591352299640503,0.1821891217162905,1,4
0.683330918464781,0.2305008912947874,1,4
0.8801688197266453,0.2305008912947874,1,4
0.847568188635881,0.2391296760769406,1,4
0.8825664026615092,0.2521156892025343,1,4
0.872554382177935,0.2098006357737585,1,4
0.6699504321507472,0.2098006357737585,1,4
0.6826110900154124,0.2258518379853411,1,4
0.6425666478950562,0.2541335591036148,0,4
0.6870622204443739,0.2275058860245504,0,4
0.6732571403337018,0.2668499139208412,0,4
0.6608285269633756,0.300682427107189,0,4
0.6581039603259028,0.3228565228368378,0,4
0.6930461652159859,0.3546809289817269,1,4
0.6563903204859635,0.3077111910250307,1,4
0.6179736181580618,0.3499029105703933,1,4
0.605403254843515,0.3493307825566618,1,4
0.5867982983560796,0.3276822852230256,1,4
0.588977663508462,0.2909468971278553,1,4
0.6193704185421668,0.2768966236733541,1,4
0.570786779384848,0.2629451041410051,0,4
0.5439116884860761,0.2377971652625798,0,4
0.5307879392262524,0.2467818997353842,0,4
0.5173706694808412,0.2488207391701448,0,4
0.5212161165400068,0.2418371632087779,0,4
0.4890548049841123,0.2005545422037369,0,4
0.4599650556802172,0.155135600544587,0,4
0.4993485283186201,0.1755731880195717,0,4
0.9064173253942528,0.1755731880195717,0,4
0.8878027653662991,0.1870995130884779,0,4
0.8845623956483002,0.2162086390033133,1,4
0.6241179095919273,0.2162086390033133,1,4
0.6563660631187067,0.2424113836975609,1,4
0.7027698945615439,0.1934759016320415,0,4
0.7040542623736007,0.2185511996512019,0,4
0.6725516115782921,0.2427610225666343,0,4
0.6953060157194927,0.2382622114677912,0,4
0.679484614485577,0.2712844595318471,0,4
0.7091799907213951,0.2265725124001171,0,4
0.7196844709702671,0.2407245260997245,0,4
0.7332536031257693,0.2586512015379916,0,4
0.6857903979006253,0.2871176375573294,1,4
0.6810337449515032,0.2958977730011874,1,4
0.6331512375033962,0.2806905375256708,1,4
0.6516421377774259,0.2464247872456537,1,4
0.633458984328354,0.252554243533768,0,4
0.6147094087490766,0.2932780435632232,0,4
0.6377934561495275,0.3403285310903464,0,4
0.6090890298802006,0.3515519731800841,1,4
0.5775282020692695,0.3299787932844053,1,4
0.5560044538565487,0.3699797927290039,1,4
0.601310961474008,0.3445684572342115,1,4
0.6114254843169395,0.3039458267875747,1,4
0.5664175025119582,0.2570710282792157,1,4
0.5929859882560025,0.305804373096909,1,4
0.5466568594788511,0.3423296485335774,1,4
0.5592275642376187,0.3340366694545189,1,4
0.5934274452488717,0.3244035163451874,1,4
0.6407944585541928,0.3610231256426233,1,4
0.6150600395701468,0.3468257350856131,1,4
0.5768885720266533,0.3966695209468244,1,4
0.6142408920673084,0.3740470471646211,1,4
0.2780043143245836,0.3740470471646211,1,4
0.2716493879557478,0.3328079224969704,1,4
0.2403032570122116,0.3321850703736027,0,4
0.2126387628221819,0.3799597469761471,0,4
0.4749417019017852,0.3799597469761471,0,4
0.4562579091855869,0.3399363467946635,0,4
0.469016570406114,0.374907389607598,0,4
0.4464715060786804,0.3250819924953772,0,4
0.475520015081791,0.3611863413327084,1,4
0.4844579004542907,0.3882678380265221,1,4
0.513852756804776,0.3798961821499366,1,4
0.5457592416414215,0.379165888916529,1,4
0.5367612458476082,0.34201178603902,1,4
0.5798208008157312,0.3195306463456509,1,4
0.5366410300952318,0.3336966182566095,1,4
0.49671917238032,0.2903184146701207,1,4
0.5371109863454723,0.2941057621819909,1,4
0.4977308443737541,0.3002844005332308,0,4
0.5422166144721318,0.3228657868545289,0,4
0.5909865616764411,0.3146929891246591,0,4
0.5789227162234608,0.2832295387219176,0,4
0.6154931764814866,0.2813803153314385,0,4
0.5824234875321848,0.3017067526456934,0,4
0.5716194418551438,0.3173757435460598,0,4
0.6076003854657457,0.3255227605851418,0,4
0.6012109503006571,0.3254920768477389,1,4
0.5901803115019596,0.308688497515499,1,4
0.584433365975378,0.2802032040696942,1,4
0.5353601010746178,0.2659884379472912,1,4
0.5777829058001142,0.260257582232549,0,4
0.5925983092415725,0.3066771110803699,0,4
0.6111139235930688,0.3180854773847561,0,4
0.619230284424649,0.3113286074156438,1,4
0.5806909605053205,0.3529439904956163,1,4
0.5544268876198257,0.3408062153027997,1,4
0.5097094320305003,0.3536513528629311,1,4
0.5314008475394634,0.4022501717012516,1,4
0.5018501453602363,0.3972425144593794,1,4
0.5250698507990886,0.3666654511105492,1,4
0.5023061944293367,0.3333195638383017,1,4
0.3718559486173686,0.3333195638383017,1,4
0.3815804583645347,0.3432115297615092,1,4
0.3426088806900324,0.3700731883020429,0,4
0.3487458010183372,0.3784668820402302,0,4
0.3550518029991057,0.3747868451133802,0,4
0.3541213683960922,0.3950418149815744,0,4
0.3851169808380301,0.407736923978457,0,4
0.3664264660445144,0.3906247123874813,1,4
0.333885946341201,0.3685020626311218,1,4
0.2852130793254091,0.4060415933575392,1,4
0.2691673420740736,0.3644363553458978,0,4
0.228410304471694,0.3357112027384372,0,4
0.237579222421764,0.317938753708042,0,4
0.2445014356505807,0.3199163564726254,0,4
0.2724013975499366,0.3626668938985846,0,4
0.3146871938216636,0.3527545254751882,0,4
0.586022951841784,0.3527545254751882,0,4
0.5804607649014846,0.3216563520032513,0,4
0.5907052647131876,0.3066933897633324,1,4
0.5470367890281167,0.2883965223301076,1,4
0.5402077089822427,0.2941954146407622,1,4
0.5661492022857805,0.3188810114927288,1,4
0.5827214881475478,0.3356487299582788,1,4
0.5576164224685287,0.2946523118524936,0,4
0.5604629160287906,0.3273519322452745,1,4
0.5211849676489276,0.2856575975018454,1,4
0.5002290716708191,0.2460562061727514,0,4
0.4588945528784948,0.2551559310113321,0,4
0.4881583615881817,0.2457708244931931,0,4
0.504123675918501,0.2124110243839787,0,4
0.4597679815323401,0.2202268295853317,0,4
0.4458377325081856,0.215479145069734,0,4
0.4778762050013798,0.2376257060516592,0,4
0.8421684071383069,0.2376257060516592,0,4
0.8461456129234998,0.2787410155826929,0,4
0.8952879972184091,0.2630148857350318,1,4
0.90867269325852,0.3124211286451533,1,4
0.9545227136110954,0.3191226048464292,1,4
0.9336261782457757,0.3178888236470087,1,4
0.9641422823750002,0.3067155608827662,1,4
0.4401956330920749,0.3067155608827662,1,4
0.3988486518244226,0.3405464936488567,1,4
0.4271220177346521,0.3855650093915558,1,4
0.3791416443440117,0.364053899911777,0,4
0.4250340552710652,0.3459079175917131,0,4
0.4478731391026422,0.3787027417974086,0,4
0.4609383964405595,0.3463179576012681,0,4
0.4698494938978561,0.3696458910070053,0,4
0.4946070077361104,0.3332697576570138,0,4
0.5226596417416192,0.2843474959464553,0,4
0.5621120070524087,0.297332283536561,0,4
0.5126823479246918,0.2886694974662425,0,4
0.5037691757922311,0.2442232418283839,0,4
0.8400843649082713,0.2442232418283839,0,4
0.823154411981613,0.2108486273778789,0,4
0.7970790294122903,0.2050141289815196,1,4
0.6639407716278205,0.2050141289815196,1,4
0.6400850422460977,0.2447507569556826,1,4
0.6737170340907421,0.2233272541064409,0,4
0.887485737089793,0.2233272541064409,0,4
0.8773317093942136,0.2098822484053828,0,4
0.8637941107930233,0.2523576322168792,1,4
0.6030626819497286,0.2523576322168792,1,4
0.6460987577116875,0.2375793702176485,1,4
0.6767967941398493,0.1919327848983646,0,4
0.7125429838974797,0.2030503551592749,0,4
0.9004370000723113,0.2030503551592749,0,4
0.8810512045504941,0.1604881009558518,0,4
0.9189705267689482,0.181224675661424,1,4
0.9063890362248256,0.1578044761584972,1,4
0.8580847035391962,0.1219143872562919,1,4
0.8207847511826446,0.0777260170932509,1,4
0.8491725391079812,0.0470949839691509,1,4
0.8528995325542964,0.0829308325726377,1,4
0.836169451699961,0.1054502118745035,1,4
0.6128118241717161,0.1054502118745035,1,4
0.5965619270145789,0.0924643434314297,1,4
0.6339496293178917,0.1347662388796565,0,4
0.9141112165711036,0.1347662388796565,0,4
0.9104343351438786,0.1386369278153275,0,4
0.8985288648664589,0.1197669843796436,1,4
0.9224982122735624,0.1423369429841781,1,4
0.6642759736627325,0.1423369429841781,1,4
0.6769031357620791,0.0998483948124056,1,4
0.6528107973736312,0.1238214413490049,0,4
0.698494218971363,0.15381273753608,0,4
0.7441963472070254,0.1988768395181089,0,4
0.7296950356755928,0.2077046006463719,0,4
0.7289699775622432,0.2083782291345416,0,4
0.9055399937439002,0.2083782291345416,0,4
0.9284527049427546,0.2459934518343031,0,4
0.573314750492519,0.2459934518343031,0,4
0.6127593309806997,0.2892661945634792,0,4
0.6115742679802384,0.3163658001694096,1,4
0.5934201076929255,0.3036456039498498,1,4
0.6121938646912495,0.2643707645445206,0,4
0.6035046607560645,0.3121355483584986,1,4
0.6229210893603159,0.2727513485552013,1,4
0.6205637765829074,0.272658917553566,0,4
0.5903489527040899,0.2462464827592404,0,4
0.5500928740018185,0.2153829522413995,0,4
0.5738596064940772,0.2508680969367569,0,4
0.6150783934101718,0.2212571286420173,0,4
0.6093266085897306,0.2567659435894885,0,4
0.8101367980785219,0.2567659435894885,0,4
0.8346833966322732,0.2696501466958746,0,4
0.7910021963742718,0.2228681877770781,1,4
0.8308767787345159,0.2120081150036344,1,4
0.8265587546180696,0.1754011395162377,1,4
0.8072422954940968,0.1920098763381434,1,4
0.6456361190732158,0.1920098763381434,1,4
0.6104131941029357,0.1687792563997684,1,4
0.5877501016657339,0.1399738122046404,0,4
0.6262996009908435,0.1310864435513443,0,4
0.9218882456369604,0.1310864435513443,0,4
0.9632577126762328,0.1254882893465634,0,4
0.9310032880899384,0.1558271067330932,1,4
0.9634164266285472,0.1805993051998656,1,4
0.9598566894701488,0.2058054990492912,1,4
0.9292335090755698,0.206660399761484,1,4
0.9326089264198444,0.1972103630649239,1,4
0.6384327921139081,0.1972103630649239,1,4
0.6433209555000703,0.2421419410239903,1,4
0.6727342325298723,0.2543365627072246,0,4
0.6993913150708018,0.2622619199398255,0,4
0.7289218158835745,0.2936895882898813,0,4
0.7562140077330491,0.331187930774167,1,4
0.7102733132183283,0.2817062138727866,1,4
0.751930040513691,0.288107210066294,1,4
0.7820004734297831,0.2571465054269046,1,4
0.5935190343741958,0.2571465054269046,1,4
0.6330166256874397,0.2203702300206297,1,4
0.6091118465880863,0.1976235263942025,0,4
0.5888524093542293,0.2237358721807004,0,4
0.609982522092815,0.2480502964218973,0,4
0.5600069236077659,0.2950200149700737,0,4
0.5764654322491122,0.3147625703001477,0,4
0.559866828711315,0.3322502824919544,0,4
0.5471425854894993,0.3075066656071641,0,4
0.5882371863067771,0.2590929298170796,0,4
0.6254198360554801,0.2198331829561203,0,4
0.6655527400689953,0.1799694697530384,0,4
0.6465818179771969,0.2292866934804085,0,4
0.6199261335769706,0.2730198174421236,0,4
0.6007212707764219,0.2516570752614389,0,4
0.8290153597220684,0.2516570752614389,0,4
0.8324716759397586,0.2790810520673081,0,4
0.5067648775225971,0.2790810520673081,0,4
0.526197945407521,0.2712624987451898,0,4
0.547314078282191,0.2931365287158635,0,4
0.5964969619495297,0.2937294585920579,0,4
0.5902453210082997,0.285790866351278,0,4
0.7623050321528955,0.285790866351278,0,4
0.7571341337528199,0.3275512868157342,0,4
0.7609770730369475,0.3354957879378112,1,4
0.7635518748328773,0.316666519331729,1,4
0.7714892499286445,0.2860721116727006,1,4
0.790676840328482,0.3328750290984685,1,4
0.3799602714915691,0.3328750290984685,1,4
0.4172462714914351,0.3602532566301583,1,4
0.3843178696668039,0.3936391048754055,1,4
0.3489577014944426,0.4017597810117601,1,4
0.3964618618877558,0.3712220308726262,1,4
0.3618660522396988,0.4030593880740793,1,4
0.1726197877399833,0.4030593880740793,1,4
0.1789932841716165,0.3763430130254979,1,4
0.2185050876574142,0.3407216450681135,0,4
0.2183601411737706,0.3838362465529287,0,4
0.2145397483613722,0.3548709310311164,0,4
0.253461465984285,0.3184392976960767,0,4
0.2203659673508853,0.2801009119170942,0,4
0.265724019615394,0.2886980561977258,0,4
0.2773973679880248,0.2761371412371226,0,4
0.2637992829206363,0.2775559718043138,0,4
0.7569708715729057,0.2775559718043138,0,4
0.7863661164073045,0.319346075499709,0,4
0.7911994930462655,0.2912420483358394,1,4
0.8138335031079709,0.337357848976277,1,4
0.7812347065233841,0.2908284848445983,1,4
0.5032244585429462,0.2908284848445983,1,4
0.5330519426553968,0.2631718183930951,1,4
0.5313786861708697,0.2597790686532996,0,4
0.57564117795095,0.2775078032919882,0,4
0.7855820420829939,0.2775078032919882,0,4
0.7900159720955363,0.2951280058396269,0,4
0.472975262076555,0.2951280058396269,0,4
0.4429334312763111,0.2628847882387138,0,4
0.4750650607784994,0.2814353416681992,0,4
0.7435715877802255,0.2814353416681992,0,4
0.7221436985336247,0.3149348745995156,0,4
0.4110582497246566,0.3149348745995156,0,4
0.4280232171984058,0.3180715900561988,0,4
0.3836371995951626,0.3380560709868332,0,4
0.3473660382435767,0.3776607550364557,0,4
0.3794888708975648,0.3290933805635258,0,4
0.4085342670751328,0.3533078212741548,0,4
0.409138917420938,0.3390345154550671,0,4
0.4090639607784895,0.3071285138861241,0,4
0.4408965542615037,0.3526909543088841,0,4
0.4017454514137879,0.3180756422076724,0,4
0.6771626294412554,0.3180756422076724,0,4
0.6502479042367038,0.2730838896793446,0,4
0.657129173958333,0.2961234536544913,0,4
0.6647517903346135,0.3445689759252913,1,4
0.6466400994886777,0.3624416078982717,1,4
0.6172444184044725,0.3835562074341632,1,4
0.593813188277832,0.4262253492107417,1,4
0.6430702776610154,0.4334808490009347,1,4
0.6194819169872832,0.4321553212070163,1,4
0.1323369318799349,0.4321553212070163,1,4
0.1000907735755526,0.4243512970944939,1,4
0.0591380834036855,0.3966280926209068,0,4
0.0722957688408002,0.4303264560663932,0,4
0.0767077066091908,0.4085318820968551,0,4
0.0450665290512746,0.4580100411890333,0,4
0.3289376963702563,0.4580100411890333,0,4
0.3037019172552623,0.4620047583035577,0,4
0.3341315564663597,0.4922864222682692,1,4
0.0949261780459597,0.4922864222682692,1,4
0.0513093917559853,0.47223105215757,1,4
0.0369279913526364,0.4960437855055478,0,4
0.0430513467679116,0.5097664574483729,0,4
0.0692925004580399,0.533078652454062,0,4
0.0783250133000246,0.5055665071026009,0,4
0.085540089373479,0.4778243463872265,0,4
0.0363299102904136,0.4995430615330092,0,4
0.0670578401431184,0.4607124982217621,0,4
0.0891482008907282,0.4184416204326684,0,4
0.3932585712371857,0.4184416204326684,0,4
0.4299134023191087,0.3769466204294988,0,4
0.4098186757828075,0.3306874319289606,0,4
0.4164126041798437,0.3572883319884057,0,4
0.460958184888237,0.4023756812653589,1,4
0.5054935033622664,0.3717556202327902,1,4
0.4629168493453356,0.3535270865045622,1,4
0.4540955968239634,0.3847307940683975,1,4
0.2178919194500424,0.3847307940683975,1,4
0.2391462296536494,0.3556742635817145,1,4
0.2187363043683086,0.3472959776649149,0,4
0.1704457192544649,0.3187204024023796,0,4
0.1725654017692647,0.308552050929086,0,4
0.7064667700698206,0.308552050929086,0,4
0.7413676664434181,0.3261054252677346,0,4
0.7354405232590219,0.3750931660050883,1,4
0.7477341558864004,0.3491756327010168,1,4
0.7173100015051044,0.3738956584561429,1,4
0.7378478345411092,0.4167498935793316,1,4
0.717370617363504,0.3810311472336897,1,4
0.6893595106028334,0.3436948842119623,1,4
0.6836153837843547,0.3772379168527631,1,4
0.7251150509163321,0.4027735391303703,1,4
0.1779065605059794,0.4027735391303703,1,4
0.1802980070024654,0.3842464732451384,1,4
0.1513550173364728,0.3469577591170659,0,4
0.1943072488923061,0.3574592073324281,0,4
0.5705519757986819,0.3574592073324281,0,4
0.617957421724688,0.3595925062100176,0,4
0.5870904260911949,0.4007660393978435,1,4
0.5811728516716927,0.4342313461174382,1,4
0.5327215672671938,0.4658918801037925,1,4
0.5359849292694404,0.5112959979656931,1,4
0.5143632594886557,0.5586142846004756,1,4
0.5521738098133867,0.5783516515576531,1,4
0.5330122567982714,0.5625232797918532,1,4
0.1136874498163459,0.5625232797918532,1,4
0.1382005366087563,0.570818725845106,1,4
0.1366692740281109,0.5458843592924627,0,4
0.3520209395381904,0.5458843592924627,0,4
0.3870394435680946,0.5519810180893252,0,4
0.3653413732053016,0.5418244027255358,1,4
0.3992380881012936,0.5334865806660505,1,4
0.3711473153144175,0.5313780292152079,1,4
0.3941211394450264,0.5321201748861996,1,4
0.4423430385445002,0.5113600923268778,1,4
0.0647759155713204,0.5113600923268778,1,4
0.0912985438052314,0.5361157707111815,1,4
0.0533113698671065,0.5731630167912585,0,4
0.0509981831632464,0.576235939127722,0,4
0.3747696661560408,0.576235939127722,0,4
0.4003803860041164,0.538645790704226,0,4
0.4334732084244417,0.5303459600794331,1,4
0.4502289270056699,0.5249560397533775,1,4
0.4654604902325445,0.5344498504949259,1,4
0.4827305458042846,0.567618877215938,1,4
0.4563462269091622,0.5309777471620155,1,4
0.4853491762758364,0.4821855698195958,1,4
0.4695513994897622,0.5204580492858214,1,4
0.0937089485040338,0.5204580492858214,1,4
0.0796248272804074,0.544308265046011,1,4
0.078872643726329,0.5787637725488165,0,4
0.0727196313695498,0.553593856633864,0,4
0.0965534813961309,0.5511087630173046,0,4
0.0828901023250848,0.5429378037614931,0,4
0.0418306878068757,0.5854677117279544,0,4
0.4138096388811021,0.5854677117279544,0,4
0.4181805141987489,0.5412356752021728,0,4
0.4285287417000264,0.5250999843060417,1,4
0.4740210210084804,0.5498710053200541,1,4
0.5157305114737472,0.5412091487249033,1,4
0.4725843922194798,0.5448278464343597,1,4
0.0830700485867812,0.5448278464343597,1,4
0.0840547296952573,0.5809951823036945,1,4
0.0431999302980667,0.5952590878096347,0,4
0.0511620385491716,0.5669308798337507,0,4
0.055290252082575,0.6138905428277308,0,4
0.0325260737315503,0.60097698204583,0,4
0.0339025850653181,0.5583605524258525,0,4
0.3463677419464075,0.5583605524258525,0,4
0.354834903242486,0.511647602689112,0,4
0.3524632278275229,0.5327853530480502,1,4
0.3348349249916153,0.5801005526591322,1,4
0.3047669416215453,0.6193675812111036,1,4
0.3231578932002263,0.6113686220379716,1,4
0.336016419428625,0.6052325574773665,1,4
0.3285412309218373,0.5840390657202694,1,4
0.334150269611208,0.6001533093817338,1,4
0.2923573179517911,0.646334822648213,1,4
0.3394046833246194,0.6091040338366331,1,4
0.3378113527311692,0.6458374730581453,0,4
0.3074283089748448,0.6299284324772074,0,4
0.3324958603567361,0.6655301799312419,0,4
0.6253096021363348,0.6655301799312419,0,4
0.5807772099654895,0.6461968714504375,0,4
0.5367185328389927,0.6249138898826084,1,4
0.5136903965781152,0.6435679580251567,1,4
0.5065932767773915,0.6926939967737663,1,4
0.4629808086819295,0.7153671927770632,1,4
0.4522781975021997,0.7223677411700012,0,4
0.4726051434257795,0.7026745819916083,0,4
0.4736354425280943,0.738615169981528,0,4
0.4650359415858131,0.7002905695554115,0,4
0.4674955167516049,0.744759587061835,0,4
0.4468439752457312,0.7714900666901325,0,4
0.8901414724876645,0.7714900666901325,0,4
0.8731559911539888,0.766239031949011,0,4
0.8508343250661734,0.7462019714264745,1,4
0.8775452790668593,0.6998721751084713,1,4
0.8300171108902151,0.6821452121276331,1,4
0.8302648528816159,0.7095847718925595,1,4
0.5000668451668369,0.7095847718925595,1,4
0.4667764034985285,0.7471715464180205,1,4
0.4227905025819667,0.7084789418849868,0,4
0.4110746106098918,0.6976896587514013,0,4
0.7336273621760683,0.6976896587514013,0,4
0.7410282227959682,0.7279623241391211,0,4
0.7639290900516287,0.6848645727268211,1,4
0.7570880521026289,0.6664601368172322,1,4
0.7284059560456476,0.6805761489936077,1,4
0.4385216079037787,0.6805761489936077,1,4
0.4307071111876125,0.6533241537232284,1,4
0.4292103656104823,0.6725529342334202,0,4
0.3817295992180384,0.6270925109707208,0,4
0.4226594772050401,0.6068311083816298,0,4
0.4594231160299388,0.5962190293013075,0,4
0.4807909728839087,0.6336173072400225,1,4
0.5188655976759375,0.6601166613829982,1,4
0.5467905031773052,0.6265767446065393,1,4
0.552349809560751,0.5811846393215319,1,4
0.5175222735281888,0.6145702582860164,1,4
0.2439107137249524,0.6145702582860164,1,4
0.2495227199831634,0.6230738334740094,1,4
0.2529730103780342,0.5902460540160741,0,4
0.2079648731412103,0.6113339836169156,0,4
0.1969696498295404,0.6365882884727877,0,4
0.2064484791691689,0.6257281809751988,0,4
0.1809207117278117,0.595603465782082,0,4
0.1845960638325008,0.6152438104330789,0,4
0.4681865598153146,0.6152438104330789,0,4
0.4621562497173458,0.6569947990451779,0,4
0.4867292177445201,0.628750883149706,0,4
0.4432039877722742,0.6405559041125353,1,4
0.4905798661819224,0.5939621498192914,1,4
0.5323941678965426,0.5834161066098333,1,4
0.5821869386080427,0.5638884790089151,1,4
0.608393673969282,0.5341784492749281,1,4
0.0980076317456898,0.5341784492749281,1,4
0.121411752027781,0.56013773245786,1,4
0.1510386063319487,0.5733563256618321,0,4
0.167369756850161,0.6187957754762601,0,4
0.1292809587249855,0.6286525299400334,0,4
0.1140652721170817,0.6233360311552932,0,4
0.1538569455095481,0.6602566820846764,0,4
0.1961668844528372,0.6355215292228032,0,4
0.1567723424822859,0.6069588884159027,0,4
0.4645138510891525,0.6069588884159027,0,4
0.4366372418271131,0.6216791024499277,0,4
0.4509054742507733,0.6139463609360969,1,4
0.4969675850816669,0.6536486840113955,1,4
0.466955922775068,0.6881757441582829,1,4
0.4228706973597768,0.6976042595626729,1,4
0.4298549419281695,0.7081804757241142,0,4
0.4091138257020121,0.6832185821373056,0,4
0.4388058241262618,0.710415755458827,0,4
0.7432540096944467,0.710415755458827,0,4
0.7021755459004092,0.7459182215968065,0,4
0.6562346242211917,0.70346831357857,0,4
0.6104044522922943,0.6865366270910225,1,4
0.5870941469489619,0.7155212654945521,1,4
0.552303018777268,0.7037197103111384,0,4
0.5473939926632813,0.7253386317720157,0,4
0.7626035907415376,0.7253386317720157,0,4
0.7690833570659977,0.7069678358396969,0,4
0.7530571548165608,0.6925333213998928,1,4
0.744273171008799,0.6673210271686745,1,4
0.3740088192872036,0.6673210271686745,1,4
0.3590525830293688,0.6229560476869347,1,4
0.3974078493457118,0.6304073304891366,0,4
0.4192467221141145,0.5952891474140214,0,4
0.3707491732810991,0.5545750939866118,0,4
0.4189056136201603,0.5993051247207377,1,4
0.3869873457758729,0.5537504107672025,1,4
0.4225981498340231,0.5610907804804395,1,4
0.4606567759735082,0.5467179286915631,1,4
0.4350290767290212,0.5080840879511296,1,4
0.3965892885660613,0.532970207019266,1,4
0.3977604819658236,0.4991251114371166,1,4
0.3695099667034657,0.5238046915021353,1,4
0.0858863664209729,0.5238046915021353,1,4
0.1231194629901959,0.5362795289145492,1,4
0.1237442110547074,0.5591848370521708,0,4
0.1583527430142027,0.5664774225454385,0,4
0.20744414842677,0.5324406094879809,0,4
0.2436658388115755,0.5565204662505916,0,4
0.2228259759801821,0.5114659218765794,0,4
0.1831861325216745,0.5597764272778385,0,4
0.2263533971097428,0.5251149604267021,1,4
0.2069359264156755,0.5526803846314355,1,4
0.2032202639160412,0.5742796559823989,0,4
0.1960098198237608,0.5835962061367957,0,4
0.1579237745676337,0.6190609926844369,0,4
0.1598259798084315,0.5834927715493352,0,4
0.1322245413542354,0.5981925105367958,0,4
0.149480916849943,0.646990450955902,0,4
0.1505228318382306,0.6657570487508297,0,4
0.1174575298844091,0.6659597276042758,0,4
0.1052720020260942,0.6765758333965328,0,4
0.6746738736966227,0.6765758333965328,0,4
0.6960473110322852,0.693573383386096,0,4
0.7397959959635014,0.7041675445710941,1,4
0.7725158511330283,0.7271904538461719,1,4
0.7486902446806791,0.7025322659950256,1,4
0.7048823897499664,0.6597356875036515,1,4
0.6581457305284427,0.6158551101719298,1,4
0.214554783444604,0.6158551101719298,1,4
0.2405458705106103,0.5813870522937588,1,4
0.4037965949601458,0.5813870522937588,1,4
0.4373117047879565,0.5561692819667121,1,4
0.4083381828338564,0.5261099770326462,1,4
0.4062412337525011,0.5163492271759482,1,4
0.4142618082513434,0.5268260820024607,1,4
0.4367333930297232,0.4795458654218529,1,4
0.4505872425533735,0.5115543606451725,1,4
0.0778379009826895,0.5115543606451725,1,4
0.0840912234000405,0.4737335295074155,1,4
0.1005221490835877,0.4837195746920749,0,4
0.0903445920515705,0.4469977371954704,0,4
0.3572220856717826,0.4469977371954704,0,4
0.3655705304546129,0.4157052694439691,0,4
0.3658589675092724,0.4096337127565297,1,4
0.4059379095934144,0.4578429758773609,1,4
0.4160569470374071,0.4811377250264885,1,4
0.46088816598879,0.4754893461006984,1,4
0.4720025587869641,0.4668869657338153,1,4
0.4466044190198759,0.4182604461809527,1,4
0.4450961634460569,0.3959903046793846,1,4
0.4821136545014898,0.397271771980608,1,4
0.2221642690663678,0.397271771980608,1,4
0.1820769235414628,0.4040746248530399,1,4
0.2060788485479742,0.4506418183430278,0,4
0.2375462308528489,0.4992220397291118,0,4
0.1896658811269417,0.5283743603955601,0,4
0.1917029305146927,0.5199424149616123,0,4
0.1682237233660916,0.5515132535972505,0,4
0.151778064476909,0.5065206937770286,0,4
0.1767957162785287,0.5495547026447832,0,4
0.3458682269233854,0.5495547026447832,0,4
0.3851035313450583,0.5641411662512728,0,4
0.3814170136100008,0.560642180518551,1,4
0.108594946017115,0.560642180518551,1,4
0.1056398647886088,0.5389607688103113,1,4
0.1080531076836238,0.5700487197102105,0,4
0.0587603149980939,0.5841151108986281,0,4
0.0461077395538791,0.5752057284867356,0,4
0.0769034903389319,0.5995361147242424,0,4
0.1102890555493616,0.6046308697910002,0,4
0.1512183139156938,0.6289812188611854,0,4
0.1520993720859285,0.6440066427514214,0,4
0.5691724008510222,0.6440066427514214,0,4
0.5258983169249558,0.6746766386740817,0,4
0.5209524114153348,0.6522027232516628,1,4
0.5024590233529574,0.6768202876570402,1,4
0.4707915392411815,0.7019964808674239,1,4
0.4367262850195453,0.7055721234850812,0,4
0.4207664394155047,0.7157355949540951,0,4
